episode_id,group_id,split,branch_percent,arm_condition,mode,success,completion,method,score,threshold,predicted_success
b050_original/episode_019e298a-84a1-7557-ae97-93326347b45c/replay_control,episode_019e298a-84a1-7557-ae97-93326347b45c,dev,50,original,replay_control,True,1.0,DINOv2,0.9955316185951233,0.8599722981452942,True
b050_original/episode_019e298a-84a1-7557-ae97-93326347b45c/replay_control,episode_019e298a-84a1-7557-ae97-93326347b45c,dev,50,original,replay_control,True,1.0,DT,-2.1100077629089355,-8.942145824432373,True
b050_original/episode_019e298a-84a1-7557-ae97-93326347b45c/replay_control,episode_019e298a-84a1-7557-ae97-93326347b45c,dev,50,original,replay_control,True,1.0,Elapsed time,34.43333333333333,34.43333333333334,False
b050_original/episode_019e298a-84a1-7557-ae97-93326347b45c/replay_control,episode_019e298a-84a1-7557-ae97-93326347b45c,dev,50,original,replay_control,True,1.0,S1,-1.0625237226486206,-3.272519528865814,True
b050_original/episode_019e298a-84a1-7557-ae97-93326347b45c/replay_control,episode_019e298a-84a1-7557-ae97-93326347b45c,dev,50,original,replay_control,True,1.0,S3,-0.9311920404434204,-3.2162272334098816,True
b050_original/episode_019e298a-84a1-7557-ae97-93326347b45c/replay_control,episode_019e298a-84a1-7557-ae97-93326347b45c,dev,50,original,replay_control,True,1.0,S5,-0.8765715956687927,-3.123962104320526,True
b050_original/episode_019e298a-84a1-7557-ae97-93326347b45c/replay_control,episode_019e298a-84a1-7557-ae97-93326347b45c,dev,50,original,replay_control,True,1.0,DT + S1,0.8127065469316165,0.448230025164487,True
b050_original/episode_019e298a-84a1-7557-ae97-93326347b45c/replay_control,episode_019e298a-84a1-7557-ae97-93326347b45c,dev,50,original,replay_control,True,1.0,DT + S3,0.8163338743500631,0.4499065998983014,True
b050_original/episode_019e298a-84a1-7557-ae97-93326347b45c/replay_control,episode_019e298a-84a1-7557-ae97-93326347b45c,dev,50,original,replay_control,True,1.0,DT + S5,0.8134135678419793,0.4502469361783752,True
b050_original/episode_019e298a-84a1-7557-ae97-93326347b45c/replay_control,episode_019e298a-84a1-7557-ae97-93326347b45c,dev,50,original,replay_control,True,1.0,Always successful,1.0,0.5,True
b050_original/episode_019e298a-84a1-7557-ae97-93326347b45c/replay_control,episode_019e298a-84a1-7557-ae97-93326347b45c,dev,50,original,replay_control,True,1.0,Robometer progress,0.08893319964408875,,
b050_original/episode_019e298a-84a1-7557-ae97-93326347b45c/replay_control,episode_019e298a-84a1-7557-ae97-93326347b45c,dev,50,original,replay_control,True,1.0,Robometer success,0.04401864856481552,0.5,False
b050_original/episode_019e298a-84a1-7557-ae97-93326347b45c/hold,episode_019e298a-84a1-7557-ae97-93326347b45c,dev,50,original,hold,False,0.5,DINOv2,0.6815913915634155,0.8599722981452942,False
b050_original/episode_019e298a-84a1-7557-ae97-93326347b45c/hold,episode_019e298a-84a1-7557-ae97-93326347b45c,dev,50,original,hold,False,0.5,DT,-5.840808868408203,-8.942145824432373,True
b050_original/episode_019e298a-84a1-7557-ae97-93326347b45c/hold,episode_019e298a-84a1-7557-ae97-93326347b45c,dev,50,original,hold,False,0.5,Elapsed time,34.43333333333333,34.43333333333334,False
b050_original/episode_019e298a-84a1-7557-ae97-93326347b45c/hold,episode_019e298a-84a1-7557-ae97-93326347b45c,dev,50,original,hold,False,0.5,S1,-5.692540168762207,-3.272519528865814,False
b050_original/episode_019e298a-84a1-7557-ae97-93326347b45c/hold,episode_019e298a-84a1-7557-ae97-93326347b45c,dev,50,original,hold,False,0.5,S3,-5.695309638977051,-3.2162272334098816,False
b050_original/episode_019e298a-84a1-7557-ae97-93326347b45c/hold,episode_019e298a-84a1-7557-ae97-93326347b45c,dev,50,original,hold,False,0.5,S5,-5.601645469665527,-3.123962104320526,False
b050_original/episode_019e298a-84a1-7557-ae97-93326347b45c/hold,episode_019e298a-84a1-7557-ae97-93326347b45c,dev,50,original,hold,False,0.5,DT + S1,0.2852970096861984,0.448230025164487,False
b050_original/episode_019e298a-84a1-7557-ae97-93326347b45c/hold,episode_019e298a-84a1-7557-ae97-93326347b45c,dev,50,original,hold,False,0.5,DT + S3,0.28439966370893094,0.4499065998983014,False
b050_original/episode_019e298a-84a1-7557-ae97-93326347b45c/hold,episode_019e298a-84a1-7557-ae97-93326347b45c,dev,50,original,hold,False,0.5,DT + S5,0.2855596838528076,0.4502469361783752,False
b050_original/episode_019e298a-84a1-7557-ae97-93326347b45c/hold,episode_019e298a-84a1-7557-ae97-93326347b45c,dev,50,original,hold,False,0.5,Always successful,1.0,0.5,True
b050_original/episode_019e298a-84a1-7557-ae97-93326347b45c/hold,episode_019e298a-84a1-7557-ae97-93326347b45c,dev,50,original,hold,False,0.5,Robometer progress,0.11850985884666443,,
b050_original/episode_019e298a-84a1-7557-ae97-93326347b45c/hold,episode_019e298a-84a1-7557-ae97-93326347b45c,dev,50,original,hold,False,0.5,Robometer success,0.029760092496871948,0.5,False
b050_original/episode_019e298a-84a1-7557-ae97-93326347b45c/random_walk,episode_019e298a-84a1-7557-ae97-93326347b45c,dev,50,original,random_walk,False,0.5,DINOv2,0.669673502445221,0.8599722981452942,False
b050_original/episode_019e298a-84a1-7557-ae97-93326347b45c/random_walk,episode_019e298a-84a1-7557-ae97-93326347b45c,dev,50,original,random_walk,False,0.5,DT,-6.13556432723999,-8.942145824432373,True
b050_original/episode_019e298a-84a1-7557-ae97-93326347b45c/random_walk,episode_019e298a-84a1-7557-ae97-93326347b45c,dev,50,original,random_walk,False,0.5,Elapsed time,34.43333333333333,34.43333333333334,False
b050_original/episode_019e298a-84a1-7557-ae97-93326347b45c/random_walk,episode_019e298a-84a1-7557-ae97-93326347b45c,dev,50,original,random_walk,False,0.5,S1,-5.5272111892700195,-3.272519528865814,False
b050_original/episode_019e298a-84a1-7557-ae97-93326347b45c/random_walk,episode_019e298a-84a1-7557-ae97-93326347b45c,dev,50,original,random_walk,False,0.5,S3,-5.3758158683776855,-3.2162272334098816,False
b050_original/episode_019e298a-84a1-7557-ae97-93326347b45c/random_walk,episode_019e298a-84a1-7557-ae97-93326347b45c,dev,50,original,random_walk,False,0.5,S5,-5.257730484008789,-3.123962104320526,False
b050_original/episode_019e298a-84a1-7557-ae97-93326347b45c/random_walk,episode_019e298a-84a1-7557-ae97-93326347b45c,dev,50,original,random_walk,False,0.5,DT + S1,0.2931161930237896,0.448230025164487,False
b050_original/episode_019e298a-84a1-7557-ae97-93326347b45c/random_walk,episode_019e298a-84a1-7557-ae97-93326347b45c,dev,50,original,random_walk,False,0.5,DT + S3,0.3056124390744311,0.4499065998983014,False
b050_original/episode_019e298a-84a1-7557-ae97-93326347b45c/random_walk,episode_019e298a-84a1-7557-ae97-93326347b45c,dev,50,original,random_walk,False,0.5,DT + S5,0.30888523594710104,0.4502469361783752,False
b050_original/episode_019e298a-84a1-7557-ae97-93326347b45c/random_walk,episode_019e298a-84a1-7557-ae97-93326347b45c,dev,50,original,random_walk,False,0.5,Always successful,1.0,0.5,True
b050_original/episode_019e298a-84a1-7557-ae97-93326347b45c/random_walk,episode_019e298a-84a1-7557-ae97-93326347b45c,dev,50,original,random_walk,False,0.5,Robometer progress,0.09641509503126144,,
b050_original/episode_019e298a-84a1-7557-ae97-93326347b45c/random_walk,episode_019e298a-84a1-7557-ae97-93326347b45c,dev,50,original,random_walk,False,0.5,Robometer success,0.021948253735899925,0.5,False
b050_original/episode_019e3c90-fb67-765e-8e8e-12c56ddda3ba/replay_control,episode_019e3c90-fb67-765e-8e8e-12c56ddda3ba,dev,50,original,replay_control,True,1.0,DINOv2,0.9983505010604858,0.8599722981452942,True
b050_original/episode_019e3c90-fb67-765e-8e8e-12c56ddda3ba/replay_control,episode_019e3c90-fb67-765e-8e8e-12c56ddda3ba,dev,50,original,replay_control,True,1.0,DT,-2.077664375305176,-8.942145824432373,True
b050_original/episode_019e3c90-fb67-765e-8e8e-12c56ddda3ba/replay_control,episode_019e3c90-fb67-765e-8e8e-12c56ddda3ba,dev,50,original,replay_control,True,1.0,Elapsed time,27.266666666666666,34.43333333333334,False
b050_original/episode_019e3c90-fb67-765e-8e8e-12c56ddda3ba/replay_control,episode_019e3c90-fb67-765e-8e8e-12c56ddda3ba,dev,50,original,replay_control,True,1.0,S1,-0.7912781238555908,-3.272519528865814,True
b050_original/episode_019e3c90-fb67-765e-8e8e-12c56ddda3ba/replay_control,episode_019e3c90-fb67-765e-8e8e-12c56ddda3ba,dev,50,original,replay_control,True,1.0,S3,-0.6955481767654419,-3.2162272334098816,True
b050_original/episode_019e3c90-fb67-765e-8e8e-12c56ddda3ba/replay_control,episode_019e3c90-fb67-765e-8e8e-12c56ddda3ba,dev,50,original,replay_control,True,1.0,S5,-0.6644486784934998,-3.123962104320526,True
b050_original/episode_019e3c90-fb67-765e-8e8e-12c56ddda3ba/replay_control,episode_019e3c90-fb67-765e-8e8e-12c56ddda3ba,dev,50,original,replay_control,True,1.0,DT + S1,0.8301873842577291,0.448230025164487,True
b050_original/episode_019e3c90-fb67-765e-8e8e-12c56ddda3ba/replay_control,episode_019e3c90-fb67-765e-8e8e-12c56ddda3ba,dev,50,original,replay_control,True,1.0,DT + S3,0.8312345398856333,0.4499065998983014,True
b050_original/episode_019e3c90-fb67-765e-8e8e-12c56ddda3ba/replay_control,episode_019e3c90-fb67-765e-8e8e-12c56ddda3ba,dev,50,original,replay_control,True,1.0,DT + S5,0.8270365658171092,0.4502469361783752,True
b050_original/episode_019e3c90-fb67-765e-8e8e-12c56ddda3ba/replay_control,episode_019e3c90-fb67-765e-8e8e-12c56ddda3ba,dev,50,original,replay_control,True,1.0,Always successful,1.0,0.5,True
b050_original/episode_019e3c90-fb67-765e-8e8e-12c56ddda3ba/replay_control,episode_019e3c90-fb67-765e-8e8e-12c56ddda3ba,dev,50,original,replay_control,True,1.0,Robometer progress,0.8741199970245361,,
b050_original/episode_019e3c90-fb67-765e-8e8e-12c56ddda3ba/replay_control,episode_019e3c90-fb67-765e-8e8e-12c56ddda3ba,dev,50,original,replay_control,True,1.0,Robometer success,0.6343168616294861,0.5,True
b050_original/episode_019e3c90-fb67-765e-8e8e-12c56ddda3ba/hold,episode_019e3c90-fb67-765e-8e8e-12c56ddda3ba,dev,50,original,hold,False,0.5,DINOv2,0.6217260956764221,0.8599722981452942,False
b050_original/episode_019e3c90-fb67-765e-8e8e-12c56ddda3ba/hold,episode_019e3c90-fb67-765e-8e8e-12c56ddda3ba,dev,50,original,hold,False,0.5,DT,-11.414865493774414,-8.942145824432373,False
b050_original/episode_019e3c90-fb67-765e-8e8e-12c56ddda3ba/hold,episode_019e3c90-fb67-765e-8e8e-12c56ddda3ba,dev,50,original,hold,False,0.5,Elapsed time,27.266666666666666,34.43333333333334,False
b050_original/episode_019e3c90-fb67-765e-8e8e-12c56ddda3ba/hold,episode_019e3c90-fb67-765e-8e8e-12c56ddda3ba,dev,50,original,hold,False,0.5,S1,-5.56974983215332,-3.272519528865814,False
b050_original/episode_019e3c90-fb67-765e-8e8e-12c56ddda3ba/hold,episode_019e3c90-fb67-765e-8e8e-12c56ddda3ba,dev,50,original,hold,False,0.5,S3,-5.503866672515869,-3.2162272334098816,False
b050_original/episode_019e3c90-fb67-765e-8e8e-12c56ddda3ba/hold,episode_019e3c90-fb67-765e-8e8e-12c56ddda3ba,dev,50,original,hold,False,0.5,S5,-5.40436315536499,-3.123962104320526,False
b050_original/episode_019e3c90-fb67-765e-8e8e-12c56ddda3ba/hold,episode_019e3c90-fb67-765e-8e8e-12c56ddda3ba,dev,50,original,hold,False,0.5,DT + S1,0.18539668374330753,0.448230025164487,False
b050_original/episode_019e3c90-fb67-765e-8e8e-12c56ddda3ba/hold,episode_019e3c90-fb67-765e-8e8e-12c56ddda3ba,dev,50,original,hold,False,0.5,DT + S3,0.1892669537111717,0.4499065998983014,False
b050_original/episode_019e3c90-fb67-765e-8e8e-12c56ddda3ba/hold,episode_019e3c90-fb67-765e-8e8e-12c56ddda3ba,dev,50,original,hold,False,0.5,DT + S5,0.19052187728166786,0.4502469361783752,False
b050_original/episode_019e3c90-fb67-765e-8e8e-12c56ddda3ba/hold,episode_019e3c90-fb67-765e-8e8e-12c56ddda3ba,dev,50,original,hold,False,0.5,Always successful,1.0,0.5,True
b050_original/episode_019e3c90-fb67-765e-8e8e-12c56ddda3ba/hold,episode_019e3c90-fb67-765e-8e8e-12c56ddda3ba,dev,50,original,hold,False,0.5,Robometer progress,0.7494553327560425,,
b050_original/episode_019e3c90-fb67-765e-8e8e-12c56ddda3ba/hold,episode_019e3c90-fb67-765e-8e8e-12c56ddda3ba,dev,50,original,hold,False,0.5,Robometer success,0.2759094536304474,0.5,False
b050_original/episode_019e3c90-fb67-765e-8e8e-12c56ddda3ba/random_walk,episode_019e3c90-fb67-765e-8e8e-12c56ddda3ba,dev,50,original,random_walk,False,0.5,DINOv2,0.609022319316864,0.8599722981452942,False
b050_original/episode_019e3c90-fb67-765e-8e8e-12c56ddda3ba/random_walk,episode_019e3c90-fb67-765e-8e8e-12c56ddda3ba,dev,50,original,random_walk,False,0.5,DT,-12.059518814086914,-8.942145824432373,False
b050_original/episode_019e3c90-fb67-765e-8e8e-12c56ddda3ba/random_walk,episode_019e3c90-fb67-765e-8e8e-12c56ddda3ba,dev,50,original,random_walk,False,0.5,Elapsed time,27.266666666666666,34.43333333333334,False
b050_original/episode_019e3c90-fb67-765e-8e8e-12c56ddda3ba/random_walk,episode_019e3c90-fb67-765e-8e8e-12c56ddda3ba,dev,50,original,random_walk,False,0.5,S1,-5.227232456207275,-3.272519528865814,False
b050_original/episode_019e3c90-fb67-765e-8e8e-12c56ddda3ba/random_walk,episode_019e3c90-fb67-765e-8e8e-12c56ddda3ba,dev,50,original,random_walk,False,0.5,S3,-5.055243968963623,-3.2162272334098816,False
b050_original/episode_019e3c90-fb67-765e-8e8e-12c56ddda3ba/random_walk,episode_019e3c90-fb67-765e-8e8e-12c56ddda3ba,dev,50,original,random_walk,False,0.5,S5,-4.8929123878479,-3.123962104320526,False
b050_original/episode_019e3c90-fb67-765e-8e8e-12c56ddda3ba/random_walk,episode_019e3c90-fb67-765e-8e8e-12c56ddda3ba,dev,50,original,random_walk,False,0.5,DT + S1,0.197001214834382,0.448230025164487,False
b050_original/episode_019e3c90-fb67-765e-8e8e-12c56ddda3ba/random_walk,episode_019e3c90-fb67-765e-8e8e-12c56ddda3ba,dev,50,original,random_walk,False,0.5,DT + S3,0.20802426159033532,0.4499065998983014,False
b050_original/episode_019e3c90-fb67-765e-8e8e-12c56ddda3ba/random_walk,episode_019e3c90-fb67-765e-8e8e-12c56ddda3ba,dev,50,original,random_walk,False,0.5,DT + S5,0.21363525063839467,0.4502469361783752,False
b050_original/episode_019e3c90-fb67-765e-8e8e-12c56ddda3ba/random_walk,episode_019e3c90-fb67-765e-8e8e-12c56ddda3ba,dev,50,original,random_walk,False,0.5,Always successful,1.0,0.5,True
b050_original/episode_019e3c90-fb67-765e-8e8e-12c56ddda3ba/random_walk,episode_019e3c90-fb67-765e-8e8e-12c56ddda3ba,dev,50,original,random_walk,False,0.5,Robometer progress,0.6669141054153442,,
b050_original/episode_019e3c90-fb67-765e-8e8e-12c56ddda3ba/random_walk,episode_019e3c90-fb67-765e-8e8e-12c56ddda3ba,dev,50,original,random_walk,False,0.5,Robometer success,0.2568320035934448,0.5,False
b050_original/episode_019e1e35-af9f-7d66-93b0-478d1c079799/replay_control,episode_019e1e35-af9f-7d66-93b0-478d1c079799,test,50,original,replay_control,True,1.0,DINOv2,0.9969192743301392,0.8599722981452942,True
b050_original/episode_019e1e35-af9f-7d66-93b0-478d1c079799/replay_control,episode_019e1e35-af9f-7d66-93b0-478d1c079799,test,50,original,replay_control,True,1.0,DT,-2.3293509483337402,-8.942145824432373,True
b050_original/episode_019e1e35-af9f-7d66-93b0-478d1c079799/replay_control,episode_019e1e35-af9f-7d66-93b0-478d1c079799,test,50,original,replay_control,True,1.0,Elapsed time,26.433333333333334,34.43333333333334,False
b050_original/episode_019e1e35-af9f-7d66-93b0-478d1c079799/replay_control,episode_019e1e35-af9f-7d66-93b0-478d1c079799,test,50,original,replay_control,True,1.0,S1,-1.0720309019088745,-3.272519528865814,True
b050_original/episode_019e1e35-af9f-7d66-93b0-478d1c079799/replay_control,episode_019e1e35-af9f-7d66-93b0-478d1c079799,test,50,original,replay_control,True,1.0,S3,-0.9928231239318848,-3.2162272334098816,True
b050_original/episode_019e1e35-af9f-7d66-93b0-478d1c079799/replay_control,episode_019e1e35-af9f-7d66-93b0-478d1c079799,test,50,original,replay_control,True,1.0,S5,-0.9961521625518799,-3.123962104320526,True
b050_original/episode_019e1e35-af9f-7d66-93b0-478d1c079799/replay_control,episode_019e1e35-af9f-7d66-93b0-478d1c079799,test,50,original,replay_control,True,1.0,DT + S1,0.8083721470554783,0.448230025164487,True
b050_original/episode_019e1e35-af9f-7d66-93b0-478d1c079799/replay_control,episode_019e1e35-af9f-7d66-93b0-478d1c079799,test,50,original,replay_control,True,1.0,DT + S3,0.8087127852447537,0.4499065998983014,True
b050_original/episode_019e1e35-af9f-7d66-93b0-478d1c079799/replay_control,episode_019e1e35-af9f-7d66-93b0-478d1c079799,test,50,original,replay_control,True,1.0,DT + S5,0.8018907823850502,0.4502469361783752,True
b050_original/episode_019e1e35-af9f-7d66-93b0-478d1c079799/replay_control,episode_019e1e35-af9f-7d66-93b0-478d1c079799,test,50,original,replay_control,True,1.0,Always successful,1.0,0.5,True
b050_original/episode_019e1e35-af9f-7d66-93b0-478d1c079799/replay_control,episode_019e1e35-af9f-7d66-93b0-478d1c079799,test,50,original,replay_control,True,1.0,Robometer progress,0.17632430791854858,,
b050_original/episode_019e1e35-af9f-7d66-93b0-478d1c079799/replay_control,episode_019e1e35-af9f-7d66-93b0-478d1c079799,test,50,original,replay_control,True,1.0,Robometer success,0.04603390023112297,0.5,False
b050_original/episode_019e1e35-af9f-7d66-93b0-478d1c079799/hold,episode_019e1e35-af9f-7d66-93b0-478d1c079799,test,50,original,hold,False,0.5,DINOv2,0.6266199946403503,0.8599722981452942,False
b050_original/episode_019e1e35-af9f-7d66-93b0-478d1c079799/hold,episode_019e1e35-af9f-7d66-93b0-478d1c079799,test,50,original,hold,False,0.5,DT,-11.138611793518066,-8.942145824432373,False
b050_original/episode_019e1e35-af9f-7d66-93b0-478d1c079799/hold,episode_019e1e35-af9f-7d66-93b0-478d1c079799,test,50,original,hold,False,0.5,Elapsed time,26.433333333333334,34.43333333333334,False
b050_original/episode_019e1e35-af9f-7d66-93b0-478d1c079799/hold,episode_019e1e35-af9f-7d66-93b0-478d1c079799,test,50,original,hold,False,0.5,S1,-5.8919501304626465,-3.272519528865814,False
b050_original/episode_019e1e35-af9f-7d66-93b0-478d1c079799/hold,episode_019e1e35-af9f-7d66-93b0-478d1c079799,test,50,original,hold,False,0.5,S3,-5.907331466674805,-3.2162272334098816,False
b050_original/episode_019e1e35-af9f-7d66-93b0-478d1c079799/hold,episode_019e1e35-af9f-7d66-93b0-478d1c079799,test,50,original,hold,False,0.5,S5,-5.82573938369751,-3.123962104320526,False
b050_original/episode_019e1e35-af9f-7d66-93b0-478d1c079799/hold,episode_019e1e35-af9f-7d66-93b0-478d1c079799,test,50,original,hold,False,0.5,DT + S1,0.16977904945439576,0.448230025164487,False
b050_original/episode_019e1e35-af9f-7d66-93b0-478d1c079799/hold,episode_019e1e35-af9f-7d66-93b0-478d1c079799,test,50,original,hold,False,0.5,DT + S3,0.16879772395890605,0.4499065998983014,False
b050_original/episode_019e1e35-af9f-7d66-93b0-478d1c079799/hold,episode_019e1e35-af9f-7d66-93b0-478d1c079799,test,50,original,hold,False,0.5,DT + S5,0.16898745783128782,0.4502469361783752,False
b050_original/episode_019e1e35-af9f-7d66-93b0-478d1c079799/hold,episode_019e1e35-af9f-7d66-93b0-478d1c079799,test,50,original,hold,False,0.5,Always successful,1.0,0.5,True
b050_original/episode_019e1e35-af9f-7d66-93b0-478d1c079799/hold,episode_019e1e35-af9f-7d66-93b0-478d1c079799,test,50,original,hold,False,0.5,Robometer progress,0.692379355430603,,
b050_original/episode_019e1e35-af9f-7d66-93b0-478d1c079799/hold,episode_019e1e35-af9f-7d66-93b0-478d1c079799,test,50,original,hold,False,0.5,Robometer success,0.1919327825307846,0.5,False
b050_original/episode_019e1e35-af9f-7d66-93b0-478d1c079799/random_walk,episode_019e1e35-af9f-7d66-93b0-478d1c079799,test,50,original,random_walk,False,0.5,DINOv2,0.6645723581314087,0.8599722981452942,False
b050_original/episode_019e1e35-af9f-7d66-93b0-478d1c079799/random_walk,episode_019e1e35-af9f-7d66-93b0-478d1c079799,test,50,original,random_walk,False,0.5,DT,-10.941421508789062,-8.942145824432373,False
b050_original/episode_019e1e35-af9f-7d66-93b0-478d1c079799/random_walk,episode_019e1e35-af9f-7d66-93b0-478d1c079799,test,50,original,random_walk,False,0.5,Elapsed time,26.433333333333334,34.43333333333334,False
b050_original/episode_019e1e35-af9f-7d66-93b0-478d1c079799/random_walk,episode_019e1e35-af9f-7d66-93b0-478d1c079799,test,50,original,random_walk,False,0.5,S1,-6.59993839263916,-3.272519528865814,False
b050_original/episode_019e1e35-af9f-7d66-93b0-478d1c079799/random_walk,episode_019e1e35-af9f-7d66-93b0-478d1c079799,test,50,original,random_walk,False,0.5,S3,-5.844888687133789,-3.2162272334098816,False
b050_original/episode_019e1e35-af9f-7d66-93b0-478d1c079799/random_walk,episode_019e1e35-af9f-7d66-93b0-478d1c079799,test,50,original,random_walk,False,0.5,S5,-5.286284923553467,-3.123962104320526,False
b050_original/episode_019e1e35-af9f-7d66-93b0-478d1c079799/random_walk,episode_019e1e35-af9f-7d66-93b0-478d1c079799,test,50,original,random_walk,False,0.5,DT + S1,0.13383674062390588,0.448230025164487,False
b050_original/episode_019e1e35-af9f-7d66-93b0-478d1c079799/random_walk,episode_019e1e35-af9f-7d66-93b0-478d1c079799,test,50,original,random_walk,False,0.5,DT + S3,0.17563157144018107,0.4499065998983014,False
b050_original/episode_019e1e35-af9f-7d66-93b0-478d1c079799/random_walk,episode_019e1e35-af9f-7d66-93b0-478d1c079799,test,50,original,random_walk,False,0.5,DT + S5,0.20666413162920153,0.4502469361783752,False
b050_original/episode_019e1e35-af9f-7d66-93b0-478d1c079799/random_walk,episode_019e1e35-af9f-7d66-93b0-478d1c079799,test,50,original,random_walk,False,0.5,Always successful,1.0,0.5,True
b050_original/episode_019e1e35-af9f-7d66-93b0-478d1c079799/random_walk,episode_019e1e35-af9f-7d66-93b0-478d1c079799,test,50,original,random_walk,False,0.5,Robometer progress,0.2652158737182617,,
b050_original/episode_019e1e35-af9f-7d66-93b0-478d1c079799/random_walk,episode_019e1e35-af9f-7d66-93b0-478d1c079799,test,50,original,random_walk,False,0.5,Robometer success,0.05921025574207306,0.5,False
b050_original/episode_019e2d91-6e08-7f79-a3e4-c843c73a3ef2/replay_control,episode_019e2d91-6e08-7f79-a3e4-c843c73a3ef2,test,50,original,replay_control,True,1.0,DINOv2,0.9985325932502747,0.8599722981452942,True
b050_original/episode_019e2d91-6e08-7f79-a3e4-c843c73a3ef2/replay_control,episode_019e2d91-6e08-7f79-a3e4-c843c73a3ef2,test,50,original,replay_control,True,1.0,DT,-2.1324610710144043,-8.942145824432373,True
b050_original/episode_019e2d91-6e08-7f79-a3e4-c843c73a3ef2/replay_control,episode_019e2d91-6e08-7f79-a3e4-c843c73a3ef2,test,50,original,replay_control,True,1.0,Elapsed time,25.033333333333335,34.43333333333334,False
b050_original/episode_019e2d91-6e08-7f79-a3e4-c843c73a3ef2/replay_control,episode_019e2d91-6e08-7f79-a3e4-c843c73a3ef2,test,50,original,replay_control,True,1.0,S1,-0.620295524597168,-3.272519528865814,True
b050_original/episode_019e2d91-6e08-7f79-a3e4-c843c73a3ef2/replay_control,episode_019e2d91-6e08-7f79-a3e4-c843c73a3ef2,test,50,original,replay_control,True,1.0,S3,-0.5494150519371033,-3.2162272334098816,True
b050_original/episode_019e2d91-6e08-7f79-a3e4-c843c73a3ef2/replay_control,episode_019e2d91-6e08-7f79-a3e4-c843c73a3ef2,test,50,original,replay_control,True,1.0,S5,-0.5502257943153381,-3.123962104320526,True
b050_original/episode_019e2d91-6e08-7f79-a3e4-c843c73a3ef2/replay_control,episode_019e2d91-6e08-7f79-a3e4-c843c73a3ef2,test,50,original,replay_control,True,1.0,DT + S1,0.8394105927460709,0.448230025164487,True
b050_original/episode_019e2d91-6e08-7f79-a3e4-c843c73a3ef2/replay_control,episode_019e2d91-6e08-7f79-a3e4-c843c73a3ef2,test,50,original,replay_control,True,1.0,DT + S3,0.8388725712121687,0.4499065998983014,True
b050_original/episode_019e2d91-6e08-7f79-a3e4-c843c73a3ef2/replay_control,episode_019e2d91-6e08-7f79-a3e4-c843c73a3ef2,test,50,original,replay_control,True,1.0,DT + S5,0.8329394998072087,0.4502469361783752,True
b050_original/episode_019e2d91-6e08-7f79-a3e4-c843c73a3ef2/replay_control,episode_019e2d91-6e08-7f79-a3e4-c843c73a3ef2,test,50,original,replay_control,True,1.0,Always successful,1.0,0.5,True
b050_original/episode_019e2d91-6e08-7f79-a3e4-c843c73a3ef2/replay_control,episode_019e2d91-6e08-7f79-a3e4-c843c73a3ef2,test,50,original,replay_control,True,1.0,Robometer progress,0.35784339904785156,,
b050_original/episode_019e2d91-6e08-7f79-a3e4-c843c73a3ef2/replay_control,episode_019e2d91-6e08-7f79-a3e4-c843c73a3ef2,test,50,original,replay_control,True,1.0,Robometer success,0.11436853557825089,0.5,False
b050_original/episode_019e2d91-6e08-7f79-a3e4-c843c73a3ef2/hold,episode_019e2d91-6e08-7f79-a3e4-c843c73a3ef2,test,50,original,hold,False,0.5,DINOv2,0.8093010783195496,0.8599722981452942,False
b050_original/episode_019e2d91-6e08-7f79-a3e4-c843c73a3ef2/hold,episode_019e2d91-6e08-7f79-a3e4-c843c73a3ef2,test,50,original,hold,False,0.5,DT,-12.076623916625977,-8.942145824432373,False
b050_original/episode_019e2d91-6e08-7f79-a3e4-c843c73a3ef2/hold,episode_019e2d91-6e08-7f79-a3e4-c843c73a3ef2,test,50,original,hold,False,0.5,Elapsed time,25.033333333333335,34.43333333333334,False
b050_original/episode_019e2d91-6e08-7f79-a3e4-c843c73a3ef2/hold,episode_019e2d91-6e08-7f79-a3e4-c843c73a3ef2,test,50,original,hold,False,0.5,S1,-5.685164451599121,-3.272519528865814,False
b050_original/episode_019e2d91-6e08-7f79-a3e4-c843c73a3ef2/hold,episode_019e2d91-6e08-7f79-a3e4-c843c73a3ef2,test,50,original,hold,False,0.5,S3,-5.652834415435791,-3.2162272334098816,False
b050_original/episode_019e2d91-6e08-7f79-a3e4-c843c73a3ef2/hold,episode_019e2d91-6e08-7f79-a3e4-c843c73a3ef2,test,50,original,hold,False,0.5,S5,-5.549725532531738,-3.123962104320526,False
b050_original/episode_019e2d91-6e08-7f79-a3e4-c843c73a3ef2/hold,episode_019e2d91-6e08-7f79-a3e4-c843c73a3ef2,test,50,original,hold,False,0.5,DT + S1,0.1676525094729952,0.448230025164487,False
b050_original/episode_019e2d91-6e08-7f79-a3e4-c843c73a3ef2/hold,episode_019e2d91-6e08-7f79-a3e4-c843c73a3ef2,test,50,original,hold,False,0.5,DT + S3,0.16935811824737512,0.4499065998983014,False
b050_original/episode_019e2d91-6e08-7f79-a3e4-c843c73a3ef2/hold,episode_019e2d91-6e08-7f79-a3e4-c843c73a3ef2,test,50,original,hold,False,0.5,DT + S5,0.170765993610771,0.4502469361783752,False
b050_original/episode_019e2d91-6e08-7f79-a3e4-c843c73a3ef2/hold,episode_019e2d91-6e08-7f79-a3e4-c843c73a3ef2,test,50,original,hold,False,0.5,Always successful,1.0,0.5,True
b050_original/episode_019e2d91-6e08-7f79-a3e4-c843c73a3ef2/hold,episode_019e2d91-6e08-7f79-a3e4-c843c73a3ef2,test,50,original,hold,False,0.5,Robometer progress,0.5898425579071045,,
b050_original/episode_019e2d91-6e08-7f79-a3e4-c843c73a3ef2/hold,episode_019e2d91-6e08-7f79-a3e4-c843c73a3ef2,test,50,original,hold,False,0.5,Robometer success,0.1037486344575882,0.5,False
b050_original/episode_019e2d91-6e08-7f79-a3e4-c843c73a3ef2/random_walk,episode_019e2d91-6e08-7f79-a3e4-c843c73a3ef2,test,50,original,random_walk,False,0.5,DINOv2,0.7669126987457275,0.8599722981452942,False
b050_original/episode_019e2d91-6e08-7f79-a3e4-c843c73a3ef2/random_walk,episode_019e2d91-6e08-7f79-a3e4-c843c73a3ef2,test,50,original,random_walk,False,0.5,DT,-19.78384780883789,-8.942145824432373,False
b050_original/episode_019e2d91-6e08-7f79-a3e4-c843c73a3ef2/random_walk,episode_019e2d91-6e08-7f79-a3e4-c843c73a3ef2,test,50,original,random_walk,False,0.5,Elapsed time,25.033333333333335,34.43333333333334,False
b050_original/episode_019e2d91-6e08-7f79-a3e4-c843c73a3ef2/random_walk,episode_019e2d91-6e08-7f79-a3e4-c843c73a3ef2,test,50,original,random_walk,False,0.5,S1,-5.617060661315918,-3.272519528865814,False
b050_original/episode_019e2d91-6e08-7f79-a3e4-c843c73a3ef2/random_walk,episode_019e2d91-6e08-7f79-a3e4-c843c73a3ef2,test,50,original,random_walk,False,0.5,S3,-5.147589206695557,-3.2162272334098816,False
b050_original/episode_019e2d91-6e08-7f79-a3e4-c843c73a3ef2/random_walk,episode_019e2d91-6e08-7f79-a3e4-c843c73a3ef2,test,50,original,random_walk,False,0.5,S5,-5.039968490600586,-3.123962104320526,False
b050_original/episode_019e2d91-6e08-7f79-a3e4-c843c73a3ef2/random_walk,episode_019e2d91-6e08-7f79-a3e4-c843c73a3ef2,test,50,original,random_walk,False,0.5,DT + S1,0.08146413694194314,0.448230025164487,False
b050_original/episode_019e2d91-6e08-7f79-a3e4-c843c73a3ef2/random_walk,episode_019e2d91-6e08-7f79-a3e4-c843c73a3ef2,test,50,original,random_walk,False,0.5,DT + S3,0.09756053268423036,0.4499065998983014,False
b050_original/episode_019e2d91-6e08-7f79-a3e4-c843c73a3ef2/random_walk,episode_019e2d91-6e08-7f79-a3e4-c843c73a3ef2,test,50,original,random_walk,False,0.5,DT + S5,0.09857449373573328,0.4502469361783752,False
b050_original/episode_019e2d91-6e08-7f79-a3e4-c843c73a3ef2/random_walk,episode_019e2d91-6e08-7f79-a3e4-c843c73a3ef2,test,50,original,random_walk,False,0.5,Always successful,1.0,0.5,True
b050_original/episode_019e2d91-6e08-7f79-a3e4-c843c73a3ef2/random_walk,episode_019e2d91-6e08-7f79-a3e4-c843c73a3ef2,test,50,original,random_walk,False,0.5,Robometer progress,0.15412741899490356,,
b050_original/episode_019e2d91-6e08-7f79-a3e4-c843c73a3ef2/random_walk,episode_019e2d91-6e08-7f79-a3e4-c843c73a3ef2,test,50,original,random_walk,False,0.5,Robometer success,0.007577241398394108,0.5,False
b050_original/episode_019e3c25-a92e-7824-a264-f1da48b9bd3d/replay_control,episode_019e3c25-a92e-7824-a264-f1da48b9bd3d,test,50,original,replay_control,True,1.0,DINOv2,0.9976259469985962,0.8599722981452942,True
b050_original/episode_019e3c25-a92e-7824-a264-f1da48b9bd3d/replay_control,episode_019e3c25-a92e-7824-a264-f1da48b9bd3d,test,50,original,replay_control,True,1.0,DT,-1.5879217386245728,-8.942145824432373,True
b050_original/episode_019e3c25-a92e-7824-a264-f1da48b9bd3d/replay_control,episode_019e3c25-a92e-7824-a264-f1da48b9bd3d,test,50,original,replay_control,True,1.0,Elapsed time,29.566666666666666,34.43333333333334,False
b050_original/episode_019e3c25-a92e-7824-a264-f1da48b9bd3d/replay_control,episode_019e3c25-a92e-7824-a264-f1da48b9bd3d,test,50,original,replay_control,True,1.0,S1,-0.9620010256767273,-3.272519528865814,True
b050_original/episode_019e3c25-a92e-7824-a264-f1da48b9bd3d/replay_control,episode_019e3c25-a92e-7824-a264-f1da48b9bd3d,test,50,original,replay_control,True,1.0,S3,-0.923007071018219,-3.2162272334098816,True
b050_original/episode_019e3c25-a92e-7824-a264-f1da48b9bd3d/replay_control,episode_019e3c25-a92e-7824-a264-f1da48b9bd3d,test,50,original,replay_control,True,1.0,S5,-0.9254228472709656,-3.123962104320526,True
b050_original/episode_019e3c25-a92e-7824-a264-f1da48b9bd3d/replay_control,episode_019e3c25-a92e-7824-a264-f1da48b9bd3d,test,50,original,replay_control,True,1.0,DT + S1,0.8275130079261748,0.448230025164487,True
b050_original/episode_019e3c25-a92e-7824-a264-f1da48b9bd3d/replay_control,episode_019e3c25-a92e-7824-a264-f1da48b9bd3d,test,50,original,replay_control,True,1.0,DT + S3,0.8252780544236439,0.4499065998983014,True
b050_original/episode_019e3c25-a92e-7824-a264-f1da48b9bd3d/replay_control,episode_019e3c25-a92e-7824-a264-f1da48b9bd3d,test,50,original,replay_control,True,1.0,DT + S5,0.8189458474553425,0.4502469361783752,True
b050_original/episode_019e3c25-a92e-7824-a264-f1da48b9bd3d/replay_control,episode_019e3c25-a92e-7824-a264-f1da48b9bd3d,test,50,original,replay_control,True,1.0,Always successful,1.0,0.5,True
b050_original/episode_019e3c25-a92e-7824-a264-f1da48b9bd3d/replay_control,episode_019e3c25-a92e-7824-a264-f1da48b9bd3d,test,50,original,replay_control,True,1.0,Robometer progress,0.34019023180007935,,
b050_original/episode_019e3c25-a92e-7824-a264-f1da48b9bd3d/replay_control,episode_019e3c25-a92e-7824-a264-f1da48b9bd3d,test,50,original,replay_control,True,1.0,Robometer success,0.037892427295446396,0.5,False
b050_original/episode_019e3c25-a92e-7824-a264-f1da48b9bd3d/hold,episode_019e3c25-a92e-7824-a264-f1da48b9bd3d,test,50,original,hold,False,0.5,DINOv2,0.7724349498748779,0.8599722981452942,False
b050_original/episode_019e3c25-a92e-7824-a264-f1da48b9bd3d/hold,episode_019e3c25-a92e-7824-a264-f1da48b9bd3d,test,50,original,hold,False,0.5,DT,-16.52277374267578,-8.942145824432373,False
b050_original/episode_019e3c25-a92e-7824-a264-f1da48b9bd3d/hold,episode_019e3c25-a92e-7824-a264-f1da48b9bd3d,test,50,original,hold,False,0.5,Elapsed time,29.566666666666666,34.43333333333334,False
b050_original/episode_019e3c25-a92e-7824-a264-f1da48b9bd3d/hold,episode_019e3c25-a92e-7824-a264-f1da48b9bd3d,test,50,original,hold,False,0.5,S1,-5.537863731384277,-3.272519528865814,False
b050_original/episode_019e3c25-a92e-7824-a264-f1da48b9bd3d/hold,episode_019e3c25-a92e-7824-a264-f1da48b9bd3d,test,50,original,hold,False,0.5,S3,-5.55064058303833,-3.2162272334098816,False
b050_original/episode_019e3c25-a92e-7824-a264-f1da48b9bd3d/hold,episode_019e3c25-a92e-7824-a264-f1da48b9bd3d,test,50,original,hold,False,0.5,S5,-5.475956916809082,-3.123962104320526,False
b050_original/episode_019e3c25-a92e-7824-a264-f1da48b9bd3d/hold,episode_019e3c25-a92e-7824-a264-f1da48b9bd3d,test,50,original,hold,False,0.5,DT + S1,0.11614255881930799,0.448230025164487,False
b050_original/episode_019e3c25-a92e-7824-a264-f1da48b9bd3d/hold,episode_019e3c25-a92e-7824-a264-f1da48b9bd3d,test,50,original,hold,False,0.5,DT + S3,0.11549344072092967,0.4499065998983014,False
b050_original/episode_019e3c25-a92e-7824-a264-f1da48b9bd3d/hold,episode_019e3c25-a92e-7824-a264-f1da48b9bd3d,test,50,original,hold,False,0.5,DT + S5,0.11530664747204256,0.4502469361783752,False
b050_original/episode_019e3c25-a92e-7824-a264-f1da48b9bd3d/hold,episode_019e3c25-a92e-7824-a264-f1da48b9bd3d,test,50,original,hold,False,0.5,Always successful,1.0,0.5,True
b050_original/episode_019e3c25-a92e-7824-a264-f1da48b9bd3d/hold,episode_019e3c25-a92e-7824-a264-f1da48b9bd3d,test,50,original,hold,False,0.5,Robometer progress,0.6225892305374146,,
b050_original/episode_019e3c25-a92e-7824-a264-f1da48b9bd3d/hold,episode_019e3c25-a92e-7824-a264-f1da48b9bd3d,test,50,original,hold,False,0.5,Robometer success,0.07807816565036774,0.5,False
b050_original/episode_019e3c25-a92e-7824-a264-f1da48b9bd3d/random_walk,episode_019e3c25-a92e-7824-a264-f1da48b9bd3d,test,50,original,random_walk,False,0.5,DINOv2,0.6393873691558838,0.8599722981452942,False
b050_original/episode_019e3c25-a92e-7824-a264-f1da48b9bd3d/random_walk,episode_019e3c25-a92e-7824-a264-f1da48b9bd3d,test,50,original,random_walk,False,0.5,DT,-10.833721160888672,-8.942145824432373,False
b050_original/episode_019e3c25-a92e-7824-a264-f1da48b9bd3d/random_walk,episode_019e3c25-a92e-7824-a264-f1da48b9bd3d,test,50,original,random_walk,False,0.5,Elapsed time,29.566666666666666,34.43333333333334,False
b050_original/episode_019e3c25-a92e-7824-a264-f1da48b9bd3d/random_walk,episode_019e3c25-a92e-7824-a264-f1da48b9bd3d,test,50,original,random_walk,False,0.5,S1,-5.355685710906982,-3.272519528865814,False
b050_original/episode_019e3c25-a92e-7824-a264-f1da48b9bd3d/random_walk,episode_019e3c25-a92e-7824-a264-f1da48b9bd3d,test,50,original,random_walk,False,0.5,S3,-4.893453121185303,-3.2162272334098816,False
b050_original/episode_019e3c25-a92e-7824-a264-f1da48b9bd3d/random_walk,episode_019e3c25-a92e-7824-a264-f1da48b9bd3d,test,50,original,random_walk,False,0.5,S5,-4.7739763259887695,-3.123962104320526,False
b050_original/episode_019e3c25-a92e-7824-a264-f1da48b9bd3d/random_walk,episode_019e3c25-a92e-7824-a264-f1da48b9bd3d,test,50,original,random_walk,False,0.5,DT + S1,0.2100116081977173,0.448230025164487,False
b050_original/episode_019e3c25-a92e-7824-a264-f1da48b9bd3d/random_walk,episode_019e3c25-a92e-7824-a264-f1da48b9bd3d,test,50,original,random_walk,False,0.5,DT + S3,0.24340701784345706,0.4499065998983014,False
b050_original/episode_019e3c25-a92e-7824-a264-f1da48b9bd3d/random_walk,episode_019e3c25-a92e-7824-a264-f1da48b9bd3d,test,50,original,random_walk,False,0.5,DT + S5,0.24625522673875683,0.4502469361783752,False
b050_original/episode_019e3c25-a92e-7824-a264-f1da48b9bd3d/random_walk,episode_019e3c25-a92e-7824-a264-f1da48b9bd3d,test,50,original,random_walk,False,0.5,Always successful,1.0,0.5,True
b050_original/episode_019e3c25-a92e-7824-a264-f1da48b9bd3d/random_walk,episode_019e3c25-a92e-7824-a264-f1da48b9bd3d,test,50,original,random_walk,False,0.5,Robometer progress,0.6056849956512451,,
b050_original/episode_019e3c25-a92e-7824-a264-f1da48b9bd3d/random_walk,episode_019e3c25-a92e-7824-a264-f1da48b9bd3d,test,50,original,random_walk,False,0.5,Robometer success,0.14804719388484955,0.5,False
b050_original/episode_019e2261-5abe-7ece-910d-8988dd12106a/replay_control,episode_019e2261-5abe-7ece-910d-8988dd12106a,test,50,original,replay_control,True,1.0,DINOv2,0.9954670667648315,0.8599722981452942,True
b050_original/episode_019e2261-5abe-7ece-910d-8988dd12106a/replay_control,episode_019e2261-5abe-7ece-910d-8988dd12106a,test,50,original,replay_control,True,1.0,DT,-2.0047998428344727,-8.942145824432373,True
b050_original/episode_019e2261-5abe-7ece-910d-8988dd12106a/replay_control,episode_019e2261-5abe-7ece-910d-8988dd12106a,test,50,original,replay_control,True,1.0,Elapsed time,23.8,34.43333333333334,False
b050_original/episode_019e2261-5abe-7ece-910d-8988dd12106a/replay_control,episode_019e2261-5abe-7ece-910d-8988dd12106a,test,50,original,replay_control,True,1.0,S1,-1.6449471712112427,-3.272519528865814,True
b050_original/episode_019e2261-5abe-7ece-910d-8988dd12106a/replay_control,episode_019e2261-5abe-7ece-910d-8988dd12106a,test,50,original,replay_control,True,1.0,S3,-1.5208280086517334,-3.2162272334098816,True
b050_original/episode_019e2261-5abe-7ece-910d-8988dd12106a/replay_control,episode_019e2261-5abe-7ece-910d-8988dd12106a,test,50,original,replay_control,True,1.0,S5,-1.4371451139450073,-3.123962104320526,True
b050_original/episode_019e2261-5abe-7ece-910d-8988dd12106a/replay_control,episode_019e2261-5abe-7ece-910d-8988dd12106a,test,50,original,replay_control,True,1.0,DT + S1,0.7739686276258075,0.448230025164487,True
b050_original/episode_019e2261-5abe-7ece-910d-8988dd12106a/replay_control,episode_019e2261-5abe-7ece-910d-8988dd12106a,test,50,original,replay_control,True,1.0,DT + S3,0.7781962097677467,0.4499065998983014,True
b050_original/episode_019e2261-5abe-7ece-910d-8988dd12106a/replay_control,episode_019e2261-5abe-7ece-910d-8988dd12106a,test,50,original,replay_control,True,1.0,DT + S5,0.7771340493090049,0.4502469361783752,True
b050_original/episode_019e2261-5abe-7ece-910d-8988dd12106a/replay_control,episode_019e2261-5abe-7ece-910d-8988dd12106a,test,50,original,replay_control,True,1.0,Always successful,1.0,0.5,True
b050_original/episode_019e2261-5abe-7ece-910d-8988dd12106a/replay_control,episode_019e2261-5abe-7ece-910d-8988dd12106a,test,50,original,replay_control,True,1.0,Robometer progress,0.34558895230293274,,
b050_original/episode_019e2261-5abe-7ece-910d-8988dd12106a/replay_control,episode_019e2261-5abe-7ece-910d-8988dd12106a,test,50,original,replay_control,True,1.0,Robometer success,0.16667540371418,0.5,False
b050_original/episode_019e2261-5abe-7ece-910d-8988dd12106a/hold,episode_019e2261-5abe-7ece-910d-8988dd12106a,test,50,original,hold,False,0.5,DINOv2,0.6723315715789795,0.8599722981452942,False
b050_original/episode_019e2261-5abe-7ece-910d-8988dd12106a/hold,episode_019e2261-5abe-7ece-910d-8988dd12106a,test,50,original,hold,False,0.5,DT,-8.770090103149414,-8.942145824432373,True
b050_original/episode_019e2261-5abe-7ece-910d-8988dd12106a/hold,episode_019e2261-5abe-7ece-910d-8988dd12106a,test,50,original,hold,False,0.5,Elapsed time,23.8,34.43333333333334,False
b050_original/episode_019e2261-5abe-7ece-910d-8988dd12106a/hold,episode_019e2261-5abe-7ece-910d-8988dd12106a,test,50,original,hold,False,0.5,S1,-6.373847961425781,-3.272519528865814,False
b050_original/episode_019e2261-5abe-7ece-910d-8988dd12106a/hold,episode_019e2261-5abe-7ece-910d-8988dd12106a,test,50,original,hold,False,0.5,S3,-6.358731269836426,-3.2162272334098816,False
b050_original/episode_019e2261-5abe-7ece-910d-8988dd12106a/hold,episode_019e2261-5abe-7ece-910d-8988dd12106a,test,50,original,hold,False,0.5,S5,-6.251497268676758,-3.123962104320526,False
b050_original/episode_019e2261-5abe-7ece-910d-8988dd12106a/hold,episode_019e2261-5abe-7ece-910d-8988dd12106a,test,50,original,hold,False,0.5,DT + S1,0.1777390264613471,0.448230025164487,False
b050_original/episode_019e2261-5abe-7ece-910d-8988dd12106a/hold,episode_019e2261-5abe-7ece-910d-8988dd12106a,test,50,original,hold,False,0.5,DT + S3,0.178903717671696,0.4499065998983014,False
b050_original/episode_019e2261-5abe-7ece-910d-8988dd12106a/hold,episode_019e2261-5abe-7ece-910d-8988dd12106a,test,50,original,hold,False,0.5,DT + S5,0.18078337634408784,0.4502469361783752,False
b050_original/episode_019e2261-5abe-7ece-910d-8988dd12106a/hold,episode_019e2261-5abe-7ece-910d-8988dd12106a,test,50,original,hold,False,0.5,Always successful,1.0,0.5,True
b050_original/episode_019e2261-5abe-7ece-910d-8988dd12106a/hold,episode_019e2261-5abe-7ece-910d-8988dd12106a,test,50,original,hold,False,0.5,Robometer progress,0.709222137928009,,
b050_original/episode_019e2261-5abe-7ece-910d-8988dd12106a/hold,episode_019e2261-5abe-7ece-910d-8988dd12106a,test,50,original,hold,False,0.5,Robometer success,0.2120688259601593,0.5,False
b050_original/episode_019e2261-5abe-7ece-910d-8988dd12106a/random_walk,episode_019e2261-5abe-7ece-910d-8988dd12106a,test,50,original,random_walk,False,0.5,DINOv2,0.6364803314208984,0.8599722981452942,False
b050_original/episode_019e2261-5abe-7ece-910d-8988dd12106a/random_walk,episode_019e2261-5abe-7ece-910d-8988dd12106a,test,50,original,random_walk,False,0.5,DT,-9.945852279663086,-8.942145824432373,False
b050_original/episode_019e2261-5abe-7ece-910d-8988dd12106a/random_walk,episode_019e2261-5abe-7ece-910d-8988dd12106a,test,50,original,random_walk,False,0.5,Elapsed time,23.8,34.43333333333334,False
b050_original/episode_019e2261-5abe-7ece-910d-8988dd12106a/random_walk,episode_019e2261-5abe-7ece-910d-8988dd12106a,test,50,original,random_walk,False,0.5,S1,-6.376754283905029,-3.272519528865814,False
b050_original/episode_019e2261-5abe-7ece-910d-8988dd12106a/random_walk,episode_019e2261-5abe-7ece-910d-8988dd12106a,test,50,original,random_walk,False,0.5,S3,-6.062479019165039,-3.2162272334098816,False
b050_original/episode_019e2261-5abe-7ece-910d-8988dd12106a/random_walk,episode_019e2261-5abe-7ece-910d-8988dd12106a,test,50,original,random_walk,False,0.5,S5,-5.718114376068115,-3.123962104320526,False
b050_original/episode_019e2261-5abe-7ece-910d-8988dd12106a/random_walk,episode_019e2261-5abe-7ece-910d-8988dd12106a,test,50,original,random_walk,False,0.5,DT + S1,0.15942048123456673,0.448230025164487,False
b050_original/episode_019e2261-5abe-7ece-910d-8988dd12106a/random_walk,episode_019e2261-5abe-7ece-910d-8988dd12106a,test,50,original,random_walk,False,0.5,DT + S3,0.17823310719511587,0.4499065998983014,False
b050_original/episode_019e2261-5abe-7ece-910d-8988dd12106a/random_walk,episode_019e2261-5abe-7ece-910d-8988dd12106a,test,50,original,random_walk,False,0.5,DT + S5,0.19517587207936848,0.4502469361783752,False
b050_original/episode_019e2261-5abe-7ece-910d-8988dd12106a/random_walk,episode_019e2261-5abe-7ece-910d-8988dd12106a,test,50,original,random_walk,False,0.5,Always successful,1.0,0.5,True
b050_original/episode_019e2261-5abe-7ece-910d-8988dd12106a/random_walk,episode_019e2261-5abe-7ece-910d-8988dd12106a,test,50,original,random_walk,False,0.5,Robometer progress,0.43587613105773926,,
b050_original/episode_019e2261-5abe-7ece-910d-8988dd12106a/random_walk,episode_019e2261-5abe-7ece-910d-8988dd12106a,test,50,original,random_walk,False,0.5,Robometer success,0.07807816565036774,0.5,False
b050_parked/episode_019e298a-84a1-7557-ae97-93326347b45c/replay_control,episode_019e298a-84a1-7557-ae97-93326347b45c,dev,50,parked,replay_control,True,1.0,DINOv2,0.998710036277771,0.8599722981452942,True
b050_parked/episode_019e298a-84a1-7557-ae97-93326347b45c/replay_control,episode_019e298a-84a1-7557-ae97-93326347b45c,dev,50,parked,replay_control,True,1.0,DT,-2.2338171005249023,-8.942145824432373,True
b050_parked/episode_019e298a-84a1-7557-ae97-93326347b45c/replay_control,episode_019e298a-84a1-7557-ae97-93326347b45c,dev,50,parked,replay_control,True,1.0,Elapsed time,44.43333333333333,34.43333333333334,True
b050_parked/episode_019e298a-84a1-7557-ae97-93326347b45c/replay_control,episode_019e298a-84a1-7557-ae97-93326347b45c,dev,50,parked,replay_control,True,1.0,S1,-0.2578846514225006,-3.272519528865814,True
b050_parked/episode_019e298a-84a1-7557-ae97-93326347b45c/replay_control,episode_019e298a-84a1-7557-ae97-93326347b45c,dev,50,parked,replay_control,True,1.0,S3,-0.19220885634422302,-3.2162272334098816,True
b050_parked/episode_019e298a-84a1-7557-ae97-93326347b45c/replay_control,episode_019e298a-84a1-7557-ae97-93326347b45c,dev,50,parked,replay_control,True,1.0,S5,-0.18930934369564056,-3.123962104320526,True
b050_parked/episode_019e298a-84a1-7557-ae97-93326347b45c/replay_control,episode_019e298a-84a1-7557-ae97-93326347b45c,dev,50,parked,replay_control,True,1.0,DT + S1,0.8578156013074366,0.448230025164487,True
b050_parked/episode_019e298a-84a1-7557-ae97-93326347b45c/replay_control,episode_019e298a-84a1-7557-ae97-93326347b45c,dev,50,parked,replay_control,True,1.0,DT + S3,0.8568062904128766,0.4499065998983014,True
b050_parked/episode_019e298a-84a1-7557-ae97-93326347b45c/replay_control,episode_019e298a-84a1-7557-ae97-93326347b45c,dev,50,parked,replay_control,True,1.0,DT + S5,0.8515338564574159,0.4502469361783752,True
b050_parked/episode_019e298a-84a1-7557-ae97-93326347b45c/replay_control,episode_019e298a-84a1-7557-ae97-93326347b45c,dev,50,parked,replay_control,True,1.0,Always successful,1.0,0.5,True
b050_parked/episode_019e298a-84a1-7557-ae97-93326347b45c/replay_control,episode_019e298a-84a1-7557-ae97-93326347b45c,dev,50,parked,replay_control,True,1.0,Robometer progress,0.3606048822402954,,
b050_parked/episode_019e298a-84a1-7557-ae97-93326347b45c/replay_control,episode_019e298a-84a1-7557-ae97-93326347b45c,dev,50,parked,replay_control,True,1.0,Robometer success,0.09670579433441162,0.5,False
b050_parked/episode_019e298a-84a1-7557-ae97-93326347b45c/hold,episode_019e298a-84a1-7557-ae97-93326347b45c,dev,50,parked,hold,False,0.5,DINOv2,0.9280620813369751,0.8599722981452942,True
b050_parked/episode_019e298a-84a1-7557-ae97-93326347b45c/hold,episode_019e298a-84a1-7557-ae97-93326347b45c,dev,50,parked,hold,False,0.5,DT,-3.2293214797973633,-8.942145824432373,True
b050_parked/episode_019e298a-84a1-7557-ae97-93326347b45c/hold,episode_019e298a-84a1-7557-ae97-93326347b45c,dev,50,parked,hold,False,0.5,Elapsed time,44.43333333333333,34.43333333333334,True
b050_parked/episode_019e298a-84a1-7557-ae97-93326347b45c/hold,episode_019e298a-84a1-7557-ae97-93326347b45c,dev,50,parked,hold,False,0.5,S1,-0.5889883637428284,-3.272519528865814,True
b050_parked/episode_019e298a-84a1-7557-ae97-93326347b45c/hold,episode_019e298a-84a1-7557-ae97-93326347b45c,dev,50,parked,hold,False,0.5,S3,-0.5621850490570068,-3.2162272334098816,True
b050_parked/episode_019e298a-84a1-7557-ae97-93326347b45c/hold,episode_019e298a-84a1-7557-ae97-93326347b45c,dev,50,parked,hold,False,0.5,S5,-0.5831143856048584,-3.123962104320526,True
b050_parked/episode_019e298a-84a1-7557-ae97-93326347b45c/hold,episode_019e298a-84a1-7557-ae97-93326347b45c,dev,50,parked,hold,False,0.5,DT + S1,0.8243834146967817,0.448230025164487,True
b050_parked/episode_019e298a-84a1-7557-ae97-93326347b45c/hold,episode_019e298a-84a1-7557-ae97-93326347b45c,dev,50,parked,hold,False,0.5,DT + S3,0.8211188313119663,0.4499065998983014,True
b050_parked/episode_019e298a-84a1-7557-ae97-93326347b45c/hold,episode_019e298a-84a1-7557-ae97-93326347b45c,dev,50,parked,hold,False,0.5,DT + S5,0.813414620650748,0.4502469361783752,True
b050_parked/episode_019e298a-84a1-7557-ae97-93326347b45c/hold,episode_019e298a-84a1-7557-ae97-93326347b45c,dev,50,parked,hold,False,0.5,Always successful,1.0,0.5,True
b050_parked/episode_019e298a-84a1-7557-ae97-93326347b45c/hold,episode_019e298a-84a1-7557-ae97-93326347b45c,dev,50,parked,hold,False,0.5,Robometer progress,0.1345672905445099,,
b050_parked/episode_019e298a-84a1-7557-ae97-93326347b45c/hold,episode_019e298a-84a1-7557-ae97-93326347b45c,dev,50,parked,hold,False,0.5,Robometer success,0.006692850962281227,0.5,False
b050_parked/episode_019e298a-84a1-7557-ae97-93326347b45c/random_walk,episode_019e298a-84a1-7557-ae97-93326347b45c,dev,50,parked,random_walk,False,0.5,DINOv2,0.8769393563270569,0.8599722981452942,True
b050_parked/episode_019e298a-84a1-7557-ae97-93326347b45c/random_walk,episode_019e298a-84a1-7557-ae97-93326347b45c,dev,50,parked,random_walk,False,0.5,DT,-2.948702335357666,-8.942145824432373,True
b050_parked/episode_019e298a-84a1-7557-ae97-93326347b45c/random_walk,episode_019e298a-84a1-7557-ae97-93326347b45c,dev,50,parked,random_walk,False,0.5,Elapsed time,44.43333333333333,34.43333333333334,True
b050_parked/episode_019e298a-84a1-7557-ae97-93326347b45c/random_walk,episode_019e298a-84a1-7557-ae97-93326347b45c,dev,50,parked,random_walk,False,0.5,S1,-1.0563478469848633,-3.272519528865814,True
b050_parked/episode_019e298a-84a1-7557-ae97-93326347b45c/random_walk,episode_019e298a-84a1-7557-ae97-93326347b45c,dev,50,parked,random_walk,False,0.5,S3,-1.069052815437317,-3.2162272334098816,True
b050_parked/episode_019e298a-84a1-7557-ae97-93326347b45c/random_walk,episode_019e298a-84a1-7557-ae97-93326347b45c,dev,50,parked,random_walk,False,0.5,S5,-1.0840171575546265,-3.123962104320526,True
b050_parked/episode_019e298a-84a1-7557-ae97-93326347b45c/random_walk,episode_019e298a-84a1-7557-ae97-93326347b45c,dev,50,parked,random_walk,False,0.5,DT + S1,0.7986545378281628,0.448230025164487,True
b050_parked/episode_019e298a-84a1-7557-ae97-93326347b45c/random_walk,episode_019e298a-84a1-7557-ae97-93326347b45c,dev,50,parked,random_walk,False,0.5,DT + S3,0.792741253496657,0.4499065998983014,True
b050_parked/episode_019e298a-84a1-7557-ae97-93326347b45c/random_walk,episode_019e298a-84a1-7557-ae97-93326347b45c,dev,50,parked,random_walk,False,0.5,DT + S5,0.7847078179510253,0.4502469361783752,True
b050_parked/episode_019e298a-84a1-7557-ae97-93326347b45c/random_walk,episode_019e298a-84a1-7557-ae97-93326347b45c,dev,50,parked,random_walk,False,0.5,Always successful,1.0,0.5,True
b050_parked/episode_019e298a-84a1-7557-ae97-93326347b45c/random_walk,episode_019e298a-84a1-7557-ae97-93326347b45c,dev,50,parked,random_walk,False,0.5,Robometer progress,0.19976086914539337,,
b050_parked/episode_019e298a-84a1-7557-ae97-93326347b45c/random_walk,episode_019e298a-84a1-7557-ae97-93326347b45c,dev,50,parked,random_walk,False,0.5,Robometer success,0.0427221953868866,0.5,False
b050_parked/episode_019e3c90-fb67-765e-8e8e-12c56ddda3ba/replay_control,episode_019e3c90-fb67-765e-8e8e-12c56ddda3ba,dev,50,parked,replay_control,True,1.0,DINOv2,0.9992159605026245,0.8599722981452942,True
b050_parked/episode_019e3c90-fb67-765e-8e8e-12c56ddda3ba/replay_control,episode_019e3c90-fb67-765e-8e8e-12c56ddda3ba,dev,50,parked,replay_control,True,1.0,DT,-2.2297658920288086,-8.942145824432373,True
b050_parked/episode_019e3c90-fb67-765e-8e8e-12c56ddda3ba/replay_control,episode_019e3c90-fb67-765e-8e8e-12c56ddda3ba,dev,50,parked,replay_control,True,1.0,Elapsed time,37.266666666666666,34.43333333333334,True
b050_parked/episode_019e3c90-fb67-765e-8e8e-12c56ddda3ba/replay_control,episode_019e3c90-fb67-765e-8e8e-12c56ddda3ba,dev,50,parked,replay_control,True,1.0,S1,-0.4248048663139343,-3.272519528865814,True
b050_parked/episode_019e3c90-fb67-765e-8e8e-12c56ddda3ba/replay_control,episode_019e3c90-fb67-765e-8e8e-12c56ddda3ba,dev,50,parked,replay_control,True,1.0,S3,-0.3953598737716675,-3.2162272334098816,True
b050_parked/episode_019e3c90-fb67-765e-8e8e-12c56ddda3ba/replay_control,episode_019e3c90-fb67-765e-8e8e-12c56ddda3ba,dev,50,parked,replay_control,True,1.0,S5,-0.39533883333206177,-3.123962104320526,True
b050_parked/episode_019e3c90-fb67-765e-8e8e-12c56ddda3ba/replay_control,episode_019e3c90-fb67-765e-8e8e-12c56ddda3ba,dev,50,parked,replay_control,True,1.0,DT + S1,0.8489657107648102,0.448230025164487,True
b050_parked/episode_019e3c90-fb67-765e-8e8e-12c56ddda3ba/replay_control,episode_019e3c90-fb67-765e-8e8e-12c56ddda3ba,dev,50,parked,replay_control,True,1.0,DT + S3,0.8460546088865231,0.4499065998983014,True
b050_parked/episode_019e3c90-fb67-765e-8e8e-12c56ddda3ba/replay_control,episode_019e3c90-fb67-765e-8e8e-12c56ddda3ba,dev,50,parked,replay_control,True,1.0,DT + S5,0.8403465760872065,0.4502469361783752,True
b050_parked/episode_019e3c90-fb67-765e-8e8e-12c56ddda3ba/replay_control,episode_019e3c90-fb67-765e-8e8e-12c56ddda3ba,dev,50,parked,replay_control,True,1.0,Always successful,1.0,0.5,True
b050_parked/episode_019e3c90-fb67-765e-8e8e-12c56ddda3ba/replay_control,episode_019e3c90-fb67-765e-8e8e-12c56ddda3ba,dev,50,parked,replay_control,True,1.0,Robometer progress,0.9026781320571899,,
b050_parked/episode_019e3c90-fb67-765e-8e8e-12c56ddda3ba/replay_control,episode_019e3c90-fb67-765e-8e8e-12c56ddda3ba,dev,50,parked,replay_control,True,1.0,Robometer success,0.6757646203041077,0.5,True
b050_parked/episode_019e3c90-fb67-765e-8e8e-12c56ddda3ba/hold,episode_019e3c90-fb67-765e-8e8e-12c56ddda3ba,dev,50,parked,hold,False,0.5,DINOv2,0.9296135902404785,0.8599722981452942,True
b050_parked/episode_019e3c90-fb67-765e-8e8e-12c56ddda3ba/hold,episode_019e3c90-fb67-765e-8e8e-12c56ddda3ba,dev,50,parked,hold,False,0.5,DT,-2.648861885070801,-8.942145824432373,True
b050_parked/episode_019e3c90-fb67-765e-8e8e-12c56ddda3ba/hold,episode_019e3c90-fb67-765e-8e8e-12c56ddda3ba,dev,50,parked,hold,False,0.5,Elapsed time,37.266666666666666,34.43333333333334,True
b050_parked/episode_019e3c90-fb67-765e-8e8e-12c56ddda3ba/hold,episode_019e3c90-fb67-765e-8e8e-12c56ddda3ba,dev,50,parked,hold,False,0.5,S1,-0.5885670185089111,-3.272519528865814,True
b050_parked/episode_019e3c90-fb67-765e-8e8e-12c56ddda3ba/hold,episode_019e3c90-fb67-765e-8e8e-12c56ddda3ba,dev,50,parked,hold,False,0.5,S3,-0.5473706722259521,-3.2162272334098816,True
b050_parked/episode_019e3c90-fb67-765e-8e8e-12c56ddda3ba/hold,episode_019e3c90-fb67-765e-8e8e-12c56ddda3ba,dev,50,parked,hold,False,0.5,S5,-0.5519472360610962,-3.123962104320526,True
b050_parked/episode_019e3c90-fb67-765e-8e8e-12c56ddda3ba/hold,episode_019e3c90-fb67-765e-8e8e-12c56ddda3ba,dev,50,parked,hold,False,0.5,DT + S1,0.8334776107897465,0.448230025164487,True
b050_parked/episode_019e3c90-fb67-765e-8e8e-12c56ddda3ba/hold,episode_019e3c90-fb67-765e-8e8e-12c56ddda3ba,dev,50,parked,hold,False,0.5,DT + S3,0.8311740962068725,0.4499065998983014,True
b050_parked/episode_019e3c90-fb67-765e-8e8e-12c56ddda3ba/hold,episode_019e3c90-fb67-765e-8e8e-12c56ddda3ba,dev,50,parked,hold,False,0.5,DT + S5,0.8247930650061019,0.4502469361783752,True
b050_parked/episode_019e3c90-fb67-765e-8e8e-12c56ddda3ba/hold,episode_019e3c90-fb67-765e-8e8e-12c56ddda3ba,dev,50,parked,hold,False,0.5,Always successful,1.0,0.5,True
b050_parked/episode_019e3c90-fb67-765e-8e8e-12c56ddda3ba/hold,episode_019e3c90-fb67-765e-8e8e-12c56ddda3ba,dev,50,parked,hold,False,0.5,Robometer progress,0.5654256939888,,
b050_parked/episode_019e3c90-fb67-765e-8e8e-12c56ddda3ba/hold,episode_019e3c90-fb67-765e-8e8e-12c56ddda3ba,dev,50,parked,hold,False,0.5,Robometer success,0.19072403013706207,0.5,False
b050_parked/episode_019e3c90-fb67-765e-8e8e-12c56ddda3ba/random_walk,episode_019e3c90-fb67-765e-8e8e-12c56ddda3ba,dev,50,parked,random_walk,False,0.5,DINOv2,0.9175450801849365,0.8599722981452942,True
b050_parked/episode_019e3c90-fb67-765e-8e8e-12c56ddda3ba/random_walk,episode_019e3c90-fb67-765e-8e8e-12c56ddda3ba,dev,50,parked,random_walk,False,0.5,DT,-3.470398426055908,-8.942145824432373,True
b050_parked/episode_019e3c90-fb67-765e-8e8e-12c56ddda3ba/random_walk,episode_019e3c90-fb67-765e-8e8e-12c56ddda3ba,dev,50,parked,random_walk,False,0.5,Elapsed time,37.266666666666666,34.43333333333334,True
b050_parked/episode_019e3c90-fb67-765e-8e8e-12c56ddda3ba/random_walk,episode_019e3c90-fb67-765e-8e8e-12c56ddda3ba,dev,50,parked,random_walk,False,0.5,S1,-0.7687283754348755,-3.272519528865814,True
b050_parked/episode_019e3c90-fb67-765e-8e8e-12c56ddda3ba/random_walk,episode_019e3c90-fb67-765e-8e8e-12c56ddda3ba,dev,50,parked,random_walk,False,0.5,S3,-0.768153190612793,-3.2162272334098816,True
b050_parked/episode_019e3c90-fb67-765e-8e8e-12c56ddda3ba/random_walk,episode_019e3c90-fb67-765e-8e8e-12c56ddda3ba,dev,50,parked,random_walk,False,0.5,S5,-0.7661121487617493,-3.123962104320526,True
b050_parked/episode_019e3c90-fb67-765e-8e8e-12c56ddda3ba/random_walk,episode_019e3c90-fb67-765e-8e8e-12c56ddda3ba,dev,50,parked,random_walk,False,0.5,DT + S1,0.8089341860503846,0.448230025164487,True
b050_parked/episode_019e3c90-fb67-765e-8e8e-12c56ddda3ba/random_walk,episode_019e3c90-fb67-765e-8e8e-12c56ddda3ba,dev,50,parked,random_walk,False,0.5,DT + S3,0.8038911219365945,0.4499065998983014,True
b050_parked/episode_019e3c90-fb67-765e-8e8e-12c56ddda3ba/random_walk,episode_019e3c90-fb67-765e-8e8e-12c56ddda3ba,dev,50,parked,random_walk,False,0.5,DT + S5,0.79725158650619,0.4502469361783752,True
b050_parked/episode_019e3c90-fb67-765e-8e8e-12c56ddda3ba/random_walk,episode_019e3c90-fb67-765e-8e8e-12c56ddda3ba,dev,50,parked,random_walk,False,0.5,Always successful,1.0,0.5,True
b050_parked/episode_019e3c90-fb67-765e-8e8e-12c56ddda3ba/random_walk,episode_019e3c90-fb67-765e-8e8e-12c56ddda3ba,dev,50,parked,random_walk,False,0.5,Robometer progress,0.1803675889968872,,
b050_parked/episode_019e3c90-fb67-765e-8e8e-12c56ddda3ba/random_walk,episode_019e3c90-fb67-765e-8e8e-12c56ddda3ba,dev,50,parked,random_walk,False,0.5,Robometer success,0.009125636890530586,0.5,False
b050_parked/episode_019e1e35-af9f-7d66-93b0-478d1c079799/replay_control,episode_019e1e35-af9f-7d66-93b0-478d1c079799,test,50,parked,replay_control,True,1.0,DINOv2,0.9992449879646301,0.8599722981452942,True
b050_parked/episode_019e1e35-af9f-7d66-93b0-478d1c079799/replay_control,episode_019e1e35-af9f-7d66-93b0-478d1c079799,test,50,parked,replay_control,True,1.0,DT,-2.076639175415039,-8.942145824432373,True
b050_parked/episode_019e1e35-af9f-7d66-93b0-478d1c079799/replay_control,episode_019e1e35-af9f-7d66-93b0-478d1c079799,test,50,parked,replay_control,True,1.0,Elapsed time,36.43333333333333,34.43333333333334,True
b050_parked/episode_019e1e35-af9f-7d66-93b0-478d1c079799/replay_control,episode_019e1e35-af9f-7d66-93b0-478d1c079799,test,50,parked,replay_control,True,1.0,S1,-0.6422855854034424,-3.272519528865814,True
b050_parked/episode_019e1e35-af9f-7d66-93b0-478d1c079799/replay_control,episode_019e1e35-af9f-7d66-93b0-478d1c079799,test,50,parked,replay_control,True,1.0,S3,-0.6027349829673767,-3.2162272334098816,True
b050_parked/episode_019e1e35-af9f-7d66-93b0-478d1c079799/replay_control,episode_019e1e35-af9f-7d66-93b0-478d1c079799,test,50,parked,replay_control,True,1.0,S5,-0.6149858236312866,-3.123962104320526,True
b050_parked/episode_019e1e35-af9f-7d66-93b0-478d1c079799/replay_control,episode_019e1e35-af9f-7d66-93b0-478d1c079799,test,50,parked,replay_control,True,1.0,DT + S1,0.8389749329970322,0.448230025164487,True
b050_parked/episode_019e1e35-af9f-7d66-93b0-478d1c079799/replay_control,episode_019e1e35-af9f-7d66-93b0-478d1c079799,test,50,parked,replay_control,True,1.0,DT + S3,0.8366573547875746,0.4499065998983014,True
b050_parked/episode_019e1e35-af9f-7d66-93b0-478d1c079799/replay_control,episode_019e1e35-af9f-7d66-93b0-478d1c079799,test,50,parked,replay_control,True,1.0,DT + S5,0.8299967588642493,0.4502469361783752,True
b050_parked/episode_019e1e35-af9f-7d66-93b0-478d1c079799/replay_control,episode_019e1e35-af9f-7d66-93b0-478d1c079799,test,50,parked,replay_control,True,1.0,Always successful,1.0,0.5,True
b050_parked/episode_019e1e35-af9f-7d66-93b0-478d1c079799/replay_control,episode_019e1e35-af9f-7d66-93b0-478d1c079799,test,50,parked,replay_control,True,1.0,Robometer progress,0.5465000867843628,,
b050_parked/episode_019e1e35-af9f-7d66-93b0-478d1c079799/replay_control,episode_019e1e35-af9f-7d66-93b0-478d1c079799,test,50,parked,replay_control,True,1.0,Robometer success,0.1233656257390976,0.5,False
b050_parked/episode_019e1e35-af9f-7d66-93b0-478d1c079799/hold,episode_019e1e35-af9f-7d66-93b0-478d1c079799,test,50,parked,hold,False,0.5,DINOv2,0.9513710737228394,0.8599722981452942,True
b050_parked/episode_019e1e35-af9f-7d66-93b0-478d1c079799/hold,episode_019e1e35-af9f-7d66-93b0-478d1c079799,test,50,parked,hold,False,0.5,DT,-3.2254385948181152,-8.942145824432373,True
b050_parked/episode_019e1e35-af9f-7d66-93b0-478d1c079799/hold,episode_019e1e35-af9f-7d66-93b0-478d1c079799,test,50,parked,hold,False,0.5,Elapsed time,36.43333333333333,34.43333333333334,True
b050_parked/episode_019e1e35-af9f-7d66-93b0-478d1c079799/hold,episode_019e1e35-af9f-7d66-93b0-478d1c079799,test,50,parked,hold,False,0.5,S1,-1.1933088302612305,-3.272519528865814,True
b050_parked/episode_019e1e35-af9f-7d66-93b0-478d1c079799/hold,episode_019e1e35-af9f-7d66-93b0-478d1c079799,test,50,parked,hold,False,0.5,S3,-1.1577564477920532,-3.2162272334098816,True
b050_parked/episode_019e1e35-af9f-7d66-93b0-478d1c079799/hold,episode_019e1e35-af9f-7d66-93b0-478d1c079799,test,50,parked,hold,False,0.5,S5,-1.1719812154769897,-3.123962104320526,True
b050_parked/episode_019e1e35-af9f-7d66-93b0-478d1c079799/hold,episode_019e1e35-af9f-7d66-93b0-478d1c079799,test,50,parked,hold,False,0.5,DT + S1,0.7839763502418754,0.448230025164487,True
b050_parked/episode_019e1e35-af9f-7d66-93b0-478d1c079799/hold,episode_019e1e35-af9f-7d66-93b0-478d1c079799,test,50,parked,hold,False,0.5,DT + S3,0.7813916926750225,0.4499065998983014,True
b050_parked/episode_019e1e35-af9f-7d66-93b0-478d1c079799/hold,episode_019e1e35-af9f-7d66-93b0-478d1c079799,test,50,parked,hold,False,0.5,DT + S5,0.7731293743523892,0.4502469361783752,True
b050_parked/episode_019e1e35-af9f-7d66-93b0-478d1c079799/hold,episode_019e1e35-af9f-7d66-93b0-478d1c079799,test,50,parked,hold,False,0.5,Always successful,1.0,0.5,True
b050_parked/episode_019e1e35-af9f-7d66-93b0-478d1c079799/hold,episode_019e1e35-af9f-7d66-93b0-478d1c079799,test,50,parked,hold,False,0.5,Robometer progress,0.5162140130996704,,
b050_parked/episode_019e1e35-af9f-7d66-93b0-478d1c079799/hold,episode_019e1e35-af9f-7d66-93b0-478d1c079799,test,50,parked,hold,False,0.5,Robometer success,0.1550784707069397,0.5,False
b050_parked/episode_019e1e35-af9f-7d66-93b0-478d1c079799/random_walk,episode_019e1e35-af9f-7d66-93b0-478d1c079799,test,50,parked,random_walk,False,0.5,DINOv2,0.9519320726394653,0.8599722981452942,True
b050_parked/episode_019e1e35-af9f-7d66-93b0-478d1c079799/random_walk,episode_019e1e35-af9f-7d66-93b0-478d1c079799,test,50,parked,random_walk,False,0.5,DT,-3.326544761657715,-8.942145824432373,True
b050_parked/episode_019e1e35-af9f-7d66-93b0-478d1c079799/random_walk,episode_019e1e35-af9f-7d66-93b0-478d1c079799,test,50,parked,random_walk,False,0.5,Elapsed time,36.43333333333333,34.43333333333334,True
b050_parked/episode_019e1e35-af9f-7d66-93b0-478d1c079799/random_walk,episode_019e1e35-af9f-7d66-93b0-478d1c079799,test,50,parked,random_walk,False,0.5,S1,-1.2486824989318848,-3.272519528865814,True
b050_parked/episode_019e1e35-af9f-7d66-93b0-478d1c079799/random_walk,episode_019e1e35-af9f-7d66-93b0-478d1c079799,test,50,parked,random_walk,False,0.5,S3,-1.2175673246383667,-3.2162272334098816,True
b050_parked/episode_019e1e35-af9f-7d66-93b0-478d1c079799/random_walk,episode_019e1e35-af9f-7d66-93b0-478d1c079799,test,50,parked,random_walk,False,0.5,S5,-1.2246723175048828,-3.123962104320526,True
b050_parked/episode_019e1e35-af9f-7d66-93b0-478d1c079799/random_walk,episode_019e1e35-af9f-7d66-93b0-478d1c079799,test,50,parked,random_walk,False,0.5,DT + S1,0.7780312468166677,0.448230025164487,True
b050_parked/episode_019e1e35-af9f-7d66-93b0-478d1c079799/random_walk,episode_019e1e35-af9f-7d66-93b0-478d1c079799,test,50,parked,random_walk,False,0.5,DT + S3,0.7751318506057606,0.4499065998983014,True
b050_parked/episode_019e1e35-af9f-7d66-93b0-478d1c079799/random_walk,episode_019e1e35-af9f-7d66-93b0-478d1c079799,test,50,parked,random_walk,False,0.5,DT + S5,0.7672568181847276,0.4502469361783752,True
b050_parked/episode_019e1e35-af9f-7d66-93b0-478d1c079799/random_walk,episode_019e1e35-af9f-7d66-93b0-478d1c079799,test,50,parked,random_walk,False,0.5,Always successful,1.0,0.5,True
b050_parked/episode_019e1e35-af9f-7d66-93b0-478d1c079799/random_walk,episode_019e1e35-af9f-7d66-93b0-478d1c079799,test,50,parked,random_walk,False,0.5,Robometer progress,0.5858336091041565,,
b050_parked/episode_019e1e35-af9f-7d66-93b0-478d1c079799/random_walk,episode_019e1e35-af9f-7d66-93b0-478d1c079799,test,50,parked,random_walk,False,0.5,Robometer success,0.23370636999607086,0.5,False
b050_parked/episode_019e2d91-6e08-7f79-a3e4-c843c73a3ef2/replay_control,episode_019e2d91-6e08-7f79-a3e4-c843c73a3ef2,test,50,parked,replay_control,True,1.0,DINOv2,0.9997097253799438,0.8599722981452942,True
b050_parked/episode_019e2d91-6e08-7f79-a3e4-c843c73a3ef2/replay_control,episode_019e2d91-6e08-7f79-a3e4-c843c73a3ef2,test,50,parked,replay_control,True,1.0,DT,-2.3300609588623047,-8.942145824432373,True
b050_parked/episode_019e2d91-6e08-7f79-a3e4-c843c73a3ef2/replay_control,episode_019e2d91-6e08-7f79-a3e4-c843c73a3ef2,test,50,parked,replay_control,True,1.0,Elapsed time,35.03333333333333,34.43333333333334,True
b050_parked/episode_019e2d91-6e08-7f79-a3e4-c843c73a3ef2/replay_control,episode_019e2d91-6e08-7f79-a3e4-c843c73a3ef2,test,50,parked,replay_control,True,1.0,S1,-0.2618284225463867,-3.272519528865814,True
b050_parked/episode_019e2d91-6e08-7f79-a3e4-c843c73a3ef2/replay_control,episode_019e2d91-6e08-7f79-a3e4-c843c73a3ef2,test,50,parked,replay_control,True,1.0,S3,-0.21309542655944824,-3.2162272334098816,True
b050_parked/episode_019e2d91-6e08-7f79-a3e4-c843c73a3ef2/replay_control,episode_019e2d91-6e08-7f79-a3e4-c843c73a3ef2,test,50,parked,replay_control,True,1.0,S5,-0.22012697160243988,-3.123962104320526,True
b050_parked/episode_019e2d91-6e08-7f79-a3e4-c843c73a3ef2/replay_control,episode_019e2d91-6e08-7f79-a3e4-c843c73a3ef2,test,50,parked,replay_control,True,1.0,DT + S1,0.8563102648046236,0.448230025164487,True
b050_parked/episode_019e2d91-6e08-7f79-a3e4-c843c73a3ef2/replay_control,episode_019e2d91-6e08-7f79-a3e4-c843c73a3ef2,test,50,parked,replay_control,True,1.0,DT + S3,0.8544139743160187,0.4499065998983014,True
b050_parked/episode_019e2d91-6e08-7f79-a3e4-c843c73a3ef2/replay_control,episode_019e2d91-6e08-7f79-a3e4-c843c73a3ef2,test,50,parked,replay_control,True,1.0,DT + S5,0.8485405545371004,0.4502469361783752,True
b050_parked/episode_019e2d91-6e08-7f79-a3e4-c843c73a3ef2/replay_control,episode_019e2d91-6e08-7f79-a3e4-c843c73a3ef2,test,50,parked,replay_control,True,1.0,Always successful,1.0,0.5,True
b050_parked/episode_019e2d91-6e08-7f79-a3e4-c843c73a3ef2/replay_control,episode_019e2d91-6e08-7f79-a3e4-c843c73a3ef2,test,50,parked,replay_control,True,1.0,Robometer progress,0.5283307433128357,,
b050_parked/episode_019e2d91-6e08-7f79-a3e4-c843c73a3ef2/replay_control,episode_019e2d91-6e08-7f79-a3e4-c843c73a3ef2,test,50,parked,replay_control,True,1.0,Robometer success,0.10230471193790436,0.5,False
b050_parked/episode_019e2d91-6e08-7f79-a3e4-c843c73a3ef2/hold,episode_019e2d91-6e08-7f79-a3e4-c843c73a3ef2,test,50,parked,hold,False,0.5,DINOv2,0.9479659795761108,0.8599722981452942,True
b050_parked/episode_019e2d91-6e08-7f79-a3e4-c843c73a3ef2/hold,episode_019e2d91-6e08-7f79-a3e4-c843c73a3ef2,test,50,parked,hold,False,0.5,DT,-3.426931142807007,-8.942145824432373,True
b050_parked/episode_019e2d91-6e08-7f79-a3e4-c843c73a3ef2/hold,episode_019e2d91-6e08-7f79-a3e4-c843c73a3ef2,test,50,parked,hold,False,0.5,Elapsed time,35.03333333333333,34.43333333333334,True
b050_parked/episode_019e2d91-6e08-7f79-a3e4-c843c73a3ef2/hold,episode_019e2d91-6e08-7f79-a3e4-c843c73a3ef2,test,50,parked,hold,False,0.5,S1,-0.8145560026168823,-3.272519528865814,True
b050_parked/episode_019e2d91-6e08-7f79-a3e4-c843c73a3ef2/hold,episode_019e2d91-6e08-7f79-a3e4-c843c73a3ef2,test,50,parked,hold,False,0.5,S3,-0.775088906288147,-3.2162272334098816,True
b050_parked/episode_019e2d91-6e08-7f79-a3e4-c843c73a3ef2/hold,episode_019e2d91-6e08-7f79-a3e4-c843c73a3ef2,test,50,parked,hold,False,0.5,S5,-0.7834795713424683,-3.123962104320526,True
b050_parked/episode_019e2d91-6e08-7f79-a3e4-c843c73a3ef2/hold,episode_019e2d91-6e08-7f79-a3e4-c843c73a3ef2,test,50,parked,hold,False,0.5,DT + S1,0.8066428565840199,0.448230025164487,True
b050_parked/episode_019e2d91-6e08-7f79-a3e4-c843c73a3ef2/hold,episode_019e2d91-6e08-7f79-a3e4-c843c73a3ef2,test,50,parked,hold,False,0.5,DT + S3,0.8041840172683418,0.4499065998983014,True
b050_parked/episode_019e2d91-6e08-7f79-a3e4-c843c73a3ef2/hold,episode_019e2d91-6e08-7f79-a3e4-c843c73a3ef2,test,50,parked,hold,False,0.5,DT + S5,0.7968468542597359,0.4502469361783752,True
b050_parked/episode_019e2d91-6e08-7f79-a3e4-c843c73a3ef2/hold,episode_019e2d91-6e08-7f79-a3e4-c843c73a3ef2,test,50,parked,hold,False,0.5,Always successful,1.0,0.5,True
b050_parked/episode_019e2d91-6e08-7f79-a3e4-c843c73a3ef2/hold,episode_019e2d91-6e08-7f79-a3e4-c843c73a3ef2,test,50,parked,hold,False,0.5,Robometer progress,0.2791895270347595,,
b050_parked/episode_019e2d91-6e08-7f79-a3e4-c843c73a3ef2/hold,episode_019e2d91-6e08-7f79-a3e4-c843c73a3ef2,test,50,parked,hold,False,0.5,Robometer success,0.030675802379846573,0.5,False
b050_parked/episode_019e2d91-6e08-7f79-a3e4-c843c73a3ef2/random_walk,episode_019e2d91-6e08-7f79-a3e4-c843c73a3ef2,test,50,parked,random_walk,False,0.5,DINOv2,0.9321349859237671,0.8599722981452942,True
b050_parked/episode_019e2d91-6e08-7f79-a3e4-c843c73a3ef2/random_walk,episode_019e2d91-6e08-7f79-a3e4-c843c73a3ef2,test,50,parked,random_walk,False,0.5,DT,-3.6233041286468506,-8.942145824432373,True
b050_parked/episode_019e2d91-6e08-7f79-a3e4-c843c73a3ef2/random_walk,episode_019e2d91-6e08-7f79-a3e4-c843c73a3ef2,test,50,parked,random_walk,False,0.5,Elapsed time,35.03333333333333,34.43333333333334,True
b050_parked/episode_019e2d91-6e08-7f79-a3e4-c843c73a3ef2/random_walk,episode_019e2d91-6e08-7f79-a3e4-c843c73a3ef2,test,50,parked,random_walk,False,0.5,S1,-0.7987179756164551,-3.272519528865814,True
b050_parked/episode_019e2d91-6e08-7f79-a3e4-c843c73a3ef2/random_walk,episode_019e2d91-6e08-7f79-a3e4-c843c73a3ef2,test,50,parked,random_walk,False,0.5,S3,-0.7729157209396362,-3.2162272334098816,True
b050_parked/episode_019e2d91-6e08-7f79-a3e4-c843c73a3ef2/random_walk,episode_019e2d91-6e08-7f79-a3e4-c843c73a3ef2,test,50,parked,random_walk,False,0.5,S5,-0.8013280630111694,-3.123962104320526,True
b050_parked/episode_019e2d91-6e08-7f79-a3e4-c843c73a3ef2/random_walk,episode_019e2d91-6e08-7f79-a3e4-c843c73a3ef2,test,50,parked,random_walk,False,0.5,DT + S1,0.804310790326934,0.448230025164487,True
b050_parked/episode_019e2d91-6e08-7f79-a3e4-c843c73a3ef2/random_walk,episode_019e2d91-6e08-7f79-a3e4-c843c73a3ef2,test,50,parked,random_walk,False,0.5,DT + S3,0.8009090779111765,0.4499065998983014,True
b050_parked/episode_019e2d91-6e08-7f79-a3e4-c843c73a3ef2/random_walk,episode_019e2d91-6e08-7f79-a3e4-c843c73a3ef2,test,50,parked,random_walk,False,0.5,DT + S5,0.7921041925160266,0.4502469361783752,True
b050_parked/episode_019e2d91-6e08-7f79-a3e4-c843c73a3ef2/random_walk,episode_019e2d91-6e08-7f79-a3e4-c843c73a3ef2,test,50,parked,random_walk,False,0.5,Always successful,1.0,0.5,True
b050_parked/episode_019e2d91-6e08-7f79-a3e4-c843c73a3ef2/random_walk,episode_019e2d91-6e08-7f79-a3e4-c843c73a3ef2,test,50,parked,random_walk,False,0.5,Robometer progress,0.1970171481370926,,
b050_parked/episode_019e2d91-6e08-7f79-a3e4-c843c73a3ef2/random_walk,episode_019e2d91-6e08-7f79-a3e4-c843c73a3ef2,test,50,parked,random_walk,False,0.5,Robometer success,0.020332353189587593,0.5,False
b050_parked/episode_019e3c25-a92e-7824-a264-f1da48b9bd3d/replay_control,episode_019e3c25-a92e-7824-a264-f1da48b9bd3d,test,50,parked,replay_control,True,1.0,DINOv2,0.9996473789215088,0.8599722981452942,True
b050_parked/episode_019e3c25-a92e-7824-a264-f1da48b9bd3d/replay_control,episode_019e3c25-a92e-7824-a264-f1da48b9bd3d,test,50,parked,replay_control,True,1.0,DT,-1.936211109161377,-8.942145824432373,True
b050_parked/episode_019e3c25-a92e-7824-a264-f1da48b9bd3d/replay_control,episode_019e3c25-a92e-7824-a264-f1da48b9bd3d,test,50,parked,replay_control,True,1.0,Elapsed time,39.56666666666667,34.43333333333334,True
b050_parked/episode_019e3c25-a92e-7824-a264-f1da48b9bd3d/replay_control,episode_019e3c25-a92e-7824-a264-f1da48b9bd3d,test,50,parked,replay_control,True,1.0,S1,-0.38912153244018555,-3.272519528865814,True
b050_parked/episode_019e3c25-a92e-7824-a264-f1da48b9bd3d/replay_control,episode_019e3c25-a92e-7824-a264-f1da48b9bd3d,test,50,parked,replay_control,True,1.0,S3,-0.31381702423095703,-3.2162272334098816,True
b050_parked/episode_019e3c25-a92e-7824-a264-f1da48b9bd3d/replay_control,episode_019e3c25-a92e-7824-a264-f1da48b9bd3d,test,50,parked,replay_control,True,1.0,S5,-0.3237743675708771,-3.123962104320526,True
b050_parked/episode_019e3c25-a92e-7824-a264-f1da48b9bd3d/replay_control,episode_019e3c25-a92e-7824-a264-f1da48b9bd3d,test,50,parked,replay_control,True,1.0,DT + S1,0.8549644750698473,0.448230025164487,True
b050_parked/episode_019e3c25-a92e-7824-a264-f1da48b9bd3d/replay_control,episode_019e3c25-a92e-7824-a264-f1da48b9bd3d,test,50,parked,replay_control,True,1.0,DT + S3,0.854526731163191,0.4499065998983014,True
b050_parked/episode_019e3c25-a92e-7824-a264-f1da48b9bd3d/replay_control,episode_019e3c25-a92e-7824-a264-f1da48b9bd3d,test,50,parked,replay_control,True,1.0,DT + S5,0.8485192718900131,0.4502469361783752,True
b050_parked/episode_019e3c25-a92e-7824-a264-f1da48b9bd3d/replay_control,episode_019e3c25-a92e-7824-a264-f1da48b9bd3d,test,50,parked,replay_control,True,1.0,Always successful,1.0,0.5,True
b050_parked/episode_019e3c25-a92e-7824-a264-f1da48b9bd3d/replay_control,episode_019e3c25-a92e-7824-a264-f1da48b9bd3d,test,50,parked,replay_control,True,1.0,Robometer progress,0.741769552230835,,
b050_parked/episode_019e3c25-a92e-7824-a264-f1da48b9bd3d/replay_control,episode_019e3c25-a92e-7824-a264-f1da48b9bd3d,test,50,parked,replay_control,True,1.0,Robometer success,0.23651622235774994,0.5,False
b050_parked/episode_019e3c25-a92e-7824-a264-f1da48b9bd3d/hold,episode_019e3c25-a92e-7824-a264-f1da48b9bd3d,test,50,parked,hold,False,0.5,DINOv2,0.9574679136276245,0.8599722981452942,True
b050_parked/episode_019e3c25-a92e-7824-a264-f1da48b9bd3d/hold,episode_019e3c25-a92e-7824-a264-f1da48b9bd3d,test,50,parked,hold,False,0.5,DT,-3.3930602073669434,-8.942145824432373,True
b050_parked/episode_019e3c25-a92e-7824-a264-f1da48b9bd3d/hold,episode_019e3c25-a92e-7824-a264-f1da48b9bd3d,test,50,parked,hold,False,0.5,Elapsed time,39.56666666666667,34.43333333333334,True
b050_parked/episode_019e3c25-a92e-7824-a264-f1da48b9bd3d/hold,episode_019e3c25-a92e-7824-a264-f1da48b9bd3d,test,50,parked,hold,False,0.5,S1,-0.8013814091682434,-3.272519528865814,True
b050_parked/episode_019e3c25-a92e-7824-a264-f1da48b9bd3d/hold,episode_019e3c25-a92e-7824-a264-f1da48b9bd3d,test,50,parked,hold,False,0.5,S3,-0.7118875980377197,-3.2162272334098816,True
b050_parked/episode_019e3c25-a92e-7824-a264-f1da48b9bd3d/hold,episode_019e3c25-a92e-7824-a264-f1da48b9bd3d,test,50,parked,hold,False,0.5,S5,-0.7170355319976807,-3.123962104320526,True
b050_parked/episode_019e3c25-a92e-7824-a264-f1da48b9bd3d/hold,episode_019e3c25-a92e-7824-a264-f1da48b9bd3d,test,50,parked,hold,False,0.5,DT + S1,0.8080973103097497,0.448230025164487,True
b050_parked/episode_019e3c25-a92e-7824-a264-f1da48b9bd3d/hold,episode_019e3c25-a92e-7824-a264-f1da48b9bd3d,test,50,parked,hold,False,0.5,DT + S3,0.8089135612296208,0.4499065998983014,True
b050_parked/episode_019e3c25-a92e-7824-a264-f1da48b9bd3d/hold,episode_019e3c25-a92e-7824-a264-f1da48b9bd3d,test,50,parked,hold,False,0.5,DT + S5,0.8019076413969797,0.4502469361783752,True
b050_parked/episode_019e3c25-a92e-7824-a264-f1da48b9bd3d/hold,episode_019e3c25-a92e-7824-a264-f1da48b9bd3d,test,50,parked,hold,False,0.5,Always successful,1.0,0.5,True
b050_parked/episode_019e3c25-a92e-7824-a264-f1da48b9bd3d/hold,episode_019e3c25-a92e-7824-a264-f1da48b9bd3d,test,50,parked,hold,False,0.5,Robometer progress,0.2703036665916443,,
b050_parked/episode_019e3c25-a92e-7824-a264-f1da48b9bd3d/hold,episode_019e3c25-a92e-7824-a264-f1da48b9bd3d,test,50,parked,hold,False,0.5,Robometer success,0.00628990214318037,0.5,False
b050_parked/episode_019e3c25-a92e-7824-a264-f1da48b9bd3d/random_walk,episode_019e3c25-a92e-7824-a264-f1da48b9bd3d,test,50,parked,random_walk,False,0.5,DINOv2,0.9633215665817261,0.8599722981452942,True
b050_parked/episode_019e3c25-a92e-7824-a264-f1da48b9bd3d/random_walk,episode_019e3c25-a92e-7824-a264-f1da48b9bd3d,test,50,parked,random_walk,False,0.5,DT,-2.791909694671631,-8.942145824432373,True
b050_parked/episode_019e3c25-a92e-7824-a264-f1da48b9bd3d/random_walk,episode_019e3c25-a92e-7824-a264-f1da48b9bd3d,test,50,parked,random_walk,False,0.5,Elapsed time,39.56666666666667,34.43333333333334,True
b050_parked/episode_019e3c25-a92e-7824-a264-f1da48b9bd3d/random_walk,episode_019e3c25-a92e-7824-a264-f1da48b9bd3d,test,50,parked,random_walk,False,0.5,S1,-0.6184319257736206,-3.272519528865814,True
b050_parked/episode_019e3c25-a92e-7824-a264-f1da48b9bd3d/random_walk,episode_019e3c25-a92e-7824-a264-f1da48b9bd3d,test,50,parked,random_walk,False,0.5,S3,-0.5841030478477478,-3.2162272334098816,True
b050_parked/episode_019e3c25-a92e-7824-a264-f1da48b9bd3d/random_walk,episode_019e3c25-a92e-7824-a264-f1da48b9bd3d,test,50,parked,random_walk,False,0.5,S5,-0.6207518577575684,-3.123962104320526,True
b050_parked/episode_019e3c25-a92e-7824-a264-f1da48b9bd3d/random_walk,episode_019e3c25-a92e-7824-a264-f1da48b9bd3d,test,50,parked,random_walk,False,0.5,DT + S1,0.8294840388193871,0.448230025164487,True
b050_parked/episode_019e3c25-a92e-7824-a264-f1da48b9bd3d/random_walk,episode_019e3c25-a92e-7824-a264-f1da48b9bd3d,test,50,parked,random_walk,False,0.5,DT + S3,0.8267541608800326,0.4499065998983014,True
b050_parked/episode_019e3c25-a92e-7824-a264-f1da48b9bd3d/random_walk,episode_019e3c25-a92e-7824-a264-f1da48b9bd3d,test,50,parked,random_walk,False,0.5,DT + S5,0.8182635100171045,0.4502469361783752,True
b050_parked/episode_019e3c25-a92e-7824-a264-f1da48b9bd3d/random_walk,episode_019e3c25-a92e-7824-a264-f1da48b9bd3d,test,50,parked,random_walk,False,0.5,Always successful,1.0,0.5,True
b050_parked/episode_019e3c25-a92e-7824-a264-f1da48b9bd3d/random_walk,episode_019e3c25-a92e-7824-a264-f1da48b9bd3d,test,50,parked,random_walk,False,0.5,Robometer progress,0.2932782769203186,,
b050_parked/episode_019e3c25-a92e-7824-a264-f1da48b9bd3d/random_walk,episode_019e3c25-a92e-7824-a264-f1da48b9bd3d,test,50,parked,random_walk,False,0.5,Robometer success,0.013222821988165379,0.5,False
b050_parked/episode_019e2261-5abe-7ece-910d-8988dd12106a/replay_control,episode_019e2261-5abe-7ece-910d-8988dd12106a,test,50,parked,replay_control,True,1.0,DINOv2,0.9992293119430542,0.8599722981452942,True
b050_parked/episode_019e2261-5abe-7ece-910d-8988dd12106a/replay_control,episode_019e2261-5abe-7ece-910d-8988dd12106a,test,50,parked,replay_control,True,1.0,DT,-2.331651449203491,-8.942145824432373,True
b050_parked/episode_019e2261-5abe-7ece-910d-8988dd12106a/replay_control,episode_019e2261-5abe-7ece-910d-8988dd12106a,test,50,parked,replay_control,True,1.0,Elapsed time,33.8,34.43333333333334,False
b050_parked/episode_019e2261-5abe-7ece-910d-8988dd12106a/replay_control,episode_019e2261-5abe-7ece-910d-8988dd12106a,test,50,parked,replay_control,True,1.0,S1,-0.5304186344146729,-3.272519528865814,True
b050_parked/episode_019e2261-5abe-7ece-910d-8988dd12106a/replay_control,episode_019e2261-5abe-7ece-910d-8988dd12106a,test,50,parked,replay_control,True,1.0,S3,-0.48838746547698975,-3.2162272334098816,True
b050_parked/episode_019e2261-5abe-7ece-910d-8988dd12106a/replay_control,episode_019e2261-5abe-7ece-910d-8988dd12106a,test,50,parked,replay_control,True,1.0,S5,-0.49440711736679077,-3.123962104320526,True
b050_parked/episode_019e2261-5abe-7ece-910d-8988dd12106a/replay_control,episode_019e2261-5abe-7ece-910d-8988dd12106a,test,50,parked,replay_control,True,1.0,DT + S1,0.8416072153030474,0.448230025164487,True
b050_parked/episode_019e2261-5abe-7ece-910d-8988dd12106a/replay_control,episode_019e2261-5abe-7ece-910d-8988dd12106a,test,50,parked,replay_control,True,1.0,DT + S3,0.839383588880821,0.4499065998983014,True
b050_parked/episode_019e2261-5abe-7ece-910d-8988dd12106a/replay_control,episode_019e2261-5abe-7ece-910d-8988dd12106a,test,50,parked,replay_control,True,1.0,DT + S5,0.8331491938712619,0.4502469361783752,True
b050_parked/episode_019e2261-5abe-7ece-910d-8988dd12106a/replay_control,episode_019e2261-5abe-7ece-910d-8988dd12106a,test,50,parked,replay_control,True,1.0,Always successful,1.0,0.5,True
b050_parked/episode_019e2261-5abe-7ece-910d-8988dd12106a/replay_control,episode_019e2261-5abe-7ece-910d-8988dd12106a,test,50,parked,replay_control,True,1.0,Robometer progress,0.2733208239078522,,
b050_parked/episode_019e2261-5abe-7ece-910d-8988dd12106a/replay_control,episode_019e2261-5abe-7ece-910d-8988dd12106a,test,50,parked,replay_control,True,1.0,Robometer success,0.03514484688639641,0.5,False
b050_parked/episode_019e2261-5abe-7ece-910d-8988dd12106a/hold,episode_019e2261-5abe-7ece-910d-8988dd12106a,test,50,parked,hold,False,0.5,DINOv2,0.9663688540458679,0.8599722981452942,True
b050_parked/episode_019e2261-5abe-7ece-910d-8988dd12106a/hold,episode_019e2261-5abe-7ece-910d-8988dd12106a,test,50,parked,hold,False,0.5,DT,-3.0429909229278564,-8.942145824432373,True
b050_parked/episode_019e2261-5abe-7ece-910d-8988dd12106a/hold,episode_019e2261-5abe-7ece-910d-8988dd12106a,test,50,parked,hold,False,0.5,Elapsed time,33.8,34.43333333333334,False
b050_parked/episode_019e2261-5abe-7ece-910d-8988dd12106a/hold,episode_019e2261-5abe-7ece-910d-8988dd12106a,test,50,parked,hold,False,0.5,S1,-0.9629893898963928,-3.272519528865814,True
b050_parked/episode_019e2261-5abe-7ece-910d-8988dd12106a/hold,episode_019e2261-5abe-7ece-910d-8988dd12106a,test,50,parked,hold,False,0.5,S3,-0.8695240020751953,-3.2162272334098816,True
b050_parked/episode_019e2261-5abe-7ece-910d-8988dd12106a/hold,episode_019e2261-5abe-7ece-910d-8988dd12106a,test,50,parked,hold,False,0.5,S5,-0.8882813453674316,-3.123962104320526,True
b050_parked/episode_019e2261-5abe-7ece-910d-8988dd12106a/hold,episode_019e2261-5abe-7ece-910d-8988dd12106a,test,50,parked,hold,False,0.5,DT + S1,0.8033456688781533,0.448230025164487,True
b050_parked/episode_019e2261-5abe-7ece-910d-8988dd12106a/hold,episode_019e2261-5abe-7ece-910d-8988dd12106a,test,50,parked,hold,False,0.5,DT + S3,0.8045715260742217,0.4499065998983014,True
b050_parked/episode_019e2261-5abe-7ece-910d-8988dd12106a/hold,episode_019e2261-5abe-7ece-910d-8988dd12106a,test,50,parked,hold,False,0.5,DT + S5,0.7965654142517522,0.4502469361783752,True
b050_parked/episode_019e2261-5abe-7ece-910d-8988dd12106a/hold,episode_019e2261-5abe-7ece-910d-8988dd12106a,test,50,parked,hold,False,0.5,Always successful,1.0,0.5,True
b050_parked/episode_019e2261-5abe-7ece-910d-8988dd12106a/hold,episode_019e2261-5abe-7ece-910d-8988dd12106a,test,50,parked,hold,False,0.5,Robometer progress,0.17292840778827667,,
b050_parked/episode_019e2261-5abe-7ece-910d-8988dd12106a/hold,episode_019e2261-5abe-7ece-910d-8988dd12106a,test,50,parked,hold,False,0.5,Robometer success,0.01640303246676922,0.5,False
b050_parked/episode_019e2261-5abe-7ece-910d-8988dd12106a/random_walk,episode_019e2261-5abe-7ece-910d-8988dd12106a,test,50,parked,random_walk,False,0.5,DINOv2,0.9750959873199463,0.8599722981452942,True
b050_parked/episode_019e2261-5abe-7ece-910d-8988dd12106a/random_walk,episode_019e2261-5abe-7ece-910d-8988dd12106a,test,50,parked,random_walk,False,0.5,DT,-4.48227071762085,-8.942145824432373,True
b050_parked/episode_019e2261-5abe-7ece-910d-8988dd12106a/random_walk,episode_019e2261-5abe-7ece-910d-8988dd12106a,test,50,parked,random_walk,False,0.5,Elapsed time,33.8,34.43333333333334,False
b050_parked/episode_019e2261-5abe-7ece-910d-8988dd12106a/random_walk,episode_019e2261-5abe-7ece-910d-8988dd12106a,test,50,parked,random_walk,False,0.5,S1,-1.386753797531128,-3.272519528865814,True
b050_parked/episode_019e2261-5abe-7ece-910d-8988dd12106a/random_walk,episode_019e2261-5abe-7ece-910d-8988dd12106a,test,50,parked,random_walk,False,0.5,S3,-1.3664494752883911,-3.2162272334098816,True
b050_parked/episode_019e2261-5abe-7ece-910d-8988dd12106a/random_walk,episode_019e2261-5abe-7ece-910d-8988dd12106a,test,50,parked,random_walk,False,0.5,S5,-1.3577409982681274,-3.123962104320526,True
b050_parked/episode_019e2261-5abe-7ece-910d-8988dd12106a/random_walk,episode_019e2261-5abe-7ece-910d-8988dd12106a,test,50,parked,random_walk,False,0.5,DT + S1,0.7442124476010746,0.448230025164487,True
b050_parked/episode_019e2261-5abe-7ece-910d-8988dd12106a/random_walk,episode_019e2261-5abe-7ece-910d-8988dd12106a,test,50,parked,random_walk,False,0.5,DT + S3,0.740364764452564,0.4499065998983014,True
b050_parked/episode_019e2261-5abe-7ece-910d-8988dd12106a/random_walk,episode_019e2261-5abe-7ece-910d-8988dd12106a,test,50,parked,random_walk,False,0.5,DT + S5,0.7330585009214302,0.4502469361783752,True
b050_parked/episode_019e2261-5abe-7ece-910d-8988dd12106a/random_walk,episode_019e2261-5abe-7ece-910d-8988dd12106a,test,50,parked,random_walk,False,0.5,Always successful,1.0,0.5,True
b050_parked/episode_019e2261-5abe-7ece-910d-8988dd12106a/random_walk,episode_019e2261-5abe-7ece-910d-8988dd12106a,test,50,parked,random_walk,False,0.5,Robometer progress,0.13822145760059357,,
b050_parked/episode_019e2261-5abe-7ece-910d-8988dd12106a/random_walk,episode_019e2261-5abe-7ece-910d-8988dd12106a,test,50,parked,random_walk,False,0.5,Robometer success,0.005060331895947456,0.5,False
b070_original/episode_019e298a-84a1-7557-ae97-93326347b45c/replay_control,episode_019e298a-84a1-7557-ae97-93326347b45c,dev,70,original,replay_control,True,1.0,DINOv2,0.9956645965576172,0.8599722981452942,True
b070_original/episode_019e298a-84a1-7557-ae97-93326347b45c/replay_control,episode_019e298a-84a1-7557-ae97-93326347b45c,dev,70,original,replay_control,True,1.0,DT,-2.1100077629089355,-8.942145824432373,True
b070_original/episode_019e298a-84a1-7557-ae97-93326347b45c/replay_control,episode_019e298a-84a1-7557-ae97-93326347b45c,dev,70,original,replay_control,True,1.0,Elapsed time,34.43333333333333,34.43333333333334,False
b070_original/episode_019e298a-84a1-7557-ae97-93326347b45c/replay_control,episode_019e298a-84a1-7557-ae97-93326347b45c,dev,70,original,replay_control,True,1.0,S1,-1.0625237226486206,-3.272519528865814,True
b070_original/episode_019e298a-84a1-7557-ae97-93326347b45c/replay_control,episode_019e298a-84a1-7557-ae97-93326347b45c,dev,70,original,replay_control,True,1.0,S3,-0.9311920404434204,-3.2162272334098816,True
b070_original/episode_019e298a-84a1-7557-ae97-93326347b45c/replay_control,episode_019e298a-84a1-7557-ae97-93326347b45c,dev,70,original,replay_control,True,1.0,S5,-0.8765715956687927,-3.123962104320526,True
b070_original/episode_019e298a-84a1-7557-ae97-93326347b45c/replay_control,episode_019e298a-84a1-7557-ae97-93326347b45c,dev,70,original,replay_control,True,1.0,DT + S1,0.8127065469316165,0.448230025164487,True
b070_original/episode_019e298a-84a1-7557-ae97-93326347b45c/replay_control,episode_019e298a-84a1-7557-ae97-93326347b45c,dev,70,original,replay_control,True,1.0,DT + S3,0.8163338743500631,0.4499065998983014,True
b070_original/episode_019e298a-84a1-7557-ae97-93326347b45c/replay_control,episode_019e298a-84a1-7557-ae97-93326347b45c,dev,70,original,replay_control,True,1.0,DT + S5,0.8134135678419793,0.4502469361783752,True
b070_original/episode_019e298a-84a1-7557-ae97-93326347b45c/replay_control,episode_019e298a-84a1-7557-ae97-93326347b45c,dev,70,original,replay_control,True,1.0,Always successful,1.0,0.5,True
b070_original/episode_019e298a-84a1-7557-ae97-93326347b45c/replay_control,episode_019e298a-84a1-7557-ae97-93326347b45c,dev,70,original,replay_control,True,1.0,Robometer progress,0.07959559559822083,,
b070_original/episode_019e298a-84a1-7557-ae97-93326347b45c/replay_control,episode_019e298a-84a1-7557-ae97-93326347b45c,dev,70,original,replay_control,True,1.0,Robometer success,0.04084571450948715,0.5,False
b070_original/episode_019e298a-84a1-7557-ae97-93326347b45c/hold,episode_019e298a-84a1-7557-ae97-93326347b45c,dev,70,original,hold,False,0.5,DINOv2,0.5453840494155884,0.8599722981452942,False
b070_original/episode_019e298a-84a1-7557-ae97-93326347b45c/hold,episode_019e298a-84a1-7557-ae97-93326347b45c,dev,70,original,hold,False,0.5,DT,-9.431037902832031,-8.942145824432373,False
b070_original/episode_019e298a-84a1-7557-ae97-93326347b45c/hold,episode_019e298a-84a1-7557-ae97-93326347b45c,dev,70,original,hold,False,0.5,Elapsed time,34.43333333333333,34.43333333333334,False
b070_original/episode_019e298a-84a1-7557-ae97-93326347b45c/hold,episode_019e298a-84a1-7557-ae97-93326347b45c,dev,70,original,hold,False,0.5,S1,-6.375226974487305,-3.272519528865814,False
b070_original/episode_019e298a-84a1-7557-ae97-93326347b45c/hold,episode_019e298a-84a1-7557-ae97-93326347b45c,dev,70,original,hold,False,0.5,S3,-6.405599594116211,-3.2162272334098816,False
b070_original/episode_019e298a-84a1-7557-ae97-93326347b45c/hold,episode_019e298a-84a1-7557-ae97-93326347b45c,dev,70,original,hold,False,0.5,S5,-6.289241313934326,-3.123962104320526,False
b070_original/episode_019e298a-84a1-7557-ae97-93326347b45c/hold,episode_019e298a-84a1-7557-ae97-93326347b45c,dev,70,original,hold,False,0.5,DT + S1,0.16726111310419914,0.448230025164487,False
b070_original/episode_019e298a-84a1-7557-ae97-93326347b45c/hold,episode_019e298a-84a1-7557-ae97-93326347b45c,dev,70,original,hold,False,0.5,DT + S3,0.16573657596771746,0.4499065998983014,False
b070_original/episode_019e298a-84a1-7557-ae97-93326347b45c/hold,episode_019e298a-84a1-7557-ae97-93326347b45c,dev,70,original,hold,False,0.5,DT + S5,0.1680574255408748,0.4502469361783752,False
b070_original/episode_019e298a-84a1-7557-ae97-93326347b45c/hold,episode_019e298a-84a1-7557-ae97-93326347b45c,dev,70,original,hold,False,0.5,Always successful,1.0,0.5,True
b070_original/episode_019e298a-84a1-7557-ae97-93326347b45c/hold,episode_019e298a-84a1-7557-ae97-93326347b45c,dev,70,original,hold,False,0.5,Robometer progress,0.14160306751728058,,
b070_original/episode_019e298a-84a1-7557-ae97-93326347b45c/hold,episode_019e298a-84a1-7557-ae97-93326347b45c,dev,70,original,hold,False,0.5,Robometer success,0.037892427295446396,0.5,False
b070_original/episode_019e298a-84a1-7557-ae97-93326347b45c/random_walk,episode_019e298a-84a1-7557-ae97-93326347b45c,dev,70,original,random_walk,True,1.0,DINOv2,0.7245213985443115,0.8599722981452942,False
b070_original/episode_019e298a-84a1-7557-ae97-93326347b45c/random_walk,episode_019e298a-84a1-7557-ae97-93326347b45c,dev,70,original,random_walk,True,1.0,DT,-9.290891647338867,-8.942145824432373,False
b070_original/episode_019e298a-84a1-7557-ae97-93326347b45c/random_walk,episode_019e298a-84a1-7557-ae97-93326347b45c,dev,70,original,random_walk,True,1.0,Elapsed time,34.43333333333333,34.43333333333334,False
b070_original/episode_019e298a-84a1-7557-ae97-93326347b45c/random_walk,episode_019e298a-84a1-7557-ae97-93326347b45c,dev,70,original,random_walk,True,1.0,S1,-5.835447311401367,-3.272519528865814,False
b070_original/episode_019e298a-84a1-7557-ae97-93326347b45c/random_walk,episode_019e298a-84a1-7557-ae97-93326347b45c,dev,70,original,random_walk,True,1.0,S3,-5.403503894805908,-3.2162272334098816,False
b070_original/episode_019e298a-84a1-7557-ae97-93326347b45c/random_walk,episode_019e298a-84a1-7557-ae97-93326347b45c,dev,70,original,random_walk,True,1.0,S5,-5.318638324737549,-3.123962104320526,False
b070_original/episode_019e298a-84a1-7557-ae97-93326347b45c/random_walk,episode_019e298a-84a1-7557-ae97-93326347b45c,dev,70,original,random_walk,True,1.0,DT + S1,0.20432477554027878,0.448230025164487,False
b070_original/episode_019e298a-84a1-7557-ae97-93326347b45c/random_walk,episode_019e298a-84a1-7557-ae97-93326347b45c,dev,70,original,random_walk,True,1.0,DT + S3,0.23520855078454217,0.4499065998983014,False
b070_original/episode_019e298a-84a1-7557-ae97-93326347b45c/random_walk,episode_019e298a-84a1-7557-ae97-93326347b45c,dev,70,original,random_walk,True,1.0,DT + S5,0.23551636622046693,0.4502469361783752,False
b070_original/episode_019e298a-84a1-7557-ae97-93326347b45c/random_walk,episode_019e298a-84a1-7557-ae97-93326347b45c,dev,70,original,random_walk,True,1.0,Always successful,1.0,0.5,True
b070_original/episode_019e298a-84a1-7557-ae97-93326347b45c/random_walk,episode_019e298a-84a1-7557-ae97-93326347b45c,dev,70,original,random_walk,True,1.0,Robometer progress,0.12757214903831482,,
b070_original/episode_019e298a-84a1-7557-ae97-93326347b45c/random_walk,episode_019e298a-84a1-7557-ae97-93326347b45c,dev,70,original,random_walk,True,1.0,Robometer success,0.05749328061938286,0.5,False
b070_original/episode_019e3c90-fb67-765e-8e8e-12c56ddda3ba/replay_control,episode_019e3c90-fb67-765e-8e8e-12c56ddda3ba,dev,70,original,replay_control,True,1.0,DINOv2,0.9982461333274841,0.8599722981452942,True
b070_original/episode_019e3c90-fb67-765e-8e8e-12c56ddda3ba/replay_control,episode_019e3c90-fb67-765e-8e8e-12c56ddda3ba,dev,70,original,replay_control,True,1.0,DT,-2.0707123279571533,-8.942145824432373,True
b070_original/episode_019e3c90-fb67-765e-8e8e-12c56ddda3ba/replay_control,episode_019e3c90-fb67-765e-8e8e-12c56ddda3ba,dev,70,original,replay_control,True,1.0,Elapsed time,27.266666666666666,34.43333333333334,False
b070_original/episode_019e3c90-fb67-765e-8e8e-12c56ddda3ba/replay_control,episode_019e3c90-fb67-765e-8e8e-12c56ddda3ba,dev,70,original,replay_control,True,1.0,S1,-0.7054096460342407,-3.272519528865814,True
b070_original/episode_019e3c90-fb67-765e-8e8e-12c56ddda3ba/replay_control,episode_019e3c90-fb67-765e-8e8e-12c56ddda3ba,dev,70,original,replay_control,True,1.0,S3,-0.6342483162879944,-3.2162272334098816,True
b070_original/episode_019e3c90-fb67-765e-8e8e-12c56ddda3ba/replay_control,episode_019e3c90-fb67-765e-8e8e-12c56ddda3ba,dev,70,original,replay_control,True,1.0,S5,-0.6086057424545288,-3.123962104320526,True
b070_original/episode_019e3c90-fb67-765e-8e8e-12c56ddda3ba/replay_control,episode_019e3c90-fb67-765e-8e8e-12c56ddda3ba,dev,70,original,replay_control,True,1.0,DT + S1,0.8353939935785776,0.448230025164487,True
b070_original/episode_019e3c90-fb67-765e-8e8e-12c56ddda3ba/replay_control,episode_019e3c90-fb67-765e-8e8e-12c56ddda3ba,dev,70,original,replay_control,True,1.0,DT + S3,0.8349270818190938,0.4499065998983014,True
b070_original/episode_019e3c90-fb67-765e-8e8e-12c56ddda3ba/replay_control,episode_019e3c90-fb67-765e-8e8e-12c56ddda3ba,dev,70,original,replay_control,True,1.0,DT + S5,0.8304652651777297,0.4502469361783752,True
b070_original/episode_019e3c90-fb67-765e-8e8e-12c56ddda3ba/replay_control,episode_019e3c90-fb67-765e-8e8e-12c56ddda3ba,dev,70,original,replay_control,True,1.0,Always successful,1.0,0.5,True
b070_original/episode_019e3c90-fb67-765e-8e8e-12c56ddda3ba/replay_control,episode_019e3c90-fb67-765e-8e8e-12c56ddda3ba,dev,70,original,replay_control,True,1.0,Robometer progress,0.8429391384124756,,
b070_original/episode_019e3c90-fb67-765e-8e8e-12c56ddda3ba/replay_control,episode_019e3c90-fb67-765e-8e8e-12c56ddda3ba,dev,70,original,replay_control,True,1.0,Robometer success,0.5460120439529419,0.5,True
b070_original/episode_019e3c90-fb67-765e-8e8e-12c56ddda3ba/hold,episode_019e3c90-fb67-765e-8e8e-12c56ddda3ba,dev,70,original,hold,False,0.5,DINOv2,0.5160418748855591,0.8599722981452942,False
b070_original/episode_019e3c90-fb67-765e-8e8e-12c56ddda3ba/hold,episode_019e3c90-fb67-765e-8e8e-12c56ddda3ba,dev,70,original,hold,False,0.5,DT,-13.229619026184082,-8.942145824432373,False
b070_original/episode_019e3c90-fb67-765e-8e8e-12c56ddda3ba/hold,episode_019e3c90-fb67-765e-8e8e-12c56ddda3ba,dev,70,original,hold,False,0.5,Elapsed time,27.266666666666666,34.43333333333334,False
b070_original/episode_019e3c90-fb67-765e-8e8e-12c56ddda3ba/hold,episode_019e3c90-fb67-765e-8e8e-12c56ddda3ba,dev,70,original,hold,False,0.5,S1,-5.50932502746582,-3.272519528865814,False
b070_original/episode_019e3c90-fb67-765e-8e8e-12c56ddda3ba/hold,episode_019e3c90-fb67-765e-8e8e-12c56ddda3ba,dev,70,original,hold,False,0.5,S3,-5.487159729003906,-3.2162272334098816,False
b070_original/episode_019e3c90-fb67-765e-8e8e-12c56ddda3ba/hold,episode_019e3c90-fb67-765e-8e8e-12c56ddda3ba,dev,70,original,hold,False,0.5,S5,-5.417165279388428,-3.123962104320526,False
b070_original/episode_019e3c90-fb67-765e-8e8e-12c56ddda3ba/hold,episode_019e3c90-fb67-765e-8e8e-12c56ddda3ba,dev,70,original,hold,False,0.5,DT + S1,0.16051388026754407,0.448230025164487,False
b070_original/episode_019e3c90-fb67-765e-8e8e-12c56ddda3ba/hold,episode_019e3c90-fb67-765e-8e8e-12c56ddda3ba,dev,70,original,hold,False,0.5,DT + S3,0.16148887293322237,0.4499065998983014,False
b070_original/episode_019e3c90-fb67-765e-8e8e-12c56ddda3ba/hold,episode_019e3c90-fb67-765e-8e8e-12c56ddda3ba,dev,70,original,hold,False,0.5,DT + S5,0.1609319519627031,0.4502469361783752,False
b070_original/episode_019e3c90-fb67-765e-8e8e-12c56ddda3ba/hold,episode_019e3c90-fb67-765e-8e8e-12c56ddda3ba,dev,70,original,hold,False,0.5,Always successful,1.0,0.5,True
b070_original/episode_019e3c90-fb67-765e-8e8e-12c56ddda3ba/hold,episode_019e3c90-fb67-765e-8e8e-12c56ddda3ba,dev,70,original,hold,False,0.5,Robometer progress,0.6235674023628235,,
b070_original/episode_019e3c90-fb67-765e-8e8e-12c56ddda3ba/hold,episode_019e3c90-fb67-765e-8e8e-12c56ddda3ba,dev,70,original,hold,False,0.5,Robometer success,0.09009299427270889,0.5,False
b070_original/episode_019e3c90-fb67-765e-8e8e-12c56ddda3ba/random_walk,episode_019e3c90-fb67-765e-8e8e-12c56ddda3ba,dev,70,original,random_walk,False,0.5,DINOv2,0.6310309171676636,0.8599722981452942,False
b070_original/episode_019e3c90-fb67-765e-8e8e-12c56ddda3ba/random_walk,episode_019e3c90-fb67-765e-8e8e-12c56ddda3ba,dev,70,original,random_walk,False,0.5,DT,-15.586088180541992,-8.942145824432373,False
b070_original/episode_019e3c90-fb67-765e-8e8e-12c56ddda3ba/random_walk,episode_019e3c90-fb67-765e-8e8e-12c56ddda3ba,dev,70,original,random_walk,False,0.5,Elapsed time,27.266666666666666,34.43333333333334,False
b070_original/episode_019e3c90-fb67-765e-8e8e-12c56ddda3ba/random_walk,episode_019e3c90-fb67-765e-8e8e-12c56ddda3ba,dev,70,original,random_walk,False,0.5,S1,-5.875321388244629,-3.272519528865814,False
b070_original/episode_019e3c90-fb67-765e-8e8e-12c56ddda3ba/random_walk,episode_019e3c90-fb67-765e-8e8e-12c56ddda3ba,dev,70,original,random_walk,False,0.5,S3,-5.356933116912842,-3.2162272334098816,False
b070_original/episode_019e3c90-fb67-765e-8e8e-12c56ddda3ba/random_walk,episode_019e3c90-fb67-765e-8e8e-12c56ddda3ba,dev,70,original,random_walk,False,0.5,S5,-5.076419830322266,-3.123962104320526,False
b070_original/episode_019e3c90-fb67-765e-8e8e-12c56ddda3ba/random_walk,episode_019e3c90-fb67-765e-8e8e-12c56ddda3ba,dev,70,original,random_walk,False,0.5,DT + S1,0.11202730107566716,0.448230025164487,False
b070_original/episode_019e3c90-fb67-765e-8e8e-12c56ddda3ba/random_walk,episode_019e3c90-fb67-765e-8e8e-12c56ddda3ba,dev,70,original,random_walk,False,0.5,DT + S3,0.13571149114127623,0.4499065998983014,False
b070_original/episode_019e3c90-fb67-765e-8e8e-12c56ddda3ba/random_walk,episode_019e3c90-fb67-765e-8e8e-12c56ddda3ba,dev,70,original,random_walk,False,0.5,DT + S5,0.14586912611045305,0.4502469361783752,False
b070_original/episode_019e3c90-fb67-765e-8e8e-12c56ddda3ba/random_walk,episode_019e3c90-fb67-765e-8e8e-12c56ddda3ba,dev,70,original,random_walk,False,0.5,Always successful,1.0,0.5,True
b070_original/episode_019e3c90-fb67-765e-8e8e-12c56ddda3ba/random_walk,episode_019e3c90-fb67-765e-8e8e-12c56ddda3ba,dev,70,original,random_walk,False,0.5,Robometer progress,0.8277935981750488,,
b070_original/episode_019e3c90-fb67-765e-8e8e-12c56ddda3ba/random_walk,episode_019e3c90-fb67-765e-8e8e-12c56ddda3ba,dev,70,original,random_walk,False,0.5,Robometer success,0.5741560459136963,0.5,True
b070_original/episode_019e1e35-af9f-7d66-93b0-478d1c079799/replay_control,episode_019e1e35-af9f-7d66-93b0-478d1c079799,test,70,original,replay_control,True,1.0,DINOv2,0.9972656965255737,0.8599722981452942,True
b070_original/episode_019e1e35-af9f-7d66-93b0-478d1c079799/replay_control,episode_019e1e35-af9f-7d66-93b0-478d1c079799,test,70,original,replay_control,True,1.0,DT,-2.1742653846740723,-8.942145824432373,True
b070_original/episode_019e1e35-af9f-7d66-93b0-478d1c079799/replay_control,episode_019e1e35-af9f-7d66-93b0-478d1c079799,test,70,original,replay_control,True,1.0,Elapsed time,26.433333333333334,34.43333333333334,False
b070_original/episode_019e1e35-af9f-7d66-93b0-478d1c079799/replay_control,episode_019e1e35-af9f-7d66-93b0-478d1c079799,test,70,original,replay_control,True,1.0,S1,-1.0104718208312988,-3.272519528865814,True
b070_original/episode_019e1e35-af9f-7d66-93b0-478d1c079799/replay_control,episode_019e1e35-af9f-7d66-93b0-478d1c079799,test,70,original,replay_control,True,1.0,S3,-0.9263420104980469,-3.2162272334098816,True
b070_original/episode_019e1e35-af9f-7d66-93b0-478d1c079799/replay_control,episode_019e1e35-af9f-7d66-93b0-478d1c079799,test,70,original,replay_control,True,1.0,S5,-0.9180229902267456,-3.123962104320526,True
b070_original/episode_019e1e35-af9f-7d66-93b0-478d1c079799/replay_control,episode_019e1e35-af9f-7d66-93b0-478d1c079799,test,70,original,replay_control,True,1.0,DT + S1,0.8149973795056723,0.448230025164487,True
b070_original/episode_019e1e35-af9f-7d66-93b0-478d1c079799/replay_control,episode_019e1e35-af9f-7d66-93b0-478d1c079799,test,70,original,replay_control,True,1.0,DT + S3,0.8155798202239477,0.4499065998983014,True
b070_original/episode_019e1e35-af9f-7d66-93b0-478d1c079799/replay_control,episode_019e1e35-af9f-7d66-93b0-478d1c079799,test,70,original,replay_control,True,1.0,DT + S5,0.8096782435850527,0.4502469361783752,True
b070_original/episode_019e1e35-af9f-7d66-93b0-478d1c079799/replay_control,episode_019e1e35-af9f-7d66-93b0-478d1c079799,test,70,original,replay_control,True,1.0,Always successful,1.0,0.5,True
b070_original/episode_019e1e35-af9f-7d66-93b0-478d1c079799/replay_control,episode_019e1e35-af9f-7d66-93b0-478d1c079799,test,70,original,replay_control,True,1.0,Robometer progress,0.17394399642944336,,
b070_original/episode_019e1e35-af9f-7d66-93b0-478d1c079799/replay_control,episode_019e1e35-af9f-7d66-93b0-478d1c079799,test,70,original,replay_control,True,1.0,Robometer success,0.04535258188843727,0.5,False
b070_original/episode_019e1e35-af9f-7d66-93b0-478d1c079799/hold,episode_019e1e35-af9f-7d66-93b0-478d1c079799,test,70,original,hold,False,0.5,DINOv2,0.688987135887146,0.8599722981452942,False
b070_original/episode_019e1e35-af9f-7d66-93b0-478d1c079799/hold,episode_019e1e35-af9f-7d66-93b0-478d1c079799,test,70,original,hold,False,0.5,DT,-13.157819747924805,-8.942145824432373,False
b070_original/episode_019e1e35-af9f-7d66-93b0-478d1c079799/hold,episode_019e1e35-af9f-7d66-93b0-478d1c079799,test,70,original,hold,False,0.5,Elapsed time,26.433333333333334,34.43333333333334,False
b070_original/episode_019e1e35-af9f-7d66-93b0-478d1c079799/hold,episode_019e1e35-af9f-7d66-93b0-478d1c079799,test,70,original,hold,False,0.5,S1,-6.11196231842041,-3.272519528865814,False
b070_original/episode_019e1e35-af9f-7d66-93b0-478d1c079799/hold,episode_019e1e35-af9f-7d66-93b0-478d1c079799,test,70,original,hold,False,0.5,S3,-6.030337333679199,-3.2162272334098816,False
b070_original/episode_019e1e35-af9f-7d66-93b0-478d1c079799/hold,episode_019e1e35-af9f-7d66-93b0-478d1c079799,test,70,original,hold,False,0.5,S5,-5.940726280212402,-3.123962104320526,False
b070_original/episode_019e1e35-af9f-7d66-93b0-478d1c079799/hold,episode_019e1e35-af9f-7d66-93b0-478d1c079799,test,70,original,hold,False,0.5,DT + S1,0.129707318900605,0.448230025164487,False
b070_original/episode_019e1e35-af9f-7d66-93b0-478d1c079799/hold,episode_019e1e35-af9f-7d66-93b0-478d1c079799,test,70,original,hold,False,0.5,DT + S3,0.13379244604141938,0.4499065998983014,False
b070_original/episode_019e1e35-af9f-7d66-93b0-478d1c079799/hold,episode_019e1e35-af9f-7d66-93b0-478d1c079799,test,70,original,hold,False,0.5,DT + S5,0.13437986525111445,0.4502469361783752,False
b070_original/episode_019e1e35-af9f-7d66-93b0-478d1c079799/hold,episode_019e1e35-af9f-7d66-93b0-478d1c079799,test,70,original,hold,False,0.5,Always successful,1.0,0.5,True
b070_original/episode_019e1e35-af9f-7d66-93b0-478d1c079799/hold,episode_019e1e35-af9f-7d66-93b0-478d1c079799,test,70,original,hold,False,0.5,Robometer progress,0.1380874365568161,,
b070_original/episode_019e1e35-af9f-7d66-93b0-478d1c079799/hold,episode_019e1e35-af9f-7d66-93b0-478d1c079799,test,70,original,hold,False,0.5,Robometer success,0.020645929500460625,0.5,False
b070_original/episode_019e1e35-af9f-7d66-93b0-478d1c079799/random_walk,episode_019e1e35-af9f-7d66-93b0-478d1c079799,test,70,original,random_walk,False,0.5,DINOv2,0.6916966438293457,0.8599722981452942,False
b070_original/episode_019e1e35-af9f-7d66-93b0-478d1c079799/random_walk,episode_019e1e35-af9f-7d66-93b0-478d1c079799,test,70,original,random_walk,False,0.5,DT,-10.909334182739258,-8.942145824432373,False
b070_original/episode_019e1e35-af9f-7d66-93b0-478d1c079799/random_walk,episode_019e1e35-af9f-7d66-93b0-478d1c079799,test,70,original,random_walk,False,0.5,Elapsed time,26.433333333333334,34.43333333333334,False
b070_original/episode_019e1e35-af9f-7d66-93b0-478d1c079799/random_walk,episode_019e1e35-af9f-7d66-93b0-478d1c079799,test,70,original,random_walk,False,0.5,S1,-6.027921676635742,-3.272519528865814,False
b070_original/episode_019e1e35-af9f-7d66-93b0-478d1c079799/random_walk,episode_019e1e35-af9f-7d66-93b0-478d1c079799,test,70,original,random_walk,False,0.5,S3,-5.860518932342529,-3.2162272334098816,False
b070_original/episode_019e1e35-af9f-7d66-93b0-478d1c079799/random_walk,episode_019e1e35-af9f-7d66-93b0-478d1c079799,test,70,original,random_walk,False,0.5,S5,-5.376236915588379,-3.123962104320526,False
b070_original/episode_019e1e35-af9f-7d66-93b0-478d1c079799/random_walk,episode_019e1e35-af9f-7d66-93b0-478d1c079799,test,70,original,random_walk,False,0.5,DT + S1,0.1652150411833114,0.448230025164487,False
b070_original/episode_019e1e35-af9f-7d66-93b0-478d1c079799/random_walk,episode_019e1e35-af9f-7d66-93b0-478d1c079799,test,70,original,random_walk,False,0.5,DT + S3,0.17519044037639153,0.4499065998983014,False
b070_original/episode_019e1e35-af9f-7d66-93b0-478d1c079799/random_walk,episode_019e1e35-af9f-7d66-93b0-478d1c079799,test,70,original,random_walk,False,0.5,DT + S5,0.20111923273570578,0.4502469361783752,False
b070_original/episode_019e1e35-af9f-7d66-93b0-478d1c079799/random_walk,episode_019e1e35-af9f-7d66-93b0-478d1c079799,test,70,original,random_walk,False,0.5,Always successful,1.0,0.5,True
b070_original/episode_019e1e35-af9f-7d66-93b0-478d1c079799/random_walk,episode_019e1e35-af9f-7d66-93b0-478d1c079799,test,70,original,random_walk,False,0.5,Robometer progress,0.15972349047660828,,
b070_original/episode_019e1e35-af9f-7d66-93b0-478d1c079799/random_walk,episode_019e1e35-af9f-7d66-93b0-478d1c079799,test,70,original,random_walk,False,0.5,Robometer success,0.028870904818177223,0.5,False
b070_original/episode_019e2d91-6e08-7f79-a3e4-c843c73a3ef2/replay_control,episode_019e2d91-6e08-7f79-a3e4-c843c73a3ef2,test,70,original,replay_control,True,1.0,DINOv2,0.9985777735710144,0.8599722981452942,True
b070_original/episode_019e2d91-6e08-7f79-a3e4-c843c73a3ef2/replay_control,episode_019e2d91-6e08-7f79-a3e4-c843c73a3ef2,test,70,original,replay_control,True,1.0,DT,-2.025355339050293,-8.942145824432373,True
b070_original/episode_019e2d91-6e08-7f79-a3e4-c843c73a3ef2/replay_control,episode_019e2d91-6e08-7f79-a3e4-c843c73a3ef2,test,70,original,replay_control,True,1.0,Elapsed time,25.033333333333335,34.43333333333334,False
b070_original/episode_019e2d91-6e08-7f79-a3e4-c843c73a3ef2/replay_control,episode_019e2d91-6e08-7f79-a3e4-c843c73a3ef2,test,70,original,replay_control,True,1.0,S1,-0.5842851996421814,-3.272519528865814,True
b070_original/episode_019e2d91-6e08-7f79-a3e4-c843c73a3ef2/replay_control,episode_019e2d91-6e08-7f79-a3e4-c843c73a3ef2,test,70,original,replay_control,True,1.0,S3,-0.49338498711586,-3.2162272334098816,True
b070_original/episode_019e2d91-6e08-7f79-a3e4-c843c73a3ef2/replay_control,episode_019e2d91-6e08-7f79-a3e4-c843c73a3ef2,test,70,original,replay_control,True,1.0,S5,-0.48456254601478577,-3.123962104320526,True
b070_original/episode_019e2d91-6e08-7f79-a3e4-c843c73a3ef2/replay_control,episode_019e2d91-6e08-7f79-a3e4-c843c73a3ef2,test,70,original,replay_control,True,1.0,DT + S1,0.843038467820442,0.448230025164487,True
b070_original/episode_019e2d91-6e08-7f79-a3e4-c843c73a3ef2/replay_control,episode_019e2d91-6e08-7f79-a3e4-c843c73a3ef2,test,70,original,replay_control,True,1.0,DT + S3,0.843592920372402,0.4499065998983014,True
b070_original/episode_019e2d91-6e08-7f79-a3e4-c843c73a3ef2/replay_control,episode_019e2d91-6e08-7f79-a3e4-c843c73a3ef2,test,70,original,replay_control,True,1.0,DT + S5,0.8383333464525167,0.4502469361783752,True
b070_original/episode_019e2d91-6e08-7f79-a3e4-c843c73a3ef2/replay_control,episode_019e2d91-6e08-7f79-a3e4-c843c73a3ef2,test,70,original,replay_control,True,1.0,Always successful,1.0,0.5,True
b070_original/episode_019e2d91-6e08-7f79-a3e4-c843c73a3ef2/replay_control,episode_019e2d91-6e08-7f79-a3e4-c843c73a3ef2,test,70,original,replay_control,True,1.0,Robometer progress,0.376453697681427,,
b070_original/episode_019e2d91-6e08-7f79-a3e4-c843c73a3ef2/replay_control,episode_019e2d91-6e08-7f79-a3e4-c843c73a3ef2,test,70,original,replay_control,True,1.0,Robometer success,0.11757213622331619,0.5,False
b070_original/episode_019e2d91-6e08-7f79-a3e4-c843c73a3ef2/hold,episode_019e2d91-6e08-7f79-a3e4-c843c73a3ef2,test,70,original,hold,False,0.5,DINOv2,0.6341899633407593,0.8599722981452942,False
b070_original/episode_019e2d91-6e08-7f79-a3e4-c843c73a3ef2/hold,episode_019e2d91-6e08-7f79-a3e4-c843c73a3ef2,test,70,original,hold,False,0.5,DT,-9.833759307861328,-8.942145824432373,False
b070_original/episode_019e2d91-6e08-7f79-a3e4-c843c73a3ef2/hold,episode_019e2d91-6e08-7f79-a3e4-c843c73a3ef2,test,70,original,hold,False,0.5,Elapsed time,25.033333333333335,34.43333333333334,False
b070_original/episode_019e2d91-6e08-7f79-a3e4-c843c73a3ef2/hold,episode_019e2d91-6e08-7f79-a3e4-c843c73a3ef2,test,70,original,hold,False,0.5,S1,-6.310327529907227,-3.272519528865814,False
b070_original/episode_019e2d91-6e08-7f79-a3e4-c843c73a3ef2/hold,episode_019e2d91-6e08-7f79-a3e4-c843c73a3ef2,test,70,original,hold,False,0.5,S3,-6.195306301116943,-3.2162272334098816,False
b070_original/episode_019e2d91-6e08-7f79-a3e4-c843c73a3ef2/hold,episode_019e2d91-6e08-7f79-a3e4-c843c73a3ef2,test,70,original,hold,False,0.5,S5,-6.115157604217529,-3.123962104320526,False
b070_original/episode_019e2d91-6e08-7f79-a3e4-c843c73a3ef2/hold,episode_019e2d91-6e08-7f79-a3e4-c843c73a3ef2,test,70,original,hold,False,0.5,DT + S1,0.16494850344267312,0.448230025164487,False
b070_original/episode_019e2d91-6e08-7f79-a3e4-c843c73a3ef2/hold,episode_019e2d91-6e08-7f79-a3e4-c843c73a3ef2,test,70,original,hold,False,0.5,DT + S3,0.17194133734054728,0.4499065998983014,False
b070_original/episode_019e2d91-6e08-7f79-a3e4-c843c73a3ef2/hold,episode_019e2d91-6e08-7f79-a3e4-c843c73a3ef2,test,70,original,hold,False,0.5,DT + S5,0.172108580046543,0.4502469361783752,False
b070_original/episode_019e2d91-6e08-7f79-a3e4-c843c73a3ef2/hold,episode_019e2d91-6e08-7f79-a3e4-c843c73a3ef2,test,70,original,hold,False,0.5,Always successful,1.0,0.5,True
b070_original/episode_019e2d91-6e08-7f79-a3e4-c843c73a3ef2/hold,episode_019e2d91-6e08-7f79-a3e4-c843c73a3ef2,test,70,original,hold,False,0.5,Robometer progress,0.4951705038547516,,
b070_original/episode_019e2d91-6e08-7f79-a3e4-c843c73a3ef2/hold,episode_019e2d91-6e08-7f79-a3e4-c843c73a3ef2,test,70,original,hold,False,0.5,Robometer success,0.039048291742801666,0.5,False
b070_original/episode_019e2d91-6e08-7f79-a3e4-c843c73a3ef2/random_walk,episode_019e2d91-6e08-7f79-a3e4-c843c73a3ef2,test,70,original,random_walk,False,0.5,DINOv2,0.7698925733566284,0.8599722981452942,False
b070_original/episode_019e2d91-6e08-7f79-a3e4-c843c73a3ef2/random_walk,episode_019e2d91-6e08-7f79-a3e4-c843c73a3ef2,test,70,original,random_walk,False,0.5,DT,-14.058913230895996,-8.942145824432373,False
b070_original/episode_019e2d91-6e08-7f79-a3e4-c843c73a3ef2/random_walk,episode_019e2d91-6e08-7f79-a3e4-c843c73a3ef2,test,70,original,random_walk,False,0.5,Elapsed time,25.033333333333335,34.43333333333334,False
b070_original/episode_019e2d91-6e08-7f79-a3e4-c843c73a3ef2/random_walk,episode_019e2d91-6e08-7f79-a3e4-c843c73a3ef2,test,70,original,random_walk,False,0.5,S1,-6.157075881958008,-3.272519528865814,False
b070_original/episode_019e2d91-6e08-7f79-a3e4-c843c73a3ef2/random_walk,episode_019e2d91-6e08-7f79-a3e4-c843c73a3ef2,test,70,original,random_walk,False,0.5,S3,-5.611610412597656,-3.2162272334098816,False
b070_original/episode_019e2d91-6e08-7f79-a3e4-c843c73a3ef2/random_walk,episode_019e2d91-6e08-7f79-a3e4-c843c73a3ef2,test,70,original,random_walk,False,0.5,S5,-5.523664951324463,-3.123962104320526,False
b070_original/episode_019e2d91-6e08-7f79-a3e4-c843c73a3ef2/random_walk,episode_019e2d91-6e08-7f79-a3e4-c843c73a3ef2,test,70,original,random_walk,False,0.5,DT + S1,0.11690310128948443,0.448230025164487,False
b070_original/episode_019e2d91-6e08-7f79-a3e4-c843c73a3ef2/random_walk,episode_019e2d91-6e08-7f79-a3e4-c843c73a3ef2,test,70,original,random_walk,False,0.5,DT + S3,0.1429879782340256,0.4499065998983014,False
b070_original/episode_019e2d91-6e08-7f79-a3e4-c843c73a3ef2/random_walk,episode_019e2d91-6e08-7f79-a3e4-c843c73a3ef2,test,70,original,random_walk,False,0.5,DT + S5,0.1434390718909822,0.4502469361783752,False
b070_original/episode_019e2d91-6e08-7f79-a3e4-c843c73a3ef2/random_walk,episode_019e2d91-6e08-7f79-a3e4-c843c73a3ef2,test,70,original,random_walk,False,0.5,Always successful,1.0,0.5,True
b070_original/episode_019e2d91-6e08-7f79-a3e4-c843c73a3ef2/random_walk,episode_019e2d91-6e08-7f79-a3e4-c843c73a3ef2,test,70,original,random_walk,False,0.5,Robometer progress,0.47928890585899353,,
b070_original/episode_019e2d91-6e08-7f79-a3e4-c843c73a3ef2/random_walk,episode_019e2d91-6e08-7f79-a3e4-c843c73a3ef2,test,70,original,random_walk,False,0.5,Robometer success,0.08035746961832047,0.5,False
b070_original/episode_019e3c25-a92e-7824-a264-f1da48b9bd3d/replay_control,episode_019e3c25-a92e-7824-a264-f1da48b9bd3d,test,70,original,replay_control,True,1.0,DINOv2,0.9975893497467041,0.8599722981452942,True
b070_original/episode_019e3c25-a92e-7824-a264-f1da48b9bd3d/replay_control,episode_019e3c25-a92e-7824-a264-f1da48b9bd3d,test,70,original,replay_control,True,1.0,DT,-1.64839506149292,-8.942145824432373,True
b070_original/episode_019e3c25-a92e-7824-a264-f1da48b9bd3d/replay_control,episode_019e3c25-a92e-7824-a264-f1da48b9bd3d,test,70,original,replay_control,True,1.0,Elapsed time,29.566666666666666,34.43333333333334,False
b070_original/episode_019e3c25-a92e-7824-a264-f1da48b9bd3d/replay_control,episode_019e3c25-a92e-7824-a264-f1da48b9bd3d,test,70,original,replay_control,True,1.0,S1,-0.9850027561187744,-3.272519528865814,True
b070_original/episode_019e3c25-a92e-7824-a264-f1da48b9bd3d/replay_control,episode_019e3c25-a92e-7824-a264-f1da48b9bd3d,test,70,original,replay_control,True,1.0,S3,-0.9430704712867737,-3.2162272334098816,True
b070_original/episode_019e3c25-a92e-7824-a264-f1da48b9bd3d/replay_control,episode_019e3c25-a92e-7824-a264-f1da48b9bd3d,test,70,original,replay_control,True,1.0,S5,-0.944636344909668,-3.123962104320526,True
b070_original/episode_019e3c25-a92e-7824-a264-f1da48b9bd3d/replay_control,episode_019e3c25-a92e-7824-a264-f1da48b9bd3d,test,70,original,replay_control,True,1.0,DT + S1,0.8251487094772414,0.448230025164487,True
b070_original/episode_019e3c25-a92e-7824-a264-f1da48b9bd3d/replay_control,episode_019e3c25-a92e-7824-a264-f1da48b9bd3d,test,70,original,replay_control,True,1.0,DT + S3,0.8230918565566526,0.4499065998983014,True
b070_original/episode_019e3c25-a92e-7824-a264-f1da48b9bd3d/replay_control,episode_019e3c25-a92e-7824-a264-f1da48b9bd3d,test,70,original,replay_control,True,1.0,DT + S5,0.8167572256666487,0.4502469361783752,True
b070_original/episode_019e3c25-a92e-7824-a264-f1da48b9bd3d/replay_control,episode_019e3c25-a92e-7824-a264-f1da48b9bd3d,test,70,original,replay_control,True,1.0,Always successful,1.0,0.5,True
b070_original/episode_019e3c25-a92e-7824-a264-f1da48b9bd3d/replay_control,episode_019e3c25-a92e-7824-a264-f1da48b9bd3d,test,70,original,replay_control,True,1.0,Robometer progress,0.3571995496749878,,
b070_original/episode_019e3c25-a92e-7824-a264-f1da48b9bd3d/replay_control,episode_019e3c25-a92e-7824-a264-f1da48b9bd3d,test,70,original,replay_control,True,1.0,Robometer success,0.0427221953868866,0.5,False
b070_original/episode_019e3c25-a92e-7824-a264-f1da48b9bd3d/hold,episode_019e3c25-a92e-7824-a264-f1da48b9bd3d,test,70,original,hold,False,0.5,DINOv2,0.7020076513290405,0.8599722981452942,False
b070_original/episode_019e3c25-a92e-7824-a264-f1da48b9bd3d/hold,episode_019e3c25-a92e-7824-a264-f1da48b9bd3d,test,70,original,hold,False,0.5,DT,-10.470170974731445,-8.942145824432373,False
b070_original/episode_019e3c25-a92e-7824-a264-f1da48b9bd3d/hold,episode_019e3c25-a92e-7824-a264-f1da48b9bd3d,test,70,original,hold,False,0.5,Elapsed time,29.566666666666666,34.43333333333334,False
b070_original/episode_019e3c25-a92e-7824-a264-f1da48b9bd3d/hold,episode_019e3c25-a92e-7824-a264-f1da48b9bd3d,test,70,original,hold,False,0.5,S1,-6.287581443786621,-3.272519528865814,False
b070_original/episode_019e3c25-a92e-7824-a264-f1da48b9bd3d/hold,episode_019e3c25-a92e-7824-a264-f1da48b9bd3d,test,70,original,hold,False,0.5,S3,-6.304113864898682,-3.2162272334098816,False
b070_original/episode_019e3c25-a92e-7824-a264-f1da48b9bd3d/hold,episode_019e3c25-a92e-7824-a264-f1da48b9bd3d,test,70,original,hold,False,0.5,S5,-6.272846221923828,-3.123962104320526,False
b070_original/episode_019e3c25-a92e-7824-a264-f1da48b9bd3d/hold,episode_019e3c25-a92e-7824-a264-f1da48b9bd3d,test,70,original,hold,False,0.5,DT + S1,0.15679269370234716,0.448230025164487,False
b070_original/episode_019e3c25-a92e-7824-a264-f1da48b9bd3d/hold,episode_019e3c25-a92e-7824-a264-f1da48b9bd3d,test,70,original,hold,False,0.5,DT + S3,0.15608499018645489,0.4499065998983014,False
b070_original/episode_019e3c25-a92e-7824-a264-f1da48b9bd3d/hold,episode_019e3c25-a92e-7824-a264-f1da48b9bd3d,test,70,original,hold,False,0.5,DT + S5,0.15358934386681772,0.4502469361783752,False
b070_original/episode_019e3c25-a92e-7824-a264-f1da48b9bd3d/hold,episode_019e3c25-a92e-7824-a264-f1da48b9bd3d,test,70,original,hold,False,0.5,Always successful,1.0,0.5,True
b070_original/episode_019e3c25-a92e-7824-a264-f1da48b9bd3d/hold,episode_019e3c25-a92e-7824-a264-f1da48b9bd3d,test,70,original,hold,False,0.5,Robometer progress,0.3663741648197174,,
b070_original/episode_019e3c25-a92e-7824-a264-f1da48b9bd3d/hold,episode_019e3c25-a92e-7824-a264-f1da48b9bd3d,test,70,original,hold,False,0.5,Robometer success,0.028870904818177223,0.5,False
b070_original/episode_019e3c25-a92e-7824-a264-f1da48b9bd3d/random_walk,episode_019e3c25-a92e-7824-a264-f1da48b9bd3d,test,70,original,random_walk,False,0.5,DINOv2,0.6691167950630188,0.8599722981452942,False
b070_original/episode_019e3c25-a92e-7824-a264-f1da48b9bd3d/random_walk,episode_019e3c25-a92e-7824-a264-f1da48b9bd3d,test,70,original,random_walk,False,0.5,DT,-9.472427368164062,-8.942145824432373,False
b070_original/episode_019e3c25-a92e-7824-a264-f1da48b9bd3d/random_walk,episode_019e3c25-a92e-7824-a264-f1da48b9bd3d,test,70,original,random_walk,False,0.5,Elapsed time,29.566666666666666,34.43333333333334,False
b070_original/episode_019e3c25-a92e-7824-a264-f1da48b9bd3d/random_walk,episode_019e3c25-a92e-7824-a264-f1da48b9bd3d,test,70,original,random_walk,False,0.5,S1,-6.261275768280029,-3.272519528865814,False
b070_original/episode_019e3c25-a92e-7824-a264-f1da48b9bd3d/random_walk,episode_019e3c25-a92e-7824-a264-f1da48b9bd3d,test,70,original,random_walk,False,0.5,S3,-5.78495979309082,-3.2162272334098816,False
b070_original/episode_019e3c25-a92e-7824-a264-f1da48b9bd3d/random_walk,episode_019e3c25-a92e-7824-a264-f1da48b9bd3d,test,70,original,random_walk,False,0.5,S5,-5.092641353607178,-3.123962104320526,False
b070_original/episode_019e3c25-a92e-7824-a264-f1da48b9bd3d/random_walk,episode_019e3c25-a92e-7824-a264-f1da48b9bd3d,test,70,original,random_walk,False,0.5,DT + S1,0.17348603302811574,0.448230025164487,False
b070_original/episode_019e3c25-a92e-7824-a264-f1da48b9bd3d/random_walk,episode_019e3c25-a92e-7824-a264-f1da48b9bd3d,test,70,original,random_walk,False,0.5,DT + S3,0.20430967329616426,0.4499065998983014,False
b070_original/episode_019e3c25-a92e-7824-a264-f1da48b9bd3d/random_walk,episode_019e3c25-a92e-7824-a264-f1da48b9bd3d,test,70,original,random_walk,False,0.5,DT + S5,0.24923894266013524,0.4502469361783752,False
b070_original/episode_019e3c25-a92e-7824-a264-f1da48b9bd3d/random_walk,episode_019e3c25-a92e-7824-a264-f1da48b9bd3d,test,70,original,random_walk,False,0.5,Always successful,1.0,0.5,True
b070_original/episode_019e3c25-a92e-7824-a264-f1da48b9bd3d/random_walk,episode_019e3c25-a92e-7824-a264-f1da48b9bd3d,test,70,original,random_walk,False,0.5,Robometer progress,0.19298923015594482,,
b070_original/episode_019e3c25-a92e-7824-a264-f1da48b9bd3d/random_walk,episode_019e3c25-a92e-7824-a264-f1da48b9bd3d,test,70,original,random_walk,False,0.5,Robometer success,0.02161533385515213,0.5,False
b070_original/episode_019e2261-5abe-7ece-910d-8988dd12106a/replay_control,episode_019e2261-5abe-7ece-910d-8988dd12106a,test,70,original,replay_control,True,1.0,DINOv2,0.9948598742485046,0.8599722981452942,True
b070_original/episode_019e2261-5abe-7ece-910d-8988dd12106a/replay_control,episode_019e2261-5abe-7ece-910d-8988dd12106a,test,70,original,replay_control,True,1.0,DT,-2.0382699966430664,-8.942145824432373,True
b070_original/episode_019e2261-5abe-7ece-910d-8988dd12106a/replay_control,episode_019e2261-5abe-7ece-910d-8988dd12106a,test,70,original,replay_control,True,1.0,Elapsed time,23.8,34.43333333333334,False
b070_original/episode_019e2261-5abe-7ece-910d-8988dd12106a/replay_control,episode_019e2261-5abe-7ece-910d-8988dd12106a,test,70,original,replay_control,True,1.0,S1,-1.5207324028015137,-3.272519528865814,True
b070_original/episode_019e2261-5abe-7ece-910d-8988dd12106a/replay_control,episode_019e2261-5abe-7ece-910d-8988dd12106a,test,70,original,replay_control,True,1.0,S3,-1.4519627094268799,-3.2162272334098816,True
b070_original/episode_019e2261-5abe-7ece-910d-8988dd12106a/replay_control,episode_019e2261-5abe-7ece-910d-8988dd12106a,test,70,original,replay_control,True,1.0,S5,-1.3687993288040161,-3.123962104320526,True
b070_original/episode_019e2261-5abe-7ece-910d-8988dd12106a/replay_control,episode_019e2261-5abe-7ece-910d-8988dd12106a,test,70,original,replay_control,True,1.0,DT + S1,0.782475708601671,0.448230025164487,True
b070_original/episode_019e2261-5abe-7ece-910d-8988dd12106a/replay_control,episode_019e2261-5abe-7ece-910d-8988dd12106a,test,70,original,replay_control,True,1.0,DT + S3,0.7825316816330083,0.4499065998983014,True
b070_original/episode_019e2261-5abe-7ece-910d-8988dd12106a/replay_control,episode_019e2261-5abe-7ece-910d-8988dd12106a,test,70,original,replay_control,True,1.0,DT + S5,0.7814267774112177,0.4502469361783752,True
b070_original/episode_019e2261-5abe-7ece-910d-8988dd12106a/replay_control,episode_019e2261-5abe-7ece-910d-8988dd12106a,test,70,original,replay_control,True,1.0,Always successful,1.0,0.5,True
b070_original/episode_019e2261-5abe-7ece-910d-8988dd12106a/replay_control,episode_019e2261-5abe-7ece-910d-8988dd12106a,test,70,original,replay_control,True,1.0,Robometer progress,0.34423503279685974,,
b070_original/episode_019e2261-5abe-7ece-910d-8988dd12106a/replay_control,episode_019e2261-5abe-7ece-910d-8988dd12106a,test,70,original,replay_control,True,1.0,Robometer success,0.16026602685451508,0.5,False
b070_original/episode_019e2261-5abe-7ece-910d-8988dd12106a/hold,episode_019e2261-5abe-7ece-910d-8988dd12106a,test,70,original,hold,False,0.5,DINOv2,0.6693914532661438,0.8599722981452942,False
b070_original/episode_019e2261-5abe-7ece-910d-8988dd12106a/hold,episode_019e2261-5abe-7ece-910d-8988dd12106a,test,70,original,hold,False,0.5,DT,-8.051928520202637,-8.942145824432373,True
b070_original/episode_019e2261-5abe-7ece-910d-8988dd12106a/hold,episode_019e2261-5abe-7ece-910d-8988dd12106a,test,70,original,hold,False,0.5,Elapsed time,23.8,34.43333333333334,False
b070_original/episode_019e2261-5abe-7ece-910d-8988dd12106a/hold,episode_019e2261-5abe-7ece-910d-8988dd12106a,test,70,original,hold,False,0.5,S1,-6.679340362548828,-3.272519528865814,False
b070_original/episode_019e2261-5abe-7ece-910d-8988dd12106a/hold,episode_019e2261-5abe-7ece-910d-8988dd12106a,test,70,original,hold,False,0.5,S3,-6.592947006225586,-3.2162272334098816,False
b070_original/episode_019e2261-5abe-7ece-910d-8988dd12106a/hold,episode_019e2261-5abe-7ece-910d-8988dd12106a,test,70,original,hold,False,0.5,S5,-6.484594345092773,-3.123962104320526,False
b070_original/episode_019e2261-5abe-7ece-910d-8988dd12106a/hold,episode_019e2261-5abe-7ece-910d-8988dd12106a,test,70,original,hold,False,0.5,DT + S1,0.17038395777372692,0.448230025164487,False
b070_original/episode_019e2261-5abe-7ece-910d-8988dd12106a/hold,episode_019e2261-5abe-7ece-910d-8988dd12106a,test,70,original,hold,False,0.5,DT + S3,0.1760401307458771,0.4499065998983014,False
b070_original/episode_019e2261-5abe-7ece-910d-8988dd12106a/hold,episode_019e2261-5abe-7ece-910d-8988dd12106a,test,70,original,hold,False,0.5,DT + S5,0.17801883764472023,0.4502469361783752,False
b070_original/episode_019e2261-5abe-7ece-910d-8988dd12106a/hold,episode_019e2261-5abe-7ece-910d-8988dd12106a,test,70,original,hold,False,0.5,Always successful,1.0,0.5,True
b070_original/episode_019e2261-5abe-7ece-910d-8988dd12106a/hold,episode_019e2261-5abe-7ece-910d-8988dd12106a,test,70,original,hold,False,0.5,Robometer progress,0.6759190559387207,,
b070_original/episode_019e2261-5abe-7ece-910d-8988dd12106a/hold,episode_019e2261-5abe-7ece-910d-8988dd12106a,test,70,original,hold,False,0.5,Robometer success,0.17895588278770447,0.5,False
b070_original/episode_019e2261-5abe-7ece-910d-8988dd12106a/random_walk,episode_019e2261-5abe-7ece-910d-8988dd12106a,test,70,original,random_walk,True,1.0,DINOv2,0.8026346564292908,0.8599722981452942,False
b070_original/episode_019e2261-5abe-7ece-910d-8988dd12106a/random_walk,episode_019e2261-5abe-7ece-910d-8988dd12106a,test,70,original,random_walk,True,1.0,DT,-8.547901153564453,-8.942145824432373,True
b070_original/episode_019e2261-5abe-7ece-910d-8988dd12106a/random_walk,episode_019e2261-5abe-7ece-910d-8988dd12106a,test,70,original,random_walk,True,1.0,Elapsed time,23.8,34.43333333333334,False
b070_original/episode_019e2261-5abe-7ece-910d-8988dd12106a/random_walk,episode_019e2261-5abe-7ece-910d-8988dd12106a,test,70,original,random_walk,True,1.0,S1,-6.05546236038208,-3.272519528865814,False
b070_original/episode_019e2261-5abe-7ece-910d-8988dd12106a/random_walk,episode_019e2261-5abe-7ece-910d-8988dd12106a,test,70,original,random_walk,True,1.0,S3,-5.659131050109863,-3.2162272334098816,False
b070_original/episode_019e2261-5abe-7ece-910d-8988dd12106a/random_walk,episode_019e2261-5abe-7ece-910d-8988dd12106a,test,70,original,random_walk,True,1.0,S5,-5.449922561645508,-3.123962104320526,False
b070_original/episode_019e2261-5abe-7ece-910d-8988dd12106a/random_walk,episode_019e2261-5abe-7ece-910d-8988dd12106a,test,70,original,random_walk,True,1.0,DT + S1,0.20238545132856478,0.448230025164487,False
b070_original/episode_019e2261-5abe-7ece-910d-8988dd12106a/random_walk,episode_019e2261-5abe-7ece-910d-8988dd12106a,test,70,original,random_walk,True,1.0,DT + S3,0.23058202430261726,0.4499065998983014,False
b070_original/episode_019e2261-5abe-7ece-910d-8988dd12106a/random_walk,episode_019e2261-5abe-7ece-910d-8988dd12106a,test,70,original,random_walk,True,1.0,DT + S5,0.2403399588293335,0.4502469361783752,False
b070_original/episode_019e2261-5abe-7ece-910d-8988dd12106a/random_walk,episode_019e2261-5abe-7ece-910d-8988dd12106a,test,70,original,random_walk,True,1.0,Always successful,1.0,0.5,True
b070_original/episode_019e2261-5abe-7ece-910d-8988dd12106a/random_walk,episode_019e2261-5abe-7ece-910d-8988dd12106a,test,70,original,random_walk,True,1.0,Robometer progress,0.7791920900344849,,
b070_original/episode_019e2261-5abe-7ece-910d-8988dd12106a/random_walk,episode_019e2261-5abe-7ece-910d-8988dd12106a,test,70,original,random_walk,True,1.0,Robometer success,0.4736572504043579,0.5,False
b070_parked/episode_019e298a-84a1-7557-ae97-93326347b45c/replay_control,episode_019e298a-84a1-7557-ae97-93326347b45c,dev,70,parked,replay_control,True,1.0,DINOv2,0.9987574219703674,0.8599722981452942,True
b070_parked/episode_019e298a-84a1-7557-ae97-93326347b45c/replay_control,episode_019e298a-84a1-7557-ae97-93326347b45c,dev,70,parked,replay_control,True,1.0,DT,-2.2338171005249023,-8.942145824432373,True
b070_parked/episode_019e298a-84a1-7557-ae97-93326347b45c/replay_control,episode_019e298a-84a1-7557-ae97-93326347b45c,dev,70,parked,replay_control,True,1.0,Elapsed time,44.43333333333333,34.43333333333334,True
b070_parked/episode_019e298a-84a1-7557-ae97-93326347b45c/replay_control,episode_019e298a-84a1-7557-ae97-93326347b45c,dev,70,parked,replay_control,True,1.0,S1,-0.2578846514225006,-3.272519528865814,True
b070_parked/episode_019e298a-84a1-7557-ae97-93326347b45c/replay_control,episode_019e298a-84a1-7557-ae97-93326347b45c,dev,70,parked,replay_control,True,1.0,S3,-0.19220885634422302,-3.2162272334098816,True
b070_parked/episode_019e298a-84a1-7557-ae97-93326347b45c/replay_control,episode_019e298a-84a1-7557-ae97-93326347b45c,dev,70,parked,replay_control,True,1.0,S5,-0.18930934369564056,-3.123962104320526,True
b070_parked/episode_019e298a-84a1-7557-ae97-93326347b45c/replay_control,episode_019e298a-84a1-7557-ae97-93326347b45c,dev,70,parked,replay_control,True,1.0,DT + S1,0.8578156013074366,0.448230025164487,True
b070_parked/episode_019e298a-84a1-7557-ae97-93326347b45c/replay_control,episode_019e298a-84a1-7557-ae97-93326347b45c,dev,70,parked,replay_control,True,1.0,DT + S3,0.8568062904128766,0.4499065998983014,True
b070_parked/episode_019e298a-84a1-7557-ae97-93326347b45c/replay_control,episode_019e298a-84a1-7557-ae97-93326347b45c,dev,70,parked,replay_control,True,1.0,DT + S5,0.8515338564574159,0.4502469361783752,True
b070_parked/episode_019e298a-84a1-7557-ae97-93326347b45c/replay_control,episode_019e298a-84a1-7557-ae97-93326347b45c,dev,70,parked,replay_control,True,1.0,Always successful,1.0,0.5,True
b070_parked/episode_019e298a-84a1-7557-ae97-93326347b45c/replay_control,episode_019e298a-84a1-7557-ae97-93326347b45c,dev,70,parked,replay_control,True,1.0,Robometer progress,0.3306885361671448,,
b070_parked/episode_019e298a-84a1-7557-ae97-93326347b45c/replay_control,episode_019e298a-84a1-7557-ae97-93326347b45c,dev,70,parked,replay_control,True,1.0,Robometer success,0.08882029354572296,0.5,False
b070_parked/episode_019e298a-84a1-7557-ae97-93326347b45c/hold,episode_019e298a-84a1-7557-ae97-93326347b45c,dev,70,parked,hold,False,0.5,DINOv2,0.9578473567962646,0.8599722981452942,True
b070_parked/episode_019e298a-84a1-7557-ae97-93326347b45c/hold,episode_019e298a-84a1-7557-ae97-93326347b45c,dev,70,parked,hold,False,0.5,DT,-3.5987062454223633,-8.942145824432373,True
b070_parked/episode_019e298a-84a1-7557-ae97-93326347b45c/hold,episode_019e298a-84a1-7557-ae97-93326347b45c,dev,70,parked,hold,False,0.5,Elapsed time,44.43333333333333,34.43333333333334,True
b070_parked/episode_019e298a-84a1-7557-ae97-93326347b45c/hold,episode_019e298a-84a1-7557-ae97-93326347b45c,dev,70,parked,hold,False,0.5,S1,-0.841057538986206,-3.272519528865814,True
b070_parked/episode_019e298a-84a1-7557-ae97-93326347b45c/hold,episode_019e298a-84a1-7557-ae97-93326347b45c,dev,70,parked,hold,False,0.5,S3,-0.7703099846839905,-3.2162272334098816,True
b070_parked/episode_019e298a-84a1-7557-ae97-93326347b45c/hold,episode_019e298a-84a1-7557-ae97-93326347b45c,dev,70,parked,hold,False,0.5,S5,-0.7617293000221252,-3.123962104320526,True
b070_parked/episode_019e298a-84a1-7557-ae97-93326347b45c/hold,episode_019e298a-84a1-7557-ae97-93326347b45c,dev,70,parked,hold,False,0.5,DT + S1,0.8018836304900664,0.448230025164487,True
b070_parked/episode_019e298a-84a1-7557-ae97-93326347b45c/hold,episode_019e298a-84a1-7557-ae97-93326347b45c,dev,70,parked,hold,False,0.5,DT + S3,0.801514248726924,0.4499065998983014,True
b070_parked/episode_019e298a-84a1-7557-ae97-93326347b45c/hold,episode_019e298a-84a1-7557-ae97-93326347b45c,dev,70,parked,hold,False,0.5,DT + S5,0.7952632116838094,0.4502469361783752,True
b070_parked/episode_019e298a-84a1-7557-ae97-93326347b45c/hold,episode_019e298a-84a1-7557-ae97-93326347b45c,dev,70,parked,hold,False,0.5,Always successful,1.0,0.5,True
b070_parked/episode_019e298a-84a1-7557-ae97-93326347b45c/hold,episode_019e298a-84a1-7557-ae97-93326347b45c,dev,70,parked,hold,False,0.5,Robometer progress,0.2910897135734558,,
b070_parked/episode_019e298a-84a1-7557-ae97-93326347b45c/hold,episode_019e298a-84a1-7557-ae97-93326347b45c,dev,70,parked,hold,False,0.5,Robometer success,0.07263670116662979,0.5,False
b070_parked/episode_019e298a-84a1-7557-ae97-93326347b45c/random_walk,episode_019e298a-84a1-7557-ae97-93326347b45c,dev,70,parked,random_walk,True,1.0,DINOv2,0.9575002193450928,0.8599722981452942,True
b070_parked/episode_019e298a-84a1-7557-ae97-93326347b45c/random_walk,episode_019e298a-84a1-7557-ae97-93326347b45c,dev,70,parked,random_walk,True,1.0,DT,-3.7001819610595703,-8.942145824432373,True
b070_parked/episode_019e298a-84a1-7557-ae97-93326347b45c/random_walk,episode_019e298a-84a1-7557-ae97-93326347b45c,dev,70,parked,random_walk,True,1.0,Elapsed time,44.43333333333333,34.43333333333334,True
b070_parked/episode_019e298a-84a1-7557-ae97-93326347b45c/random_walk,episode_019e298a-84a1-7557-ae97-93326347b45c,dev,70,parked,random_walk,True,1.0,S1,-0.905231237411499,-3.272519528865814,True
b070_parked/episode_019e298a-84a1-7557-ae97-93326347b45c/random_walk,episode_019e298a-84a1-7557-ae97-93326347b45c,dev,70,parked,random_walk,True,1.0,S3,-0.915104866027832,-3.2162272334098816,True
b070_parked/episode_019e298a-84a1-7557-ae97-93326347b45c/random_walk,episode_019e298a-84a1-7557-ae97-93326347b45c,dev,70,parked,random_walk,True,1.0,S5,-0.9046220183372498,-3.123962104320526,True
b070_parked/episode_019e298a-84a1-7557-ae97-93326347b45c/random_walk,episode_019e298a-84a1-7557-ae97-93326347b45c,dev,70,parked,random_walk,True,1.0,DT + S1,0.7956871513090111,0.448230025164487,True
b070_parked/episode_019e298a-84a1-7557-ae97-93326347b45c/random_walk,episode_019e298a-84a1-7557-ae97-93326347b45c,dev,70,parked,random_walk,True,1.0,DT + S3,0.7897987895546129,0.4499065998983014,True
b070_parked/episode_019e298a-84a1-7557-ae97-93326347b45c/random_walk,episode_019e298a-84a1-7557-ae97-93326347b45c,dev,70,parked,random_walk,True,1.0,DT + S5,0.7834585057542581,0.4502469361783752,True
b070_parked/episode_019e298a-84a1-7557-ae97-93326347b45c/random_walk,episode_019e298a-84a1-7557-ae97-93326347b45c,dev,70,parked,random_walk,True,1.0,Always successful,1.0,0.5,True
b070_parked/episode_019e298a-84a1-7557-ae97-93326347b45c/random_walk,episode_019e298a-84a1-7557-ae97-93326347b45c,dev,70,parked,random_walk,True,1.0,Robometer progress,0.2456027865409851,,
b070_parked/episode_019e298a-84a1-7557-ae97-93326347b45c/random_walk,episode_019e298a-84a1-7557-ae97-93326347b45c,dev,70,parked,random_walk,True,1.0,Robometer success,0.0427221953868866,0.5,False
b070_parked/episode_019e3c90-fb67-765e-8e8e-12c56ddda3ba/replay_control,episode_019e3c90-fb67-765e-8e8e-12c56ddda3ba,dev,70,parked,replay_control,True,1.0,DINOv2,0.9994690418243408,0.8599722981452942,True
b070_parked/episode_019e3c90-fb67-765e-8e8e-12c56ddda3ba/replay_control,episode_019e3c90-fb67-765e-8e8e-12c56ddda3ba,dev,70,parked,replay_control,True,1.0,DT,-2.394035816192627,-8.942145824432373,True
b070_parked/episode_019e3c90-fb67-765e-8e8e-12c56ddda3ba/replay_control,episode_019e3c90-fb67-765e-8e8e-12c56ddda3ba,dev,70,parked,replay_control,True,1.0,Elapsed time,37.266666666666666,34.43333333333334,True
b070_parked/episode_019e3c90-fb67-765e-8e8e-12c56ddda3ba/replay_control,episode_019e3c90-fb67-765e-8e8e-12c56ddda3ba,dev,70,parked,replay_control,True,1.0,S1,-0.3863626718521118,-3.272519528865814,True
b070_parked/episode_019e3c90-fb67-765e-8e8e-12c56ddda3ba/replay_control,episode_019e3c90-fb67-765e-8e8e-12c56ddda3ba,dev,70,parked,replay_control,True,1.0,S3,-0.35686442255973816,-3.2162272334098816,True
b070_parked/episode_019e3c90-fb67-765e-8e8e-12c56ddda3ba/replay_control,episode_019e3c90-fb67-765e-8e8e-12c56ddda3ba,dev,70,parked,replay_control,True,1.0,S5,-0.36323297023773193,-3.123962104320526,True
b070_parked/episode_019e3c90-fb67-765e-8e8e-12c56ddda3ba/replay_control,episode_019e3c90-fb67-765e-8e8e-12c56ddda3ba,dev,70,parked,replay_control,True,1.0,DT + S1,0.8487469986732815,0.448230025164487,True
b070_parked/episode_019e3c90-fb67-765e-8e8e-12c56ddda3ba/replay_control,episode_019e3c90-fb67-765e-8e8e-12c56ddda3ba,dev,70,parked,replay_control,True,1.0,DT + S3,0.8458126142894926,0.4499065998983014,True
b070_parked/episode_019e3c90-fb67-765e-8e8e-12c56ddda3ba/replay_control,episode_019e3c90-fb67-765e-8e8e-12c56ddda3ba,dev,70,parked,replay_control,True,1.0,DT + S5,0.8397295936433414,0.4502469361783752,True
b070_parked/episode_019e3c90-fb67-765e-8e8e-12c56ddda3ba/replay_control,episode_019e3c90-fb67-765e-8e8e-12c56ddda3ba,dev,70,parked,replay_control,True,1.0,Always successful,1.0,0.5,True
b070_parked/episode_019e3c90-fb67-765e-8e8e-12c56ddda3ba/replay_control,episode_019e3c90-fb67-765e-8e8e-12c56ddda3ba,dev,70,parked,replay_control,True,1.0,Robometer progress,0.9018630385398865,,
b070_parked/episode_019e3c90-fb67-765e-8e8e-12c56ddda3ba/replay_control,episode_019e3c90-fb67-765e-8e8e-12c56ddda3ba,dev,70,parked,replay_control,True,1.0,Robometer success,0.6636689305305481,0.5,True
b070_parked/episode_019e3c90-fb67-765e-8e8e-12c56ddda3ba/hold,episode_019e3c90-fb67-765e-8e8e-12c56ddda3ba,dev,70,parked,hold,False,0.5,DINOv2,0.9330739378929138,0.8599722981452942,True
b070_parked/episode_019e3c90-fb67-765e-8e8e-12c56ddda3ba/hold,episode_019e3c90-fb67-765e-8e8e-12c56ddda3ba,dev,70,parked,hold,False,0.5,DT,-3.23041033744812,-8.942145824432373,True
b070_parked/episode_019e3c90-fb67-765e-8e8e-12c56ddda3ba/hold,episode_019e3c90-fb67-765e-8e8e-12c56ddda3ba,dev,70,parked,hold,False,0.5,Elapsed time,37.266666666666666,34.43333333333334,True
b070_parked/episode_019e3c90-fb67-765e-8e8e-12c56ddda3ba/hold,episode_019e3c90-fb67-765e-8e8e-12c56ddda3ba,dev,70,parked,hold,False,0.5,S1,-1.1747055053710938,-3.272519528865814,True
b070_parked/episode_019e3c90-fb67-765e-8e8e-12c56ddda3ba/hold,episode_019e3c90-fb67-765e-8e8e-12c56ddda3ba,dev,70,parked,hold,False,0.5,S3,-1.170217752456665,-3.2162272334098816,True
b070_parked/episode_019e3c90-fb67-765e-8e8e-12c56ddda3ba/hold,episode_019e3c90-fb67-765e-8e8e-12c56ddda3ba,dev,70,parked,hold,False,0.5,S5,-1.1409657001495361,-3.123962104320526,True
b070_parked/episode_019e3c90-fb67-765e-8e8e-12c56ddda3ba/hold,episode_019e3c90-fb67-765e-8e8e-12c56ddda3ba,dev,70,parked,hold,False,0.5,DT + S1,0.7852248153959525,0.448230025164487,True
b070_parked/episode_019e3c90-fb67-765e-8e8e-12c56ddda3ba/hold,episode_019e3c90-fb67-765e-8e8e-12c56ddda3ba,dev,70,parked,hold,False,0.5,DT + S3,0.7804011607193936,0.4499065998983014,True
b070_parked/episode_019e3c90-fb67-765e-8e8e-12c56ddda3ba/hold,episode_019e3c90-fb67-765e-8e8e-12c56ddda3ba,dev,70,parked,hold,False,0.5,DT + S5,0.775305367957149,0.4502469361783752,True
b070_parked/episode_019e3c90-fb67-765e-8e8e-12c56ddda3ba/hold,episode_019e3c90-fb67-765e-8e8e-12c56ddda3ba,dev,70,parked,hold,False,0.5,Always successful,1.0,0.5,True
b070_parked/episode_019e3c90-fb67-765e-8e8e-12c56ddda3ba/hold,episode_019e3c90-fb67-765e-8e8e-12c56ddda3ba,dev,70,parked,hold,False,0.5,Robometer progress,0.921869695186615,,
b070_parked/episode_019e3c90-fb67-765e-8e8e-12c56ddda3ba/hold,episode_019e3c90-fb67-765e-8e8e-12c56ddda3ba,dev,70,parked,hold,False,0.5,Robometer success,0.8267117738723755,0.5,True
b070_parked/episode_019e3c90-fb67-765e-8e8e-12c56ddda3ba/random_walk,episode_019e3c90-fb67-765e-8e8e-12c56ddda3ba,dev,70,parked,random_walk,False,0.5,DINOv2,0.9551243782043457,0.8599722981452942,True
b070_parked/episode_019e3c90-fb67-765e-8e8e-12c56ddda3ba/random_walk,episode_019e3c90-fb67-765e-8e8e-12c56ddda3ba,dev,70,parked,random_walk,False,0.5,DT,-4.607220649719238,-8.942145824432373,True
b070_parked/episode_019e3c90-fb67-765e-8e8e-12c56ddda3ba/random_walk,episode_019e3c90-fb67-765e-8e8e-12c56ddda3ba,dev,70,parked,random_walk,False,0.5,Elapsed time,37.266666666666666,34.43333333333334,True
b070_parked/episode_019e3c90-fb67-765e-8e8e-12c56ddda3ba/random_walk,episode_019e3c90-fb67-765e-8e8e-12c56ddda3ba,dev,70,parked,random_walk,False,0.5,S1,-0.9684113264083862,-3.272519528865814,True
b070_parked/episode_019e3c90-fb67-765e-8e8e-12c56ddda3ba/random_walk,episode_019e3c90-fb67-765e-8e8e-12c56ddda3ba,dev,70,parked,random_walk,False,0.5,S3,-0.9513716697692871,-3.2162272334098816,True
b070_parked/episode_019e3c90-fb67-765e-8e8e-12c56ddda3ba/random_walk,episode_019e3c90-fb67-765e-8e8e-12c56ddda3ba,dev,70,parked,random_walk,False,0.5,S5,-0.9418125748634338,-3.123962104320526,True
b070_parked/episode_019e3c90-fb67-765e-8e8e-12c56ddda3ba/random_walk,episode_019e3c90-fb67-765e-8e8e-12c56ddda3ba,dev,70,parked,random_walk,False,0.5,DT + S1,0.7742823799007453,0.448230025164487,True
b070_parked/episode_019e3c90-fb67-765e-8e8e-12c56ddda3ba/random_walk,episode_019e3c90-fb67-765e-8e8e-12c56ddda3ba,dev,70,parked,random_walk,False,0.5,DT + S3,0.770081456296943,0.4499065998983014,True
b070_parked/episode_019e3c90-fb67-765e-8e8e-12c56ddda3ba/random_walk,episode_019e3c90-fb67-765e-8e8e-12c56ddda3ba,dev,70,parked,random_walk,False,0.5,DT + S5,0.7632768908030009,0.4502469361783752,True
b070_parked/episode_019e3c90-fb67-765e-8e8e-12c56ddda3ba/random_walk,episode_019e3c90-fb67-765e-8e8e-12c56ddda3ba,dev,70,parked,random_walk,False,0.5,Always successful,1.0,0.5,True
b070_parked/episode_019e3c90-fb67-765e-8e8e-12c56ddda3ba/random_walk,episode_019e3c90-fb67-765e-8e8e-12c56ddda3ba,dev,70,parked,random_walk,False,0.5,Robometer progress,0.8751112818717957,,
b070_parked/episode_019e3c90-fb67-765e-8e8e-12c56ddda3ba/random_walk,episode_019e3c90-fb67-765e-8e8e-12c56ddda3ba,dev,70,parked,random_walk,False,0.5,Robometer success,0.5888891220092773,0.5,True
b070_parked/episode_019e1e35-af9f-7d66-93b0-478d1c079799/replay_control,episode_019e1e35-af9f-7d66-93b0-478d1c079799,test,70,parked,replay_control,True,1.0,DINOv2,0.9992716312408447,0.8599722981452942,True
b070_parked/episode_019e1e35-af9f-7d66-93b0-478d1c079799/replay_control,episode_019e1e35-af9f-7d66-93b0-478d1c079799,test,70,parked,replay_control,True,1.0,DT,-2.038699150085449,-8.942145824432373,True
b070_parked/episode_019e1e35-af9f-7d66-93b0-478d1c079799/replay_control,episode_019e1e35-af9f-7d66-93b0-478d1c079799,test,70,parked,replay_control,True,1.0,Elapsed time,36.43333333333333,34.43333333333334,True
b070_parked/episode_019e1e35-af9f-7d66-93b0-478d1c079799/replay_control,episode_019e1e35-af9f-7d66-93b0-478d1c079799,test,70,parked,replay_control,True,1.0,S1,-0.5263899564743042,-3.272519528865814,True
b070_parked/episode_019e1e35-af9f-7d66-93b0-478d1c079799/replay_control,episode_019e1e35-af9f-7d66-93b0-478d1c079799,test,70,parked,replay_control,True,1.0,S3,-0.47163811326026917,-3.2162272334098816,True
b070_parked/episode_019e1e35-af9f-7d66-93b0-478d1c079799/replay_control,episode_019e1e35-af9f-7d66-93b0-478d1c079799,test,70,parked,replay_control,True,1.0,S5,-0.4873504936695099,-3.123962104320526,True
b070_parked/episode_019e1e35-af9f-7d66-93b0-478d1c079799/replay_control,episode_019e1e35-af9f-7d66-93b0-478d1c079799,test,70,parked,replay_control,True,1.0,DT + S1,0.8460872079518913,0.448230025164487,True
b070_parked/episode_019e1e35-af9f-7d66-93b0-478d1c079799/replay_control,episode_019e1e35-af9f-7d66-93b0-478d1c079799,test,70,parked,replay_control,True,1.0,DT + S3,0.8446039974394453,0.4499065998983014,True
b070_parked/episode_019e1e35-af9f-7d66-93b0-478d1c079799/replay_control,episode_019e1e35-af9f-7d66-93b0-478d1c079799,test,70,parked,replay_control,True,1.0,DT + S5,0.8379760867967151,0.4502469361783752,True
b070_parked/episode_019e1e35-af9f-7d66-93b0-478d1c079799/replay_control,episode_019e1e35-af9f-7d66-93b0-478d1c079799,test,70,parked,replay_control,True,1.0,Always successful,1.0,0.5,True
b070_parked/episode_019e1e35-af9f-7d66-93b0-478d1c079799/replay_control,episode_019e1e35-af9f-7d66-93b0-478d1c079799,test,70,parked,replay_control,True,1.0,Robometer progress,0.5530204176902771,,
b070_parked/episode_019e1e35-af9f-7d66-93b0-478d1c079799/replay_control,episode_019e1e35-af9f-7d66-93b0-478d1c079799,test,70,parked,replay_control,True,1.0,Robometer success,0.12421301752328873,0.5,False
b070_parked/episode_019e1e35-af9f-7d66-93b0-478d1c079799/hold,episode_019e1e35-af9f-7d66-93b0-478d1c079799,test,70,parked,hold,True,1.0,DINOv2,0.9830467700958252,0.8599722981452942,True
b070_parked/episode_019e1e35-af9f-7d66-93b0-478d1c079799/hold,episode_019e1e35-af9f-7d66-93b0-478d1c079799,test,70,parked,hold,True,1.0,DT,-2.044728994369507,-8.942145824432373,True
b070_parked/episode_019e1e35-af9f-7d66-93b0-478d1c079799/hold,episode_019e1e35-af9f-7d66-93b0-478d1c079799,test,70,parked,hold,True,1.0,Elapsed time,36.43333333333333,34.43333333333334,True
b070_parked/episode_019e1e35-af9f-7d66-93b0-478d1c079799/hold,episode_019e1e35-af9f-7d66-93b0-478d1c079799,test,70,parked,hold,True,1.0,S1,-0.9359592199325562,-3.272519528865814,True
b070_parked/episode_019e1e35-af9f-7d66-93b0-478d1c079799/hold,episode_019e1e35-af9f-7d66-93b0-478d1c079799,test,70,parked,hold,True,1.0,S3,-0.918170154094696,-3.2162272334098816,True
b070_parked/episode_019e1e35-af9f-7d66-93b0-478d1c079799/hold,episode_019e1e35-af9f-7d66-93b0-478d1c079799,test,70,parked,hold,True,1.0,S5,-0.9023932218551636,-3.123962104320526,True
b070_parked/episode_019e1e35-af9f-7d66-93b0-478d1c079799/hold,episode_019e1e35-af9f-7d66-93b0-478d1c079799,test,70,parked,hold,True,1.0,DT + S1,0.8218412623430656,0.448230025164487,True
b070_parked/episode_019e1e35-af9f-7d66-93b0-478d1c079799/hold,episode_019e1e35-af9f-7d66-93b0-478d1c079799,test,70,parked,hold,True,1.0,DT + S3,0.818223367363048,0.4499065998983014,True
b070_parked/episode_019e1e35-af9f-7d66-93b0-478d1c079799/hold,episode_019e1e35-af9f-7d66-93b0-478d1c079799,test,70,parked,hold,True,1.0,DT + S5,0.812859219515653,0.4502469361783752,True
b070_parked/episode_019e1e35-af9f-7d66-93b0-478d1c079799/hold,episode_019e1e35-af9f-7d66-93b0-478d1c079799,test,70,parked,hold,True,1.0,Always successful,1.0,0.5,True
b070_parked/episode_019e1e35-af9f-7d66-93b0-478d1c079799/hold,episode_019e1e35-af9f-7d66-93b0-478d1c079799,test,70,parked,hold,True,1.0,Robometer progress,0.4603092670440674,,
b070_parked/episode_019e1e35-af9f-7d66-93b0-478d1c079799/hold,episode_019e1e35-af9f-7d66-93b0-478d1c079799,test,70,parked,hold,True,1.0,Robometer success,0.15102779865264893,0.5,False
b070_parked/episode_019e1e35-af9f-7d66-93b0-478d1c079799/random_walk,episode_019e1e35-af9f-7d66-93b0-478d1c079799,test,70,parked,random_walk,False,0.5,DINOv2,0.9697045683860779,0.8599722981452942,True
b070_parked/episode_019e1e35-af9f-7d66-93b0-478d1c079799/random_walk,episode_019e1e35-af9f-7d66-93b0-478d1c079799,test,70,parked,random_walk,False,0.5,DT,-2.676314115524292,-8.942145824432373,True
b070_parked/episode_019e1e35-af9f-7d66-93b0-478d1c079799/random_walk,episode_019e1e35-af9f-7d66-93b0-478d1c079799,test,70,parked,random_walk,False,0.5,Elapsed time,36.43333333333333,34.43333333333334,True
b070_parked/episode_019e1e35-af9f-7d66-93b0-478d1c079799/random_walk,episode_019e1e35-af9f-7d66-93b0-478d1c079799,test,70,parked,random_walk,False,0.5,S1,-1.1132131814956665,-3.272519528865814,True
b070_parked/episode_019e1e35-af9f-7d66-93b0-478d1c079799/random_walk,episode_019e1e35-af9f-7d66-93b0-478d1c079799,test,70,parked,random_walk,False,0.5,S3,-1.127663016319275,-3.2162272334098816,True
b070_parked/episode_019e1e35-af9f-7d66-93b0-478d1c079799/random_walk,episode_019e1e35-af9f-7d66-93b0-478d1c079799,test,70,parked,random_walk,False,0.5,S5,-1.125410556793213,-3.123962104320526,True
b070_parked/episode_019e1e35-af9f-7d66-93b0-478d1c079799/random_walk,episode_019e1e35-af9f-7d66-93b0-478d1c079799,test,70,parked,random_walk,False,0.5,DT + S1,0.7995792958361227,0.448230025164487,True
b070_parked/episode_019e1e35-af9f-7d66-93b0-478d1c079799/random_walk,episode_019e1e35-af9f-7d66-93b0-478d1c079799,test,70,parked,random_walk,False,0.5,DT + S3,0.7936067658309016,0.4499065998983014,True
b070_parked/episode_019e1e35-af9f-7d66-93b0-478d1c079799/random_walk,episode_019e1e35-af9f-7d66-93b0-478d1c079799,test,70,parked,random_walk,False,0.5,DT + S5,0.7868247541004229,0.4502469361783752,True
b070_parked/episode_019e1e35-af9f-7d66-93b0-478d1c079799/random_walk,episode_019e1e35-af9f-7d66-93b0-478d1c079799,test,70,parked,random_walk,False,0.5,Always successful,1.0,0.5,True
b070_parked/episode_019e1e35-af9f-7d66-93b0-478d1c079799/random_walk,episode_019e1e35-af9f-7d66-93b0-478d1c079799,test,70,parked,random_walk,False,0.5,Robometer progress,0.1924193650484085,,
b070_parked/episode_019e1e35-af9f-7d66-93b0-478d1c079799/random_walk,episode_019e1e35-af9f-7d66-93b0-478d1c079799,test,70,parked,random_walk,False,0.5,Robometer success,0.024798160418868065,0.5,False
b070_parked/episode_019e2d91-6e08-7f79-a3e4-c843c73a3ef2/replay_control,episode_019e2d91-6e08-7f79-a3e4-c843c73a3ef2,test,70,parked,replay_control,True,1.0,DINOv2,0.9997784495353699,0.8599722981452942,True
b070_parked/episode_019e2d91-6e08-7f79-a3e4-c843c73a3ef2/replay_control,episode_019e2d91-6e08-7f79-a3e4-c843c73a3ef2,test,70,parked,replay_control,True,1.0,DT,-2.108483076095581,-8.942145824432373,True
b070_parked/episode_019e2d91-6e08-7f79-a3e4-c843c73a3ef2/replay_control,episode_019e2d91-6e08-7f79-a3e4-c843c73a3ef2,test,70,parked,replay_control,True,1.0,Elapsed time,35.03333333333333,34.43333333333334,True
b070_parked/episode_019e2d91-6e08-7f79-a3e4-c843c73a3ef2/replay_control,episode_019e2d91-6e08-7f79-a3e4-c843c73a3ef2,test,70,parked,replay_control,True,1.0,S1,-0.214089497923851,-3.272519528865814,True
b070_parked/episode_019e2d91-6e08-7f79-a3e4-c843c73a3ef2/replay_control,episode_019e2d91-6e08-7f79-a3e4-c843c73a3ef2,test,70,parked,replay_control,True,1.0,S3,-0.13530544936656952,-3.2162272334098816,True
b070_parked/episode_019e2d91-6e08-7f79-a3e4-c843c73a3ef2/replay_control,episode_019e2d91-6e08-7f79-a3e4-c843c73a3ef2,test,70,parked,replay_control,True,1.0,S5,-0.13270950317382812,-3.123962104320526,True
b070_parked/episode_019e2d91-6e08-7f79-a3e4-c843c73a3ef2/replay_control,episode_019e2d91-6e08-7f79-a3e4-c843c73a3ef2,test,70,parked,replay_control,True,1.0,DT + S1,0.8617326972634982,0.448230025164487,True
b070_parked/episode_019e2d91-6e08-7f79-a3e4-c843c73a3ef2/replay_control,episode_019e2d91-6e08-7f79-a3e4-c843c73a3ef2,test,70,parked,replay_control,True,1.0,DT + S3,0.8613715898200152,0.4499065998983014,True
b070_parked/episode_019e2d91-6e08-7f79-a3e4-c843c73a3ef2/replay_control,episode_019e2d91-6e08-7f79-a3e4-c843c73a3ef2,test,70,parked,replay_control,True,1.0,DT + S5,0.8562099686591971,0.4502469361783752,True
b070_parked/episode_019e2d91-6e08-7f79-a3e4-c843c73a3ef2/replay_control,episode_019e2d91-6e08-7f79-a3e4-c843c73a3ef2,test,70,parked,replay_control,True,1.0,Always successful,1.0,0.5,True
b070_parked/episode_019e2d91-6e08-7f79-a3e4-c843c73a3ef2/replay_control,episode_019e2d91-6e08-7f79-a3e4-c843c73a3ef2,test,70,parked,replay_control,True,1.0,Robometer progress,0.5072340965270996,,
b070_parked/episode_019e2d91-6e08-7f79-a3e4-c843c73a3ef2/replay_control,episode_019e2d91-6e08-7f79-a3e4-c843c73a3ef2,test,70,parked,replay_control,True,1.0,Robometer success,0.09534945338964462,0.5,False
b070_parked/episode_019e2d91-6e08-7f79-a3e4-c843c73a3ef2/hold,episode_019e2d91-6e08-7f79-a3e4-c843c73a3ef2,test,70,parked,hold,False,0.5,DINOv2,0.9730811715126038,0.8599722981452942,True
b070_parked/episode_019e2d91-6e08-7f79-a3e4-c843c73a3ef2/hold,episode_019e2d91-6e08-7f79-a3e4-c843c73a3ef2,test,70,parked,hold,False,0.5,DT,-3.090953826904297,-8.942145824432373,True
b070_parked/episode_019e2d91-6e08-7f79-a3e4-c843c73a3ef2/hold,episode_019e2d91-6e08-7f79-a3e4-c843c73a3ef2,test,70,parked,hold,False,0.5,Elapsed time,35.03333333333333,34.43333333333334,True
b070_parked/episode_019e2d91-6e08-7f79-a3e4-c843c73a3ef2/hold,episode_019e2d91-6e08-7f79-a3e4-c843c73a3ef2,test,70,parked,hold,False,0.5,S1,-1.3924921751022339,-3.272519528865814,True
b070_parked/episode_019e2d91-6e08-7f79-a3e4-c843c73a3ef2/hold,episode_019e2d91-6e08-7f79-a3e4-c843c73a3ef2,test,70,parked,hold,False,0.5,S3,-1.280234456062317,-3.2162272334098816,True
b070_parked/episode_019e2d91-6e08-7f79-a3e4-c843c73a3ef2/hold,episode_019e2d91-6e08-7f79-a3e4-c843c73a3ef2,test,70,parked,hold,False,0.5,S5,-1.2955055236816406,-3.123962104320526,True
b070_parked/episode_019e2d91-6e08-7f79-a3e4-c843c73a3ef2/hold,episode_019e2d91-6e08-7f79-a3e4-c843c73a3ef2,test,70,parked,hold,False,0.5,DT + S1,0.7718611425109588,0.448230025164487,True
b070_parked/episode_019e2d91-6e08-7f79-a3e4-c843c73a3ef2/hold,episode_019e2d91-6e08-7f79-a3e4-c843c73a3ef2,test,70,parked,hold,False,0.5,DT + S3,0.775049054563542,0.4499065998983014,True
b070_parked/episode_019e2d91-6e08-7f79-a3e4-c843c73a3ef2/hold,episode_019e2d91-6e08-7f79-a3e4-c843c73a3ef2,test,70,parked,hold,False,0.5,DT + S5,0.7665775236536243,0.4502469361783752,True
b070_parked/episode_019e2d91-6e08-7f79-a3e4-c843c73a3ef2/hold,episode_019e2d91-6e08-7f79-a3e4-c843c73a3ef2,test,70,parked,hold,False,0.5,Always successful,1.0,0.5,True
b070_parked/episode_019e2d91-6e08-7f79-a3e4-c843c73a3ef2/hold,episode_019e2d91-6e08-7f79-a3e4-c843c73a3ef2,test,70,parked,hold,False,0.5,Robometer progress,0.31768932938575745,,
b070_parked/episode_019e2d91-6e08-7f79-a3e4-c843c73a3ef2/hold,episode_019e2d91-6e08-7f79-a3e4-c843c73a3ef2,test,70,parked,hold,False,0.5,Robometer success,0.028870904818177223,0.5,False
b070_parked/episode_019e2d91-6e08-7f79-a3e4-c843c73a3ef2/random_walk,episode_019e2d91-6e08-7f79-a3e4-c843c73a3ef2,test,70,parked,random_walk,False,0.5,DINOv2,0.9799212217330933,0.8599722981452942,True
b070_parked/episode_019e2d91-6e08-7f79-a3e4-c843c73a3ef2/random_walk,episode_019e2d91-6e08-7f79-a3e4-c843c73a3ef2,test,70,parked,random_walk,False,0.5,DT,-2.858332633972168,-8.942145824432373,True
b070_parked/episode_019e2d91-6e08-7f79-a3e4-c843c73a3ef2/random_walk,episode_019e2d91-6e08-7f79-a3e4-c843c73a3ef2,test,70,parked,random_walk,False,0.5,Elapsed time,35.03333333333333,34.43333333333334,True
b070_parked/episode_019e2d91-6e08-7f79-a3e4-c843c73a3ef2/random_walk,episode_019e2d91-6e08-7f79-a3e4-c843c73a3ef2,test,70,parked,random_walk,False,0.5,S1,-1.2929296493530273,-3.272519528865814,True
b070_parked/episode_019e2d91-6e08-7f79-a3e4-c843c73a3ef2/random_walk,episode_019e2d91-6e08-7f79-a3e4-c843c73a3ef2,test,70,parked,random_walk,False,0.5,S3,-1.1824803352355957,-3.2162272334098816,True
b070_parked/episode_019e2d91-6e08-7f79-a3e4-c843c73a3ef2/random_walk,episode_019e2d91-6e08-7f79-a3e4-c843c73a3ef2,test,70,parked,random_walk,False,0.5,S5,-1.1730328798294067,-3.123962104320526,True
b070_parked/episode_019e2d91-6e08-7f79-a3e4-c843c73a3ef2/random_walk,episode_019e2d91-6e08-7f79-a3e4-c843c73a3ef2,test,70,parked,random_walk,False,0.5,DT + S1,0.7836308589651712,0.448230025164487,True
b070_parked/episode_019e2d91-6e08-7f79-a3e4-c843c73a3ef2/random_walk,episode_019e2d91-6e08-7f79-a3e4-c843c73a3ef2,test,70,parked,random_walk,False,0.5,DT + S3,0.786463328369098,0.4499065998983014,True
b070_parked/episode_019e2d91-6e08-7f79-a3e4-c843c73a3ef2/random_walk,episode_019e2d91-6e08-7f79-a3e4-c843c73a3ef2,test,70,parked,random_walk,False,0.5,DT + S5,0.7800481589947094,0.4502469361783752,True
b070_parked/episode_019e2d91-6e08-7f79-a3e4-c843c73a3ef2/random_walk,episode_019e2d91-6e08-7f79-a3e4-c843c73a3ef2,test,70,parked,random_walk,False,0.5,Always successful,1.0,0.5,True
b070_parked/episode_019e2d91-6e08-7f79-a3e4-c843c73a3ef2/random_walk,episode_019e2d91-6e08-7f79-a3e4-c843c73a3ef2,test,70,parked,random_walk,False,0.5,Robometer progress,0.2463538646697998,,
b070_parked/episode_019e2d91-6e08-7f79-a3e4-c843c73a3ef2/random_walk,episode_019e2d91-6e08-7f79-a3e4-c843c73a3ef2,test,70,parked,random_walk,False,0.5,Robometer success,0.01912403479218483,0.5,False
b070_parked/episode_019e3c25-a92e-7824-a264-f1da48b9bd3d/replay_control,episode_019e3c25-a92e-7824-a264-f1da48b9bd3d,test,70,parked,replay_control,True,1.0,DINOv2,0.9996411800384521,0.8599722981452942,True
b070_parked/episode_019e3c25-a92e-7824-a264-f1da48b9bd3d/replay_control,episode_019e3c25-a92e-7824-a264-f1da48b9bd3d,test,70,parked,replay_control,True,1.0,DT,-1.8743630647659302,-8.942145824432373,True
b070_parked/episode_019e3c25-a92e-7824-a264-f1da48b9bd3d/replay_control,episode_019e3c25-a92e-7824-a264-f1da48b9bd3d,test,70,parked,replay_control,True,1.0,Elapsed time,39.56666666666667,34.43333333333334,True
b070_parked/episode_019e3c25-a92e-7824-a264-f1da48b9bd3d/replay_control,episode_019e3c25-a92e-7824-a264-f1da48b9bd3d,test,70,parked,replay_control,True,1.0,S1,-0.4187406003475189,-3.272519528865814,True
b070_parked/episode_019e3c25-a92e-7824-a264-f1da48b9bd3d/replay_control,episode_019e3c25-a92e-7824-a264-f1da48b9bd3d,test,70,parked,replay_control,True,1.0,S3,-0.335811585187912,-3.2162272334098816,True
b070_parked/episode_019e3c25-a92e-7824-a264-f1da48b9bd3d/replay_control,episode_019e3c25-a92e-7824-a264-f1da48b9bd3d,test,70,parked,replay_control,True,1.0,S5,-0.3474198579788208,-3.123962104320526,True
b070_parked/episode_019e3c25-a92e-7824-a264-f1da48b9bd3d/replay_control,episode_019e3c25-a92e-7824-a264-f1da48b9bd3d,test,70,parked,replay_control,True,1.0,DT + S1,0.8542415014719447,0.448230025164487,True
b070_parked/episode_019e3c25-a92e-7824-a264-f1da48b9bd3d/replay_control,episode_019e3c25-a92e-7824-a264-f1da48b9bd3d,test,70,parked,replay_control,True,1.0,DT + S3,0.8542210558845251,0.4499065998983014,True
b070_parked/episode_019e3c25-a92e-7824-a264-f1da48b9bd3d/replay_control,episode_019e3c25-a92e-7824-a264-f1da48b9bd3d,test,70,parked,replay_control,True,1.0,DT + S5,0.848118654196306,0.4502469361783752,True
b070_parked/episode_019e3c25-a92e-7824-a264-f1da48b9bd3d/replay_control,episode_019e3c25-a92e-7824-a264-f1da48b9bd3d,test,70,parked,replay_control,True,1.0,Always successful,1.0,0.5,True
b070_parked/episode_019e3c25-a92e-7824-a264-f1da48b9bd3d/replay_control,episode_019e3c25-a92e-7824-a264-f1da48b9bd3d,test,70,parked,replay_control,True,1.0,Robometer progress,0.7429959177970886,,
b070_parked/episode_019e3c25-a92e-7824-a264-f1da48b9bd3d/replay_control,episode_019e3c25-a92e-7824-a264-f1da48b9bd3d,test,70,parked,replay_control,True,1.0,Robometer success,0.22953522205352783,0.5,False
b070_parked/episode_019e3c25-a92e-7824-a264-f1da48b9bd3d/hold,episode_019e3c25-a92e-7824-a264-f1da48b9bd3d,test,70,parked,hold,False,0.5,DINOv2,0.9738848805427551,0.8599722981452942,True
b070_parked/episode_019e3c25-a92e-7824-a264-f1da48b9bd3d/hold,episode_019e3c25-a92e-7824-a264-f1da48b9bd3d,test,70,parked,hold,False,0.5,DT,-1.994579792022705,-8.942145824432373,True
b070_parked/episode_019e3c25-a92e-7824-a264-f1da48b9bd3d/hold,episode_019e3c25-a92e-7824-a264-f1da48b9bd3d,test,70,parked,hold,False,0.5,Elapsed time,39.56666666666667,34.43333333333334,True
b070_parked/episode_019e3c25-a92e-7824-a264-f1da48b9bd3d/hold,episode_019e3c25-a92e-7824-a264-f1da48b9bd3d,test,70,parked,hold,False,0.5,S1,-1.233925700187683,-3.272519528865814,True
b070_parked/episode_019e3c25-a92e-7824-a264-f1da48b9bd3d/hold,episode_019e3c25-a92e-7824-a264-f1da48b9bd3d,test,70,parked,hold,False,0.5,S3,-1.1628836393356323,-3.2162272334098816,True
b070_parked/episode_019e3c25-a92e-7824-a264-f1da48b9bd3d/hold,episode_019e3c25-a92e-7824-a264-f1da48b9bd3d,test,70,parked,hold,False,0.5,S5,-1.192354440689087,-3.123962104320526,True
b070_parked/episode_019e3c25-a92e-7824-a264-f1da48b9bd3d/hold,episode_019e3c25-a92e-7824-a264-f1da48b9bd3d,test,70,parked,hold,False,0.5,DT + S1,0.8033401545618692,0.448230025164487,True
b070_parked/episode_019e3c25-a92e-7824-a264-f1da48b9bd3d/hold,episode_019e3c25-a92e-7824-a264-f1da48b9bd3d,test,70,parked,hold,False,0.5,DT + S3,0.8032778767015778,0.4499065998983014,True
b070_parked/episode_019e3c25-a92e-7824-a264-f1da48b9bd3d/hold,episode_019e3c25-a92e-7824-a264-f1da48b9bd3d,test,70,parked,hold,False,0.5,DT + S5,0.7945743783653264,0.4502469361783752,True
b070_parked/episode_019e3c25-a92e-7824-a264-f1da48b9bd3d/hold,episode_019e3c25-a92e-7824-a264-f1da48b9bd3d,test,70,parked,hold,False,0.5,Always successful,1.0,0.5,True
b070_parked/episode_019e3c25-a92e-7824-a264-f1da48b9bd3d/hold,episode_019e3c25-a92e-7824-a264-f1da48b9bd3d,test,70,parked,hold,False,0.5,Robometer progress,0.5618732571601868,,
b070_parked/episode_019e3c25-a92e-7824-a264-f1da48b9bd3d/hold,episode_019e3c25-a92e-7824-a264-f1da48b9bd3d,test,70,parked,hold,False,0.5,Robometer success,0.11436853557825089,0.5,False
b070_parked/episode_019e3c25-a92e-7824-a264-f1da48b9bd3d/random_walk,episode_019e3c25-a92e-7824-a264-f1da48b9bd3d,test,70,parked,random_walk,False,0.5,DINOv2,0.9734188318252563,0.8599722981452942,True
b070_parked/episode_019e3c25-a92e-7824-a264-f1da48b9bd3d/random_walk,episode_019e3c25-a92e-7824-a264-f1da48b9bd3d,test,70,parked,random_walk,False,0.5,DT,-2.017193555831909,-8.942145824432373,True
b070_parked/episode_019e3c25-a92e-7824-a264-f1da48b9bd3d/random_walk,episode_019e3c25-a92e-7824-a264-f1da48b9bd3d,test,70,parked,random_walk,False,0.5,Elapsed time,39.56666666666667,34.43333333333334,True
b070_parked/episode_019e3c25-a92e-7824-a264-f1da48b9bd3d/random_walk,episode_019e3c25-a92e-7824-a264-f1da48b9bd3d,test,70,parked,random_walk,False,0.5,S1,-1.2077938318252563,-3.272519528865814,True
b070_parked/episode_019e3c25-a92e-7824-a264-f1da48b9bd3d/random_walk,episode_019e3c25-a92e-7824-a264-f1da48b9bd3d,test,70,parked,random_walk,False,0.5,S3,-1.1500691175460815,-3.2162272334098816,True
b070_parked/episode_019e3c25-a92e-7824-a264-f1da48b9bd3d/random_walk,episode_019e3c25-a92e-7824-a264-f1da48b9bd3d,test,70,parked,random_walk,False,0.5,S5,-1.1771965026855469,-3.123962104320526,True
b070_parked/episode_019e3c25-a92e-7824-a264-f1da48b9bd3d/random_walk,episode_019e3c25-a92e-7824-a264-f1da48b9bd3d,test,70,parked,random_walk,False,0.5,DT + S1,0.8047038356152253,0.448230025164487,True
b070_parked/episode_019e3c25-a92e-7824-a264-f1da48b9bd3d/random_walk,episode_019e3c25-a92e-7824-a264-f1da48b9bd3d,test,70,parked,random_walk,False,0.5,DT + S3,0.8037367296813906,0.4499065998983014,True
b070_parked/episode_019e3c25-a92e-7824-a264-f1da48b9bd3d/random_walk,episode_019e3c25-a92e-7824-a264-f1da48b9bd3d,test,70,parked,random_walk,False,0.5,DT + S5,0.7952048201407756,0.4502469361783752,True
b070_parked/episode_019e3c25-a92e-7824-a264-f1da48b9bd3d/random_walk,episode_019e3c25-a92e-7824-a264-f1da48b9bd3d,test,70,parked,random_walk,False,0.5,Always successful,1.0,0.5,True
b070_parked/episode_019e3c25-a92e-7824-a264-f1da48b9bd3d/random_walk,episode_019e3c25-a92e-7824-a264-f1da48b9bd3d,test,70,parked,random_walk,False,0.5,Robometer progress,0.48586440086364746,,
b070_parked/episode_019e3c25-a92e-7824-a264-f1da48b9bd3d/random_walk,episode_019e3c25-a92e-7824-a264-f1da48b9bd3d,test,70,parked,random_walk,False,0.5,Robometer success,0.08151976019144058,0.5,False
b070_parked/episode_019e2261-5abe-7ece-910d-8988dd12106a/replay_control,episode_019e2261-5abe-7ece-910d-8988dd12106a,test,70,parked,replay_control,True,1.0,DINOv2,0.9995707869529724,0.8599722981452942,True
b070_parked/episode_019e2261-5abe-7ece-910d-8988dd12106a/replay_control,episode_019e2261-5abe-7ece-910d-8988dd12106a,test,70,parked,replay_control,True,1.0,DT,-2.1736066341400146,-8.942145824432373,True
b070_parked/episode_019e2261-5abe-7ece-910d-8988dd12106a/replay_control,episode_019e2261-5abe-7ece-910d-8988dd12106a,test,70,parked,replay_control,True,1.0,Elapsed time,33.8,34.43333333333334,False
b070_parked/episode_019e2261-5abe-7ece-910d-8988dd12106a/replay_control,episode_019e2261-5abe-7ece-910d-8988dd12106a,test,70,parked,replay_control,True,1.0,S1,-0.517880916595459,-3.272519528865814,True
b070_parked/episode_019e2261-5abe-7ece-910d-8988dd12106a/replay_control,episode_019e2261-5abe-7ece-910d-8988dd12106a,test,70,parked,replay_control,True,1.0,S3,-0.4718283414840698,-3.2162272334098816,True
b070_parked/episode_019e2261-5abe-7ece-910d-8988dd12106a/replay_control,episode_019e2261-5abe-7ece-910d-8988dd12106a,test,70,parked,replay_control,True,1.0,S5,-0.48408418893814087,-3.123962104320526,True
b070_parked/episode_019e2261-5abe-7ece-910d-8988dd12106a/replay_control,episode_019e2261-5abe-7ece-910d-8988dd12106a,test,70,parked,replay_control,True,1.0,DT + S1,0.8446182032492203,0.448230025164487,True
b070_parked/episode_019e2261-5abe-7ece-910d-8988dd12106a/replay_control,episode_019e2261-5abe-7ece-910d-8988dd12106a,test,70,parked,replay_control,True,1.0,DT + S3,0.842637509601167,0.4499065998983014,True
b070_parked/episode_019e2261-5abe-7ece-910d-8988dd12106a/replay_control,episode_019e2261-5abe-7ece-910d-8988dd12106a,test,70,parked,replay_control,True,1.0,DT + S5,0.8361417573194775,0.4502469361783752,True
b070_parked/episode_019e2261-5abe-7ece-910d-8988dd12106a/replay_control,episode_019e2261-5abe-7ece-910d-8988dd12106a,test,70,parked,replay_control,True,1.0,Always successful,1.0,0.5,True
b070_parked/episode_019e2261-5abe-7ece-910d-8988dd12106a/replay_control,episode_019e2261-5abe-7ece-910d-8988dd12106a,test,70,parked,replay_control,True,1.0,Robometer progress,0.26717403531074524,,
b070_parked/episode_019e2261-5abe-7ece-910d-8988dd12106a/replay_control,episode_019e2261-5abe-7ece-910d-8988dd12106a,test,70,parked,replay_control,True,1.0,Robometer success,0.034100424498319626,0.5,False
b070_parked/episode_019e2261-5abe-7ece-910d-8988dd12106a/hold,episode_019e2261-5abe-7ece-910d-8988dd12106a,test,70,parked,hold,False,0.5,DINOv2,0.9816505908966064,0.8599722981452942,True
b070_parked/episode_019e2261-5abe-7ece-910d-8988dd12106a/hold,episode_019e2261-5abe-7ece-910d-8988dd12106a,test,70,parked,hold,False,0.5,DT,-2.7426109313964844,-8.942145824432373,True
b070_parked/episode_019e2261-5abe-7ece-910d-8988dd12106a/hold,episode_019e2261-5abe-7ece-910d-8988dd12106a,test,70,parked,hold,False,0.5,Elapsed time,33.8,34.43333333333334,False
b070_parked/episode_019e2261-5abe-7ece-910d-8988dd12106a/hold,episode_019e2261-5abe-7ece-910d-8988dd12106a,test,70,parked,hold,False,0.5,S1,-1.0420862436294556,-3.272519528865814,True
b070_parked/episode_019e2261-5abe-7ece-910d-8988dd12106a/hold,episode_019e2261-5abe-7ece-910d-8988dd12106a,test,70,parked,hold,False,0.5,S3,-0.9181581735610962,-3.2162272334098816,True
b070_parked/episode_019e2261-5abe-7ece-910d-8988dd12106a/hold,episode_019e2261-5abe-7ece-910d-8988dd12106a,test,70,parked,hold,False,0.5,S5,-0.9219557046890259,-3.123962104320526,True
b070_parked/episode_019e2261-5abe-7ece-910d-8988dd12106a/hold,episode_019e2261-5abe-7ece-910d-8988dd12106a,test,70,parked,hold,False,0.5,DT + S1,0.8032449469932074,0.448230025164487,True
b070_parked/episode_019e2261-5abe-7ece-910d-8988dd12106a/hold,episode_019e2261-5abe-7ece-910d-8988dd12106a,test,70,parked,hold,False,0.5,DT + S3,0.806537221200117,0.4499065998983014,True
b070_parked/episode_019e2261-5abe-7ece-910d-8988dd12106a/hold,episode_019e2261-5abe-7ece-910d-8988dd12106a,test,70,parked,hold,False,0.5,DT + S5,0.7996084266894361,0.4502469361783752,True
b070_parked/episode_019e2261-5abe-7ece-910d-8988dd12106a/hold,episode_019e2261-5abe-7ece-910d-8988dd12106a,test,70,parked,hold,False,0.5,Always successful,1.0,0.5,True
b070_parked/episode_019e2261-5abe-7ece-910d-8988dd12106a/hold,episode_019e2261-5abe-7ece-910d-8988dd12106a,test,70,parked,hold,False,0.5,Robometer progress,0.2423371970653534,,
b070_parked/episode_019e2261-5abe-7ece-910d-8988dd12106a/hold,episode_019e2261-5abe-7ece-910d-8988dd12106a,test,70,parked,hold,False,0.5,Robometer success,0.04535258188843727,0.5,False
b070_parked/episode_019e2261-5abe-7ece-910d-8988dd12106a/random_walk,episode_019e2261-5abe-7ece-910d-8988dd12106a,test,70,parked,random_walk,True,1.0,DINOv2,0.9772111177444458,0.8599722981452942,True
b070_parked/episode_019e2261-5abe-7ece-910d-8988dd12106a/random_walk,episode_019e2261-5abe-7ece-910d-8988dd12106a,test,70,parked,random_walk,True,1.0,DT,-4.617765426635742,-8.942145824432373,True
b070_parked/episode_019e2261-5abe-7ece-910d-8988dd12106a/random_walk,episode_019e2261-5abe-7ece-910d-8988dd12106a,test,70,parked,random_walk,True,1.0,Elapsed time,33.8,34.43333333333334,False
b070_parked/episode_019e2261-5abe-7ece-910d-8988dd12106a/random_walk,episode_019e2261-5abe-7ece-910d-8988dd12106a,test,70,parked,random_walk,True,1.0,S1,-0.8833968639373779,-3.272519528865814,True
b070_parked/episode_019e2261-5abe-7ece-910d-8988dd12106a/random_walk,episode_019e2261-5abe-7ece-910d-8988dd12106a,test,70,parked,random_walk,True,1.0,S3,-0.8643848896026611,-3.2162272334098816,True
b070_parked/episode_019e2261-5abe-7ece-910d-8988dd12106a/random_walk,episode_019e2261-5abe-7ece-910d-8988dd12106a,test,70,parked,random_walk,True,1.0,S5,-0.8930137157440186,-3.123962104320526,True
b070_parked/episode_019e2261-5abe-7ece-910d-8988dd12106a/random_walk,episode_019e2261-5abe-7ece-910d-8988dd12106a,test,70,parked,random_walk,True,1.0,DT + S1,0.7803577418226916,0.448230025164487,True
b070_parked/episode_019e2261-5abe-7ece-910d-8988dd12106a/random_walk,episode_019e2261-5abe-7ece-910d-8988dd12106a,test,70,parked,random_walk,True,1.0,DT + S3,0.7762961049623677,0.4499065998983014,True
b070_parked/episode_019e2261-5abe-7ece-910d-8988dd12106a/random_walk,episode_019e2261-5abe-7ece-910d-8988dd12106a,test,70,parked,random_walk,True,1.0,DT + S5,0.7667439856502728,0.4502469361783752,True
b070_parked/episode_019e2261-5abe-7ece-910d-8988dd12106a/random_walk,episode_019e2261-5abe-7ece-910d-8988dd12106a,test,70,parked,random_walk,True,1.0,Always successful,1.0,0.5,True
b070_parked/episode_019e2261-5abe-7ece-910d-8988dd12106a/random_walk,episode_019e2261-5abe-7ece-910d-8988dd12106a,test,70,parked,random_walk,True,1.0,Robometer progress,0.16257992386817932,,
b070_parked/episode_019e2261-5abe-7ece-910d-8988dd12106a/random_walk,episode_019e2261-5abe-7ece-910d-8988dd12106a,test,70,parked,random_walk,True,1.0,Robometer success,0.012821214273571968,0.5,False
b090_original/episode_019e298a-84a1-7557-ae97-93326347b45c/replay_control,episode_019e298a-84a1-7557-ae97-93326347b45c,dev,90,original,replay_control,True,1.0,DINOv2,0.996187686920166,0.8599722981452942,True
b090_original/episode_019e298a-84a1-7557-ae97-93326347b45c/replay_control,episode_019e298a-84a1-7557-ae97-93326347b45c,dev,90,original,replay_control,True,1.0,DT,-2.1100077629089355,-8.942145824432373,True
b090_original/episode_019e298a-84a1-7557-ae97-93326347b45c/replay_control,episode_019e298a-84a1-7557-ae97-93326347b45c,dev,90,original,replay_control,True,1.0,Elapsed time,34.43333333333333,34.43333333333334,False
b090_original/episode_019e298a-84a1-7557-ae97-93326347b45c/replay_control,episode_019e298a-84a1-7557-ae97-93326347b45c,dev,90,original,replay_control,True,1.0,S1,-1.0625237226486206,-3.272519528865814,True
b090_original/episode_019e298a-84a1-7557-ae97-93326347b45c/replay_control,episode_019e298a-84a1-7557-ae97-93326347b45c,dev,90,original,replay_control,True,1.0,S3,-0.9119796752929688,-3.2162272334098816,True
b090_original/episode_019e298a-84a1-7557-ae97-93326347b45c/replay_control,episode_019e298a-84a1-7557-ae97-93326347b45c,dev,90,original,replay_control,True,1.0,S5,-0.8916957974433899,-3.123962104320526,True
b090_original/episode_019e298a-84a1-7557-ae97-93326347b45c/replay_control,episode_019e298a-84a1-7557-ae97-93326347b45c,dev,90,original,replay_control,True,1.0,DT + S1,0.8127065469316165,0.448230025164487,True
b090_original/episode_019e298a-84a1-7557-ae97-93326347b45c/replay_control,episode_019e298a-84a1-7557-ae97-93326347b45c,dev,90,original,replay_control,True,1.0,DT + S3,0.8175427319591909,0.4499065998983014,True
b090_original/episode_019e298a-84a1-7557-ae97-93326347b45c/replay_control,episode_019e298a-84a1-7557-ae97-93326347b45c,dev,90,original,replay_control,True,1.0,DT + S5,0.8124499628082719,0.4502469361783752,True
b090_original/episode_019e298a-84a1-7557-ae97-93326347b45c/replay_control,episode_019e298a-84a1-7557-ae97-93326347b45c,dev,90,original,replay_control,True,1.0,Always successful,1.0,0.5,True
b090_original/episode_019e298a-84a1-7557-ae97-93326347b45c/replay_control,episode_019e298a-84a1-7557-ae97-93326347b45c,dev,90,original,replay_control,True,1.0,Robometer progress,0.08219049870967865,,
b090_original/episode_019e298a-84a1-7557-ae97-93326347b45c/replay_control,episode_019e298a-84a1-7557-ae97-93326347b45c,dev,90,original,replay_control,True,1.0,Robometer success,0.04146226868033409,0.5,False
b090_original/episode_019e298a-84a1-7557-ae97-93326347b45c/hold,episode_019e298a-84a1-7557-ae97-93326347b45c,dev,90,original,hold,True,1.0,DINOv2,0.6690636873245239,0.8599722981452942,False
b090_original/episode_019e298a-84a1-7557-ae97-93326347b45c/hold,episode_019e298a-84a1-7557-ae97-93326347b45c,dev,90,original,hold,True,1.0,DT,-10.74525260925293,-8.942145824432373,False
b090_original/episode_019e298a-84a1-7557-ae97-93326347b45c/hold,episode_019e298a-84a1-7557-ae97-93326347b45c,dev,90,original,hold,True,1.0,Elapsed time,34.43333333333333,34.43333333333334,False
b090_original/episode_019e298a-84a1-7557-ae97-93326347b45c/hold,episode_019e298a-84a1-7557-ae97-93326347b45c,dev,90,original,hold,True,1.0,S1,-5.728945732116699,-3.272519528865814,False
b090_original/episode_019e298a-84a1-7557-ae97-93326347b45c/hold,episode_019e298a-84a1-7557-ae97-93326347b45c,dev,90,original,hold,True,1.0,S3,-5.635158061981201,-3.2162272334098816,False
b090_original/episode_019e298a-84a1-7557-ae97-93326347b45c/hold,episode_019e298a-84a1-7557-ae97-93326347b45c,dev,90,original,hold,True,1.0,S5,-5.537839412689209,-3.123962104320526,False
b090_original/episode_019e298a-84a1-7557-ae97-93326347b45c/hold,episode_019e298a-84a1-7557-ae97-93326347b45c,dev,90,original,hold,True,1.0,DT + S1,0.18628711346598198,0.448230025164487,False
b090_original/episode_019e298a-84a1-7557-ae97-93326347b45c/hold,episode_019e298a-84a1-7557-ae97-93326347b45c,dev,90,original,hold,True,1.0,DT + S3,0.19209892039834264,0.4499065998983014,False
b090_original/episode_019e298a-84a1-7557-ae97-93326347b45c/hold,episode_019e298a-84a1-7557-ae97-93326347b45c,dev,90,original,hold,True,1.0,DT + S5,0.1932550226826428,0.4502469361783752,False
b090_original/episode_019e298a-84a1-7557-ae97-93326347b45c/hold,episode_019e298a-84a1-7557-ae97-93326347b45c,dev,90,original,hold,True,1.0,Always successful,1.0,0.5,True
b090_original/episode_019e298a-84a1-7557-ae97-93326347b45c/hold,episode_019e298a-84a1-7557-ae97-93326347b45c,dev,90,original,hold,True,1.0,Robometer progress,0.20130640268325806,,
b090_original/episode_019e298a-84a1-7557-ae97-93326347b45c/hold,episode_019e298a-84a1-7557-ae97-93326347b45c,dev,90,original,hold,True,1.0,Robometer success,0.07807816565036774,0.5,False
b090_original/episode_019e298a-84a1-7557-ae97-93326347b45c/random_walk,episode_019e298a-84a1-7557-ae97-93326347b45c,dev,90,original,random_walk,True,1.0,DINOv2,0.6723024249076843,0.8599722981452942,False
b090_original/episode_019e298a-84a1-7557-ae97-93326347b45c/random_walk,episode_019e298a-84a1-7557-ae97-93326347b45c,dev,90,original,random_walk,True,1.0,DT,-6.51658821105957,-8.942145824432373,True
b090_original/episode_019e298a-84a1-7557-ae97-93326347b45c/random_walk,episode_019e298a-84a1-7557-ae97-93326347b45c,dev,90,original,random_walk,True,1.0,Elapsed time,34.43333333333333,34.43333333333334,False
b090_original/episode_019e298a-84a1-7557-ae97-93326347b45c/random_walk,episode_019e298a-84a1-7557-ae97-93326347b45c,dev,90,original,random_walk,True,1.0,S1,-5.918381690979004,-3.272519528865814,False
b090_original/episode_019e298a-84a1-7557-ae97-93326347b45c/random_walk,episode_019e298a-84a1-7557-ae97-93326347b45c,dev,90,original,random_walk,True,1.0,S3,-5.268640995025635,-3.2162272334098816,False
b090_original/episode_019e298a-84a1-7557-ae97-93326347b45c/random_walk,episode_019e298a-84a1-7557-ae97-93326347b45c,dev,90,original,random_walk,True,1.0,S5,-4.752107620239258,-3.123962104320526,False
b090_original/episode_019e298a-84a1-7557-ae97-93326347b45c/random_walk,episode_019e298a-84a1-7557-ae97-93326347b45c,dev,90,original,random_walk,True,1.0,DT + S1,0.25178093689506853,0.448230025164487,False
b090_original/episode_019e298a-84a1-7557-ae97-93326347b45c/random_walk,episode_019e298a-84a1-7557-ae97-93326347b45c,dev,90,original,random_walk,True,1.0,DT + S3,0.3062957525033925,0.4499065998983014,False
b090_original/episode_019e298a-84a1-7557-ae97-93326347b45c/random_walk,episode_019e298a-84a1-7557-ae97-93326347b45c,dev,90,original,random_walk,True,1.0,DT + S5,0.34629846698307865,0.4502469361783752,False
b090_original/episode_019e298a-84a1-7557-ae97-93326347b45c/random_walk,episode_019e298a-84a1-7557-ae97-93326347b45c,dev,90,original,random_walk,True,1.0,Always successful,1.0,0.5,True
b090_original/episode_019e298a-84a1-7557-ae97-93326347b45c/random_walk,episode_019e298a-84a1-7557-ae97-93326347b45c,dev,90,original,random_walk,True,1.0,Robometer progress,0.07717315107584,,
b090_original/episode_019e298a-84a1-7557-ae97-93326347b45c/random_walk,episode_019e298a-84a1-7557-ae97-93326347b45c,dev,90,original,random_walk,True,1.0,Robometer success,0.03676946833729744,0.5,False
b090_original/episode_019e3c90-fb67-765e-8e8e-12c56ddda3ba/replay_control,episode_019e3c90-fb67-765e-8e8e-12c56ddda3ba,dev,90,original,replay_control,True,1.0,DINOv2,0.9986065626144409,0.8599722981452942,True
b090_original/episode_019e3c90-fb67-765e-8e8e-12c56ddda3ba/replay_control,episode_019e3c90-fb67-765e-8e8e-12c56ddda3ba,dev,90,original,replay_control,True,1.0,DT,-2.1193573474884033,-8.942145824432373,True
b090_original/episode_019e3c90-fb67-765e-8e8e-12c56ddda3ba/replay_control,episode_019e3c90-fb67-765e-8e8e-12c56ddda3ba,dev,90,original,replay_control,True,1.0,Elapsed time,27.266666666666666,34.43333333333334,False
b090_original/episode_019e3c90-fb67-765e-8e8e-12c56ddda3ba/replay_control,episode_019e3c90-fb67-765e-8e8e-12c56ddda3ba,dev,90,original,replay_control,True,1.0,S1,-0.6794617772102356,-3.272519528865814,True
b090_original/episode_019e3c90-fb67-765e-8e8e-12c56ddda3ba/replay_control,episode_019e3c90-fb67-765e-8e8e-12c56ddda3ba,dev,90,original,replay_control,True,1.0,S3,-0.586118221282959,-3.2162272334098816,True
b090_original/episode_019e3c90-fb67-765e-8e8e-12c56ddda3ba/replay_control,episode_019e3c90-fb67-765e-8e8e-12c56ddda3ba,dev,90,original,replay_control,True,1.0,S5,-0.5659951567649841,-3.123962104320526,True
b090_original/episode_019e3c90-fb67-765e-8e8e-12c56ddda3ba/replay_control,episode_019e3c90-fb67-765e-8e8e-12c56ddda3ba,dev,90,original,replay_control,True,1.0,DT + S1,0.8361773211217701,0.448230025164487,True
b090_original/episode_019e3c90-fb67-765e-8e8e-12c56ddda3ba/replay_control,episode_019e3c90-fb67-765e-8e8e-12c56ddda3ba,dev,90,original,replay_control,True,1.0,DT + S3,0.836970963260901,0.4499065998983014,True
b090_original/episode_019e3c90-fb67-765e-8e8e-12c56ddda3ba/replay_control,episode_019e3c90-fb67-765e-8e8e-12c56ddda3ba,dev,90,original,replay_control,True,1.0,DT + S5,0.8322191989984608,0.4502469361783752,True
b090_original/episode_019e3c90-fb67-765e-8e8e-12c56ddda3ba/replay_control,episode_019e3c90-fb67-765e-8e8e-12c56ddda3ba,dev,90,original,replay_control,True,1.0,Always successful,1.0,0.5,True
b090_original/episode_019e3c90-fb67-765e-8e8e-12c56ddda3ba/replay_control,episode_019e3c90-fb67-765e-8e8e-12c56ddda3ba,dev,90,original,replay_control,True,1.0,Robometer progress,0.8467139005661011,,
b090_original/episode_019e3c90-fb67-765e-8e8e-12c56ddda3ba/replay_control,episode_019e3c90-fb67-765e-8e8e-12c56ddda3ba,dev,90,original,replay_control,True,1.0,Robometer success,0.5664982199668884,0.5,True
b090_original/episode_019e3c90-fb67-765e-8e8e-12c56ddda3ba/hold,episode_019e3c90-fb67-765e-8e8e-12c56ddda3ba,dev,90,original,hold,True,1.0,DINOv2,0.6643062829971313,0.8599722981452942,False
b090_original/episode_019e3c90-fb67-765e-8e8e-12c56ddda3ba/hold,episode_019e3c90-fb67-765e-8e8e-12c56ddda3ba,dev,90,original,hold,True,1.0,DT,-11.175371170043945,-8.942145824432373,False
b090_original/episode_019e3c90-fb67-765e-8e8e-12c56ddda3ba/hold,episode_019e3c90-fb67-765e-8e8e-12c56ddda3ba,dev,90,original,hold,True,1.0,Elapsed time,27.266666666666666,34.43333333333334,False
b090_original/episode_019e3c90-fb67-765e-8e8e-12c56ddda3ba/hold,episode_019e3c90-fb67-765e-8e8e-12c56ddda3ba,dev,90,original,hold,True,1.0,S1,-5.802044868469238,-3.272519528865814,False
b090_original/episode_019e3c90-fb67-765e-8e8e-12c56ddda3ba/hold,episode_019e3c90-fb67-765e-8e8e-12c56ddda3ba,dev,90,original,hold,True,1.0,S3,-5.739649772644043,-3.2162272334098816,False
b090_original/episode_019e3c90-fb67-765e-8e8e-12c56ddda3ba/hold,episode_019e3c90-fb67-765e-8e8e-12c56ddda3ba,dev,90,original,hold,True,1.0,S5,-5.656394958496094,-3.123962104320526,False
b090_original/episode_019e3c90-fb67-765e-8e8e-12c56ddda3ba/hold,episode_019e3c90-fb67-765e-8e8e-12c56ddda3ba,dev,90,original,hold,True,1.0,DT + S1,0.1746683657770002,0.448230025164487,False
b090_original/episode_019e3c90-fb67-765e-8e8e-12c56ddda3ba/hold,episode_019e3c90-fb67-765e-8e8e-12c56ddda3ba,dev,90,original,hold,True,1.0,DT + S3,0.17833597381574195,0.4499065998983014,False
b090_original/episode_019e3c90-fb67-765e-8e8e-12c56ddda3ba/hold,episode_019e3c90-fb67-765e-8e8e-12c56ddda3ba,dev,90,original,hold,True,1.0,DT + S5,0.17859300549398535,0.4502469361783752,False
b090_original/episode_019e3c90-fb67-765e-8e8e-12c56ddda3ba/hold,episode_019e3c90-fb67-765e-8e8e-12c56ddda3ba,dev,90,original,hold,True,1.0,Always successful,1.0,0.5,True
b090_original/episode_019e3c90-fb67-765e-8e8e-12c56ddda3ba/hold,episode_019e3c90-fb67-765e-8e8e-12c56ddda3ba,dev,90,original,hold,True,1.0,Robometer progress,0.7012072801589966,,
b090_original/episode_019e3c90-fb67-765e-8e8e-12c56ddda3ba/hold,episode_019e3c90-fb67-765e-8e8e-12c56ddda3ba,dev,90,original,hold,True,1.0,Robometer success,0.2146914303302765,0.5,False
b090_original/episode_019e3c90-fb67-765e-8e8e-12c56ddda3ba/random_walk,episode_019e3c90-fb67-765e-8e8e-12c56ddda3ba,dev,90,original,random_walk,True,1.0,DINOv2,0.7140461206436157,0.8599722981452942,False
b090_original/episode_019e3c90-fb67-765e-8e8e-12c56ddda3ba/random_walk,episode_019e3c90-fb67-765e-8e8e-12c56ddda3ba,dev,90,original,random_walk,True,1.0,DT,-11.398468017578125,-8.942145824432373,False
b090_original/episode_019e3c90-fb67-765e-8e8e-12c56ddda3ba/random_walk,episode_019e3c90-fb67-765e-8e8e-12c56ddda3ba,dev,90,original,random_walk,True,1.0,Elapsed time,27.266666666666666,34.43333333333334,False
b090_original/episode_019e3c90-fb67-765e-8e8e-12c56ddda3ba/random_walk,episode_019e3c90-fb67-765e-8e8e-12c56ddda3ba,dev,90,original,random_walk,True,1.0,S1,-5.456845283508301,-3.272519528865814,False
b090_original/episode_019e3c90-fb67-765e-8e8e-12c56ddda3ba/random_walk,episode_019e3c90-fb67-765e-8e8e-12c56ddda3ba,dev,90,original,random_walk,True,1.0,S3,-4.7124786376953125,-3.2162272334098816,False
b090_original/episode_019e3c90-fb67-765e-8e8e-12c56ddda3ba/random_walk,episode_019e3c90-fb67-765e-8e8e-12c56ddda3ba,dev,90,original,random_walk,True,1.0,S5,-4.597710609436035,-3.123962104320526,False
b090_original/episode_019e3c90-fb67-765e-8e8e-12c56ddda3ba/random_walk,episode_019e3c90-fb67-765e-8e8e-12c56ddda3ba,dev,90,original,random_walk,True,1.0,DT + S1,0.1930616431975938,0.448230025164487,False
b090_original/episode_019e3c90-fb67-765e-8e8e-12c56ddda3ba/random_walk,episode_019e3c90-fb67-765e-8e8e-12c56ddda3ba,dev,90,original,random_walk,True,1.0,DT + S3,0.246008786456712,0.4499065998983014,False
b090_original/episode_019e3c90-fb67-765e-8e8e-12c56ddda3ba/random_walk,episode_019e3c90-fb67-765e-8e8e-12c56ddda3ba,dev,90,original,random_walk,True,1.0,DT + S5,0.2484556220667913,0.4502469361783752,False
b090_original/episode_019e3c90-fb67-765e-8e8e-12c56ddda3ba/random_walk,episode_019e3c90-fb67-765e-8e8e-12c56ddda3ba,dev,90,original,random_walk,True,1.0,Always successful,1.0,0.5,True
b090_original/episode_019e3c90-fb67-765e-8e8e-12c56ddda3ba/random_walk,episode_019e3c90-fb67-765e-8e8e-12c56ddda3ba,dev,90,original,random_walk,True,1.0,Robometer progress,0.8301385641098022,,
b090_original/episode_019e3c90-fb67-765e-8e8e-12c56ddda3ba/random_walk,episode_019e3c90-fb67-765e-8e8e-12c56ddda3ba,dev,90,original,random_walk,True,1.0,Robometer success,0.5467381477355957,0.5,True
b090_original/episode_019e1e35-af9f-7d66-93b0-478d1c079799/replay_control,episode_019e1e35-af9f-7d66-93b0-478d1c079799,test,90,original,replay_control,True,1.0,DINOv2,0.9972654581069946,0.8599722981452942,True
b090_original/episode_019e1e35-af9f-7d66-93b0-478d1c079799/replay_control,episode_019e1e35-af9f-7d66-93b0-478d1c079799,test,90,original,replay_control,True,1.0,DT,-2.21653413772583,-8.942145824432373,True
b090_original/episode_019e1e35-af9f-7d66-93b0-478d1c079799/replay_control,episode_019e1e35-af9f-7d66-93b0-478d1c079799,test,90,original,replay_control,True,1.0,Elapsed time,26.433333333333334,34.43333333333334,False
b090_original/episode_019e1e35-af9f-7d66-93b0-478d1c079799/replay_control,episode_019e1e35-af9f-7d66-93b0-478d1c079799,test,90,original,replay_control,True,1.0,S1,-0.9895676374435425,-3.272519528865814,True
b090_original/episode_019e1e35-af9f-7d66-93b0-478d1c079799/replay_control,episode_019e1e35-af9f-7d66-93b0-478d1c079799,test,90,original,replay_control,True,1.0,S3,-0.8905245065689087,-3.2162272334098816,True
b090_original/episode_019e1e35-af9f-7d66-93b0-478d1c079799/replay_control,episode_019e1e35-af9f-7d66-93b0-478d1c079799,test,90,original,replay_control,True,1.0,S5,-0.8824103474617004,-3.123962104320526,True
b090_original/episode_019e1e35-af9f-7d66-93b0-478d1c079799/replay_control,episode_019e1e35-af9f-7d66-93b0-478d1c079799,test,90,original,replay_control,True,1.0,DT + S1,0.8156386285595218,0.448230025164487,True
b090_original/episode_019e1e35-af9f-7d66-93b0-478d1c079799/replay_control,episode_019e1e35-af9f-7d66-93b0-478d1c079799,test,90,original,replay_control,True,1.0,DT + S3,0.8171425883355193,0.4499065998983014,True
b090_original/episode_019e1e35-af9f-7d66-93b0-478d1c079799/replay_control,episode_019e1e35-af9f-7d66-93b0-478d1c079799,test,90,original,replay_control,True,1.0,DT + S5,0.8112569917857471,0.4502469361783752,True
b090_original/episode_019e1e35-af9f-7d66-93b0-478d1c079799/replay_control,episode_019e1e35-af9f-7d66-93b0-478d1c079799,test,90,original,replay_control,True,1.0,Always successful,1.0,0.5,True
b090_original/episode_019e1e35-af9f-7d66-93b0-478d1c079799/replay_control,episode_019e1e35-af9f-7d66-93b0-478d1c079799,test,90,original,replay_control,True,1.0,Robometer progress,0.15776178240776062,,
b090_original/episode_019e1e35-af9f-7d66-93b0-478d1c079799/replay_control,episode_019e1e35-af9f-7d66-93b0-478d1c079799,test,90,original,replay_control,True,1.0,Robometer success,0.037892427295446396,0.5,False
b090_original/episode_019e1e35-af9f-7d66-93b0-478d1c079799/hold,episode_019e1e35-af9f-7d66-93b0-478d1c079799,test,90,original,hold,True,1.0,DINOv2,0.786595344543457,0.8599722981452942,False
b090_original/episode_019e1e35-af9f-7d66-93b0-478d1c079799/hold,episode_019e1e35-af9f-7d66-93b0-478d1c079799,test,90,original,hold,True,1.0,DT,-5.738063812255859,-8.942145824432373,True
b090_original/episode_019e1e35-af9f-7d66-93b0-478d1c079799/hold,episode_019e1e35-af9f-7d66-93b0-478d1c079799,test,90,original,hold,True,1.0,Elapsed time,26.433333333333334,34.43333333333334,False
b090_original/episode_019e1e35-af9f-7d66-93b0-478d1c079799/hold,episode_019e1e35-af9f-7d66-93b0-478d1c079799,test,90,original,hold,True,1.0,S1,-5.64396858215332,-3.272519528865814,False
b090_original/episode_019e1e35-af9f-7d66-93b0-478d1c079799/hold,episode_019e1e35-af9f-7d66-93b0-478d1c079799,test,90,original,hold,True,1.0,S3,-5.711134910583496,-3.2162272334098816,False
b090_original/episode_019e1e35-af9f-7d66-93b0-478d1c079799/hold,episode_019e1e35-af9f-7d66-93b0-478d1c079799,test,90,original,hold,True,1.0,S5,-5.587110996246338,-3.123962104320526,False
b090_original/episode_019e1e35-af9f-7d66-93b0-478d1c079799/hold,episode_019e1e35-af9f-7d66-93b0-478d1c079799,test,90,original,hold,True,1.0,DT + S1,0.29187475803840535,0.448230025164487,False
b090_original/episode_019e1e35-af9f-7d66-93b0-478d1c079799/hold,episode_019e1e35-af9f-7d66-93b0-478d1c079799,test,90,original,hold,True,1.0,DT + S3,0.28534357373847585,0.4499065998983014,False
b090_original/episode_019e1e35-af9f-7d66-93b0-478d1c079799/hold,episode_019e1e35-af9f-7d66-93b0-478d1c079799,test,90,original,hold,True,1.0,DT + S5,0.28911749433605877,0.4502469361783752,False
b090_original/episode_019e1e35-af9f-7d66-93b0-478d1c079799/hold,episode_019e1e35-af9f-7d66-93b0-478d1c079799,test,90,original,hold,True,1.0,Always successful,1.0,0.5,True
b090_original/episode_019e1e35-af9f-7d66-93b0-478d1c079799/hold,episode_019e1e35-af9f-7d66-93b0-478d1c079799,test,90,original,hold,True,1.0,Robometer progress,0.3360004127025604,,
b090_original/episode_019e1e35-af9f-7d66-93b0-478d1c079799/hold,episode_019e1e35-af9f-7d66-93b0-478d1c079799,test,90,original,hold,True,1.0,Robometer success,0.08882029354572296,0.5,False
b090_original/episode_019e1e35-af9f-7d66-93b0-478d1c079799/random_walk,episode_019e1e35-af9f-7d66-93b0-478d1c079799,test,90,original,random_walk,True,1.0,DINOv2,0.6176345348358154,0.8599722981452942,False
b090_original/episode_019e1e35-af9f-7d66-93b0-478d1c079799/random_walk,episode_019e1e35-af9f-7d66-93b0-478d1c079799,test,90,original,random_walk,True,1.0,DT,-7.476377010345459,-8.942145824432373,True
b090_original/episode_019e1e35-af9f-7d66-93b0-478d1c079799/random_walk,episode_019e1e35-af9f-7d66-93b0-478d1c079799,test,90,original,random_walk,True,1.0,Elapsed time,26.433333333333334,34.43333333333334,False
b090_original/episode_019e1e35-af9f-7d66-93b0-478d1c079799/random_walk,episode_019e1e35-af9f-7d66-93b0-478d1c079799,test,90,original,random_walk,True,1.0,S1,-5.793684005737305,-3.272519528865814,False
b090_original/episode_019e1e35-af9f-7d66-93b0-478d1c079799/random_walk,episode_019e1e35-af9f-7d66-93b0-478d1c079799,test,90,original,random_walk,True,1.0,S3,-4.957831382751465,-3.2162272334098816,False
b090_original/episode_019e1e35-af9f-7d66-93b0-478d1c079799/random_walk,episode_019e1e35-af9f-7d66-93b0-478d1c079799,test,90,original,random_walk,True,1.0,S5,-4.709385871887207,-3.123962104320526,False
b090_original/episode_019e1e35-af9f-7d66-93b0-478d1c079799/random_walk,episode_019e1e35-af9f-7d66-93b0-478d1c079799,test,90,original,random_walk,True,1.0,DT + S1,0.24200601599163793,0.448230025164487,False
b090_original/episode_019e1e35-af9f-7d66-93b0-478d1c079799/random_walk,episode_019e1e35-af9f-7d66-93b0-478d1c079799,test,90,original,random_walk,True,1.0,DT + S3,0.31169513226462975,0.4499065998983014,False
b090_original/episode_019e1e35-af9f-7d66-93b0-478d1c079799/random_walk,episode_019e1e35-af9f-7d66-93b0-478d1c079799,test,90,original,random_walk,True,1.0,DT + S5,0.3267613573705278,0.4502469361783752,False
b090_original/episode_019e1e35-af9f-7d66-93b0-478d1c079799/random_walk,episode_019e1e35-af9f-7d66-93b0-478d1c079799,test,90,original,random_walk,True,1.0,Always successful,1.0,0.5,True
b090_original/episode_019e1e35-af9f-7d66-93b0-478d1c079799/random_walk,episode_019e1e35-af9f-7d66-93b0-478d1c079799,test,90,original,random_walk,True,1.0,Robometer progress,0.2052215337753296,,
b090_original/episode_019e1e35-af9f-7d66-93b0-478d1c079799/random_walk,episode_019e1e35-af9f-7d66-93b0-478d1c079799,test,90,original,random_walk,True,1.0,Robometer success,0.04958902671933174,0.5,False
b090_original/episode_019e2d91-6e08-7f79-a3e4-c843c73a3ef2/replay_control,episode_019e2d91-6e08-7f79-a3e4-c843c73a3ef2,test,90,original,replay_control,True,1.0,DINOv2,0.9986265897750854,0.8599722981452942,True
b090_original/episode_019e2d91-6e08-7f79-a3e4-c843c73a3ef2/replay_control,episode_019e2d91-6e08-7f79-a3e4-c843c73a3ef2,test,90,original,replay_control,True,1.0,DT,-2.025355339050293,-8.942145824432373,True
b090_original/episode_019e2d91-6e08-7f79-a3e4-c843c73a3ef2/replay_control,episode_019e2d91-6e08-7f79-a3e4-c843c73a3ef2,test,90,original,replay_control,True,1.0,Elapsed time,25.033333333333335,34.43333333333334,False
b090_original/episode_019e2d91-6e08-7f79-a3e4-c843c73a3ef2/replay_control,episode_019e2d91-6e08-7f79-a3e4-c843c73a3ef2,test,90,original,replay_control,True,1.0,S1,-0.5842851996421814,-3.272519528865814,True
b090_original/episode_019e2d91-6e08-7f79-a3e4-c843c73a3ef2/replay_control,episode_019e2d91-6e08-7f79-a3e4-c843c73a3ef2,test,90,original,replay_control,True,1.0,S3,-0.49338498711586,-3.2162272334098816,True
b090_original/episode_019e2d91-6e08-7f79-a3e4-c843c73a3ef2/replay_control,episode_019e2d91-6e08-7f79-a3e4-c843c73a3ef2,test,90,original,replay_control,True,1.0,S5,-0.48456254601478577,-3.123962104320526,True
b090_original/episode_019e2d91-6e08-7f79-a3e4-c843c73a3ef2/replay_control,episode_019e2d91-6e08-7f79-a3e4-c843c73a3ef2,test,90,original,replay_control,True,1.0,DT + S1,0.843038467820442,0.448230025164487,True
b090_original/episode_019e2d91-6e08-7f79-a3e4-c843c73a3ef2/replay_control,episode_019e2d91-6e08-7f79-a3e4-c843c73a3ef2,test,90,original,replay_control,True,1.0,DT + S3,0.843592920372402,0.4499065998983014,True
b090_original/episode_019e2d91-6e08-7f79-a3e4-c843c73a3ef2/replay_control,episode_019e2d91-6e08-7f79-a3e4-c843c73a3ef2,test,90,original,replay_control,True,1.0,DT + S5,0.8383333464525167,0.4502469361783752,True
b090_original/episode_019e2d91-6e08-7f79-a3e4-c843c73a3ef2/replay_control,episode_019e2d91-6e08-7f79-a3e4-c843c73a3ef2,test,90,original,replay_control,True,1.0,Always successful,1.0,0.5,True
b090_original/episode_019e2d91-6e08-7f79-a3e4-c843c73a3ef2/replay_control,episode_019e2d91-6e08-7f79-a3e4-c843c73a3ef2,test,90,original,replay_control,True,1.0,Robometer progress,0.3845282196998596,,
b090_original/episode_019e2d91-6e08-7f79-a3e4-c843c73a3ef2/replay_control,episode_019e2d91-6e08-7f79-a3e4-c843c73a3ef2,test,90,original,replay_control,True,1.0,Robometer success,0.13028541207313538,0.5,False
b090_original/episode_019e2d91-6e08-7f79-a3e4-c843c73a3ef2/hold,episode_019e2d91-6e08-7f79-a3e4-c843c73a3ef2,test,90,original,hold,True,1.0,DINOv2,0.8501543998718262,0.8599722981452942,False
b090_original/episode_019e2d91-6e08-7f79-a3e4-c843c73a3ef2/hold,episode_019e2d91-6e08-7f79-a3e4-c843c73a3ef2,test,90,original,hold,True,1.0,DT,-7.368167877197266,-8.942145824432373,True
b090_original/episode_019e2d91-6e08-7f79-a3e4-c843c73a3ef2/hold,episode_019e2d91-6e08-7f79-a3e4-c843c73a3ef2,test,90,original,hold,True,1.0,Elapsed time,25.033333333333335,34.43333333333334,False
b090_original/episode_019e2d91-6e08-7f79-a3e4-c843c73a3ef2/hold,episode_019e2d91-6e08-7f79-a3e4-c843c73a3ef2,test,90,original,hold,True,1.0,S1,-5.657232284545898,-3.272519528865814,False
b090_original/episode_019e2d91-6e08-7f79-a3e4-c843c73a3ef2/hold,episode_019e2d91-6e08-7f79-a3e4-c843c73a3ef2,test,90,original,hold,True,1.0,S3,-5.653844833374023,-3.2162272334098816,False
b090_original/episode_019e2d91-6e08-7f79-a3e4-c843c73a3ef2/hold,episode_019e2d91-6e08-7f79-a3e4-c843c73a3ef2,test,90,original,hold,True,1.0,S5,-5.615968704223633,-3.123962104320526,False
b090_original/episode_019e2d91-6e08-7f79-a3e4-c843c73a3ef2/hold,episode_019e2d91-6e08-7f79-a3e4-c843c73a3ef2,test,90,original,hold,True,1.0,DT + S1,0.2551016159875681,0.448230025164487,False
b090_original/episode_019e2d91-6e08-7f79-a3e4-c843c73a3ef2/hold,episode_019e2d91-6e08-7f79-a3e4-c843c73a3ef2,test,90,original,hold,True,1.0,DT + S3,0.25480420985193153,0.4499065998983014,False
b090_original/episode_019e2d91-6e08-7f79-a3e4-c843c73a3ef2/hold,episode_019e2d91-6e08-7f79-a3e4-c843c73a3ef2,test,90,original,hold,True,1.0,DT + S5,0.2514663233164896,0.4502469361783752,False
b090_original/episode_019e2d91-6e08-7f79-a3e4-c843c73a3ef2/hold,episode_019e2d91-6e08-7f79-a3e4-c843c73a3ef2,test,90,original,hold,True,1.0,Always successful,1.0,0.5,True
b090_original/episode_019e2d91-6e08-7f79-a3e4-c843c73a3ef2/hold,episode_019e2d91-6e08-7f79-a3e4-c843c73a3ef2,test,90,original,hold,True,1.0,Robometer progress,0.3628429174423218,,
b090_original/episode_019e2d91-6e08-7f79-a3e4-c843c73a3ef2/hold,episode_019e2d91-6e08-7f79-a3e4-c843c73a3ef2,test,90,original,hold,True,1.0,Robometer success,0.08151976019144058,0.5,False
b090_original/episode_019e2d91-6e08-7f79-a3e4-c843c73a3ef2/random_walk,episode_019e2d91-6e08-7f79-a3e4-c843c73a3ef2,test,90,original,random_walk,True,1.0,DINOv2,0.8425163626670837,0.8599722981452942,False
b090_original/episode_019e2d91-6e08-7f79-a3e4-c843c73a3ef2/random_walk,episode_019e2d91-6e08-7f79-a3e4-c843c73a3ef2,test,90,original,random_walk,True,1.0,DT,-8.242855072021484,-8.942145824432373,True
b090_original/episode_019e2d91-6e08-7f79-a3e4-c843c73a3ef2/random_walk,episode_019e2d91-6e08-7f79-a3e4-c843c73a3ef2,test,90,original,random_walk,True,1.0,Elapsed time,25.033333333333335,34.43333333333334,False
b090_original/episode_019e2d91-6e08-7f79-a3e4-c843c73a3ef2/random_walk,episode_019e2d91-6e08-7f79-a3e4-c843c73a3ef2,test,90,original,random_walk,True,1.0,S1,-5.983062744140625,-3.272519528865814,False
b090_original/episode_019e2d91-6e08-7f79-a3e4-c843c73a3ef2/random_walk,episode_019e2d91-6e08-7f79-a3e4-c843c73a3ef2,test,90,original,random_walk,True,1.0,S3,-5.434065341949463,-3.2162272334098816,False
b090_original/episode_019e2d91-6e08-7f79-a3e4-c843c73a3ef2/random_walk,episode_019e2d91-6e08-7f79-a3e4-c843c73a3ef2,test,90,original,random_walk,True,1.0,S5,-5.189550399780273,-3.123962104320526,False
b090_original/episode_019e2d91-6e08-7f79-a3e4-c843c73a3ef2/random_walk,episode_019e2d91-6e08-7f79-a3e4-c843c73a3ef2,test,90,original,random_walk,True,1.0,DT + S1,0.2129968833134939,0.448230025164487,False
b090_original/episode_019e2d91-6e08-7f79-a3e4-c843c73a3ef2/random_walk,episode_019e2d91-6e08-7f79-a3e4-c843c73a3ef2,test,90,original,random_walk,True,1.0,DT + S3,0.2541101262117081,0.4499065998983014,False
b090_original/episode_019e2d91-6e08-7f79-a3e4-c843c73a3ef2/random_walk,episode_019e2d91-6e08-7f79-a3e4-c843c73a3ef2,test,90,original,random_walk,True,1.0,DT + S5,0.26732714920663353,0.4502469361783752,False
b090_original/episode_019e2d91-6e08-7f79-a3e4-c843c73a3ef2/random_walk,episode_019e2d91-6e08-7f79-a3e4-c843c73a3ef2,test,90,original,random_walk,True,1.0,Always successful,1.0,0.5,True
b090_original/episode_019e2d91-6e08-7f79-a3e4-c843c73a3ef2/random_walk,episode_019e2d91-6e08-7f79-a3e4-c843c73a3ef2,test,90,original,random_walk,True,1.0,Robometer progress,0.1473810076713562,,
b090_original/episode_019e2d91-6e08-7f79-a3e4-c843c73a3ef2/random_walk,episode_019e2d91-6e08-7f79-a3e4-c843c73a3ef2,test,90,original,random_walk,True,1.0,Robometer success,0.01640303246676922,0.5,False
b090_original/episode_019e3c25-a92e-7824-a264-f1da48b9bd3d/replay_control,episode_019e3c25-a92e-7824-a264-f1da48b9bd3d,test,90,original,replay_control,True,1.0,DINOv2,0.9978009462356567,0.8599722981452942,True
b090_original/episode_019e3c25-a92e-7824-a264-f1da48b9bd3d/replay_control,episode_019e3c25-a92e-7824-a264-f1da48b9bd3d,test,90,original,replay_control,True,1.0,DT,-1.5879217386245728,-8.942145824432373,True
b090_original/episode_019e3c25-a92e-7824-a264-f1da48b9bd3d/replay_control,episode_019e3c25-a92e-7824-a264-f1da48b9bd3d,test,90,original,replay_control,True,1.0,Elapsed time,29.566666666666666,34.43333333333334,False
b090_original/episode_019e3c25-a92e-7824-a264-f1da48b9bd3d/replay_control,episode_019e3c25-a92e-7824-a264-f1da48b9bd3d,test,90,original,replay_control,True,1.0,S1,-0.9620010256767273,-3.272519528865814,True
b090_original/episode_019e3c25-a92e-7824-a264-f1da48b9bd3d/replay_control,episode_019e3c25-a92e-7824-a264-f1da48b9bd3d,test,90,original,replay_control,True,1.0,S3,-0.923007071018219,-3.2162272334098816,True
b090_original/episode_019e3c25-a92e-7824-a264-f1da48b9bd3d/replay_control,episode_019e3c25-a92e-7824-a264-f1da48b9bd3d,test,90,original,replay_control,True,1.0,S5,-0.9254228472709656,-3.123962104320526,True
b090_original/episode_019e3c25-a92e-7824-a264-f1da48b9bd3d/replay_control,episode_019e3c25-a92e-7824-a264-f1da48b9bd3d,test,90,original,replay_control,True,1.0,DT + S1,0.8275130079261748,0.448230025164487,True
b090_original/episode_019e3c25-a92e-7824-a264-f1da48b9bd3d/replay_control,episode_019e3c25-a92e-7824-a264-f1da48b9bd3d,test,90,original,replay_control,True,1.0,DT + S3,0.8252780544236439,0.4499065998983014,True
b090_original/episode_019e3c25-a92e-7824-a264-f1da48b9bd3d/replay_control,episode_019e3c25-a92e-7824-a264-f1da48b9bd3d,test,90,original,replay_control,True,1.0,DT + S5,0.8189458474553425,0.4502469361783752,True
b090_original/episode_019e3c25-a92e-7824-a264-f1da48b9bd3d/replay_control,episode_019e3c25-a92e-7824-a264-f1da48b9bd3d,test,90,original,replay_control,True,1.0,Always successful,1.0,0.5,True
b090_original/episode_019e3c25-a92e-7824-a264-f1da48b9bd3d/replay_control,episode_019e3c25-a92e-7824-a264-f1da48b9bd3d,test,90,original,replay_control,True,1.0,Robometer progress,0.3379974365234375,,
b090_original/episode_019e3c25-a92e-7824-a264-f1da48b9bd3d/replay_control,episode_019e3c25-a92e-7824-a264-f1da48b9bd3d,test,90,original,replay_control,True,1.0,Robometer success,0.034100424498319626,0.5,False
b090_original/episode_019e3c25-a92e-7824-a264-f1da48b9bd3d/hold,episode_019e3c25-a92e-7824-a264-f1da48b9bd3d,test,90,original,hold,True,1.0,DINOv2,0.7743581533432007,0.8599722981452942,False
b090_original/episode_019e3c25-a92e-7824-a264-f1da48b9bd3d/hold,episode_019e3c25-a92e-7824-a264-f1da48b9bd3d,test,90,original,hold,True,1.0,DT,-12.373580932617188,-8.942145824432373,False
b090_original/episode_019e3c25-a92e-7824-a264-f1da48b9bd3d/hold,episode_019e3c25-a92e-7824-a264-f1da48b9bd3d,test,90,original,hold,True,1.0,Elapsed time,29.566666666666666,34.43333333333334,False
b090_original/episode_019e3c25-a92e-7824-a264-f1da48b9bd3d/hold,episode_019e3c25-a92e-7824-a264-f1da48b9bd3d,test,90,original,hold,True,1.0,S1,-6.3295817375183105,-3.272519528865814,False
b090_original/episode_019e3c25-a92e-7824-a264-f1da48b9bd3d/hold,episode_019e3c25-a92e-7824-a264-f1da48b9bd3d,test,90,original,hold,True,1.0,S3,-6.251141548156738,-3.2162272334098816,False
b090_original/episode_019e3c25-a92e-7824-a264-f1da48b9bd3d/hold,episode_019e3c25-a92e-7824-a264-f1da48b9bd3d,test,90,original,hold,True,1.0,S5,-6.149106025695801,-3.123962104320526,False
b090_original/episode_019e3c25-a92e-7824-a264-f1da48b9bd3d/hold,episode_019e3c25-a92e-7824-a264-f1da48b9bd3d,test,90,original,hold,True,1.0,DT + S1,0.1289861486855948,0.448230025164487,False
b090_original/episode_019e3c25-a92e-7824-a264-f1da48b9bd3d/hold,episode_019e3c25-a92e-7824-a264-f1da48b9bd3d,test,90,original,hold,True,1.0,DT + S3,0.13301641015652182,0.4499065998983014,False
b090_original/episode_019e3c25-a92e-7824-a264-f1da48b9bd3d/hold,episode_019e3c25-a92e-7824-a264-f1da48b9bd3d,test,90,original,hold,True,1.0,DT + S5,0.13424430821329597,0.4502469361783752,False
b090_original/episode_019e3c25-a92e-7824-a264-f1da48b9bd3d/hold,episode_019e3c25-a92e-7824-a264-f1da48b9bd3d,test,90,original,hold,True,1.0,Always successful,1.0,0.5,True
b090_original/episode_019e3c25-a92e-7824-a264-f1da48b9bd3d/hold,episode_019e3c25-a92e-7824-a264-f1da48b9bd3d,test,90,original,hold,True,1.0,Robometer progress,0.3184118866920471,,
b090_original/episode_019e3c25-a92e-7824-a264-f1da48b9bd3d/hold,episode_019e3c25-a92e-7824-a264-f1da48b9bd3d,test,90,original,hold,True,1.0,Robometer success,0.05582314357161522,0.5,False
b090_original/episode_019e3c25-a92e-7824-a264-f1da48b9bd3d/random_walk,episode_019e3c25-a92e-7824-a264-f1da48b9bd3d,test,90,original,random_walk,True,1.0,DINOv2,0.8441951870918274,0.8599722981452942,False
b090_original/episode_019e3c25-a92e-7824-a264-f1da48b9bd3d/random_walk,episode_019e3c25-a92e-7824-a264-f1da48b9bd3d,test,90,original,random_walk,True,1.0,DT,-7.658085823059082,-8.942145824432373,True
b090_original/episode_019e3c25-a92e-7824-a264-f1da48b9bd3d/random_walk,episode_019e3c25-a92e-7824-a264-f1da48b9bd3d,test,90,original,random_walk,True,1.0,Elapsed time,29.566666666666666,34.43333333333334,False
b090_original/episode_019e3c25-a92e-7824-a264-f1da48b9bd3d/random_walk,episode_019e3c25-a92e-7824-a264-f1da48b9bd3d,test,90,original,random_walk,True,1.0,S1,-5.724271297454834,-3.272519528865814,False
b090_original/episode_019e3c25-a92e-7824-a264-f1da48b9bd3d/random_walk,episode_019e3c25-a92e-7824-a264-f1da48b9bd3d,test,90,original,random_walk,True,1.0,S3,-4.89355993270874,-3.2162272334098816,False
b090_original/episode_019e3c25-a92e-7824-a264-f1da48b9bd3d/random_walk,episode_019e3c25-a92e-7824-a264-f1da48b9bd3d,test,90,original,random_walk,True,1.0,S5,-4.7563958168029785,-3.123962104320526,False
b090_original/episode_019e3c25-a92e-7824-a264-f1da48b9bd3d/random_walk,episode_019e3c25-a92e-7824-a264-f1da48b9bd3d,test,90,original,random_walk,True,1.0,DT + S1,0.2437684201009049,0.448230025164487,False
b090_original/episode_019e3c25-a92e-7824-a264-f1da48b9bd3d/random_walk,episode_019e3c25-a92e-7824-a264-f1da48b9bd3d,test,90,original,random_walk,True,1.0,DT + S3,0.3132142906783252,0.4499065998983014,False
b090_original/episode_019e3c25-a92e-7824-a264-f1da48b9bd3d/random_walk,episode_019e3c25-a92e-7824-a264-f1da48b9bd3d,test,90,original,random_walk,True,1.0,DT + S5,0.3180987247116869,0.4502469361783752,False
b090_original/episode_019e3c25-a92e-7824-a264-f1da48b9bd3d/random_walk,episode_019e3c25-a92e-7824-a264-f1da48b9bd3d,test,90,original,random_walk,True,1.0,Always successful,1.0,0.5,True
b090_original/episode_019e3c25-a92e-7824-a264-f1da48b9bd3d/random_walk,episode_019e3c25-a92e-7824-a264-f1da48b9bd3d,test,90,original,random_walk,True,1.0,Robometer progress,0.22114893794059753,,
b090_original/episode_019e3c25-a92e-7824-a264-f1da48b9bd3d/random_walk,episode_019e3c25-a92e-7824-a264-f1da48b9bd3d,test,90,original,random_walk,True,1.0,Robometer success,0.037892427295446396,0.5,False
b090_original/episode_019e2261-5abe-7ece-910d-8988dd12106a/replay_control,episode_019e2261-5abe-7ece-910d-8988dd12106a,test,90,original,replay_control,True,1.0,DINOv2,0.9950633645057678,0.8599722981452942,True
b090_original/episode_019e2261-5abe-7ece-910d-8988dd12106a/replay_control,episode_019e2261-5abe-7ece-910d-8988dd12106a,test,90,original,replay_control,True,1.0,DT,-1.9769326448440552,-8.942145824432373,True
b090_original/episode_019e2261-5abe-7ece-910d-8988dd12106a/replay_control,episode_019e2261-5abe-7ece-910d-8988dd12106a,test,90,original,replay_control,True,1.0,Elapsed time,23.8,34.43333333333334,False
b090_original/episode_019e2261-5abe-7ece-910d-8988dd12106a/replay_control,episode_019e2261-5abe-7ece-910d-8988dd12106a,test,90,original,replay_control,True,1.0,S1,-1.6021867990493774,-3.272519528865814,True
b090_original/episode_019e2261-5abe-7ece-910d-8988dd12106a/replay_control,episode_019e2261-5abe-7ece-910d-8988dd12106a,test,90,original,replay_control,True,1.0,S3,-1.489952564239502,-3.2162272334098816,True
b090_original/episode_019e2261-5abe-7ece-910d-8988dd12106a/replay_control,episode_019e2261-5abe-7ece-910d-8988dd12106a,test,90,original,replay_control,True,1.0,S5,-1.407602071762085,-3.123962104320526,True
b090_original/episode_019e2261-5abe-7ece-910d-8988dd12106a/replay_control,episode_019e2261-5abe-7ece-910d-8988dd12106a,test,90,original,replay_control,True,1.0,DT + S1,0.7776748586795287,0.448230025164487,True
b090_original/episode_019e2261-5abe-7ece-910d-8988dd12106a/replay_control,episode_019e2261-5abe-7ece-910d-8988dd12106a,test,90,original,replay_control,True,1.0,DT + S3,0.780954685677605,0.4499065998983014,True
b090_original/episode_019e2261-5abe-7ece-910d-8988dd12106a/replay_control,episode_019e2261-5abe-7ece-910d-8988dd12106a,test,90,original,replay_control,True,1.0,DT + S5,0.7797964463908114,0.4502469361783752,True
b090_original/episode_019e2261-5abe-7ece-910d-8988dd12106a/replay_control,episode_019e2261-5abe-7ece-910d-8988dd12106a,test,90,original,replay_control,True,1.0,Always successful,1.0,0.5,True
b090_original/episode_019e2261-5abe-7ece-910d-8988dd12106a/replay_control,episode_019e2261-5abe-7ece-910d-8988dd12106a,test,90,original,replay_control,True,1.0,Robometer progress,0.3826816976070404,,
b090_original/episode_019e2261-5abe-7ece-910d-8988dd12106a/replay_control,episode_019e2261-5abe-7ece-910d-8988dd12106a,test,90,original,replay_control,True,1.0,Robometer success,0.18242552876472473,0.5,False
b090_original/episode_019e2261-5abe-7ece-910d-8988dd12106a/hold,episode_019e2261-5abe-7ece-910d-8988dd12106a,test,90,original,hold,True,1.0,DINOv2,0.8197733163833618,0.8599722981452942,False
b090_original/episode_019e2261-5abe-7ece-910d-8988dd12106a/hold,episode_019e2261-5abe-7ece-910d-8988dd12106a,test,90,original,hold,True,1.0,DT,-5.567492485046387,-8.942145824432373,True
b090_original/episode_019e2261-5abe-7ece-910d-8988dd12106a/hold,episode_019e2261-5abe-7ece-910d-8988dd12106a,test,90,original,hold,True,1.0,Elapsed time,23.8,34.43333333333334,False
b090_original/episode_019e2261-5abe-7ece-910d-8988dd12106a/hold,episode_019e2261-5abe-7ece-910d-8988dd12106a,test,90,original,hold,True,1.0,S1,-6.253720760345459,-3.272519528865814,False
b090_original/episode_019e2261-5abe-7ece-910d-8988dd12106a/hold,episode_019e2261-5abe-7ece-910d-8988dd12106a,test,90,original,hold,True,1.0,S3,-6.301921844482422,-3.2162272334098816,False
b090_original/episode_019e2261-5abe-7ece-910d-8988dd12106a/hold,episode_019e2261-5abe-7ece-910d-8988dd12106a,test,90,original,hold,True,1.0,S5,-6.142763137817383,-3.123962104320526,False
b090_original/episode_019e2261-5abe-7ece-910d-8988dd12106a/hold,episode_019e2261-5abe-7ece-910d-8988dd12106a,test,90,original,hold,True,1.0,DT + S1,0.24460684110881376,0.448230025164487,False
b090_original/episode_019e2261-5abe-7ece-910d-8988dd12106a/hold,episode_019e2261-5abe-7ece-910d-8988dd12106a,test,90,original,hold,True,1.0,DT + S3,0.24086790925486734,0.4499065998983014,False
b090_original/episode_019e2261-5abe-7ece-910d-8988dd12106a/hold,episode_019e2261-5abe-7ece-910d-8988dd12106a,test,90,original,hold,True,1.0,DT + S5,0.24717510419033972,0.4502469361783752,False
b090_original/episode_019e2261-5abe-7ece-910d-8988dd12106a/hold,episode_019e2261-5abe-7ece-910d-8988dd12106a,test,90,original,hold,True,1.0,Always successful,1.0,0.5,True
b090_original/episode_019e2261-5abe-7ece-910d-8988dd12106a/hold,episode_019e2261-5abe-7ece-910d-8988dd12106a,test,90,original,hold,True,1.0,Robometer progress,0.6950932741165161,,
b090_original/episode_019e2261-5abe-7ece-910d-8988dd12106a/hold,episode_019e2261-5abe-7ece-910d-8988dd12106a,test,90,original,hold,True,1.0,Robometer success,0.3363310694694519,0.5,False
b090_original/episode_019e2261-5abe-7ece-910d-8988dd12106a/random_walk,episode_019e2261-5abe-7ece-910d-8988dd12106a,test,90,original,random_walk,True,1.0,DINOv2,0.6619118452072144,0.8599722981452942,False
b090_original/episode_019e2261-5abe-7ece-910d-8988dd12106a/random_walk,episode_019e2261-5abe-7ece-910d-8988dd12106a,test,90,original,random_walk,True,1.0,DT,-5.782005310058594,-8.942145824432373,True
b090_original/episode_019e2261-5abe-7ece-910d-8988dd12106a/random_walk,episode_019e2261-5abe-7ece-910d-8988dd12106a,test,90,original,random_walk,True,1.0,Elapsed time,23.8,34.43333333333334,False
b090_original/episode_019e2261-5abe-7ece-910d-8988dd12106a/random_walk,episode_019e2261-5abe-7ece-910d-8988dd12106a,test,90,original,random_walk,True,1.0,S1,-6.296295166015625,-3.272519528865814,False
b090_original/episode_019e2261-5abe-7ece-910d-8988dd12106a/random_walk,episode_019e2261-5abe-7ece-910d-8988dd12106a,test,90,original,random_walk,True,1.0,S3,-5.526656627655029,-3.2162272334098816,False
b090_original/episode_019e2261-5abe-7ece-910d-8988dd12106a/random_walk,episode_019e2261-5abe-7ece-910d-8988dd12106a,test,90,original,random_walk,True,1.0,S5,-5.070871353149414,-3.123962104320526,False
b090_original/episode_019e2261-5abe-7ece-910d-8988dd12106a/random_walk,episode_019e2261-5abe-7ece-910d-8988dd12106a,test,90,original,random_walk,True,1.0,DT + S1,0.23696623019055368,0.448230025164487,False
b090_original/episode_019e2261-5abe-7ece-910d-8988dd12106a/random_walk,episode_019e2261-5abe-7ece-910d-8988dd12106a,test,90,original,random_walk,True,1.0,DT + S3,0.3004153965719787,0.4499065998983014,False
b090_original/episode_019e2261-5abe-7ece-910d-8988dd12106a/random_walk,episode_019e2261-5abe-7ece-910d-8988dd12106a,test,90,original,random_walk,True,1.0,DT + S5,0.33442999990609124,0.4502469361783752,False
b090_original/episode_019e2261-5abe-7ece-910d-8988dd12106a/random_walk,episode_019e2261-5abe-7ece-910d-8988dd12106a,test,90,original,random_walk,True,1.0,Always successful,1.0,0.5,True
b090_original/episode_019e2261-5abe-7ece-910d-8988dd12106a/random_walk,episode_019e2261-5abe-7ece-910d-8988dd12106a,test,90,original,random_walk,True,1.0,Robometer progress,0.8147427439689636,,
b090_original/episode_019e2261-5abe-7ece-910d-8988dd12106a/random_walk,episode_019e2261-5abe-7ece-910d-8988dd12106a,test,90,original,random_walk,True,1.0,Robometer success,0.5348554849624634,0.5,True
b090_parked/episode_019e298a-84a1-7557-ae97-93326347b45c/replay_control,episode_019e298a-84a1-7557-ae97-93326347b45c,dev,90,parked,replay_control,True,1.0,DINOv2,0.9996901750564575,0.8599722981452942,True
b090_parked/episode_019e298a-84a1-7557-ae97-93326347b45c/replay_control,episode_019e298a-84a1-7557-ae97-93326347b45c,dev,90,parked,replay_control,True,1.0,DT,-2.2338171005249023,-8.942145824432373,True
b090_parked/episode_019e298a-84a1-7557-ae97-93326347b45c/replay_control,episode_019e298a-84a1-7557-ae97-93326347b45c,dev,90,parked,replay_control,True,1.0,Elapsed time,44.43333333333333,34.43333333333334,True
b090_parked/episode_019e298a-84a1-7557-ae97-93326347b45c/replay_control,episode_019e298a-84a1-7557-ae97-93326347b45c,dev,90,parked,replay_control,True,1.0,S1,-0.2578846514225006,-3.272519528865814,True
b090_parked/episode_019e298a-84a1-7557-ae97-93326347b45c/replay_control,episode_019e298a-84a1-7557-ae97-93326347b45c,dev,90,parked,replay_control,True,1.0,S3,-0.19220885634422302,-3.2162272334098816,True
b090_parked/episode_019e298a-84a1-7557-ae97-93326347b45c/replay_control,episode_019e298a-84a1-7557-ae97-93326347b45c,dev,90,parked,replay_control,True,1.0,S5,-0.18930934369564056,-3.123962104320526,True
b090_parked/episode_019e298a-84a1-7557-ae97-93326347b45c/replay_control,episode_019e298a-84a1-7557-ae97-93326347b45c,dev,90,parked,replay_control,True,1.0,DT + S1,0.8578156013074366,0.448230025164487,True
b090_parked/episode_019e298a-84a1-7557-ae97-93326347b45c/replay_control,episode_019e298a-84a1-7557-ae97-93326347b45c,dev,90,parked,replay_control,True,1.0,DT + S3,0.8568062904128766,0.4499065998983014,True
b090_parked/episode_019e298a-84a1-7557-ae97-93326347b45c/replay_control,episode_019e298a-84a1-7557-ae97-93326347b45c,dev,90,parked,replay_control,True,1.0,DT + S5,0.8515338564574159,0.4502469361783752,True
b090_parked/episode_019e298a-84a1-7557-ae97-93326347b45c/replay_control,episode_019e298a-84a1-7557-ae97-93326347b45c,dev,90,parked,replay_control,True,1.0,Always successful,1.0,0.5,True
b090_parked/episode_019e298a-84a1-7557-ae97-93326347b45c/replay_control,episode_019e298a-84a1-7557-ae97-93326347b45c,dev,90,parked,replay_control,True,1.0,Robometer progress,0.37654367089271545,,
b090_parked/episode_019e298a-84a1-7557-ae97-93326347b45c/replay_control,episode_019e298a-84a1-7557-ae97-93326347b45c,dev,90,parked,replay_control,True,1.0,Robometer success,0.10669060051441193,0.5,False
b090_parked/episode_019e298a-84a1-7557-ae97-93326347b45c/hold,episode_019e298a-84a1-7557-ae97-93326347b45c,dev,90,parked,hold,True,1.0,DINOv2,0.9998488426208496,0.8599722981452942,True
b090_parked/episode_019e298a-84a1-7557-ae97-93326347b45c/hold,episode_019e298a-84a1-7557-ae97-93326347b45c,dev,90,parked,hold,True,1.0,DT,-2.1599435806274414,-8.942145824432373,True
b090_parked/episode_019e298a-84a1-7557-ae97-93326347b45c/hold,episode_019e298a-84a1-7557-ae97-93326347b45c,dev,90,parked,hold,True,1.0,Elapsed time,44.43333333333333,34.43333333333334,True
b090_parked/episode_019e298a-84a1-7557-ae97-93326347b45c/hold,episode_019e298a-84a1-7557-ae97-93326347b45c,dev,90,parked,hold,True,1.0,S1,-0.2201719880104065,-3.272519528865814,True
b090_parked/episode_019e298a-84a1-7557-ae97-93326347b45c/hold,episode_019e298a-84a1-7557-ae97-93326347b45c,dev,90,parked,hold,True,1.0,S3,-0.13231997191905975,-3.2162272334098816,True
b090_parked/episode_019e298a-84a1-7557-ae97-93326347b45c/hold,episode_019e298a-84a1-7557-ae97-93326347b45c,dev,90,parked,hold,True,1.0,S5,-0.12676756083965302,-3.123962104320526,True
b090_parked/episode_019e298a-84a1-7557-ae97-93326347b45c/hold,episode_019e298a-84a1-7557-ae97-93326347b45c,dev,90,parked,hold,True,1.0,DT + S1,0.8607449519504531,0.448230025164487,True
b090_parked/episode_019e298a-84a1-7557-ae97-93326347b45c/hold,episode_019e298a-84a1-7557-ae97-93326347b45c,dev,90,parked,hold,True,1.0,DT + S3,0.8608454208885421,0.4499065998983014,True
b090_parked/episode_019e298a-84a1-7557-ae97-93326347b45c/hold,episode_019e298a-84a1-7557-ae97-93326347b45c,dev,90,parked,hold,True,1.0,DT + S5,0.8558201511966158,0.4502469361783752,True
b090_parked/episode_019e298a-84a1-7557-ae97-93326347b45c/hold,episode_019e298a-84a1-7557-ae97-93326347b45c,dev,90,parked,hold,True,1.0,Always successful,1.0,0.5,True
b090_parked/episode_019e298a-84a1-7557-ae97-93326347b45c/hold,episode_019e298a-84a1-7557-ae97-93326347b45c,dev,90,parked,hold,True,1.0,Robometer progress,0.17430022358894348,,
b090_parked/episode_019e298a-84a1-7557-ae97-93326347b45c/hold,episode_019e298a-84a1-7557-ae97-93326347b45c,dev,90,parked,hold,True,1.0,Robometer success,0.042087726294994354,0.5,False
b090_parked/episode_019e298a-84a1-7557-ae97-93326347b45c/random_walk,episode_019e298a-84a1-7557-ae97-93326347b45c,dev,90,parked,random_walk,True,1.0,DINOv2,0.9997674226760864,0.8599722981452942,True
b090_parked/episode_019e298a-84a1-7557-ae97-93326347b45c/random_walk,episode_019e298a-84a1-7557-ae97-93326347b45c,dev,90,parked,random_walk,True,1.0,DT,-2.2338171005249023,-8.942145824432373,True
b090_parked/episode_019e298a-84a1-7557-ae97-93326347b45c/random_walk,episode_019e298a-84a1-7557-ae97-93326347b45c,dev,90,parked,random_walk,True,1.0,Elapsed time,44.43333333333333,34.43333333333334,True
b090_parked/episode_019e298a-84a1-7557-ae97-93326347b45c/random_walk,episode_019e298a-84a1-7557-ae97-93326347b45c,dev,90,parked,random_walk,True,1.0,S1,-0.2578846514225006,-3.272519528865814,True
b090_parked/episode_019e298a-84a1-7557-ae97-93326347b45c/random_walk,episode_019e298a-84a1-7557-ae97-93326347b45c,dev,90,parked,random_walk,True,1.0,S3,-0.19220885634422302,-3.2162272334098816,True
b090_parked/episode_019e298a-84a1-7557-ae97-93326347b45c/random_walk,episode_019e298a-84a1-7557-ae97-93326347b45c,dev,90,parked,random_walk,True,1.0,S5,-0.18930934369564056,-3.123962104320526,True
b090_parked/episode_019e298a-84a1-7557-ae97-93326347b45c/random_walk,episode_019e298a-84a1-7557-ae97-93326347b45c,dev,90,parked,random_walk,True,1.0,DT + S1,0.8578156013074366,0.448230025164487,True
b090_parked/episode_019e298a-84a1-7557-ae97-93326347b45c/random_walk,episode_019e298a-84a1-7557-ae97-93326347b45c,dev,90,parked,random_walk,True,1.0,DT + S3,0.8568062904128766,0.4499065998983014,True
b090_parked/episode_019e298a-84a1-7557-ae97-93326347b45c/random_walk,episode_019e298a-84a1-7557-ae97-93326347b45c,dev,90,parked,random_walk,True,1.0,DT + S5,0.8515338564574159,0.4502469361783752,True
b090_parked/episode_019e298a-84a1-7557-ae97-93326347b45c/random_walk,episode_019e298a-84a1-7557-ae97-93326347b45c,dev,90,parked,random_walk,True,1.0,Always successful,1.0,0.5,True
b090_parked/episode_019e298a-84a1-7557-ae97-93326347b45c/random_walk,episode_019e298a-84a1-7557-ae97-93326347b45c,dev,90,parked,random_walk,True,1.0,Robometer progress,0.15390226244926453,,
b090_parked/episode_019e298a-84a1-7557-ae97-93326347b45c/random_walk,episode_019e298a-84a1-7557-ae97-93326347b45c,dev,90,parked,random_walk,True,1.0,Robometer success,0.03358950838446617,0.5,False
b090_parked/episode_019e3c90-fb67-765e-8e8e-12c56ddda3ba/replay_control,episode_019e3c90-fb67-765e-8e8e-12c56ddda3ba,dev,90,parked,replay_control,True,1.0,DINOv2,0.9997451305389404,0.8599722981452942,True
b090_parked/episode_019e3c90-fb67-765e-8e8e-12c56ddda3ba/replay_control,episode_019e3c90-fb67-765e-8e8e-12c56ddda3ba,dev,90,parked,replay_control,True,1.0,DT,-2.44154953956604,-8.942145824432373,True
b090_parked/episode_019e3c90-fb67-765e-8e8e-12c56ddda3ba/replay_control,episode_019e3c90-fb67-765e-8e8e-12c56ddda3ba,dev,90,parked,replay_control,True,1.0,Elapsed time,37.266666666666666,34.43333333333334,True
b090_parked/episode_019e3c90-fb67-765e-8e8e-12c56ddda3ba/replay_control,episode_019e3c90-fb67-765e-8e8e-12c56ddda3ba,dev,90,parked,replay_control,True,1.0,S1,-0.35024699568748474,-3.272519528865814,True
b090_parked/episode_019e3c90-fb67-765e-8e8e-12c56ddda3ba/replay_control,episode_019e3c90-fb67-765e-8e8e-12c56ddda3ba,dev,90,parked,replay_control,True,1.0,S3,-0.32035863399505615,-3.2162272334098816,True
b090_parked/episode_019e3c90-fb67-765e-8e8e-12c56ddda3ba/replay_control,episode_019e3c90-fb67-765e-8e8e-12c56ddda3ba,dev,90,parked,replay_control,True,1.0,S5,-0.327059268951416,-3.123962104320526,True
b090_parked/episode_019e3c90-fb67-765e-8e8e-12c56ddda3ba/replay_control,episode_019e3c90-fb67-765e-8e8e-12c56ddda3ba,dev,90,parked,replay_control,True,1.0,DT + S1,0.8500478356470537,0.448230025164487,True
b090_parked/episode_019e3c90-fb67-765e-8e8e-12c56ddda3ba/replay_control,episode_019e3c90-fb67-765e-8e8e-12c56ddda3ba,dev,90,parked,replay_control,True,1.0,DT + S3,0.8471300576997252,0.4499065998983014,True
b090_parked/episode_019e3c90-fb67-765e-8e8e-12c56ddda3ba/replay_control,episode_019e3c90-fb67-765e-8e8e-12c56ddda3ba,dev,90,parked,replay_control,True,1.0,DT + S5,0.8410623991446311,0.4502469361783752,True
b090_parked/episode_019e3c90-fb67-765e-8e8e-12c56ddda3ba/replay_control,episode_019e3c90-fb67-765e-8e8e-12c56ddda3ba,dev,90,parked,replay_control,True,1.0,Always successful,1.0,0.5,True
b090_parked/episode_019e3c90-fb67-765e-8e8e-12c56ddda3ba/replay_control,episode_019e3c90-fb67-765e-8e8e-12c56ddda3ba,dev,90,parked,replay_control,True,1.0,Robometer progress,0.9024930596351624,,
b090_parked/episode_019e3c90-fb67-765e-8e8e-12c56ddda3ba/replay_control,episode_019e3c90-fb67-765e-8e8e-12c56ddda3ba,dev,90,parked,replay_control,True,1.0,Robometer success,0.6706082820892334,0.5,True
b090_parked/episode_019e3c90-fb67-765e-8e8e-12c56ddda3ba/hold,episode_019e3c90-fb67-765e-8e8e-12c56ddda3ba,dev,90,parked,hold,True,1.0,DINOv2,0.9996337294578552,0.8599722981452942,True
b090_parked/episode_019e3c90-fb67-765e-8e8e-12c56ddda3ba/hold,episode_019e3c90-fb67-765e-8e8e-12c56ddda3ba,dev,90,parked,hold,True,1.0,DT,-2.3385729789733887,-8.942145824432373,True
b090_parked/episode_019e3c90-fb67-765e-8e8e-12c56ddda3ba/hold,episode_019e3c90-fb67-765e-8e8e-12c56ddda3ba,dev,90,parked,hold,True,1.0,Elapsed time,37.266666666666666,34.43333333333334,True
b090_parked/episode_019e3c90-fb67-765e-8e8e-12c56ddda3ba/hold,episode_019e3c90-fb67-765e-8e8e-12c56ddda3ba,dev,90,parked,hold,True,1.0,S1,-0.2590826153755188,-3.272519528865814,True
b090_parked/episode_019e3c90-fb67-765e-8e8e-12c56ddda3ba/hold,episode_019e3c90-fb67-765e-8e8e-12c56ddda3ba,dev,90,parked,hold,True,1.0,S3,-0.20331446826457977,-3.2162272334098816,True
b090_parked/episode_019e3c90-fb67-765e-8e8e-12c56ddda3ba/hold,episode_019e3c90-fb67-765e-8e8e-12c56ddda3ba,dev,90,parked,hold,True,1.0,S5,-0.18538670241832733,-3.123962104320526,True
b090_parked/episode_019e3c90-fb67-765e-8e8e-12c56ddda3ba/hold,episode_019e3c90-fb67-765e-8e8e-12c56ddda3ba,dev,90,parked,hold,True,1.0,DT + S1,0.8563389575279459,0.448230025164487,True
b090_parked/episode_019e3c90-fb67-765e-8e8e-12c56ddda3ba/hold,episode_019e3c90-fb67-765e-8e8e-12c56ddda3ba,dev,90,parked,hold,True,1.0,DT + S3,0.8548090573568077,0.4499065998983014,True
b090_parked/episode_019e3c90-fb67-765e-8e8e-12c56ddda3ba/hold,episode_019e3c90-fb67-765e-8e8e-12c56ddda3ba,dev,90,parked,hold,True,1.0,DT + S5,0.8502826783384992,0.4502469361783752,True
b090_parked/episode_019e3c90-fb67-765e-8e8e-12c56ddda3ba/hold,episode_019e3c90-fb67-765e-8e8e-12c56ddda3ba,dev,90,parked,hold,True,1.0,Always successful,1.0,0.5,True
b090_parked/episode_019e3c90-fb67-765e-8e8e-12c56ddda3ba/hold,episode_019e3c90-fb67-765e-8e8e-12c56ddda3ba,dev,90,parked,hold,True,1.0,Robometer progress,0.9039294123649597,,
b090_parked/episode_019e3c90-fb67-765e-8e8e-12c56ddda3ba/hold,episode_019e3c90-fb67-765e-8e8e-12c56ddda3ba,dev,90,parked,hold,True,1.0,Robometer success,0.7122321724891663,0.5,True
b090_parked/episode_019e3c90-fb67-765e-8e8e-12c56ddda3ba/random_walk,episode_019e3c90-fb67-765e-8e8e-12c56ddda3ba,dev,90,parked,random_walk,True,1.0,DINOv2,0.9997084140777588,0.8599722981452942,True
b090_parked/episode_019e3c90-fb67-765e-8e8e-12c56ddda3ba/random_walk,episode_019e3c90-fb67-765e-8e8e-12c56ddda3ba,dev,90,parked,random_walk,True,1.0,DT,-2.4135303497314453,-8.942145824432373,True
b090_parked/episode_019e3c90-fb67-765e-8e8e-12c56ddda3ba/random_walk,episode_019e3c90-fb67-765e-8e8e-12c56ddda3ba,dev,90,parked,random_walk,True,1.0,Elapsed time,37.266666666666666,34.43333333333334,True
b090_parked/episode_019e3c90-fb67-765e-8e8e-12c56ddda3ba/random_walk,episode_019e3c90-fb67-765e-8e8e-12c56ddda3ba,dev,90,parked,random_walk,True,1.0,S1,-0.34990429878234863,-3.272519528865814,True
b090_parked/episode_019e3c90-fb67-765e-8e8e-12c56ddda3ba/random_walk,episode_019e3c90-fb67-765e-8e8e-12c56ddda3ba,dev,90,parked,random_walk,True,1.0,S3,-0.32213079929351807,-3.2162272334098816,True
b090_parked/episode_019e3c90-fb67-765e-8e8e-12c56ddda3ba/random_walk,episode_019e3c90-fb67-765e-8e8e-12c56ddda3ba,dev,90,parked,random_walk,True,1.0,S5,-0.3156919777393341,-3.123962104320526,True
b090_parked/episode_019e3c90-fb67-765e-8e8e-12c56ddda3ba/random_walk,episode_019e3c90-fb67-765e-8e8e-12c56ddda3ba,dev,90,parked,random_walk,True,1.0,DT + S1,0.8504595701962164,0.448230025164487,True
b090_parked/episode_019e3c90-fb67-765e-8e8e-12c56ddda3ba/random_walk,episode_019e3c90-fb67-765e-8e8e-12c56ddda3ba,dev,90,parked,random_walk,True,1.0,DT + S3,0.8474320264049142,0.4499065998983014,True
b090_parked/episode_019e3c90-fb67-765e-8e8e-12c56ddda3ba/random_walk,episode_019e3c90-fb67-765e-8e8e-12c56ddda3ba,dev,90,parked,random_walk,True,1.0,DT + S5,0.8421076145485475,0.4502469361783752,True
b090_parked/episode_019e3c90-fb67-765e-8e8e-12c56ddda3ba/random_walk,episode_019e3c90-fb67-765e-8e8e-12c56ddda3ba,dev,90,parked,random_walk,True,1.0,Always successful,1.0,0.5,True
b090_parked/episode_019e3c90-fb67-765e-8e8e-12c56ddda3ba/random_walk,episode_019e3c90-fb67-765e-8e8e-12c56ddda3ba,dev,90,parked,random_walk,True,1.0,Robometer progress,0.9261040687561035,,
b090_parked/episode_019e3c90-fb67-765e-8e8e-12c56ddda3ba/random_walk,episode_019e3c90-fb67-765e-8e8e-12c56ddda3ba,dev,90,parked,random_walk,True,1.0,Robometer success,0.8006919622421265,0.5,True
b090_parked/episode_019e1e35-af9f-7d66-93b0-478d1c079799/replay_control,episode_019e1e35-af9f-7d66-93b0-478d1c079799,test,90,parked,replay_control,True,1.0,DINOv2,0.9993116855621338,0.8599722981452942,True
b090_parked/episode_019e1e35-af9f-7d66-93b0-478d1c079799/replay_control,episode_019e1e35-af9f-7d66-93b0-478d1c079799,test,90,parked,replay_control,True,1.0,DT,-2.038699150085449,-8.942145824432373,True
b090_parked/episode_019e1e35-af9f-7d66-93b0-478d1c079799/replay_control,episode_019e1e35-af9f-7d66-93b0-478d1c079799,test,90,parked,replay_control,True,1.0,Elapsed time,36.43333333333333,34.43333333333334,True
b090_parked/episode_019e1e35-af9f-7d66-93b0-478d1c079799/replay_control,episode_019e1e35-af9f-7d66-93b0-478d1c079799,test,90,parked,replay_control,True,1.0,S1,-0.5263899564743042,-3.272519528865814,True
b090_parked/episode_019e1e35-af9f-7d66-93b0-478d1c079799/replay_control,episode_019e1e35-af9f-7d66-93b0-478d1c079799,test,90,parked,replay_control,True,1.0,S3,-0.47163811326026917,-3.2162272334098816,True
b090_parked/episode_019e1e35-af9f-7d66-93b0-478d1c079799/replay_control,episode_019e1e35-af9f-7d66-93b0-478d1c079799,test,90,parked,replay_control,True,1.0,S5,-0.4873504936695099,-3.123962104320526,True
b090_parked/episode_019e1e35-af9f-7d66-93b0-478d1c079799/replay_control,episode_019e1e35-af9f-7d66-93b0-478d1c079799,test,90,parked,replay_control,True,1.0,DT + S1,0.8460872079518913,0.448230025164487,True
b090_parked/episode_019e1e35-af9f-7d66-93b0-478d1c079799/replay_control,episode_019e1e35-af9f-7d66-93b0-478d1c079799,test,90,parked,replay_control,True,1.0,DT + S3,0.8446039974394453,0.4499065998983014,True
b090_parked/episode_019e1e35-af9f-7d66-93b0-478d1c079799/replay_control,episode_019e1e35-af9f-7d66-93b0-478d1c079799,test,90,parked,replay_control,True,1.0,DT + S5,0.8379760867967151,0.4502469361783752,True
b090_parked/episode_019e1e35-af9f-7d66-93b0-478d1c079799/replay_control,episode_019e1e35-af9f-7d66-93b0-478d1c079799,test,90,parked,replay_control,True,1.0,Always successful,1.0,0.5,True
b090_parked/episode_019e1e35-af9f-7d66-93b0-478d1c079799/replay_control,episode_019e1e35-af9f-7d66-93b0-478d1c079799,test,90,parked,replay_control,True,1.0,Robometer progress,0.5535869002342224,,
b090_parked/episode_019e1e35-af9f-7d66-93b0-478d1c079799/replay_control,episode_019e1e35-af9f-7d66-93b0-478d1c079799,test,90,parked,replay_control,True,1.0,Robometer success,0.1233656257390976,0.5,False
b090_parked/episode_019e1e35-af9f-7d66-93b0-478d1c079799/hold,episode_019e1e35-af9f-7d66-93b0-478d1c079799,test,90,parked,hold,True,1.0,DINOv2,0.9995755553245544,0.8599722981452942,True
b090_parked/episode_019e1e35-af9f-7d66-93b0-478d1c079799/hold,episode_019e1e35-af9f-7d66-93b0-478d1c079799,test,90,parked,hold,True,1.0,DT,-2.0928211212158203,-8.942145824432373,True
b090_parked/episode_019e1e35-af9f-7d66-93b0-478d1c079799/hold,episode_019e1e35-af9f-7d66-93b0-478d1c079799,test,90,parked,hold,True,1.0,Elapsed time,36.43333333333333,34.43333333333334,True
b090_parked/episode_019e1e35-af9f-7d66-93b0-478d1c079799/hold,episode_019e1e35-af9f-7d66-93b0-478d1c079799,test,90,parked,hold,True,1.0,S1,-0.41688722372055054,-3.272519528865814,True
b090_parked/episode_019e1e35-af9f-7d66-93b0-478d1c079799/hold,episode_019e1e35-af9f-7d66-93b0-478d1c079799,test,90,parked,hold,True,1.0,S3,-0.3638266921043396,-3.2162272334098816,True
b090_parked/episode_019e1e35-af9f-7d66-93b0-478d1c079799/hold,episode_019e1e35-af9f-7d66-93b0-478d1c079799,test,90,parked,hold,True,1.0,S5,-0.3823486566543579,-3.123962104320526,True
b090_parked/episode_019e1e35-af9f-7d66-93b0-478d1c079799/hold,episode_019e1e35-af9f-7d66-93b0-478d1c079799,test,90,parked,hold,True,1.0,DT + S1,0.8513185134645547,0.448230025164487,True
b090_parked/episode_019e1e35-af9f-7d66-93b0-478d1c079799/hold,episode_019e1e35-af9f-7d66-93b0-478d1c079799,test,90,parked,hold,True,1.0,DT + S3,0.8497067939421072,0.4499065998983014,True
b090_parked/episode_019e1e35-af9f-7d66-93b0-478d1c079799/hold,episode_019e1e35-af9f-7d66-93b0-478d1c079799,test,90,parked,hold,True,1.0,DT + S5,0.8430756388556095,0.4502469361783752,True
b090_parked/episode_019e1e35-af9f-7d66-93b0-478d1c079799/hold,episode_019e1e35-af9f-7d66-93b0-478d1c079799,test,90,parked,hold,True,1.0,Always successful,1.0,0.5,True
b090_parked/episode_019e1e35-af9f-7d66-93b0-478d1c079799/hold,episode_019e1e35-af9f-7d66-93b0-478d1c079799,test,90,parked,hold,True,1.0,Robometer progress,0.7656026482582092,,
b090_parked/episode_019e1e35-af9f-7d66-93b0-478d1c079799/hold,episode_019e1e35-af9f-7d66-93b0-478d1c079799,test,90,parked,hold,True,1.0,Robometer success,0.3319854736328125,0.5,False
b090_parked/episode_019e1e35-af9f-7d66-93b0-478d1c079799/random_walk,episode_019e1e35-af9f-7d66-93b0-478d1c079799,test,90,parked,random_walk,True,1.0,DINOv2,0.9995979070663452,0.8599722981452942,True
b090_parked/episode_019e1e35-af9f-7d66-93b0-478d1c079799/random_walk,episode_019e1e35-af9f-7d66-93b0-478d1c079799,test,90,parked,random_walk,True,1.0,DT,-2.0666823387145996,-8.942145824432373,True
b090_parked/episode_019e1e35-af9f-7d66-93b0-478d1c079799/random_walk,episode_019e1e35-af9f-7d66-93b0-478d1c079799,test,90,parked,random_walk,True,1.0,Elapsed time,36.43333333333333,34.43333333333334,True
b090_parked/episode_019e1e35-af9f-7d66-93b0-478d1c079799/random_walk,episode_019e1e35-af9f-7d66-93b0-478d1c079799,test,90,parked,random_walk,True,1.0,S1,-0.43589675426483154,-3.272519528865814,True
b090_parked/episode_019e1e35-af9f-7d66-93b0-478d1c079799/random_walk,episode_019e1e35-af9f-7d66-93b0-478d1c079799,test,90,parked,random_walk,True,1.0,S3,-0.385810911655426,-3.2162272334098816,True
b090_parked/episode_019e1e35-af9f-7d66-93b0-478d1c079799/random_walk,episode_019e1e35-af9f-7d66-93b0-478d1c079799,test,90,parked,random_walk,True,1.0,S5,-0.40894415974617004,-3.123962104320526,True
b090_parked/episode_019e1e35-af9f-7d66-93b0-478d1c079799/random_walk,episode_019e1e35-af9f-7d66-93b0-478d1c079799,test,90,parked,random_walk,True,1.0,DT + S1,0.850655561515448,0.448230025164487,True
b090_parked/episode_019e1e35-af9f-7d66-93b0-478d1c079799/random_walk,episode_019e1e35-af9f-7d66-93b0-478d1c079799,test,90,parked,random_walk,True,1.0,DT + S3,0.8488906139042751,0.4499065998983014,True
b090_parked/episode_019e1e35-af9f-7d66-93b0-478d1c079799/random_walk,episode_019e1e35-af9f-7d66-93b0-478d1c079799,test,90,parked,random_walk,True,1.0,DT + S5,0.841978217507419,0.4502469361783752,True
b090_parked/episode_019e1e35-af9f-7d66-93b0-478d1c079799/random_walk,episode_019e1e35-af9f-7d66-93b0-478d1c079799,test,90,parked,random_walk,True,1.0,Always successful,1.0,0.5,True
b090_parked/episode_019e1e35-af9f-7d66-93b0-478d1c079799/random_walk,episode_019e1e35-af9f-7d66-93b0-478d1c079799,test,90,parked,random_walk,True,1.0,Robometer progress,0.4849545955657959,,
b090_parked/episode_019e1e35-af9f-7d66-93b0-478d1c079799/random_walk,episode_019e1e35-af9f-7d66-93b0-478d1c079799,test,90,parked,random_walk,True,1.0,Robometer success,0.1581743359565735,0.5,False
b090_parked/episode_019e2d91-6e08-7f79-a3e4-c843c73a3ef2/replay_control,episode_019e2d91-6e08-7f79-a3e4-c843c73a3ef2,test,90,parked,replay_control,True,1.0,DINOv2,0.999790370464325,0.8599722981452942,True
b090_parked/episode_019e2d91-6e08-7f79-a3e4-c843c73a3ef2/replay_control,episode_019e2d91-6e08-7f79-a3e4-c843c73a3ef2,test,90,parked,replay_control,True,1.0,DT,-2.108483076095581,-8.942145824432373,True
b090_parked/episode_019e2d91-6e08-7f79-a3e4-c843c73a3ef2/replay_control,episode_019e2d91-6e08-7f79-a3e4-c843c73a3ef2,test,90,parked,replay_control,True,1.0,Elapsed time,35.03333333333333,34.43333333333334,True
b090_parked/episode_019e2d91-6e08-7f79-a3e4-c843c73a3ef2/replay_control,episode_019e2d91-6e08-7f79-a3e4-c843c73a3ef2,test,90,parked,replay_control,True,1.0,S1,-0.214089497923851,-3.272519528865814,True
b090_parked/episode_019e2d91-6e08-7f79-a3e4-c843c73a3ef2/replay_control,episode_019e2d91-6e08-7f79-a3e4-c843c73a3ef2,test,90,parked,replay_control,True,1.0,S3,-0.15230195224285126,-3.2162272334098816,True
b090_parked/episode_019e2d91-6e08-7f79-a3e4-c843c73a3ef2/replay_control,episode_019e2d91-6e08-7f79-a3e4-c843c73a3ef2,test,90,parked,replay_control,True,1.0,S5,-0.15146499872207642,-3.123962104320526,True
b090_parked/episode_019e2d91-6e08-7f79-a3e4-c843c73a3ef2/replay_control,episode_019e2d91-6e08-7f79-a3e4-c843c73a3ef2,test,90,parked,replay_control,True,1.0,DT + S1,0.8617326972634982,0.448230025164487,True
b090_parked/episode_019e2d91-6e08-7f79-a3e4-c843c73a3ef2/replay_control,episode_019e2d91-6e08-7f79-a3e4-c843c73a3ef2,test,90,parked,replay_control,True,1.0,DT + S3,0.8605154728077259,0.4499065998983014,True
b090_parked/episode_019e2d91-6e08-7f79-a3e4-c843c73a3ef2/replay_control,episode_019e2d91-6e08-7f79-a3e4-c843c73a3ef2,test,90,parked,replay_control,True,1.0,DT + S5,0.8552398476387945,0.4502469361783752,True
b090_parked/episode_019e2d91-6e08-7f79-a3e4-c843c73a3ef2/replay_control,episode_019e2d91-6e08-7f79-a3e4-c843c73a3ef2,test,90,parked,replay_control,True,1.0,Always successful,1.0,0.5,True
b090_parked/episode_019e2d91-6e08-7f79-a3e4-c843c73a3ef2/replay_control,episode_019e2d91-6e08-7f79-a3e4-c843c73a3ef2,test,90,parked,replay_control,True,1.0,Robometer progress,0.5220216512680054,,
b090_parked/episode_019e2d91-6e08-7f79-a3e4-c843c73a3ef2/replay_control,episode_019e2d91-6e08-7f79-a3e4-c843c73a3ef2,test,90,parked,replay_control,True,1.0,Robometer success,0.10087862610816956,0.5,False
b090_parked/episode_019e2d91-6e08-7f79-a3e4-c843c73a3ef2/hold,episode_019e2d91-6e08-7f79-a3e4-c843c73a3ef2,test,90,parked,hold,True,1.0,DINOv2,0.9997673630714417,0.8599722981452942,True
b090_parked/episode_019e2d91-6e08-7f79-a3e4-c843c73a3ef2/hold,episode_019e2d91-6e08-7f79-a3e4-c843c73a3ef2,test,90,parked,hold,True,1.0,DT,-2.3905653953552246,-8.942145824432373,True
b090_parked/episode_019e2d91-6e08-7f79-a3e4-c843c73a3ef2/hold,episode_019e2d91-6e08-7f79-a3e4-c843c73a3ef2,test,90,parked,hold,True,1.0,Elapsed time,35.03333333333333,34.43333333333334,True
b090_parked/episode_019e2d91-6e08-7f79-a3e4-c843c73a3ef2/hold,episode_019e2d91-6e08-7f79-a3e4-c843c73a3ef2,test,90,parked,hold,True,1.0,S1,-0.19906747341156006,-3.272519528865814,True
b090_parked/episode_019e2d91-6e08-7f79-a3e4-c843c73a3ef2/hold,episode_019e2d91-6e08-7f79-a3e4-c843c73a3ef2,test,90,parked,hold,True,1.0,S3,-0.07442530989646912,-3.2162272334098816,True
b090_parked/episode_019e2d91-6e08-7f79-a3e4-c843c73a3ef2/hold,episode_019e2d91-6e08-7f79-a3e4-c843c73a3ef2,test,90,parked,hold,True,1.0,S5,-0.0732775330543518,-3.123962104320526,True
b090_parked/episode_019e2d91-6e08-7f79-a3e4-c843c73a3ef2/hold,episode_019e2d91-6e08-7f79-a3e4-c843c73a3ef2,test,90,parked,hold,True,1.0,DT + S1,0.8587661173369736,0.448230025164487,True
b090_parked/episode_019e2d91-6e08-7f79-a3e4-c843c73a3ef2/hold,episode_019e2d91-6e08-7f79-a3e4-c843c73a3ef2,test,90,parked,hold,True,1.0,DT + S3,0.8607271585576448,0.4499065998983014,True
b090_parked/episode_019e2d91-6e08-7f79-a3e4-c843c73a3ef2/hold,episode_019e2d91-6e08-7f79-a3e4-c843c73a3ef2,test,90,parked,hold,True,1.0,DT + S5,0.8554594491605232,0.4502469361783752,True
b090_parked/episode_019e2d91-6e08-7f79-a3e4-c843c73a3ef2/hold,episode_019e2d91-6e08-7f79-a3e4-c843c73a3ef2,test,90,parked,hold,True,1.0,Always successful,1.0,0.5,True
b090_parked/episode_019e2d91-6e08-7f79-a3e4-c843c73a3ef2/hold,episode_019e2d91-6e08-7f79-a3e4-c843c73a3ef2,test,90,parked,hold,True,1.0,Robometer progress,0.6817336082458496,,
b090_parked/episode_019e2d91-6e08-7f79-a3e4-c843c73a3ef2/hold,episode_019e2d91-6e08-7f79-a3e4-c843c73a3ef2,test,90,parked,hold,True,1.0,Robometer success,0.28537195920944214,0.5,False
b090_parked/episode_019e2d91-6e08-7f79-a3e4-c843c73a3ef2/random_walk,episode_019e2d91-6e08-7f79-a3e4-c843c73a3ef2,test,90,parked,random_walk,True,1.0,DINOv2,0.9997977018356323,0.8599722981452942,True
b090_parked/episode_019e2d91-6e08-7f79-a3e4-c843c73a3ef2/random_walk,episode_019e2d91-6e08-7f79-a3e4-c843c73a3ef2,test,90,parked,random_walk,True,1.0,DT,-2.1730504035949707,-8.942145824432373,True
b090_parked/episode_019e2d91-6e08-7f79-a3e4-c843c73a3ef2/random_walk,episode_019e2d91-6e08-7f79-a3e4-c843c73a3ef2,test,90,parked,random_walk,True,1.0,Elapsed time,35.03333333333333,34.43333333333334,True
b090_parked/episode_019e2d91-6e08-7f79-a3e4-c843c73a3ef2/random_walk,episode_019e2d91-6e08-7f79-a3e4-c843c73a3ef2,test,90,parked,random_walk,True,1.0,S1,-0.19727976620197296,-3.272519528865814,True
b090_parked/episode_019e2d91-6e08-7f79-a3e4-c843c73a3ef2/random_walk,episode_019e2d91-6e08-7f79-a3e4-c843c73a3ef2,test,90,parked,random_walk,True,1.0,S3,-0.1289210468530655,-3.2162272334098816,True
b090_parked/episode_019e2d91-6e08-7f79-a3e4-c843c73a3ef2/random_walk,episode_019e2d91-6e08-7f79-a3e4-c843c73a3ef2,test,90,parked,random_walk,True,1.0,S5,-0.1268986463546753,-3.123962104320526,True
b090_parked/episode_019e2d91-6e08-7f79-a3e4-c843c73a3ef2/random_walk,episode_019e2d91-6e08-7f79-a3e4-c843c73a3ef2,test,90,parked,random_walk,True,1.0,DT + S1,0.8617392491162843,0.448230025164487,True
b090_parked/episode_019e2d91-6e08-7f79-a3e4-c843c73a3ef2/random_walk,episode_019e2d91-6e08-7f79-a3e4-c843c73a3ef2,test,90,parked,random_walk,True,1.0,DT + S3,0.8608441768164377,0.4499065998983014,True
b090_parked/episode_019e2d91-6e08-7f79-a3e4-c843c73a3ef2/random_walk,episode_019e2d91-6e08-7f79-a3e4-c843c73a3ef2,test,90,parked,random_walk,True,1.0,DT + S5,0.8556356424181384,0.4502469361783752,True
b090_parked/episode_019e2d91-6e08-7f79-a3e4-c843c73a3ef2/random_walk,episode_019e2d91-6e08-7f79-a3e4-c843c73a3ef2,test,90,parked,random_walk,True,1.0,Always successful,1.0,0.5,True
b090_parked/episode_019e2d91-6e08-7f79-a3e4-c843c73a3ef2/random_walk,episode_019e2d91-6e08-7f79-a3e4-c843c73a3ef2,test,90,parked,random_walk,True,1.0,Robometer progress,0.5838644504547119,,
b090_parked/episode_019e2d91-6e08-7f79-a3e4-c843c73a3ef2/random_walk,episode_019e2d91-6e08-7f79-a3e4-c843c73a3ef2,test,90,parked,random_walk,True,1.0,Robometer success,0.20055769383907318,0.5,False
b090_parked/episode_019e3c25-a92e-7824-a264-f1da48b9bd3d/replay_control,episode_019e3c25-a92e-7824-a264-f1da48b9bd3d,test,90,parked,replay_control,True,1.0,DINOv2,0.999759316444397,0.8599722981452942,True
b090_parked/episode_019e3c25-a92e-7824-a264-f1da48b9bd3d/replay_control,episode_019e3c25-a92e-7824-a264-f1da48b9bd3d,test,90,parked,replay_control,True,1.0,DT,-1.936211109161377,-8.942145824432373,True
b090_parked/episode_019e3c25-a92e-7824-a264-f1da48b9bd3d/replay_control,episode_019e3c25-a92e-7824-a264-f1da48b9bd3d,test,90,parked,replay_control,True,1.0,Elapsed time,39.56666666666667,34.43333333333334,True
b090_parked/episode_019e3c25-a92e-7824-a264-f1da48b9bd3d/replay_control,episode_019e3c25-a92e-7824-a264-f1da48b9bd3d,test,90,parked,replay_control,True,1.0,S1,-0.38912153244018555,-3.272519528865814,True
b090_parked/episode_019e3c25-a92e-7824-a264-f1da48b9bd3d/replay_control,episode_019e3c25-a92e-7824-a264-f1da48b9bd3d,test,90,parked,replay_control,True,1.0,S3,-0.3281940221786499,-3.2162272334098816,True
b090_parked/episode_019e3c25-a92e-7824-a264-f1da48b9bd3d/replay_control,episode_019e3c25-a92e-7824-a264-f1da48b9bd3d,test,90,parked,replay_control,True,1.0,S5,-0.33512434363365173,-3.123962104320526,True
b090_parked/episode_019e3c25-a92e-7824-a264-f1da48b9bd3d/replay_control,episode_019e3c25-a92e-7824-a264-f1da48b9bd3d,test,90,parked,replay_control,True,1.0,DT + S1,0.8549644750698473,0.448230025164487,True
b090_parked/episode_019e3c25-a92e-7824-a264-f1da48b9bd3d/replay_control,episode_019e3c25-a92e-7824-a264-f1da48b9bd3d,test,90,parked,replay_control,True,1.0,DT + S3,0.8537731726921788,0.4499065998983014,True
b090_parked/episode_019e3c25-a92e-7824-a264-f1da48b9bd3d/replay_control,episode_019e3c25-a92e-7824-a264-f1da48b9bd3d,test,90,parked,replay_control,True,1.0,DT + S5,0.8479070528822151,0.4502469361783752,True
b090_parked/episode_019e3c25-a92e-7824-a264-f1da48b9bd3d/replay_control,episode_019e3c25-a92e-7824-a264-f1da48b9bd3d,test,90,parked,replay_control,True,1.0,Always successful,1.0,0.5,True
b090_parked/episode_019e3c25-a92e-7824-a264-f1da48b9bd3d/replay_control,episode_019e3c25-a92e-7824-a264-f1da48b9bd3d,test,90,parked,replay_control,True,1.0,Robometer progress,0.739821195602417,,
b090_parked/episode_019e3c25-a92e-7824-a264-f1da48b9bd3d/replay_control,episode_019e3c25-a92e-7824-a264-f1da48b9bd3d,test,90,parked,replay_control,True,1.0,Robometer success,0.22000710666179657,0.5,False
b090_parked/episode_019e3c25-a92e-7824-a264-f1da48b9bd3d/hold,episode_019e3c25-a92e-7824-a264-f1da48b9bd3d,test,90,parked,hold,True,1.0,DINOv2,0.9998918771743774,0.8599722981452942,True
b090_parked/episode_019e3c25-a92e-7824-a264-f1da48b9bd3d/hold,episode_019e3c25-a92e-7824-a264-f1da48b9bd3d,test,90,parked,hold,True,1.0,DT,-2.099619150161743,-8.942145824432373,True
b090_parked/episode_019e3c25-a92e-7824-a264-f1da48b9bd3d/hold,episode_019e3c25-a92e-7824-a264-f1da48b9bd3d,test,90,parked,hold,True,1.0,Elapsed time,39.56666666666667,34.43333333333334,True
b090_parked/episode_019e3c25-a92e-7824-a264-f1da48b9bd3d/hold,episode_019e3c25-a92e-7824-a264-f1da48b9bd3d,test,90,parked,hold,True,1.0,S1,-0.20476122200489044,-3.272519528865814,True
b090_parked/episode_019e3c25-a92e-7824-a264-f1da48b9bd3d/hold,episode_019e3c25-a92e-7824-a264-f1da48b9bd3d,test,90,parked,hold,True,1.0,S3,-0.10736270248889923,-3.2162272334098816,True
b090_parked/episode_019e3c25-a92e-7824-a264-f1da48b9bd3d/hold,episode_019e3c25-a92e-7824-a264-f1da48b9bd3d,test,90,parked,hold,True,1.0,S5,-0.09809926152229309,-3.123962104320526,True
b090_parked/episode_019e3c25-a92e-7824-a264-f1da48b9bd3d/hold,episode_019e3c25-a92e-7824-a264-f1da48b9bd3d,test,90,parked,hold,True,1.0,DT + S1,0.8623221083657776,0.448230025164487,True
b090_parked/episode_019e3c25-a92e-7824-a264-f1da48b9bd3d/hold,episode_019e3c25-a92e-7824-a264-f1da48b9bd3d,test,90,parked,hold,True,1.0,DT + S3,0.8628847808411347,0.4499065998983014,True
b090_parked/episode_019e3c25-a92e-7824-a264-f1da48b9bd3d/hold,episode_019e3c25-a92e-7824-a264-f1da48b9bd3d,test,90,parked,hold,True,1.0,DT + S5,0.85810454896314,0.4502469361783752,True
b090_parked/episode_019e3c25-a92e-7824-a264-f1da48b9bd3d/hold,episode_019e3c25-a92e-7824-a264-f1da48b9bd3d,test,90,parked,hold,True,1.0,Always successful,1.0,0.5,True
b090_parked/episode_019e3c25-a92e-7824-a264-f1da48b9bd3d/hold,episode_019e3c25-a92e-7824-a264-f1da48b9bd3d,test,90,parked,hold,True,1.0,Robometer progress,0.6665528416633606,,
b090_parked/episode_019e3c25-a92e-7824-a264-f1da48b9bd3d/hold,episode_019e3c25-a92e-7824-a264-f1da48b9bd3d,test,90,parked,hold,True,1.0,Robometer success,0.22953522205352783,0.5,False
b090_parked/episode_019e3c25-a92e-7824-a264-f1da48b9bd3d/random_walk,episode_019e3c25-a92e-7824-a264-f1da48b9bd3d,test,90,parked,random_walk,True,1.0,DINOv2,0.9998667240142822,0.8599722981452942,True
b090_parked/episode_019e3c25-a92e-7824-a264-f1da48b9bd3d/random_walk,episode_019e3c25-a92e-7824-a264-f1da48b9bd3d,test,90,parked,random_walk,True,1.0,DT,-2.0182230472564697,-8.942145824432373,True
b090_parked/episode_019e3c25-a92e-7824-a264-f1da48b9bd3d/random_walk,episode_019e3c25-a92e-7824-a264-f1da48b9bd3d,test,90,parked,random_walk,True,1.0,Elapsed time,39.56666666666667,34.43333333333334,True
b090_parked/episode_019e3c25-a92e-7824-a264-f1da48b9bd3d/random_walk,episode_019e3c25-a92e-7824-a264-f1da48b9bd3d,test,90,parked,random_walk,True,1.0,S1,-0.23983611166477203,-3.272519528865814,True
b090_parked/episode_019e3c25-a92e-7824-a264-f1da48b9bd3d/random_walk,episode_019e3c25-a92e-7824-a264-f1da48b9bd3d,test,90,parked,random_walk,True,1.0,S3,-0.10806499421596527,-3.2162272334098816,True
b090_parked/episode_019e3c25-a92e-7824-a264-f1da48b9bd3d/random_walk,episode_019e3c25-a92e-7824-a264-f1da48b9bd3d,test,90,parked,random_walk,True,1.0,S5,-0.10430225729942322,-3.123962104320526,True
b090_parked/episode_019e3c25-a92e-7824-a264-f1da48b9bd3d/random_walk,episode_019e3c25-a92e-7824-a264-f1da48b9bd3d,test,90,parked,random_walk,True,1.0,DT + S1,0.8616092460989823,0.448230025164487,True
b090_parked/episode_019e3c25-a92e-7824-a264-f1da48b9bd3d/random_walk,episode_019e3c25-a92e-7824-a264-f1da48b9bd3d,test,90,parked,random_walk,True,1.0,DT + S3,0.8639049830402514,0.4499065998983014,True
b090_parked/episode_019e3c25-a92e-7824-a264-f1da48b9bd3d/random_walk,episode_019e3c25-a92e-7824-a264-f1da48b9bd3d,test,90,parked,random_walk,True,1.0,DT + S5,0.8588749268161376,0.4502469361783752,True
b090_parked/episode_019e3c25-a92e-7824-a264-f1da48b9bd3d/random_walk,episode_019e3c25-a92e-7824-a264-f1da48b9bd3d,test,90,parked,random_walk,True,1.0,Always successful,1.0,0.5,True
b090_parked/episode_019e3c25-a92e-7824-a264-f1da48b9bd3d/random_walk,episode_019e3c25-a92e-7824-a264-f1da48b9bd3d,test,90,parked,random_walk,True,1.0,Robometer progress,0.6670533418655396,,
b090_parked/episode_019e3c25-a92e-7824-a264-f1da48b9bd3d/random_walk,episode_019e3c25-a92e-7824-a264-f1da48b9bd3d,test,90,parked,random_walk,True,1.0,Robometer success,0.2186693549156189,0.5,False
b090_parked/episode_019e2261-5abe-7ece-910d-8988dd12106a/replay_control,episode_019e2261-5abe-7ece-910d-8988dd12106a,test,90,parked,replay_control,True,1.0,DINOv2,0.9996538758277893,0.8599722981452942,True
b090_parked/episode_019e2261-5abe-7ece-910d-8988dd12106a/replay_control,episode_019e2261-5abe-7ece-910d-8988dd12106a,test,90,parked,replay_control,True,1.0,DT,-2.2251455783843994,-8.942145824432373,True
b090_parked/episode_019e2261-5abe-7ece-910d-8988dd12106a/replay_control,episode_019e2261-5abe-7ece-910d-8988dd12106a,test,90,parked,replay_control,True,1.0,Elapsed time,33.8,34.43333333333334,False
b090_parked/episode_019e2261-5abe-7ece-910d-8988dd12106a/replay_control,episode_019e2261-5abe-7ece-910d-8988dd12106a,test,90,parked,replay_control,True,1.0,S1,-0.487095445394516,-3.272519528865814,True
b090_parked/episode_019e2261-5abe-7ece-910d-8988dd12106a/replay_control,episode_019e2261-5abe-7ece-910d-8988dd12106a,test,90,parked,replay_control,True,1.0,S3,-0.4470135569572449,-3.2162272334098816,True
b090_parked/episode_019e2261-5abe-7ece-910d-8988dd12106a/replay_control,episode_019e2261-5abe-7ece-910d-8988dd12106a,test,90,parked,replay_control,True,1.0,S5,-0.4562501609325409,-3.123962104320526,True
b090_parked/episode_019e2261-5abe-7ece-910d-8988dd12106a/replay_control,episode_019e2261-5abe-7ece-910d-8988dd12106a,test,90,parked,replay_control,True,1.0,DT + S1,0.8455936746437934,0.448230025164487,True
b090_parked/episode_019e2261-5abe-7ece-910d-8988dd12106a/replay_control,episode_019e2261-5abe-7ece-910d-8988dd12106a,test,90,parked,replay_control,True,1.0,DT + S3,0.8432698155919717,0.4499065998983014,True
b090_parked/episode_019e2261-5abe-7ece-910d-8988dd12106a/replay_control,episode_019e2261-5abe-7ece-910d-8988dd12106a,test,90,parked,replay_control,True,1.0,DT + S5,0.836962230404964,0.4502469361783752,True
b090_parked/episode_019e2261-5abe-7ece-910d-8988dd12106a/replay_control,episode_019e2261-5abe-7ece-910d-8988dd12106a,test,90,parked,replay_control,True,1.0,Always successful,1.0,0.5,True
b090_parked/episode_019e2261-5abe-7ece-910d-8988dd12106a/replay_control,episode_019e2261-5abe-7ece-910d-8988dd12106a,test,90,parked,replay_control,True,1.0,Robometer progress,0.27020421624183655,,
b090_parked/episode_019e2261-5abe-7ece-910d-8988dd12106a/replay_control,episode_019e2261-5abe-7ece-910d-8988dd12106a,test,90,parked,replay_control,True,1.0,Robometer success,0.03308597952127457,0.5,False
b090_parked/episode_019e2261-5abe-7ece-910d-8988dd12106a/hold,episode_019e2261-5abe-7ece-910d-8988dd12106a,test,90,parked,hold,True,1.0,DINOv2,0.999454140663147,0.8599722981452942,True
b090_parked/episode_019e2261-5abe-7ece-910d-8988dd12106a/hold,episode_019e2261-5abe-7ece-910d-8988dd12106a,test,90,parked,hold,True,1.0,DT,-2.217247486114502,-8.942145824432373,True
b090_parked/episode_019e2261-5abe-7ece-910d-8988dd12106a/hold,episode_019e2261-5abe-7ece-910d-8988dd12106a,test,90,parked,hold,True,1.0,Elapsed time,33.8,34.43333333333334,False
b090_parked/episode_019e2261-5abe-7ece-910d-8988dd12106a/hold,episode_019e2261-5abe-7ece-910d-8988dd12106a,test,90,parked,hold,True,1.0,S1,-0.5972431898117065,-3.272519528865814,True
b090_parked/episode_019e2261-5abe-7ece-910d-8988dd12106a/hold,episode_019e2261-5abe-7ece-910d-8988dd12106a,test,90,parked,hold,True,1.0,S3,-0.54304039478302,-3.2162272334098816,True
b090_parked/episode_019e2261-5abe-7ece-910d-8988dd12106a/hold,episode_019e2261-5abe-7ece-910d-8988dd12106a,test,90,parked,hold,True,1.0,S5,-0.544813334941864,-3.123962104320526,True
b090_parked/episode_019e2261-5abe-7ece-910d-8988dd12106a/hold,episode_019e2261-5abe-7ece-910d-8988dd12106a,test,90,parked,hold,True,1.0,DT + S1,0.8394765881654317,0.448230025164487,True
b090_parked/episode_019e2261-5abe-7ece-910d-8988dd12106a/hold,episode_019e2261-5abe-7ece-910d-8988dd12106a,test,90,parked,hold,True,1.0,DT + S3,0.8379736037422071,0.4499065998983014,True
b090_parked/episode_019e2261-5abe-7ece-910d-8988dd12106a/hold,episode_019e2261-5abe-7ece-910d-8988dd12106a,test,90,parked,hold,True,1.0,DT + S5,0.8319568882190775,0.4502469361783752,True
b090_parked/episode_019e2261-5abe-7ece-910d-8988dd12106a/hold,episode_019e2261-5abe-7ece-910d-8988dd12106a,test,90,parked,hold,True,1.0,Always successful,1.0,0.5,True
b090_parked/episode_019e2261-5abe-7ece-910d-8988dd12106a/hold,episode_019e2261-5abe-7ece-910d-8988dd12106a,test,90,parked,hold,True,1.0,Robometer progress,0.17493878304958344,,
b090_parked/episode_019e2261-5abe-7ece-910d-8988dd12106a/hold,episode_019e2261-5abe-7ece-910d-8988dd12106a,test,90,parked,hold,True,1.0,Robometer success,0.01798621006309986,0.5,False
b090_parked/episode_019e2261-5abe-7ece-910d-8988dd12106a/random_walk,episode_019e2261-5abe-7ece-910d-8988dd12106a,test,90,parked,random_walk,True,1.0,DINOv2,0.9997574090957642,0.8599722981452942,True
b090_parked/episode_019e2261-5abe-7ece-910d-8988dd12106a/random_walk,episode_019e2261-5abe-7ece-910d-8988dd12106a,test,90,parked,random_walk,True,1.0,DT,-2.242910146713257,-8.942145824432373,True
b090_parked/episode_019e2261-5abe-7ece-910d-8988dd12106a/random_walk,episode_019e2261-5abe-7ece-910d-8988dd12106a,test,90,parked,random_walk,True,1.0,Elapsed time,33.8,34.43333333333334,False
b090_parked/episode_019e2261-5abe-7ece-910d-8988dd12106a/random_walk,episode_019e2261-5abe-7ece-910d-8988dd12106a,test,90,parked,random_walk,True,1.0,S1,-0.25178882479667664,-3.272519528865814,True
b090_parked/episode_019e2261-5abe-7ece-910d-8988dd12106a/random_walk,episode_019e2261-5abe-7ece-910d-8988dd12106a,test,90,parked,random_walk,True,1.0,S3,-0.17960546910762787,-3.2162272334098816,True
b090_parked/episode_019e2261-5abe-7ece-910d-8988dd12106a/random_walk,episode_019e2261-5abe-7ece-910d-8988dd12106a,test,90,parked,random_walk,True,1.0,S5,-0.19672735035419464,-3.123962104320526,True
b090_parked/episode_019e2261-5abe-7ece-910d-8988dd12106a/random_walk,episode_019e2261-5abe-7ece-910d-8988dd12106a,test,90,parked,random_walk,True,1.0,DT + S1,0.8580104089929234,0.448230025164487,True
b090_parked/episode_019e2261-5abe-7ece-910d-8988dd12106a/random_walk,episode_019e2261-5abe-7ece-910d-8988dd12106a,test,90,parked,random_walk,True,1.0,DT + S3,0.8573334572434748,0.4499065998983014,True
b090_parked/episode_019e2261-5abe-7ece-910d-8988dd12106a/random_walk,episode_019e2261-5abe-7ece-910d-8988dd12106a,test,90,parked,random_walk,True,1.0,DT + S5,0.8510139353236764,0.4502469361783752,True
b090_parked/episode_019e2261-5abe-7ece-910d-8988dd12106a/random_walk,episode_019e2261-5abe-7ece-910d-8988dd12106a,test,90,parked,random_walk,True,1.0,Always successful,1.0,0.5,True
b090_parked/episode_019e2261-5abe-7ece-910d-8988dd12106a/random_walk,episode_019e2261-5abe-7ece-910d-8988dd12106a,test,90,parked,random_walk,True,1.0,Robometer progress,0.22627347707748413,,
b090_parked/episode_019e2261-5abe-7ece-910d-8988dd12106a/random_walk,episode_019e2261-5abe-7ece-910d-8988dd12106a,test,90,parked,random_walk,True,1.0,Robometer success,0.039048291742801666,0.5,False
