episode_id,frame,seconds,completion,S1,DT,DINOv2,Robometer progress,Robometer success,DT + S1,DT + S3,DT + S5,S3,S5
b050_original/episode_019e1e35-af9f-7d66-93b0-478d1c079799/replay_control,0,0.0,0.0,-3.1789891719818115,-5.837050914764404,0.8646734952926636,0.0923045352101326,0.0034834241960197687,0.5384785135632545,,,,
b050_original/episode_019e1e35-af9f-7d66-93b0-478d1c079799/replay_control,50,1.6666666666666667,0.0,-6.451673984527588,-23.921321868896484,0.7144110202789307,0.1481209546327591,0.0035936026833951473,0.03788590925643764,0.049236301165789226,0.1082899784265686,-5.8161797523498535,-3.7050533294677734
b050_original/episode_019e1e35-af9f-7d66-93b0-478d1c079799/replay_control,99,3.3,0.0,-6.403895854949951,-11.82783031463623,0.6365096569061279,0.6114550828933716,0.10230471193790436,0.1322153904029867,0.1428811663534114,0.14875144971829402,-6.196459770202637,-6.006917476654053
b050_original/episode_019e1e35-af9f-7d66-93b0-478d1c079799/replay_control,149,4.966666666666667,0.0,-6.621341705322266,-11.22181224822998,0.676638126373291,0.6287645101547241,0.13939638435840607,0.1292641907521069,0.15079688745940467,0.15516579508826098,-6.2045464515686035,-6.046971321105957
b050_original/episode_019e1e35-af9f-7d66-93b0-478d1c079799/replay_control,198,6.6,0.0,-6.2307353019714355,-11.919567108154297,0.6940902471542358,0.24949651956558228,0.03963883966207504,0.13970291728483375,0.142599444551408,0.1464475484069054,-6.177969455718994,-6.026576519012451
b050_original/episode_019e1e35-af9f-7d66-93b0-478d1c079799/replay_control,248,8.266666666666667,0.0,-6.739446640014648,-9.21860122680664,0.5878485441207886,0.3151371479034424,0.05582314357161522,0.14968038653254243,0.18457925342252648,0.19312425984117973,-6.150860786437988,-5.940070629119873
b050_original/episode_019e1e35-af9f-7d66-93b0-478d1c079799/replay_control,297,9.9,0.5,-6.015152454376221,-10.111503601074219,0.6039211750030518,0.472503125667572,0.11124119907617569,0.17849736598177462,0.17681947294540207,0.1793219326674094,-6.0422210693359375,-5.923458576202393
b050_original/episode_019e1e35-af9f-7d66-93b0-478d1c079799/replay_control,347,11.566666666666666,0.5,-6.1708879470825195,-10.93138313293457,0.6139867901802063,0.531489908695221,0.12168574333190918,0.1566540425503817,0.1613823536513232,0.1672720723540031,-6.089347839355469,-5.909341335296631
b050_original/episode_019e1e35-af9f-7d66-93b0-478d1c079799/replay_control,366,12.2,0.5,-5.91111946105957,-11.29006576538086,0.6302874684333801,0.6945745348930359,0.26435837149620056,0.16630276586115106,0.1753099630774426,0.18213074555307143,-5.759103298187256,-5.569205284118652
b050_original/episode_019e1e35-af9f-7d66-93b0-478d1c079799/replay_control,396,13.2,0.5,-6.342074871063232,-15.762898445129395,0.636050820350647,0.38179755210876465,0.0838903859257698,0.09205702084597366,0.09958494813088663,0.11233809030669575,-6.143741607666016,-5.745416641235352
b050_original/episode_019e1e35-af9f-7d66-93b0-478d1c079799/replay_control,446,14.866666666666667,0.5,-6.344248294830322,-12.44935417175293,0.6901397705078125,0.4505394399166107,0.09534945338964462,0.1273540676736522,0.1400306053765366,0.15305153490735612,-6.089901924133301,-5.763869762420654
b050_original/episode_019e1e35-af9f-7d66-93b0-478d1c079799/replay_control,496,16.533333333333335,0.5,-5.871960163116455,-12.870445251464844,0.6940481662750244,0.38671761751174927,0.055005285888910294,0.14560330762658052,0.14917285303846173,0.1502966036494629,-5.804187297821045,-5.704582214355469
b050_original/episode_019e1e35-af9f-7d66-93b0-478d1c079799/replay_control,545,18.166666666666668,0.5,-5.701759338378906,-10.929861068725586,0.6475436687469482,0.29723936319351196,0.08756384253501892,0.1849648367229241,0.189304701921241,0.18960050094925768,-5.629969120025635,-5.5457987785339355
b050_original/episode_019e1e35-af9f-7d66-93b0-478d1c079799/replay_control,595,19.833333333333332,1.0,-5.547003269195557,-8.898069381713867,0.7114416360855103,0.22301602363586426,0.03676946833729744,0.23269453319874844,0.22427732386262375,0.22468939024387435,-5.652953147888184,-5.567516803741455
b050_original/episode_019e1e35-af9f-7d66-93b0-478d1c079799/replay_control,644,21.466666666666665,1.0,-5.35660982131958,-9.100288391113281,0.7346528768539429,0.5557427406311035,0.22815649211406708,0.2433811274616134,0.2497356900071633,0.24886243607551045,-5.265267372131348,-5.195006847381592
b050_original/episode_019e1e35-af9f-7d66-93b0-478d1c079799/replay_control,694,23.133333333333333,1.0,-4.598705291748047,-4.006035804748535,0.9364436864852905,0.08845026046037674,0.009708477184176445,0.4379265959191376,0.49317255675955185,0.48755210354772105,-4.046317100524902,-4.0126566886901855
b050_original/episode_019e1e35-af9f-7d66-93b0-478d1c079799/replay_control,743,24.766666666666666,1.0,-1.0533125400543213,-2.1069023609161377,0.9981577396392822,0.3683306574821472,0.09947021305561066,0.8133558153406846,0.8217965419792053,0.8184560078435061,-0.8443873524665833,-0.7972432374954224
b050_original/episode_019e1e35-af9f-7d66-93b0-478d1c079799/replay_control,793,26.433333333333334,1.0,-1.0720309019088745,-2.3293509483337402,0.9969192743301392,0.17632430791854858,0.04603390023112297,0.8083721470554783,0.8087127852447537,0.8018907823850502,-0.9928231239318848,-0.9961521625518799
b050_original/episode_019e1e35-af9f-7d66-93b0-478d1c079799/hold,0,0.0,0.0,-3.1789891719818115,-5.837050914764404,0.8646734952926636,0.0923045352101326,0.0034834241960197687,0.5384785135632545,,,,
b050_original/episode_019e1e35-af9f-7d66-93b0-478d1c079799/hold,50,1.6666666666666667,0.0,-6.451673984527588,-23.921321868896484,0.7144110202789307,0.1481209546327591,0.0035936026833951473,0.03788590925643764,0.049236301165789226,0.1082899784265686,-5.8161797523498535,-3.7050533294677734
b050_original/episode_019e1e35-af9f-7d66-93b0-478d1c079799/hold,99,3.3,0.0,-6.403895854949951,-11.82783031463623,0.6365096569061279,0.6114550828933716,0.10230471193790436,0.1322153904029867,0.1428811663534114,0.14875144971829402,-6.196459770202637,-6.006917476654053
b050_original/episode_019e1e35-af9f-7d66-93b0-478d1c079799/hold,149,4.966666666666667,0.0,-6.621341705322266,-11.22181224822998,0.676638126373291,0.6287645101547241,0.13939638435840607,0.1292641907521069,0.15079688745940467,0.15516579508826098,-6.2045464515686035,-6.046971321105957
b050_original/episode_019e1e35-af9f-7d66-93b0-478d1c079799/hold,198,6.6,0.0,-6.2307353019714355,-11.919567108154297,0.6940902471542358,0.24949651956558228,0.03963883966207504,0.13970291728483375,0.142599444551408,0.1464475484069054,-6.177969455718994,-6.026576519012451
b050_original/episode_019e1e35-af9f-7d66-93b0-478d1c079799/hold,248,8.266666666666667,0.0,-6.739446640014648,-9.21860122680664,0.5878485441207886,0.3151371479034424,0.05582314357161522,0.14968038653254243,0.18457925342252648,0.19312425984117973,-6.150860786437988,-5.940070629119873
b050_original/episode_019e1e35-af9f-7d66-93b0-478d1c079799/hold,297,9.9,0.5,-6.015152454376221,-10.111503601074219,0.6039211750030518,0.472503125667572,0.11124119907617569,0.17849736598177462,0.17681947294540207,0.1793219326674094,-6.0422210693359375,-5.923458576202393
b050_original/episode_019e1e35-af9f-7d66-93b0-478d1c079799/hold,347,11.566666666666666,0.5,-6.1708879470825195,-10.93138313293457,0.6139867901802063,0.531489908695221,0.12168574333190918,0.1566540425503817,0.1613823536513232,0.1672720723540031,-6.089347839355469,-5.909341335296631
b050_original/episode_019e1e35-af9f-7d66-93b0-478d1c079799/hold,366,12.2,0.5,-5.91111946105957,-11.29006576538086,0.6302874684333801,0.6945745348930359,0.26435837149620056,0.16630276586115106,0.1753099630774426,0.18213074555307143,-5.759103298187256,-5.569205284118652
b050_original/episode_019e1e35-af9f-7d66-93b0-478d1c079799/hold,396,13.2,0.5,-5.936767578125,-11.651052474975586,0.6244568824768066,0.609276533126831,0.18359363079071045,0.15938918100420518,0.15818060895611907,0.1627548785402829,-5.958049774169922,-5.798928260803223
b050_original/episode_019e1e35-af9f-7d66-93b0-478d1c079799/hold,446,14.866666666666667,0.5,-5.9282307624816895,-11.602625846862793,0.6316516399383545,0.7950657606124878,0.39793843030929565,0.1605957446735814,0.16240613976772394,0.16256722682797425,-5.896080017089844,-5.81491231918335
b050_original/episode_019e1e35-af9f-7d66-93b0-478d1c079799/hold,496,16.533333333333335,0.5,-5.881325721740723,-11.064210891723633,0.6309107542037964,0.822320818901062,0.4510846734046936,0.17158101933321995,0.1705534449509398,0.17137071916765834,-5.897145748138428,-5.804962158203125
b050_original/episode_019e1e35-af9f-7d66-93b0-478d1c079799/hold,545,18.166666666666668,0.5,-5.908624172210693,-11.434438705444336,0.6309055685997009,0.7634896636009216,0.3242354094982147,0.16425473664194779,0.1641903537124643,0.16493724790023745,-5.9089741706848145,-5.817693710327148
b050_original/episode_019e1e35-af9f-7d66-93b0-478d1c079799/hold,595,19.833333333333332,0.5,-5.908115863800049,-11.496710777282715,0.6278812289237976,0.7709325551986694,0.3015677034854889,0.1633445279643498,0.16340963937654604,0.1641330369345693,-5.906255722045898,-5.815332412719727
b050_original/episode_019e1e35-af9f-7d66-93b0-478d1c079799/hold,644,21.466666666666665,0.5,-5.901083469390869,-11.302145957946777,0.6260828971862793,0.6683651208877563,0.19682618975639343,0.16671211899506552,0.16600792993026983,0.16598164899432866,-5.912189483642578,-5.834322452545166
b050_original/episode_019e1e35-af9f-7d66-93b0-478d1c079799/hold,694,23.133333333333333,0.5,-5.894270896911621,-11.287898063659668,0.6265712976455688,0.7442638278007507,0.27904197573661804,0.16733484030917747,0.16746428077634964,0.16664073585230973,-5.890996932983398,-5.826711654663086
b050_original/episode_019e1e35-af9f-7d66-93b0-478d1c079799/hold,743,24.766666666666666,0.5,-5.882546901702881,-11.561141967773438,0.6263636946678162,0.7429671287536621,0.2538610100746155,0.16386536073200691,0.16289973859175397,0.16287191720873617,-5.89830207824707,-5.8204498291015625
b050_original/episode_019e1e35-af9f-7d66-93b0-478d1c079799/hold,793,26.433333333333334,0.5,-5.8919501304626465,-11.138611793518066,0.6266199946403503,0.692379355430603,0.1919327825307846,0.16977904945439576,0.16879772395890605,0.16898745783128782,-5.907331466674805,-5.82573938369751
b050_original/episode_019e1e35-af9f-7d66-93b0-478d1c079799/random_walk,0,0.0,0.0,-3.1789891719818115,-5.837050914764404,0.8646734952926636,0.0923045352101326,0.0034834241960197687,0.5384785135632545,,,,
b050_original/episode_019e1e35-af9f-7d66-93b0-478d1c079799/random_walk,50,1.6666666666666667,0.0,-6.451673984527588,-23.921321868896484,0.7144110202789307,0.1481209546327591,0.0035936026833951473,0.03788590925643764,0.049236301165789226,0.1082899784265686,-5.8161797523498535,-3.7050533294677734
b050_original/episode_019e1e35-af9f-7d66-93b0-478d1c079799/random_walk,99,3.3,0.0,-6.403895854949951,-11.82783031463623,0.6365096569061279,0.6114550828933716,0.10230471193790436,0.1322153904029867,0.1428811663534114,0.14875144971829402,-6.196459770202637,-6.006917476654053
b050_original/episode_019e1e35-af9f-7d66-93b0-478d1c079799/random_walk,149,4.966666666666667,0.0,-6.621341705322266,-11.22181224822998,0.676638126373291,0.6287645101547241,0.13939638435840607,0.1292641907521069,0.15079688745940467,0.15516579508826098,-6.2045464515686035,-6.046971321105957
b050_original/episode_019e1e35-af9f-7d66-93b0-478d1c079799/random_walk,198,6.6,0.0,-6.2307353019714355,-11.919567108154297,0.6940902471542358,0.24949651956558228,0.03963883966207504,0.13970291728483375,0.142599444551408,0.1464475484069054,-6.177969455718994,-6.026576519012451
b050_original/episode_019e1e35-af9f-7d66-93b0-478d1c079799/random_walk,248,8.266666666666667,0.0,-6.739446640014648,-9.21860122680664,0.5878485441207886,0.3151371479034424,0.05582314357161522,0.14968038653254243,0.18457925342252648,0.19312425984117973,-6.150860786437988,-5.940070629119873
b050_original/episode_019e1e35-af9f-7d66-93b0-478d1c079799/random_walk,297,9.9,0.5,-6.015152454376221,-10.111503601074219,0.6039211750030518,0.472503125667572,0.11124119907617569,0.17849736598177462,0.17681947294540207,0.1793219326674094,-6.0422210693359375,-5.923458576202393
b050_original/episode_019e1e35-af9f-7d66-93b0-478d1c079799/random_walk,347,11.566666666666666,0.5,-6.1708879470825195,-10.93138313293457,0.6139867901802063,0.531489908695221,0.12168574333190918,0.1566540425503817,0.1613823536513232,0.1672720723540031,-6.089347839355469,-5.909341335296631
b050_original/episode_019e1e35-af9f-7d66-93b0-478d1c079799/random_walk,366,12.2,0.5,-5.91111946105957,-11.29006576538086,0.6302874684333801,0.6945745348930359,0.26435837149620056,0.16630276586115106,0.1753099630774426,0.18213074555307143,-5.759103298187256,-5.569205284118652
b050_original/episode_019e1e35-af9f-7d66-93b0-478d1c079799/random_walk,396,13.2,0.5,-5.804070949554443,-13.591021537780762,0.7062928676605225,0.3295389413833618,0.08269733935594559,0.13943901811585382,0.14735340853787443,0.1533507599509006,-5.650211811065674,-5.459063529968262
b050_original/episode_019e1e35-af9f-7d66-93b0-478d1c079799/random_walk,446,14.866666666666667,0.5,-5.757961273193359,-10.205850601196289,0.6724918484687805,0.290754497051239,0.09009299427270889,0.19352681514408607,0.2115976375440067,0.21380786850229733,-5.488207817077637,-5.376420497894287
b050_original/episode_019e1e35-af9f-7d66-93b0-478d1c079799/random_walk,496,16.533333333333335,0.5,-6.1531782150268555,-10.341606140136719,0.6352492570877075,0.6001659035682678,0.17217184603214264,0.16647868910337615,0.17407161504200747,0.17895189188393681,-6.027263641357422,-5.869141101837158
b050_original/episode_019e1e35-af9f-7d66-93b0-478d1c079799/random_walk,545,18.166666666666668,0.5,-6.358434677124023,-9.660245895385742,0.5435225963592529,0.4817173182964325,0.11920291930437088,0.16475586364432898,0.18357453707550733,0.19751986223386586,-6.051399230957031,-5.757533073425293
b050_original/episode_019e1e35-af9f-7d66-93b0-478d1c079799/random_walk,595,19.833333333333332,0.5,-5.9801506996154785,-10.038453102111816,0.6698068380355835,0.3036779761314392,0.048136770725250244,0.18189195271655426,0.1979334511004416,0.21553812723180352,-5.731438159942627,-5.395808696746826
b050_original/episode_019e1e35-af9f-7d66-93b0-478d1c079799/random_walk,644,21.466666666666665,0.5,-5.845195770263672,-17.10491371154785,0.6051235795021057,0.3514026403427124,0.06097517907619476,0.097552653994242,0.10359576125726039,0.11497476077412605,-5.688736915588379,-5.331117630004883
b050_original/episode_019e1e35-af9f-7d66-93b0-478d1c079799/random_walk,694,23.133333333333333,0.5,-5.953653335571289,-12.655826568603516,0.685625433921814,0.387744277715683,0.08151976019144058,0.14421607353230723,0.1512653901962297,0.16120917713050603,-5.821285724639893,-5.562694549560547
b050_original/episode_019e1e35-af9f-7d66-93b0-478d1c079799/random_walk,743,24.766666666666666,0.5,-6.480007171630859,-9.629892349243164,0.6062357425689697,0.4157579243183136,0.09138210862874985,0.15818826729823504,0.1884780149309047,0.20562462795352993,-5.982356071472168,-5.645278453826904
b050_original/episode_019e1e35-af9f-7d66-93b0-478d1c079799/random_walk,793,26.433333333333334,0.5,-6.59993839263916,-10.941421508789062,0.6645723581314087,0.2652158737182617,0.05921025574207306,0.13383674062390588,0.17563157144018107,0.20666413162920153,-5.844888687133789,-5.286284923553467
b050_parked/episode_019e1e35-af9f-7d66-93b0-478d1c079799/replay_control,0,0.0,0.0,-3.1789891719818115,-5.837050914764404,0.8646734952926636,0.0923045352101326,0.0034834241960197687,0.5384785135632545,,,,
b050_parked/episode_019e1e35-af9f-7d66-93b0-478d1c079799/replay_control,50,1.6666666666666667,0.0,-6.451673984527588,-23.921321868896484,0.7144110202789307,0.1481209546327591,0.0035936026833951473,0.03788590925643764,0.049236301165789226,0.1082899784265686,-5.8161797523498535,-3.7050533294677734
b050_parked/episode_019e1e35-af9f-7d66-93b0-478d1c079799/replay_control,99,3.3,0.0,-6.403895854949951,-11.82783031463623,0.6365096569061279,0.6114550828933716,0.10230471193790436,0.1322153904029867,0.1428811663534114,0.14875144971829402,-6.196459770202637,-6.006917476654053
b050_parked/episode_019e1e35-af9f-7d66-93b0-478d1c079799/replay_control,149,4.966666666666667,0.0,-6.621341705322266,-11.22181224822998,0.676638126373291,0.6287645101547241,0.13939638435840607,0.1292641907521069,0.15079688745940467,0.15516579508826098,-6.2045464515686035,-6.046971321105957
b050_parked/episode_019e1e35-af9f-7d66-93b0-478d1c079799/replay_control,198,6.6,0.0,-6.2307353019714355,-11.919567108154297,0.6940902471542358,0.24949651956558228,0.03963883966207504,0.13970291728483375,0.142599444551408,0.1464475484069054,-6.177969455718994,-6.026576519012451
b050_parked/episode_019e1e35-af9f-7d66-93b0-478d1c079799/replay_control,248,8.266666666666667,0.0,-6.739446640014648,-9.21860122680664,0.5878485441207886,0.3151371479034424,0.05582314357161522,0.14968038653254243,0.18457925342252648,0.19312425984117973,-6.150860786437988,-5.940070629119873
b050_parked/episode_019e1e35-af9f-7d66-93b0-478d1c079799/replay_control,297,9.9,0.5,-6.015152454376221,-10.111503601074219,0.6039211750030518,0.472503125667572,0.11124119907617569,0.17849736598177462,0.17681947294540207,0.1793219326674094,-6.0422210693359375,-5.923458576202393
b050_parked/episode_019e1e35-af9f-7d66-93b0-478d1c079799/replay_control,347,11.566666666666666,0.5,-6.1708879470825195,-10.93138313293457,0.6139867901802063,0.531489908695221,0.12168574333190918,0.1566540425503817,0.1613823536513232,0.1672720723540031,-6.089347839355469,-5.909341335296631
b050_parked/episode_019e1e35-af9f-7d66-93b0-478d1c079799/replay_control,366,12.2,0.5,-5.91111946105957,-11.29006576538086,0.6302874684333801,0.6945745348930359,0.26435837149620056,0.16630276586115106,0.1753099630774426,0.18213074555307143,-5.759103298187256,-5.569205284118652
b050_parked/episode_019e1e35-af9f-7d66-93b0-478d1c079799/replay_control,396,13.2,0.5,-6.342074871063232,-15.762898445129395,0.636050820350647,0.38179755210876465,0.0838903859257698,0.09205702084597366,0.09958494813088663,0.11233809030669575,-6.143741607666016,-5.745416641235352
b050_parked/episode_019e1e35-af9f-7d66-93b0-478d1c079799/replay_control,446,14.866666666666667,0.5,-6.344248294830322,-12.44935417175293,0.6901397705078125,0.4505394399166107,0.09534945338964462,0.1273540676736522,0.1400306053765366,0.15305153490735612,-6.089901924133301,-5.763869762420654
b050_parked/episode_019e1e35-af9f-7d66-93b0-478d1c079799/replay_control,496,16.533333333333335,0.5,-5.871960163116455,-12.870445251464844,0.6940481662750244,0.38671761751174927,0.055005285888910294,0.14560330762658052,0.14917285303846173,0.1502966036494629,-5.804187297821045,-5.704582214355469
b050_parked/episode_019e1e35-af9f-7d66-93b0-478d1c079799/replay_control,545,18.166666666666668,0.5,-5.701759338378906,-10.929861068725586,0.6475436687469482,0.29723936319351196,0.08756384253501892,0.1849648367229241,0.189304701921241,0.18960050094925768,-5.629969120025635,-5.5457987785339355
b050_parked/episode_019e1e35-af9f-7d66-93b0-478d1c079799/replay_control,595,19.833333333333332,1.0,-5.547003269195557,-8.898069381713867,0.7114416360855103,0.22301602363586426,0.03676946833729744,0.23269453319874844,0.22427732386262375,0.22468939024387435,-5.652953147888184,-5.567516803741455
b050_parked/episode_019e1e35-af9f-7d66-93b0-478d1c079799/replay_control,644,21.466666666666665,1.0,-5.35660982131958,-9.100288391113281,0.7346528768539429,0.5557427406311035,0.22815649211406708,0.2433811274616134,0.2497356900071633,0.24886243607551045,-5.265267372131348,-5.195006847381592
b050_parked/episode_019e1e35-af9f-7d66-93b0-478d1c079799/replay_control,694,23.133333333333333,1.0,-4.598705291748047,-4.006035804748535,0.9364436864852905,0.08845026046037674,0.009708477184176445,0.4379265959191376,0.49317255675955185,0.48755210354772105,-4.046317100524902,-4.0126566886901855
b050_parked/episode_019e1e35-af9f-7d66-93b0-478d1c079799/replay_control,743,24.766666666666666,1.0,-1.0533125400543213,-2.1069023609161377,0.9981577396392822,0.3683306574821472,0.09947021305561066,0.8133558153406846,0.8217965419792053,0.8184560078435061,-0.8443873524665833,-0.7972432374954224
b050_parked/episode_019e1e35-af9f-7d66-93b0-478d1c079799/replay_control,793,26.433333333333334,1.0,-1.0720309019088745,-2.3293509483337402,0.9969192743301392,0.17632430791854858,0.04603390023112297,0.8083721470554783,0.8087127852447537,0.8018907823850502,-0.9928231239318848,-0.9961521625518799
b050_parked/episode_019e1e35-af9f-7d66-93b0-478d1c079799/replay_control,853,28.433333333333334,1.0,-0.6561537981033325,-2.1454150676727295,0.9991313219070435,0.27248626947402954,0.04742587357759476,0.8371435596262942,0.8367315165375835,0.8310920380482992,-0.5834801197052002,-0.5783802270889282
b050_parked/episode_019e1e35-af9f-7d66-93b0-478d1c079799/replay_control,913,30.433333333333334,1.0,-0.6058396697044373,-2.23158597946167,0.9984194040298462,0.6204236149787903,0.24944725632667542,0.8387682874796847,0.8378298917947362,0.8307257260841105,-0.5418099164962769,-0.5620126128196716
b050_parked/episode_019e1e35-af9f-7d66-93b0-478d1c079799/replay_control,973,32.43333333333333,1.0,-0.6000022888183594,-2.194450855255127,0.9987756013870239,0.8537132740020752,0.47475293278694153,0.8396564371579585,0.8374045163908617,0.8309222087453689,-0.5589431524276733,-0.5684114098548889
b050_parked/episode_019e1e35-af9f-7d66-93b0-478d1c079799/replay_control,1033,34.43333333333333,1.0,-0.6267090439796448,-2.1589136123657227,0.9990662336349487,0.5341856479644775,0.1225232183933258,0.8386474230785289,0.835757499405995,0.8294265063753707,-0.5968597531318665,-0.6030501127243042
b050_parked/episode_019e1e35-af9f-7d66-93b0-478d1c079799/replay_control,1093,36.43333333333333,1.0,-0.6422855854034424,-2.076639175415039,0.9992449879646301,0.5465000867843628,0.1233656257390976,0.8389749329970322,0.8366573547875746,0.8299967588642493,-0.6027349829673767,-0.6149858236312866
b050_parked/episode_019e1e35-af9f-7d66-93b0-478d1c079799/hold,0,0.0,0.0,-3.1789891719818115,-5.837050914764404,0.8646734952926636,0.0923045352101326,0.0034834241960197687,0.5384785135632545,,,,
b050_parked/episode_019e1e35-af9f-7d66-93b0-478d1c079799/hold,50,1.6666666666666667,0.0,-6.451673984527588,-23.921321868896484,0.7144110202789307,0.1481209546327591,0.0035936026833951473,0.03788590925643764,0.049236301165789226,0.1082899784265686,-5.8161797523498535,-3.7050533294677734
b050_parked/episode_019e1e35-af9f-7d66-93b0-478d1c079799/hold,99,3.3,0.0,-6.403895854949951,-11.82783031463623,0.6365096569061279,0.6114550828933716,0.10230471193790436,0.1322153904029867,0.1428811663534114,0.14875144971829402,-6.196459770202637,-6.006917476654053
b050_parked/episode_019e1e35-af9f-7d66-93b0-478d1c079799/hold,149,4.966666666666667,0.0,-6.621341705322266,-11.22181224822998,0.676638126373291,0.6287645101547241,0.13939638435840607,0.1292641907521069,0.15079688745940467,0.15516579508826098,-6.2045464515686035,-6.046971321105957
b050_parked/episode_019e1e35-af9f-7d66-93b0-478d1c079799/hold,198,6.6,0.0,-6.2307353019714355,-11.919567108154297,0.6940902471542358,0.24949651956558228,0.03963883966207504,0.13970291728483375,0.142599444551408,0.1464475484069054,-6.177969455718994,-6.026576519012451
b050_parked/episode_019e1e35-af9f-7d66-93b0-478d1c079799/hold,248,8.266666666666667,0.0,-6.739446640014648,-9.21860122680664,0.5878485441207886,0.3151371479034424,0.05582314357161522,0.14968038653254243,0.18457925342252648,0.19312425984117973,-6.150860786437988,-5.940070629119873
b050_parked/episode_019e1e35-af9f-7d66-93b0-478d1c079799/hold,297,9.9,0.5,-6.015152454376221,-10.111503601074219,0.6039211750030518,0.472503125667572,0.11124119907617569,0.17849736598177462,0.17681947294540207,0.1793219326674094,-6.0422210693359375,-5.923458576202393
b050_parked/episode_019e1e35-af9f-7d66-93b0-478d1c079799/hold,347,11.566666666666666,0.5,-6.1708879470825195,-10.93138313293457,0.6139867901802063,0.531489908695221,0.12168574333190918,0.1566540425503817,0.1613823536513232,0.1672720723540031,-6.089347839355469,-5.909341335296631
b050_parked/episode_019e1e35-af9f-7d66-93b0-478d1c079799/hold,366,12.2,0.5,-5.91111946105957,-11.29006576538086,0.6302874684333801,0.6945745348930359,0.26435837149620056,0.16630276586115106,0.1753099630774426,0.18213074555307143,-5.759103298187256,-5.569205284118652
b050_parked/episode_019e1e35-af9f-7d66-93b0-478d1c079799/hold,396,13.2,0.5,-5.936767578125,-11.651052474975586,0.6244568824768066,0.609276533126831,0.18359363079071045,0.15938918100420518,0.15818060895611907,0.1627548785402829,-5.958049774169922,-5.798928260803223
b050_parked/episode_019e1e35-af9f-7d66-93b0-478d1c079799/hold,446,14.866666666666667,0.5,-5.9282307624816895,-11.602625846862793,0.6316516399383545,0.7950657606124878,0.39793843030929565,0.1605957446735814,0.16240613976772394,0.16256722682797425,-5.896080017089844,-5.81491231918335
b050_parked/episode_019e1e35-af9f-7d66-93b0-478d1c079799/hold,496,16.533333333333335,0.5,-5.881325721740723,-11.064210891723633,0.6309107542037964,0.822320818901062,0.4510846734046936,0.17158101933321995,0.1705534449509398,0.17137071916765834,-5.897145748138428,-5.804962158203125
b050_parked/episode_019e1e35-af9f-7d66-93b0-478d1c079799/hold,545,18.166666666666668,0.5,-5.908624172210693,-11.434438705444336,0.6309055685997009,0.7634896636009216,0.3242354094982147,0.16425473664194779,0.1641903537124643,0.16493724790023745,-5.9089741706848145,-5.817693710327148
b050_parked/episode_019e1e35-af9f-7d66-93b0-478d1c079799/hold,595,19.833333333333332,0.5,-5.908115863800049,-11.496710777282715,0.6278812289237976,0.7709325551986694,0.3015677034854889,0.1633445279643498,0.16340963937654604,0.1641330369345693,-5.906255722045898,-5.815332412719727
b050_parked/episode_019e1e35-af9f-7d66-93b0-478d1c079799/hold,644,21.466666666666665,0.5,-5.901083469390869,-11.302145957946777,0.6260828971862793,0.6683651208877563,0.19682618975639343,0.16671211899506552,0.16600792993026983,0.16598164899432866,-5.912189483642578,-5.834322452545166
b050_parked/episode_019e1e35-af9f-7d66-93b0-478d1c079799/hold,694,23.133333333333333,0.5,-5.894270896911621,-11.287898063659668,0.6265712976455688,0.7442638278007507,0.27904197573661804,0.16733484030917747,0.16746428077634964,0.16664073585230973,-5.890996932983398,-5.826711654663086
b050_parked/episode_019e1e35-af9f-7d66-93b0-478d1c079799/hold,743,24.766666666666666,0.5,-5.882546901702881,-11.561141967773438,0.6263636946678162,0.7429671287536621,0.2538610100746155,0.16386536073200691,0.16289973859175397,0.16287191720873617,-5.89830207824707,-5.8204498291015625
b050_parked/episode_019e1e35-af9f-7d66-93b0-478d1c079799/hold,793,26.433333333333334,0.5,-5.8919501304626465,-11.138611793518066,0.6266199946403503,0.692379355430603,0.1919327825307846,0.16977904945439576,0.16879772395890605,0.16898745783128782,-5.907331466674805,-5.82573938369751
b050_parked/episode_019e1e35-af9f-7d66-93b0-478d1c079799/hold,853,28.433333333333334,0.5,-3.2980785369873047,-5.761312961578369,0.9194191098213196,0.4954988658428192,0.11436853557825089,0.5279129869534881,0.5410793221106663,0.5499658714964213,-3.1314804553985596,-2.954977512359619
b050_parked/episode_019e1e35-af9f-7d66-93b0-478d1c079799/hold,913,30.433333333333334,0.5,-1.2598100900650024,-4.395179271697998,0.9527831077575684,0.3748464584350586,0.06465348601341248,0.7561568499251693,0.755349196996321,0.747424244857357,-1.2002840042114258,-1.202213168144226
b050_parked/episode_019e1e35-af9f-7d66-93b0-478d1c079799/hold,973,32.43333333333333,0.5,-1.0256425142288208,-3.189870834350586,0.953671395778656,0.3459988534450531,0.0838903859257698,0.7964783475617072,0.7950266242588347,0.7898967737786291,-0.9728618860244751,-0.9468282461166382
b050_parked/episode_019e1e35-af9f-7d66-93b0-478d1c079799/hold,1033,34.43333333333333,0.5,-1.160732388496399,-3.250476360321045,0.952048659324646,0.4450988471508026,0.1200256198644638,0.7858563869416422,0.7855285453188785,0.7794489164058964,-1.0932579040527344,-1.0785562992095947
b050_parked/episode_019e1e35-af9f-7d66-93b0-478d1c079799/hold,1093,36.43333333333333,0.5,-1.1933088302612305,-3.2254385948181152,0.9513710737228394,0.5162140130996704,0.1550784707069397,0.7839763502418754,0.7813916926750225,0.7731293743523892,-1.1577564477920532,-1.1719812154769897
b050_parked/episode_019e1e35-af9f-7d66-93b0-478d1c079799/random_walk,0,0.0,0.0,-3.1789891719818115,-5.837050914764404,0.8646734952926636,0.0923045352101326,0.0034834241960197687,0.5384785135632545,,,,
b050_parked/episode_019e1e35-af9f-7d66-93b0-478d1c079799/random_walk,50,1.6666666666666667,0.0,-6.451673984527588,-23.921321868896484,0.7144110202789307,0.1481209546327591,0.0035936026833951473,0.03788590925643764,0.049236301165789226,0.1082899784265686,-5.8161797523498535,-3.7050533294677734
b050_parked/episode_019e1e35-af9f-7d66-93b0-478d1c079799/random_walk,99,3.3,0.0,-6.403895854949951,-11.82783031463623,0.6365096569061279,0.6114550828933716,0.10230471193790436,0.1322153904029867,0.1428811663534114,0.14875144971829402,-6.196459770202637,-6.006917476654053
b050_parked/episode_019e1e35-af9f-7d66-93b0-478d1c079799/random_walk,149,4.966666666666667,0.0,-6.621341705322266,-11.22181224822998,0.676638126373291,0.6287645101547241,0.13939638435840607,0.1292641907521069,0.15079688745940467,0.15516579508826098,-6.2045464515686035,-6.046971321105957
b050_parked/episode_019e1e35-af9f-7d66-93b0-478d1c079799/random_walk,198,6.6,0.0,-6.2307353019714355,-11.919567108154297,0.6940902471542358,0.24949651956558228,0.03963883966207504,0.13970291728483375,0.142599444551408,0.1464475484069054,-6.177969455718994,-6.026576519012451
b050_parked/episode_019e1e35-af9f-7d66-93b0-478d1c079799/random_walk,248,8.266666666666667,0.0,-6.739446640014648,-9.21860122680664,0.5878485441207886,0.3151371479034424,0.05582314357161522,0.14968038653254243,0.18457925342252648,0.19312425984117973,-6.150860786437988,-5.940070629119873
b050_parked/episode_019e1e35-af9f-7d66-93b0-478d1c079799/random_walk,297,9.9,0.5,-6.015152454376221,-10.111503601074219,0.6039211750030518,0.472503125667572,0.11124119907617569,0.17849736598177462,0.17681947294540207,0.1793219326674094,-6.0422210693359375,-5.923458576202393
b050_parked/episode_019e1e35-af9f-7d66-93b0-478d1c079799/random_walk,347,11.566666666666666,0.5,-6.1708879470825195,-10.93138313293457,0.6139867901802063,0.531489908695221,0.12168574333190918,0.1566540425503817,0.1613823536513232,0.1672720723540031,-6.089347839355469,-5.909341335296631
b050_parked/episode_019e1e35-af9f-7d66-93b0-478d1c079799/random_walk,366,12.2,0.5,-5.91111946105957,-11.29006576538086,0.6302874684333801,0.6945745348930359,0.26435837149620056,0.16630276586115106,0.1753099630774426,0.18213074555307143,-5.759103298187256,-5.569205284118652
b050_parked/episode_019e1e35-af9f-7d66-93b0-478d1c079799/random_walk,396,13.2,0.5,-5.804070949554443,-13.591021537780762,0.7062928676605225,0.3295389413833618,0.08269733935594559,0.13943901811585382,0.14735340853787443,0.1533507599509006,-5.650211811065674,-5.459063529968262
b050_parked/episode_019e1e35-af9f-7d66-93b0-478d1c079799/random_walk,446,14.866666666666667,0.5,-5.757961273193359,-10.205850601196289,0.6724918484687805,0.290754497051239,0.09009299427270889,0.19352681514408607,0.2115976375440067,0.21380786850229733,-5.488207817077637,-5.376420497894287
b050_parked/episode_019e1e35-af9f-7d66-93b0-478d1c079799/random_walk,496,16.533333333333335,0.5,-6.1531782150268555,-10.341606140136719,0.6352492570877075,0.6001659035682678,0.17217184603214264,0.16647868910337615,0.17407161504200747,0.17895189188393681,-6.027263641357422,-5.869141101837158
b050_parked/episode_019e1e35-af9f-7d66-93b0-478d1c079799/random_walk,545,18.166666666666668,0.5,-6.358434677124023,-9.660245895385742,0.5435225963592529,0.4817173182964325,0.11920291930437088,0.16475586364432898,0.18357453707550733,0.19751986223386586,-6.051399230957031,-5.757533073425293
b050_parked/episode_019e1e35-af9f-7d66-93b0-478d1c079799/random_walk,595,19.833333333333332,0.5,-5.9801506996154785,-10.038453102111816,0.6698068380355835,0.3036779761314392,0.048136770725250244,0.18189195271655426,0.1979334511004416,0.21553812723180352,-5.731438159942627,-5.395808696746826
b050_parked/episode_019e1e35-af9f-7d66-93b0-478d1c079799/random_walk,644,21.466666666666665,0.5,-5.845195770263672,-17.10491371154785,0.6051235795021057,0.3514026403427124,0.06097517907619476,0.097552653994242,0.10359576125726039,0.11497476077412605,-5.688736915588379,-5.331117630004883
b050_parked/episode_019e1e35-af9f-7d66-93b0-478d1c079799/random_walk,694,23.133333333333333,0.5,-5.953653335571289,-12.655826568603516,0.685625433921814,0.387744277715683,0.08151976019144058,0.14421607353230723,0.1512653901962297,0.16120917713050603,-5.821285724639893,-5.562694549560547
b050_parked/episode_019e1e35-af9f-7d66-93b0-478d1c079799/random_walk,743,24.766666666666666,0.5,-6.480007171630859,-9.629892349243164,0.6062357425689697,0.4157579243183136,0.09138210862874985,0.15818826729823504,0.1884780149309047,0.20562462795352993,-5.982356071472168,-5.645278453826904
b050_parked/episode_019e1e35-af9f-7d66-93b0-478d1c079799/random_walk,793,26.433333333333334,0.5,-6.59993839263916,-10.941421508789062,0.6645723581314087,0.2652158737182617,0.05921025574207306,0.13383674062390588,0.17563157144018107,0.20666413162920153,-5.844888687133789,-5.286284923553467
b050_parked/episode_019e1e35-af9f-7d66-93b0-478d1c079799/random_walk,853,28.433333333333334,0.5,-3.7252449989318848,-4.94135046005249,0.9148327112197876,0.6423149108886719,0.29828691482543945,0.5049798006135696,0.5303250059103585,0.5218058688452996,-3.448432445526123,-3.440261125564575
b050_parked/episode_019e1e35-af9f-7d66-93b0-478d1c079799/random_walk,913,30.433333333333334,0.5,-1.2454769611358643,-3.782012462615967,0.9537522196769714,0.15364113450050354,0.004755199886858463,0.7694851419294018,0.7657938907727494,0.7580644168998507,-1.2241076231002808,-1.2264927625656128
b050_parked/episode_019e1e35-af9f-7d66-93b0-478d1c079799/random_walk,973,32.43333333333333,0.5,-1.2435312271118164,-4.189450263977051,0.9526148438453674,0.15404798090457916,0.007577241398394108,0.7615757435723084,0.7639662352005333,0.7591494258496728,-1.141836404800415,-1.1055361032485962
b050_parked/episode_019e1e35-af9f-7d66-93b0-478d1c079799/random_walk,1033,34.43333333333333,0.5,-1.264397144317627,-3.4204816818237305,0.951736330986023,0.14767752587795258,0.008577484637498856,0.7750719919573978,0.7717889631250183,0.7679543945416663,-1.2383760213851929,-1.1907119750976562
b050_parked/episode_019e1e35-af9f-7d66-93b0-478d1c079799/random_walk,1093,36.43333333333333,0.5,-1.2486824989318848,-3.326544761657715,0.9519320726394653,0.5858336091041565,0.23370636999607086,0.7780312468166677,0.7751318506057606,0.7672568181847276,-1.2175673246383667,-1.2246723175048828
b070_original/episode_019e1e35-af9f-7d66-93b0-478d1c079799/replay_control,0,0.0,0.0,-3.1789891719818115,-5.837050914764404,0.8646734952926636,0.0923045352101326,0.0034834241960197687,0.5384785135632545,,,,
b070_original/episode_019e1e35-af9f-7d66-93b0-478d1c079799/replay_control,50,1.6666666666666667,0.0,-6.451673984527588,-23.921321868896484,0.7144110202789307,0.1481209546327591,0.0035936026833951473,0.03788590925643764,0.049236301165789226,0.1082899784265686,-5.8161797523498535,-3.7050533294677734
b070_original/episode_019e1e35-af9f-7d66-93b0-478d1c079799/replay_control,99,3.3,0.0,-6.403895854949951,-11.82783031463623,0.6365096569061279,0.6114550828933716,0.10230471193790436,0.1322153904029867,0.1428811663534114,0.14875144971829402,-6.196459770202637,-6.006917476654053
b070_original/episode_019e1e35-af9f-7d66-93b0-478d1c079799/replay_control,149,4.966666666666667,0.0,-6.621341705322266,-11.22181224822998,0.676638126373291,0.6287645101547241,0.13939638435840607,0.1292641907521069,0.15079688745940467,0.15516579508826098,-6.2045464515686035,-6.046971321105957
b070_original/episode_019e1e35-af9f-7d66-93b0-478d1c079799/replay_control,198,6.6,0.0,-6.2307353019714355,-11.919567108154297,0.6940902471542358,0.24949651956558228,0.03963883966207504,0.13970291728483375,0.142599444551408,0.1464475484069054,-6.177969455718994,-6.026576519012451
b070_original/episode_019e1e35-af9f-7d66-93b0-478d1c079799/replay_control,248,8.266666666666667,0.0,-6.739446640014648,-9.21860122680664,0.5878485441207886,0.3151371479034424,0.05582314357161522,0.14968038653254243,0.18457925342252648,0.19312425984117973,-6.150860786437988,-5.940070629119873
b070_original/episode_019e1e35-af9f-7d66-93b0-478d1c079799/replay_control,297,9.9,0.5,-6.015152454376221,-10.111503601074219,0.6039211750030518,0.472503125667572,0.11124119907617569,0.17849736598177462,0.17681947294540207,0.1793219326674094,-6.0422210693359375,-5.923458576202393
b070_original/episode_019e1e35-af9f-7d66-93b0-478d1c079799/replay_control,347,11.566666666666666,0.5,-6.1708879470825195,-10.93138313293457,0.6139867901802063,0.531489908695221,0.12168574333190918,0.1566540425503817,0.1613823536513232,0.1672720723540031,-6.089347839355469,-5.909341335296631
b070_original/episode_019e1e35-af9f-7d66-93b0-478d1c079799/replay_control,396,13.2,0.5,-6.3394551277160645,-15.213193893432617,0.6342836618423462,0.3957764804363251,0.0838903859257698,0.0973448879359124,0.10605147100951114,0.11830825531705429,-6.120665550231934,-5.7498273849487305
b070_original/episode_019e1e35-af9f-7d66-93b0-478d1c079799/replay_control,446,14.866666666666667,0.5,-6.386971950531006,-13.309839248657227,0.6864508390426636,0.4564172625541687,0.09947021305561066,0.11531083878200023,0.12813216566699343,0.14152878868930677,-6.108851909637451,-5.75736141204834
b070_original/episode_019e1e35-af9f-7d66-93b0-478d1c079799/replay_control,496,16.533333333333335,0.5,-5.881011962890625,-12.727259635925293,0.6960687041282654,0.39547044038772583,0.05665242671966553,0.1470921620712516,0.15126599426819412,0.15375929227016716,-5.802615642547607,-5.678006172180176
b070_original/episode_019e1e35-af9f-7d66-93b0-478d1c079799/replay_control,513,17.1,0.5,-5.96711540222168,-12.060409545898438,0.689123272895813,0.4830361604690552,0.12085322290658951,0.15176371844762818,0.1629021905552923,0.16578521768335036,-5.767846584320068,-5.638923645019531
b070_original/episode_019e1e35-af9f-7d66-93b0-478d1c079799/replay_control,543,18.1,0.5,-5.699685573577881,-10.522292137145996,0.6370571851730347,0.2988847494125366,0.07585817575454712,0.19196873833605552,0.18729955288658562,0.1987321215949525,-5.767610549926758,-5.513325214385986
b070_original/episode_019e1e35-af9f-7d66-93b0-478d1c079799/replay_control,545,18.166666666666668,0.5,-5.681673049926758,-10.065375328063965,0.6515485048294067,0.3448839783668518,0.08632347732782364,0.20113199694953976,0.2027250924224425,0.20511293984555193,-5.653311252593994,-5.538595676422119
b070_original/episode_019e1e35-af9f-7d66-93b0-478d1c079799/replay_control,595,19.833333333333332,1.0,-5.541733264923096,-9.14686393737793,0.7118725776672363,0.2351982444524765,0.04084571450948715,0.2282310262277569,0.22239181068133376,0.21845377075552702,-5.613802433013916,-5.588589668273926
b070_original/episode_019e1e35-af9f-7d66-93b0-478d1c079799/replay_control,644,21.466666666666665,1.0,-5.392327785491943,-9.049490928649902,0.733796238899231,0.6234692335128784,0.27904197573661804,0.24161078961482746,0.24997369249139362,0.2501114076336471,-5.27551794052124,-5.1924028396606445
b070_original/episode_019e1e35-af9f-7d66-93b0-478d1c079799/replay_control,694,23.133333333333333,1.0,-4.540838718414307,-3.712524890899658,0.9362112879753113,0.09504099190235138,0.012431650422513485,0.45200955223419953,0.5085298501140328,0.5034933443482547,-3.976968288421631,-3.937380790710449
b070_original/episode_019e1e35-af9f-7d66-93b0-478d1c079799/replay_control,743,24.766666666666666,1.0,-0.9619450569152832,-1.9425534009933472,0.9984234571456909,0.30095499753952026,0.07585817575454712,0.8218669282099024,0.8306193277418122,0.8278213895634668,-0.7412485480308533,-0.6867505311965942
b070_original/episode_019e1e35-af9f-7d66-93b0-478d1c079799/replay_control,793,26.433333333333334,1.0,-1.0104718208312988,-2.1742653846740723,0.9972656965255737,0.17394399642944336,0.04535258188843727,0.8149973795056723,0.8155798202239477,0.8096782435850527,-0.9263420104980469,-0.9180229902267456
b070_original/episode_019e1e35-af9f-7d66-93b0-478d1c079799/hold,0,0.0,0.0,-3.1789891719818115,-5.837050914764404,0.8646734952926636,0.0923045352101326,0.0034834241960197687,0.5384785135632545,,,,
b070_original/episode_019e1e35-af9f-7d66-93b0-478d1c079799/hold,50,1.6666666666666667,0.0,-6.451673984527588,-23.921321868896484,0.7144110202789307,0.1481209546327591,0.0035936026833951473,0.03788590925643764,0.049236301165789226,0.1082899784265686,-5.8161797523498535,-3.7050533294677734
b070_original/episode_019e1e35-af9f-7d66-93b0-478d1c079799/hold,99,3.3,0.0,-6.403895854949951,-11.82783031463623,0.6365096569061279,0.6114550828933716,0.10230471193790436,0.1322153904029867,0.1428811663534114,0.14875144971829402,-6.196459770202637,-6.006917476654053
b070_original/episode_019e1e35-af9f-7d66-93b0-478d1c079799/hold,149,4.966666666666667,0.0,-6.621341705322266,-11.22181224822998,0.676638126373291,0.6287645101547241,0.13939638435840607,0.1292641907521069,0.15079688745940467,0.15516579508826098,-6.2045464515686035,-6.046971321105957
b070_original/episode_019e1e35-af9f-7d66-93b0-478d1c079799/hold,198,6.6,0.0,-6.2307353019714355,-11.919567108154297,0.6940902471542358,0.24949651956558228,0.03963883966207504,0.13970291728483375,0.142599444551408,0.1464475484069054,-6.177969455718994,-6.026576519012451
b070_original/episode_019e1e35-af9f-7d66-93b0-478d1c079799/hold,248,8.266666666666667,0.0,-6.739446640014648,-9.21860122680664,0.5878485441207886,0.3151371479034424,0.05582314357161522,0.14968038653254243,0.18457925342252648,0.19312425984117973,-6.150860786437988,-5.940070629119873
b070_original/episode_019e1e35-af9f-7d66-93b0-478d1c079799/hold,297,9.9,0.5,-6.015152454376221,-10.111503601074219,0.6039211750030518,0.472503125667572,0.11124119907617569,0.17849736598177462,0.17681947294540207,0.1793219326674094,-6.0422210693359375,-5.923458576202393
b070_original/episode_019e1e35-af9f-7d66-93b0-478d1c079799/hold,347,11.566666666666666,0.5,-6.1708879470825195,-10.93138313293457,0.6139867901802063,0.531489908695221,0.12168574333190918,0.1566540425503817,0.1613823536513232,0.1672720723540031,-6.089347839355469,-5.909341335296631
b070_original/episode_019e1e35-af9f-7d66-93b0-478d1c079799/hold,396,13.2,0.5,-6.3394551277160645,-15.213193893432617,0.6342836618423462,0.3957764804363251,0.0838903859257698,0.0973448879359124,0.10605147100951114,0.11830825531705429,-6.120665550231934,-5.7498273849487305
b070_original/episode_019e1e35-af9f-7d66-93b0-478d1c079799/hold,446,14.866666666666667,0.5,-6.386971950531006,-13.309839248657227,0.6864508390426636,0.4564172625541687,0.09947021305561066,0.11531083878200023,0.12813216566699343,0.14152878868930677,-6.108851909637451,-5.75736141204834
b070_original/episode_019e1e35-af9f-7d66-93b0-478d1c079799/hold,496,16.533333333333335,0.5,-5.881011962890625,-12.727259635925293,0.6960687041282654,0.39547044038772583,0.05665242671966553,0.1470921620712516,0.15126599426819412,0.15375929227016716,-5.802615642547607,-5.678006172180176
b070_original/episode_019e1e35-af9f-7d66-93b0-478d1c079799/hold,513,17.1,0.5,-5.96711540222168,-12.060409545898438,0.689123272895813,0.4830361604690552,0.12085322290658951,0.15176371844762818,0.1629021905552923,0.16578521768335036,-5.767846584320068,-5.638923645019531
b070_original/episode_019e1e35-af9f-7d66-93b0-478d1c079799/hold,543,18.1,0.5,-6.05206298828125,-14.384326934814453,0.6892179250717163,0.2557362914085388,0.055005285888910294,0.1178284906786715,0.11842091461752614,0.12051621520170062,-6.041845798492432,-5.917004585266113
b070_original/episode_019e1e35-af9f-7d66-93b0-478d1c079799/hold,545,18.166666666666668,0.5,-6.057468414306641,-14.35037899017334,0.6892207264900208,0.23262597620487213,0.05033063143491745,0.11797776447520707,0.11937101975920916,0.11959723131322506,-6.0291571617126465,-5.946667671203613
b070_original/episode_019e1e35-af9f-7d66-93b0-478d1c079799/hold,595,19.833333333333332,0.5,-6.040862560272217,-13.753522872924805,0.685596227645874,0.33357441425323486,0.07055959850549698,0.1257724498729244,0.12449626245725573,0.12839987137342282,-6.0712690353393555,-5.909641265869141
b070_original/episode_019e1e35-af9f-7d66-93b0-478d1c079799/hold,644,21.466666666666665,0.5,-6.088685512542725,-13.21681022644043,0.6853054761886597,0.522540807723999,0.09534945338964462,0.1300947783006685,0.13325113579482267,0.1341799208973996,-6.0260491371154785,-5.929366588592529
b070_original/episode_019e1e35-af9f-7d66-93b0-478d1c079799/hold,694,23.133333333333333,0.5,-6.0742058753967285,-13.578603744506836,0.6875560283660889,0.2757091820240021,0.055005285888910294,0.12632910958035543,0.1278159834974355,0.129894641114236,-6.045382499694824,-5.9237751960754395
b070_original/episode_019e1e35-af9f-7d66-93b0-478d1c079799/hold,743,24.766666666666666,0.5,-6.044461250305176,-13.01778793334961,0.6893357634544373,0.37257474660873413,0.04336579889059067,0.13478165475001674,0.1361691824129163,0.13712540091265585,-6.018532752990723,-5.921579837799072
b070_original/episode_019e1e35-af9f-7d66-93b0-478d1c079799/hold,793,26.433333333333334,0.5,-6.11196231842041,-13.157819747924805,0.688987135887146,0.1380874365568161,0.020645929500460625,0.129707318900605,0.13379244604141938,0.13437986525111445,-6.030337333679199,-5.940726280212402
b070_original/episode_019e1e35-af9f-7d66-93b0-478d1c079799/random_walk,0,0.0,0.0,-3.1789891719818115,-5.837050914764404,0.8646734952926636,0.0923045352101326,0.0034834241960197687,0.5384785135632545,,,,
b070_original/episode_019e1e35-af9f-7d66-93b0-478d1c079799/random_walk,50,1.6666666666666667,0.0,-6.451673984527588,-23.921321868896484,0.7144110202789307,0.1481209546327591,0.0035936026833951473,0.03788590925643764,0.049236301165789226,0.1082899784265686,-5.8161797523498535,-3.7050533294677734
b070_original/episode_019e1e35-af9f-7d66-93b0-478d1c079799/random_walk,99,3.3,0.0,-6.403895854949951,-11.82783031463623,0.6365096569061279,0.6114550828933716,0.10230471193790436,0.1322153904029867,0.1428811663534114,0.14875144971829402,-6.196459770202637,-6.006917476654053
b070_original/episode_019e1e35-af9f-7d66-93b0-478d1c079799/random_walk,149,4.966666666666667,0.0,-6.621341705322266,-11.22181224822998,0.676638126373291,0.6287645101547241,0.13939638435840607,0.1292641907521069,0.15079688745940467,0.15516579508826098,-6.2045464515686035,-6.046971321105957
b070_original/episode_019e1e35-af9f-7d66-93b0-478d1c079799/random_walk,198,6.6,0.0,-6.2307353019714355,-11.919567108154297,0.6940902471542358,0.24949651956558228,0.03963883966207504,0.13970291728483375,0.142599444551408,0.1464475484069054,-6.177969455718994,-6.026576519012451
b070_original/episode_019e1e35-af9f-7d66-93b0-478d1c079799/random_walk,248,8.266666666666667,0.0,-6.739446640014648,-9.21860122680664,0.5878485441207886,0.3151371479034424,0.05582314357161522,0.14968038653254243,0.18457925342252648,0.19312425984117973,-6.150860786437988,-5.940070629119873
b070_original/episode_019e1e35-af9f-7d66-93b0-478d1c079799/random_walk,297,9.9,0.5,-6.015152454376221,-10.111503601074219,0.6039211750030518,0.472503125667572,0.11124119907617569,0.17849736598177462,0.17681947294540207,0.1793219326674094,-6.0422210693359375,-5.923458576202393
b070_original/episode_019e1e35-af9f-7d66-93b0-478d1c079799/random_walk,347,11.566666666666666,0.5,-6.1708879470825195,-10.93138313293457,0.6139867901802063,0.531489908695221,0.12168574333190918,0.1566540425503817,0.1613823536513232,0.1672720723540031,-6.089347839355469,-5.909341335296631
b070_original/episode_019e1e35-af9f-7d66-93b0-478d1c079799/random_walk,396,13.2,0.5,-6.3394551277160645,-15.213193893432617,0.6342836618423462,0.3957764804363251,0.0838903859257698,0.0973448879359124,0.10605147100951114,0.11830825531705429,-6.120665550231934,-5.7498273849487305
b070_original/episode_019e1e35-af9f-7d66-93b0-478d1c079799/random_walk,446,14.866666666666667,0.5,-6.386971950531006,-13.309839248657227,0.6864508390426636,0.4564172625541687,0.09947021305561066,0.11531083878200023,0.12813216566699343,0.14152878868930677,-6.108851909637451,-5.75736141204834
b070_original/episode_019e1e35-af9f-7d66-93b0-478d1c079799/random_walk,496,16.533333333333335,0.5,-5.881011962890625,-12.727259635925293,0.6960687041282654,0.39547044038772583,0.05665242671966553,0.1470921620712516,0.15126599426819412,0.15375929227016716,-5.802615642547607,-5.678006172180176
b070_original/episode_019e1e35-af9f-7d66-93b0-478d1c079799/random_walk,513,17.1,0.5,-5.96711540222168,-12.060409545898438,0.689123272895813,0.4830361604690552,0.12085322290658951,0.15176371844762818,0.1629021905552923,0.16578521768335036,-5.767846584320068,-5.638923645019531
b070_original/episode_019e1e35-af9f-7d66-93b0-478d1c079799/random_walk,543,18.1,0.5,-5.808173179626465,-11.900348663330078,0.7655227780342102,0.37113651633262634,0.09670579433441162,0.16309191648749738,0.2021311494252261,0.20014538977688015,-5.182744979858398,-5.130924701690674
b070_original/episode_019e1e35-af9f-7d66-93b0-478d1c079799/random_walk,545,18.166666666666668,0.5,-5.693417549133301,-16.606882095336914,0.7683690786361694,0.5447643399238586,0.2018132209777832,0.10860245729570878,0.12581704471673483,0.1314338537814219,-5.297277450561523,-5.097534656524658
b070_original/episode_019e1e35-af9f-7d66-93b0-478d1c079799/random_walk,595,19.833333333333332,0.5,-5.394816875457764,-8.355592727661133,0.773602306842804,0.4147999882698059,0.11124119907617569,0.2556951078743997,0.28752407224150306,0.29200007284937785,-5.002058506011963,-4.867518424987793
b070_original/episode_019e1e35-af9f-7d66-93b0-478d1c079799/random_walk,644,21.466666666666665,0.5,-6.102014541625977,-7.9501752853393555,0.6241134405136108,0.37064170837402344,0.06754669547080994,0.20991455206296436,0.2194382311961306,0.23044815676653313,-5.967175483703613,-5.737818717956543
b070_original/episode_019e1e35-af9f-7d66-93b0-478d1c079799/random_walk,694,23.133333333333333,0.5,-6.495086193084717,-9.10615348815918,0.6420409679412842,0.16501934826374054,0.02931223064661026,0.16513756990861148,0.19164444460397134,0.19702143017664595,-6.070270538330078,-5.91030740737915
b070_original/episode_019e1e35-af9f-7d66-93b0-478d1c079799/random_walk,743,24.766666666666666,0.5,-5.89141321182251,-8.975078582763672,0.7764057517051697,0.29094433784484863,0.04885777831077576,0.2061074144358095,0.23069740619513984,0.25532517911770375,-5.546003341674805,-5.146013259887695
b070_original/episode_019e1e35-af9f-7d66-93b0-478d1c079799/random_walk,793,26.433333333333334,0.5,-6.027921676635742,-10.909334182739258,0.6916966438293457,0.15972349047660828,0.028870904818177223,0.1652150411833114,0.17519044037639153,0.20111923273570578,-5.860518932342529,-5.376236915588379
b070_parked/episode_019e1e35-af9f-7d66-93b0-478d1c079799/replay_control,0,0.0,0.0,-3.1789891719818115,-5.837050914764404,0.8646734952926636,0.0923045352101326,0.0034834241960197687,0.5384785135632545,,,,
b070_parked/episode_019e1e35-af9f-7d66-93b0-478d1c079799/replay_control,50,1.6666666666666667,0.0,-6.451673984527588,-23.921321868896484,0.7144110202789307,0.1481209546327591,0.0035936026833951473,0.03788590925643764,0.049236301165789226,0.1082899784265686,-5.8161797523498535,-3.7050533294677734
b070_parked/episode_019e1e35-af9f-7d66-93b0-478d1c079799/replay_control,99,3.3,0.0,-6.403895854949951,-11.82783031463623,0.6365096569061279,0.6114550828933716,0.10230471193790436,0.1322153904029867,0.1428811663534114,0.14875144971829402,-6.196459770202637,-6.006917476654053
b070_parked/episode_019e1e35-af9f-7d66-93b0-478d1c079799/replay_control,149,4.966666666666667,0.0,-6.621341705322266,-11.22181224822998,0.676638126373291,0.6287645101547241,0.13939638435840607,0.1292641907521069,0.15079688745940467,0.15516579508826098,-6.2045464515686035,-6.046971321105957
b070_parked/episode_019e1e35-af9f-7d66-93b0-478d1c079799/replay_control,198,6.6,0.0,-6.2307353019714355,-11.919567108154297,0.6940902471542358,0.24949651956558228,0.03963883966207504,0.13970291728483375,0.142599444551408,0.1464475484069054,-6.177969455718994,-6.026576519012451
b070_parked/episode_019e1e35-af9f-7d66-93b0-478d1c079799/replay_control,248,8.266666666666667,0.0,-6.739446640014648,-9.21860122680664,0.5878485441207886,0.3151371479034424,0.05582314357161522,0.14968038653254243,0.18457925342252648,0.19312425984117973,-6.150860786437988,-5.940070629119873
b070_parked/episode_019e1e35-af9f-7d66-93b0-478d1c079799/replay_control,297,9.9,0.5,-6.015152454376221,-10.111503601074219,0.6039211750030518,0.472503125667572,0.11124119907617569,0.17849736598177462,0.17681947294540207,0.1793219326674094,-6.0422210693359375,-5.923458576202393
b070_parked/episode_019e1e35-af9f-7d66-93b0-478d1c079799/replay_control,347,11.566666666666666,0.5,-6.1708879470825195,-10.93138313293457,0.6139867901802063,0.531489908695221,0.12168574333190918,0.1566540425503817,0.1613823536513232,0.1672720723540031,-6.089347839355469,-5.909341335296631
b070_parked/episode_019e1e35-af9f-7d66-93b0-478d1c079799/replay_control,396,13.2,0.5,-6.3394551277160645,-15.213193893432617,0.6342836618423462,0.3957764804363251,0.0838903859257698,0.0973448879359124,0.10605147100951114,0.11830825531705429,-6.120665550231934,-5.7498273849487305
b070_parked/episode_019e1e35-af9f-7d66-93b0-478d1c079799/replay_control,446,14.866666666666667,0.5,-6.386971950531006,-13.309839248657227,0.6864508390426636,0.4564172625541687,0.09947021305561066,0.11531083878200023,0.12813216566699343,0.14152878868930677,-6.108851909637451,-5.75736141204834
b070_parked/episode_019e1e35-af9f-7d66-93b0-478d1c079799/replay_control,496,16.533333333333335,0.5,-5.881011962890625,-12.727259635925293,0.6960687041282654,0.39547044038772583,0.05665242671966553,0.1470921620712516,0.15126599426819412,0.15375929227016716,-5.802615642547607,-5.678006172180176
b070_parked/episode_019e1e35-af9f-7d66-93b0-478d1c079799/replay_control,513,17.1,0.5,-5.96711540222168,-12.060409545898438,0.689123272895813,0.4830361604690552,0.12085322290658951,0.15176371844762818,0.1629021905552923,0.16578521768335036,-5.767846584320068,-5.638923645019531
b070_parked/episode_019e1e35-af9f-7d66-93b0-478d1c079799/replay_control,543,18.1,0.5,-5.699685573577881,-10.522292137145996,0.6370571851730347,0.2988847494125366,0.07585817575454712,0.19196873833605552,0.18729955288658562,0.1987321215949525,-5.767610549926758,-5.513325214385986
b070_parked/episode_019e1e35-af9f-7d66-93b0-478d1c079799/replay_control,545,18.166666666666668,0.5,-5.681673049926758,-10.065375328063965,0.6515485048294067,0.3448839783668518,0.08632347732782364,0.20113199694953976,0.2027250924224425,0.20511293984555193,-5.653311252593994,-5.538595676422119
b070_parked/episode_019e1e35-af9f-7d66-93b0-478d1c079799/replay_control,595,19.833333333333332,1.0,-5.541733264923096,-9.14686393737793,0.7118725776672363,0.2351982444524765,0.04084571450948715,0.2282310262277569,0.22239181068133376,0.21845377075552702,-5.613802433013916,-5.588589668273926
b070_parked/episode_019e1e35-af9f-7d66-93b0-478d1c079799/replay_control,644,21.466666666666665,1.0,-5.392327785491943,-9.049490928649902,0.733796238899231,0.6234692335128784,0.27904197573661804,0.24161078961482746,0.24997369249139362,0.2501114076336471,-5.27551794052124,-5.1924028396606445
b070_parked/episode_019e1e35-af9f-7d66-93b0-478d1c079799/replay_control,694,23.133333333333333,1.0,-4.540838718414307,-3.712524890899658,0.9362112879753113,0.09504099190235138,0.012431650422513485,0.45200955223419953,0.5085298501140328,0.5034933443482547,-3.976968288421631,-3.937380790710449
b070_parked/episode_019e1e35-af9f-7d66-93b0-478d1c079799/replay_control,743,24.766666666666666,1.0,-0.9619450569152832,-1.9425534009933472,0.9984234571456909,0.30095499753952026,0.07585817575454712,0.8218669282099024,0.8306193277418122,0.8278213895634668,-0.7412485480308533,-0.6867505311965942
b070_parked/episode_019e1e35-af9f-7d66-93b0-478d1c079799/replay_control,793,26.433333333333334,1.0,-1.0104718208312988,-2.1742653846740723,0.9972656965255737,0.17394399642944336,0.04535258188843727,0.8149973795056723,0.8155798202239477,0.8096782435850527,-0.9263420104980469,-0.9180229902267456
b070_parked/episode_019e1e35-af9f-7d66-93b0-478d1c079799/replay_control,853,28.433333333333334,1.0,-0.5599576830863953,-2.1424667835235596,0.9992386102676392,0.28621724247932434,0.05184546485543251,0.8427035907200495,0.8429516600692419,0.8377394570688832,-0.4743267297744751,-0.464304119348526
b070_parked/episode_019e1e35-af9f-7d66-93b0-478d1c079799/replay_control,913,30.433333333333334,1.0,-0.5059943795204163,-2.107252359390259,0.998579740524292,0.600208044052124,0.23651622235774994,0.8462362914829389,0.8457135749622049,0.8393012421048868,-0.43357911705970764,-0.4460051357746124
b070_parked/episode_019e1e35-af9f-7d66-93b0-478d1c079799/replay_control,973,32.43333333333333,1.0,-0.47120970487594604,-2.0951461791992188,0.998823881149292,0.8314713835716248,0.42919009923934937,0.8483287427202938,0.8461576926300156,0.8400039238214132,-0.42864200472831726,-0.4367215931415558
b070_parked/episode_019e1e35-af9f-7d66-93b0-478d1c079799/replay_control,1033,34.43333333333333,1.0,-0.5059943795204163,-2.107252359390259,0.9990347027778625,0.5268800854682922,0.11920291930437088,0.8462362914829389,0.844196700498886,0.8372825744646938,-0.46109938621520996,-0.48154938220977783
b070_parked/episode_019e1e35-af9f-7d66-93b0-478d1c079799/replay_control,1093,36.43333333333333,1.0,-0.5263899564743042,-2.038699150085449,0.9992716312408447,0.5530204176902771,0.12421301752328873,0.8460872079518913,0.8446039974394453,0.8379760867967151,-0.47163811326026917,-0.4873504936695099
b070_parked/episode_019e1e35-af9f-7d66-93b0-478d1c079799/hold,0,0.0,0.0,-3.1789891719818115,-5.837050914764404,0.8646734952926636,0.0923045352101326,0.0034834241960197687,0.5384785135632545,,,,
b070_parked/episode_019e1e35-af9f-7d66-93b0-478d1c079799/hold,50,1.6666666666666667,0.0,-6.451673984527588,-23.921321868896484,0.7144110202789307,0.1481209546327591,0.0035936026833951473,0.03788590925643764,0.049236301165789226,0.1082899784265686,-5.8161797523498535,-3.7050533294677734
b070_parked/episode_019e1e35-af9f-7d66-93b0-478d1c079799/hold,99,3.3,0.0,-6.403895854949951,-11.82783031463623,0.6365096569061279,0.6114550828933716,0.10230471193790436,0.1322153904029867,0.1428811663534114,0.14875144971829402,-6.196459770202637,-6.006917476654053
b070_parked/episode_019e1e35-af9f-7d66-93b0-478d1c079799/hold,149,4.966666666666667,0.0,-6.621341705322266,-11.22181224822998,0.676638126373291,0.6287645101547241,0.13939638435840607,0.1292641907521069,0.15079688745940467,0.15516579508826098,-6.2045464515686035,-6.046971321105957
b070_parked/episode_019e1e35-af9f-7d66-93b0-478d1c079799/hold,198,6.6,0.0,-6.2307353019714355,-11.919567108154297,0.6940902471542358,0.24949651956558228,0.03963883966207504,0.13970291728483375,0.142599444551408,0.1464475484069054,-6.177969455718994,-6.026576519012451
b070_parked/episode_019e1e35-af9f-7d66-93b0-478d1c079799/hold,248,8.266666666666667,0.0,-6.739446640014648,-9.21860122680664,0.5878485441207886,0.3151371479034424,0.05582314357161522,0.14968038653254243,0.18457925342252648,0.19312425984117973,-6.150860786437988,-5.940070629119873
b070_parked/episode_019e1e35-af9f-7d66-93b0-478d1c079799/hold,297,9.9,0.5,-6.015152454376221,-10.111503601074219,0.6039211750030518,0.472503125667572,0.11124119907617569,0.17849736598177462,0.17681947294540207,0.1793219326674094,-6.0422210693359375,-5.923458576202393
b070_parked/episode_019e1e35-af9f-7d66-93b0-478d1c079799/hold,347,11.566666666666666,0.5,-6.1708879470825195,-10.93138313293457,0.6139867901802063,0.531489908695221,0.12168574333190918,0.1566540425503817,0.1613823536513232,0.1672720723540031,-6.089347839355469,-5.909341335296631
b070_parked/episode_019e1e35-af9f-7d66-93b0-478d1c079799/hold,396,13.2,0.5,-6.3394551277160645,-15.213193893432617,0.6342836618423462,0.3957764804363251,0.0838903859257698,0.0973448879359124,0.10605147100951114,0.11830825531705429,-6.120665550231934,-5.7498273849487305
b070_parked/episode_019e1e35-af9f-7d66-93b0-478d1c079799/hold,446,14.866666666666667,0.5,-6.386971950531006,-13.309839248657227,0.6864508390426636,0.4564172625541687,0.09947021305561066,0.11531083878200023,0.12813216566699343,0.14152878868930677,-6.108851909637451,-5.75736141204834
b070_parked/episode_019e1e35-af9f-7d66-93b0-478d1c079799/hold,496,16.533333333333335,0.5,-5.881011962890625,-12.727259635925293,0.6960687041282654,0.39547044038772583,0.05665242671966553,0.1470921620712516,0.15126599426819412,0.15375929227016716,-5.802615642547607,-5.678006172180176
b070_parked/episode_019e1e35-af9f-7d66-93b0-478d1c079799/hold,513,17.1,0.5,-5.96711540222168,-12.060409545898438,0.689123272895813,0.4830361604690552,0.12085322290658951,0.15176371844762818,0.1629021905552923,0.16578521768335036,-5.767846584320068,-5.638923645019531
b070_parked/episode_019e1e35-af9f-7d66-93b0-478d1c079799/hold,543,18.1,0.5,-6.05206298828125,-14.384326934814453,0.6892179250717163,0.2557362914085388,0.055005285888910294,0.1178284906786715,0.11842091461752614,0.12051621520170062,-6.041845798492432,-5.917004585266113
b070_parked/episode_019e1e35-af9f-7d66-93b0-478d1c079799/hold,545,18.166666666666668,0.5,-6.057468414306641,-14.35037899017334,0.6892207264900208,0.23262597620487213,0.05033063143491745,0.11797776447520707,0.11937101975920916,0.11959723131322506,-6.0291571617126465,-5.946667671203613
b070_parked/episode_019e1e35-af9f-7d66-93b0-478d1c079799/hold,595,19.833333333333332,0.5,-6.040862560272217,-13.753522872924805,0.685596227645874,0.33357441425323486,0.07055959850549698,0.1257724498729244,0.12449626245725573,0.12839987137342282,-6.0712690353393555,-5.909641265869141
b070_parked/episode_019e1e35-af9f-7d66-93b0-478d1c079799/hold,644,21.466666666666665,0.5,-6.088685512542725,-13.21681022644043,0.6853054761886597,0.522540807723999,0.09534945338964462,0.1300947783006685,0.13325113579482267,0.1341799208973996,-6.0260491371154785,-5.929366588592529
b070_parked/episode_019e1e35-af9f-7d66-93b0-478d1c079799/hold,694,23.133333333333333,0.5,-6.0742058753967285,-13.578603744506836,0.6875560283660889,0.2757091820240021,0.055005285888910294,0.12632910958035543,0.1278159834974355,0.129894641114236,-6.045382499694824,-5.9237751960754395
b070_parked/episode_019e1e35-af9f-7d66-93b0-478d1c079799/hold,743,24.766666666666666,0.5,-6.044461250305176,-13.01778793334961,0.6893357634544373,0.37257474660873413,0.04336579889059067,0.13478165475001674,0.1361691824129163,0.13712540091265585,-6.018532752990723,-5.921579837799072
b070_parked/episode_019e1e35-af9f-7d66-93b0-478d1c079799/hold,793,26.433333333333334,0.5,-6.11196231842041,-13.157819747924805,0.688987135887146,0.1380874365568161,0.020645929500460625,0.129707318900605,0.13379244604141938,0.13437986525111445,-6.030337333679199,-5.940726280212402
b070_parked/episode_019e1e35-af9f-7d66-93b0-478d1c079799/hold,853,28.433333333333334,1.0,-1.1673526763916016,-2.305264472961426,0.9831216931343079,0.15562066435813904,0.01640303246676922,0.8024158761112891,0.7977872629229161,0.7886721853018751,-1.163460612297058,-1.196312427520752
b070_parked/episode_019e1e35-af9f-7d66-93b0-478d1c079799/hold,913,30.433333333333334,1.0,-0.9082501530647278,-2.3594865798950195,0.9850689172744751,0.27754586935043335,0.04336579889059067,0.8184685747925202,0.8153009746040465,0.80940235804332,-0.8823645114898682,-0.8737360239028931
b070_parked/episode_019e1e35-af9f-7d66-93b0-478d1c079799/hold,973,32.43333333333333,1.0,-0.8209512829780579,-1.9295450448989868,0.9861127138137817,0.5752829909324646,0.24798744916915894,0.8307034856421689,0.8277474009695498,0.824289096584489,-0.7928403615951538,-0.7488388419151306
b070_parked/episode_019e1e35-af9f-7d66-93b0-478d1c079799/hold,1033,34.43333333333333,1.0,-0.9057883024215698,-2.01071834564209,0.9847180843353271,0.33228248357772827,0.08882029354572296,0.8242613097476199,0.8193221068027986,0.8141543417453337,-0.9094545245170593,-0.8909336924552917
b070_parked/episode_019e1e35-af9f-7d66-93b0-478d1c079799/hold,1093,36.43333333333333,1.0,-0.9359592199325562,-2.044728994369507,0.9830467700958252,0.4603092670440674,0.15102779865264893,0.8218412623430656,0.818223367363048,0.812859219515653,-0.918170154094696,-0.9023932218551636
b070_parked/episode_019e1e35-af9f-7d66-93b0-478d1c079799/random_walk,0,0.0,0.0,-3.1789891719818115,-5.837050914764404,0.8646734952926636,0.0923045352101326,0.0034834241960197687,0.5384785135632545,,,,
b070_parked/episode_019e1e35-af9f-7d66-93b0-478d1c079799/random_walk,50,1.6666666666666667,0.0,-6.451673984527588,-23.921321868896484,0.7144110202789307,0.1481209546327591,0.0035936026833951473,0.03788590925643764,0.049236301165789226,0.1082899784265686,-5.8161797523498535,-3.7050533294677734
b070_parked/episode_019e1e35-af9f-7d66-93b0-478d1c079799/random_walk,99,3.3,0.0,-6.403895854949951,-11.82783031463623,0.6365096569061279,0.6114550828933716,0.10230471193790436,0.1322153904029867,0.1428811663534114,0.14875144971829402,-6.196459770202637,-6.006917476654053
b070_parked/episode_019e1e35-af9f-7d66-93b0-478d1c079799/random_walk,149,4.966666666666667,0.0,-6.621341705322266,-11.22181224822998,0.676638126373291,0.6287645101547241,0.13939638435840607,0.1292641907521069,0.15079688745940467,0.15516579508826098,-6.2045464515686035,-6.046971321105957
b070_parked/episode_019e1e35-af9f-7d66-93b0-478d1c079799/random_walk,198,6.6,0.0,-6.2307353019714355,-11.919567108154297,0.6940902471542358,0.24949651956558228,0.03963883966207504,0.13970291728483375,0.142599444551408,0.1464475484069054,-6.177969455718994,-6.026576519012451
b070_parked/episode_019e1e35-af9f-7d66-93b0-478d1c079799/random_walk,248,8.266666666666667,0.0,-6.739446640014648,-9.21860122680664,0.5878485441207886,0.3151371479034424,0.05582314357161522,0.14968038653254243,0.18457925342252648,0.19312425984117973,-6.150860786437988,-5.940070629119873
b070_parked/episode_019e1e35-af9f-7d66-93b0-478d1c079799/random_walk,297,9.9,0.5,-6.015152454376221,-10.111503601074219,0.6039211750030518,0.472503125667572,0.11124119907617569,0.17849736598177462,0.17681947294540207,0.1793219326674094,-6.0422210693359375,-5.923458576202393
b070_parked/episode_019e1e35-af9f-7d66-93b0-478d1c079799/random_walk,347,11.566666666666666,0.5,-6.1708879470825195,-10.93138313293457,0.6139867901802063,0.531489908695221,0.12168574333190918,0.1566540425503817,0.1613823536513232,0.1672720723540031,-6.089347839355469,-5.909341335296631
b070_parked/episode_019e1e35-af9f-7d66-93b0-478d1c079799/random_walk,396,13.2,0.5,-6.3394551277160645,-15.213193893432617,0.6342836618423462,0.3957764804363251,0.0838903859257698,0.0973448879359124,0.10605147100951114,0.11830825531705429,-6.120665550231934,-5.7498273849487305
b070_parked/episode_019e1e35-af9f-7d66-93b0-478d1c079799/random_walk,446,14.866666666666667,0.5,-6.386971950531006,-13.309839248657227,0.6864508390426636,0.4564172625541687,0.09947021305561066,0.11531083878200023,0.12813216566699343,0.14152878868930677,-6.108851909637451,-5.75736141204834
b070_parked/episode_019e1e35-af9f-7d66-93b0-478d1c079799/random_walk,496,16.533333333333335,0.5,-5.881011962890625,-12.727259635925293,0.6960687041282654,0.39547044038772583,0.05665242671966553,0.1470921620712516,0.15126599426819412,0.15375929227016716,-5.802615642547607,-5.678006172180176
b070_parked/episode_019e1e35-af9f-7d66-93b0-478d1c079799/random_walk,513,17.1,0.5,-5.96711540222168,-12.060409545898438,0.689123272895813,0.4830361604690552,0.12085322290658951,0.15176371844762818,0.1629021905552923,0.16578521768335036,-5.767846584320068,-5.638923645019531
b070_parked/episode_019e1e35-af9f-7d66-93b0-478d1c079799/random_walk,543,18.1,0.5,-5.808173179626465,-11.900348663330078,0.7655227780342102,0.37113651633262634,0.09670579433441162,0.16309191648749738,0.2021311494252261,0.20014538977688015,-5.182744979858398,-5.130924701690674
b070_parked/episode_019e1e35-af9f-7d66-93b0-478d1c079799/random_walk,545,18.166666666666668,0.5,-5.693417549133301,-16.606882095336914,0.7683690786361694,0.5447643399238586,0.2018132209777832,0.10860245729570878,0.12581704471673483,0.1314338537814219,-5.297277450561523,-5.097534656524658
b070_parked/episode_019e1e35-af9f-7d66-93b0-478d1c079799/random_walk,595,19.833333333333332,0.5,-5.394816875457764,-8.355592727661133,0.773602306842804,0.4147999882698059,0.11124119907617569,0.2556951078743997,0.28752407224150306,0.29200007284937785,-5.002058506011963,-4.867518424987793
b070_parked/episode_019e1e35-af9f-7d66-93b0-478d1c079799/random_walk,644,21.466666666666665,0.5,-6.102014541625977,-7.9501752853393555,0.6241134405136108,0.37064170837402344,0.06754669547080994,0.20991455206296436,0.2194382311961306,0.23044815676653313,-5.967175483703613,-5.737818717956543
b070_parked/episode_019e1e35-af9f-7d66-93b0-478d1c079799/random_walk,694,23.133333333333333,0.5,-6.495086193084717,-9.10615348815918,0.6420409679412842,0.16501934826374054,0.02931223064661026,0.16513756990861148,0.19164444460397134,0.19702143017664595,-6.070270538330078,-5.91030740737915
b070_parked/episode_019e1e35-af9f-7d66-93b0-478d1c079799/random_walk,743,24.766666666666666,0.5,-5.89141321182251,-8.975078582763672,0.7764057517051697,0.29094433784484863,0.04885777831077576,0.2061074144358095,0.23069740619513984,0.25532517911770375,-5.546003341674805,-5.146013259887695
b070_parked/episode_019e1e35-af9f-7d66-93b0-478d1c079799/random_walk,793,26.433333333333334,0.5,-6.027921676635742,-10.909334182739258,0.6916966438293457,0.15972349047660828,0.028870904818177223,0.1652150411833114,0.17519044037639153,0.20111923273570578,-5.860518932342529,-5.376236915588379
b070_parked/episode_019e1e35-af9f-7d66-93b0-478d1c079799/random_walk,853,28.433333333333334,0.5,-1.187949299812317,-3.231520652770996,0.9681063890457153,0.3988106846809387,0.16451646387577057,0.7842498817182818,0.7758476779303092,0.7687671118711854,-1.2326163053512573,-1.2293511629104614
b070_parked/episode_019e1e35-af9f-7d66-93b0-478d1c079799/random_walk,913,30.433333333333334,0.5,-0.9641218185424805,-2.799503803253174,0.9714071750640869,0.1555364727973938,0.008577484637498856,0.80747499085109,0.8038199409297472,0.7987148864464128,-0.9444693326950073,-0.9203286170959473
b070_parked/episode_019e1e35-af9f-7d66-93b0-478d1c079799/random_walk,973,32.43333333333333,0.5,-1.086600661277771,-2.765474319458008,0.9716744422912598,0.262726366519928,0.04336579889059067,0.7998237706072392,0.7984738921847455,0.7979365841621098,-1.0331209897994995,-0.940788209438324
b070_parked/episode_019e1e35-af9f-7d66-93b0-478d1c079799/random_walk,1033,34.43333333333333,0.5,-1.083587884902954,-2.6705031394958496,0.9700525999069214,0.24668005108833313,0.034100424498319626,0.8016984816041592,0.7945520205417482,0.7888676011901748,-1.1154412031173706,-1.0977615118026733
b070_parked/episode_019e1e35-af9f-7d66-93b0-478d1c079799/random_walk,1093,36.43333333333333,0.5,-1.1132131814956665,-2.676314115524292,0.9697045683860779,0.1924193650484085,0.024798160418868065,0.7995792958361227,0.7936067658309016,0.7868247541004229,-1.127663016319275,-1.125410556793213
b090_original/episode_019e1e35-af9f-7d66-93b0-478d1c079799/replay_control,0,0.0,0.0,-3.1789891719818115,-5.837050914764404,0.8646734952926636,0.0923045352101326,0.0034834241960197687,0.5384785135632545,,,,
b090_original/episode_019e1e35-af9f-7d66-93b0-478d1c079799/replay_control,50,1.6666666666666667,0.0,-6.451673984527588,-23.921321868896484,0.7144110202789307,0.1481209546327591,0.0035936026833951473,0.03788590925643764,0.049236301165789226,0.1082899784265686,-5.8161797523498535,-3.7050533294677734
b090_original/episode_019e1e35-af9f-7d66-93b0-478d1c079799/replay_control,99,3.3,0.0,-6.403895854949951,-11.82783031463623,0.6365096569061279,0.6114550828933716,0.10230471193790436,0.1322153904029867,0.1428811663534114,0.14875144971829402,-6.196459770202637,-6.006917476654053
b090_original/episode_019e1e35-af9f-7d66-93b0-478d1c079799/replay_control,149,4.966666666666667,0.0,-6.621341705322266,-11.22181224822998,0.676638126373291,0.6287645101547241,0.13939638435840607,0.1292641907521069,0.15079688745940467,0.15516579508826098,-6.2045464515686035,-6.046971321105957
b090_original/episode_019e1e35-af9f-7d66-93b0-478d1c079799/replay_control,198,6.6,0.0,-6.2307353019714355,-11.919567108154297,0.6940902471542358,0.24949651956558228,0.03963883966207504,0.13970291728483375,0.142599444551408,0.1464475484069054,-6.177969455718994,-6.026576519012451
b090_original/episode_019e1e35-af9f-7d66-93b0-478d1c079799/replay_control,248,8.266666666666667,0.0,-6.739446640014648,-9.21860122680664,0.5878485441207886,0.3151371479034424,0.05582314357161522,0.14968038653254243,0.18457925342252648,0.19312425984117973,-6.150860786437988,-5.940070629119873
b090_original/episode_019e1e35-af9f-7d66-93b0-478d1c079799/replay_control,297,9.9,0.5,-6.015152454376221,-10.111503601074219,0.6039211750030518,0.472503125667572,0.11124119907617569,0.17849736598177462,0.17681947294540207,0.1793219326674094,-6.0422210693359375,-5.923458576202393
b090_original/episode_019e1e35-af9f-7d66-93b0-478d1c079799/replay_control,347,11.566666666666666,0.5,-6.1708879470825195,-10.93138313293457,0.6139867901802063,0.531489908695221,0.12168574333190918,0.1566540425503817,0.1613823536513232,0.1672720723540031,-6.089347839355469,-5.909341335296631
b090_original/episode_019e1e35-af9f-7d66-93b0-478d1c079799/replay_control,396,13.2,0.5,-6.3394551277160645,-15.213193893432617,0.6342836618423462,0.3957764804363251,0.0838903859257698,0.0973448879359124,0.10605147100951114,0.11830825531705429,-6.120665550231934,-5.7498273849487305
b090_original/episode_019e1e35-af9f-7d66-93b0-478d1c079799/replay_control,446,14.866666666666667,0.5,-6.386971950531006,-13.309839248657227,0.6864508390426636,0.4564172625541687,0.09947021305561066,0.11531083878200023,0.12813216566699343,0.14152878868930677,-6.108851909637451,-5.75736141204834
b090_original/episode_019e1e35-af9f-7d66-93b0-478d1c079799/replay_control,496,16.533333333333335,0.5,-5.881011962890625,-12.727259635925293,0.6960687041282654,0.39547044038772583,0.05665242671966553,0.1470921620712516,0.15126599426819412,0.15375929227016716,-5.802615642547607,-5.678006172180176
b090_original/episode_019e1e35-af9f-7d66-93b0-478d1c079799/replay_control,545,18.166666666666668,0.5,-5.640909194946289,-10.136055946350098,0.653373122215271,0.3098245859146118,0.0838903859257698,0.20267874116899745,0.2015942477996002,0.2027502449769215,-5.65151309967041,-5.554803848266602
b090_original/episode_019e1e35-af9f-7d66-93b0-478d1c079799/replay_control,595,19.833333333333332,1.0,-5.536439418792725,-9.014371871948242,0.7113839983940125,0.2391698956489563,0.04535258188843727,0.23121406230841196,0.22459682904302275,0.2219937403323314,-5.618211269378662,-5.574120044708252
b090_original/episode_019e1e35-af9f-7d66-93b0-478d1c079799/replay_control,644,21.466666666666665,1.0,-5.356704235076904,-8.98129653930664,0.7281595468521118,0.5905777215957642,0.2583259642124176,0.24579640588738946,0.2522694627155667,0.2542216155217406,-5.264315605163574,-5.158256530761719
b090_original/episode_019e1e35-af9f-7d66-93b0-478d1c079799/replay_control,659,21.966666666666665,1.0,-5.645595073699951,-5.842721939086914,0.7888833284378052,0.4054023027420044,0.11920291930437088,0.2893541308562959,0.36411515194435823,0.3765983311366749,-4.826819896697998,-4.615283966064453
b090_original/episode_019e1e35-af9f-7d66-93b0-478d1c079799/replay_control,689,22.966666666666665,1.0,-4.524898052215576,-3.8013997077941895,0.9121265411376953,0.10043717920780182,0.02262919954955578,0.45126797774573746,0.495344215724035,0.49094522851592876,-4.079120635986328,-4.033893585205078
b090_original/episode_019e1e35-af9f-7d66-93b0-478d1c079799/replay_control,694,23.133333333333333,1.0,-4.508408069610596,-3.8272557258605957,0.9357939958572388,0.10288211703300476,0.014063628390431404,0.4523043656959337,0.5039265299675676,0.500570124150619,-3.9907712936401367,-3.9352126121520996
b090_original/episode_019e1e35-af9f-7d66-93b0-478d1c079799/replay_control,743,24.766666666666666,1.0,-0.9619450569152832,-1.9425534009933472,0.9984487295150757,0.32839447259902954,0.0838903859257698,0.8218669282099024,0.8319859423757134,0.8285370800020865,-0.7180867791175842,-0.6747457981109619
b090_original/episode_019e1e35-af9f-7d66-93b0-478d1c079799/replay_control,793,26.433333333333334,1.0,-0.9895676374435425,-2.21653413772583,0.9972654581069946,0.15776178240776062,0.037892427295446396,0.8156386285595218,0.8171425883355193,0.8112569917857471,-0.8905245065689087,-0.8824103474617004
b090_original/episode_019e1e35-af9f-7d66-93b0-478d1c079799/hold,0,0.0,0.0,-3.1789891719818115,-5.837050914764404,0.8646734952926636,0.0923045352101326,0.0034834241960197687,0.5384785135632545,,,,
b090_original/episode_019e1e35-af9f-7d66-93b0-478d1c079799/hold,50,1.6666666666666667,0.0,-6.451673984527588,-23.921321868896484,0.7144110202789307,0.1481209546327591,0.0035936026833951473,0.03788590925643764,0.049236301165789226,0.1082899784265686,-5.8161797523498535,-3.7050533294677734
b090_original/episode_019e1e35-af9f-7d66-93b0-478d1c079799/hold,99,3.3,0.0,-6.403895854949951,-11.82783031463623,0.6365096569061279,0.6114550828933716,0.10230471193790436,0.1322153904029867,0.1428811663534114,0.14875144971829402,-6.196459770202637,-6.006917476654053
b090_original/episode_019e1e35-af9f-7d66-93b0-478d1c079799/hold,149,4.966666666666667,0.0,-6.621341705322266,-11.22181224822998,0.676638126373291,0.6287645101547241,0.13939638435840607,0.1292641907521069,0.15079688745940467,0.15516579508826098,-6.2045464515686035,-6.046971321105957
b090_original/episode_019e1e35-af9f-7d66-93b0-478d1c079799/hold,198,6.6,0.0,-6.2307353019714355,-11.919567108154297,0.6940902471542358,0.24949651956558228,0.03963883966207504,0.13970291728483375,0.142599444551408,0.1464475484069054,-6.177969455718994,-6.026576519012451
b090_original/episode_019e1e35-af9f-7d66-93b0-478d1c079799/hold,248,8.266666666666667,0.0,-6.739446640014648,-9.21860122680664,0.5878485441207886,0.3151371479034424,0.05582314357161522,0.14968038653254243,0.18457925342252648,0.19312425984117973,-6.150860786437988,-5.940070629119873
b090_original/episode_019e1e35-af9f-7d66-93b0-478d1c079799/hold,297,9.9,0.5,-6.015152454376221,-10.111503601074219,0.6039211750030518,0.472503125667572,0.11124119907617569,0.17849736598177462,0.17681947294540207,0.1793219326674094,-6.0422210693359375,-5.923458576202393
b090_original/episode_019e1e35-af9f-7d66-93b0-478d1c079799/hold,347,11.566666666666666,0.5,-6.1708879470825195,-10.93138313293457,0.6139867901802063,0.531489908695221,0.12168574333190918,0.1566540425503817,0.1613823536513232,0.1672720723540031,-6.089347839355469,-5.909341335296631
b090_original/episode_019e1e35-af9f-7d66-93b0-478d1c079799/hold,396,13.2,0.5,-6.3394551277160645,-15.213193893432617,0.6342836618423462,0.3957764804363251,0.0838903859257698,0.0973448879359124,0.10605147100951114,0.11830825531705429,-6.120665550231934,-5.7498273849487305
b090_original/episode_019e1e35-af9f-7d66-93b0-478d1c079799/hold,446,14.866666666666667,0.5,-6.386971950531006,-13.309839248657227,0.6864508390426636,0.4564172625541687,0.09947021305561066,0.11531083878200023,0.12813216566699343,0.14152878868930677,-6.108851909637451,-5.75736141204834
b090_original/episode_019e1e35-af9f-7d66-93b0-478d1c079799/hold,496,16.533333333333335,0.5,-5.881011962890625,-12.727259635925293,0.6960687041282654,0.39547044038772583,0.05665242671966553,0.1470921620712516,0.15126599426819412,0.15375929227016716,-5.802615642547607,-5.678006172180176
b090_original/episode_019e1e35-af9f-7d66-93b0-478d1c079799/hold,545,18.166666666666668,0.5,-5.640909194946289,-10.136055946350098,0.653373122215271,0.3098245859146118,0.0838903859257698,0.20267874116899745,0.2015942477996002,0.2027502449769215,-5.65151309967041,-5.554803848266602
b090_original/episode_019e1e35-af9f-7d66-93b0-478d1c079799/hold,595,19.833333333333332,1.0,-5.536439418792725,-9.014371871948242,0.7113839983940125,0.2391698956489563,0.04535258188843727,0.23121406230841196,0.22459682904302275,0.2219937403323314,-5.618211269378662,-5.574120044708252
b090_original/episode_019e1e35-af9f-7d66-93b0-478d1c079799/hold,644,21.466666666666665,1.0,-5.356704235076904,-8.98129653930664,0.7281595468521118,0.5905777215957642,0.2583259642124176,0.24579640588738946,0.2522694627155667,0.2542216155217406,-5.264315605163574,-5.158256530761719
b090_original/episode_019e1e35-af9f-7d66-93b0-478d1c079799/hold,659,21.966666666666665,1.0,-5.645595073699951,-5.842721939086914,0.7888833284378052,0.4054023027420044,0.11920291930437088,0.2893541308562959,0.36411515194435823,0.3765983311366749,-4.826819896697998,-4.615283966064453
b090_original/episode_019e1e35-af9f-7d66-93b0-478d1c079799/hold,689,22.966666666666665,1.0,-5.684504508972168,-5.699519634246826,0.7877265214920044,0.16329415142536163,0.03021458350121975,0.2891863303345847,0.2852461425023047,0.31353465672327646,-5.722338676452637,-5.320272922515869
b090_original/episode_019e1e35-af9f-7d66-93b0-478d1c079799/hold,694,23.133333333333333,1.0,-5.67427921295166,-5.640078544616699,0.7848294973373413,0.15460243821144104,0.02931223064661026,0.2914344738805788,0.28661727851397273,0.2984039111117863,-5.7219038009643555,-5.505953311920166
b090_original/episode_019e1e35-af9f-7d66-93b0-478d1c079799/hold,743,24.766666666666666,1.0,-5.649072647094727,-5.713934898376465,0.7882185578346252,0.4520370066165924,0.13753245770931244,0.2919743517752656,0.2879126129263953,0.2874518491235839,-5.687574863433838,-5.612813472747803
b090_original/episode_019e1e35-af9f-7d66-93b0-478d1c079799/hold,793,26.433333333333334,1.0,-5.64396858215332,-5.738063812255859,0.786595344543457,0.3360004127025604,0.08882029354572296,0.29187475803840535,0.28534357373847585,0.28911749433605877,-5.711134910583496,-5.587110996246338
b090_original/episode_019e1e35-af9f-7d66-93b0-478d1c079799/random_walk,0,0.0,0.0,-3.1789891719818115,-5.837050914764404,0.8646734952926636,0.0923045352101326,0.0034834241960197687,0.5384785135632545,,,,
b090_original/episode_019e1e35-af9f-7d66-93b0-478d1c079799/random_walk,50,1.6666666666666667,0.0,-6.451673984527588,-23.921321868896484,0.7144110202789307,0.1481209546327591,0.0035936026833951473,0.03788590925643764,0.049236301165789226,0.1082899784265686,-5.8161797523498535,-3.7050533294677734
b090_original/episode_019e1e35-af9f-7d66-93b0-478d1c079799/random_walk,99,3.3,0.0,-6.403895854949951,-11.82783031463623,0.6365096569061279,0.6114550828933716,0.10230471193790436,0.1322153904029867,0.1428811663534114,0.14875144971829402,-6.196459770202637,-6.006917476654053
b090_original/episode_019e1e35-af9f-7d66-93b0-478d1c079799/random_walk,149,4.966666666666667,0.0,-6.621341705322266,-11.22181224822998,0.676638126373291,0.6287645101547241,0.13939638435840607,0.1292641907521069,0.15079688745940467,0.15516579508826098,-6.2045464515686035,-6.046971321105957
b090_original/episode_019e1e35-af9f-7d66-93b0-478d1c079799/random_walk,198,6.6,0.0,-6.2307353019714355,-11.919567108154297,0.6940902471542358,0.24949651956558228,0.03963883966207504,0.13970291728483375,0.142599444551408,0.1464475484069054,-6.177969455718994,-6.026576519012451
b090_original/episode_019e1e35-af9f-7d66-93b0-478d1c079799/random_walk,248,8.266666666666667,0.0,-6.739446640014648,-9.21860122680664,0.5878485441207886,0.3151371479034424,0.05582314357161522,0.14968038653254243,0.18457925342252648,0.19312425984117973,-6.150860786437988,-5.940070629119873
b090_original/episode_019e1e35-af9f-7d66-93b0-478d1c079799/random_walk,297,9.9,0.5,-6.015152454376221,-10.111503601074219,0.6039211750030518,0.472503125667572,0.11124119907617569,0.17849736598177462,0.17681947294540207,0.1793219326674094,-6.0422210693359375,-5.923458576202393
b090_original/episode_019e1e35-af9f-7d66-93b0-478d1c079799/random_walk,347,11.566666666666666,0.5,-6.1708879470825195,-10.93138313293457,0.6139867901802063,0.531489908695221,0.12168574333190918,0.1566540425503817,0.1613823536513232,0.1672720723540031,-6.089347839355469,-5.909341335296631
b090_original/episode_019e1e35-af9f-7d66-93b0-478d1c079799/random_walk,396,13.2,0.5,-6.3394551277160645,-15.213193893432617,0.6342836618423462,0.3957764804363251,0.0838903859257698,0.0973448879359124,0.10605147100951114,0.11830825531705429,-6.120665550231934,-5.7498273849487305
b090_original/episode_019e1e35-af9f-7d66-93b0-478d1c079799/random_walk,446,14.866666666666667,0.5,-6.386971950531006,-13.309839248657227,0.6864508390426636,0.4564172625541687,0.09947021305561066,0.11531083878200023,0.12813216566699343,0.14152878868930677,-6.108851909637451,-5.75736141204834
b090_original/episode_019e1e35-af9f-7d66-93b0-478d1c079799/random_walk,496,16.533333333333335,0.5,-5.881011962890625,-12.727259635925293,0.6960687041282654,0.39547044038772583,0.05665242671966553,0.1470921620712516,0.15126599426819412,0.15375929227016716,-5.802615642547607,-5.678006172180176
b090_original/episode_019e1e35-af9f-7d66-93b0-478d1c079799/random_walk,545,18.166666666666668,0.5,-5.640909194946289,-10.136055946350098,0.653373122215271,0.3098245859146118,0.0838903859257698,0.20267874116899745,0.2015942477996002,0.2027502449769215,-5.65151309967041,-5.554803848266602
b090_original/episode_019e1e35-af9f-7d66-93b0-478d1c079799/random_walk,595,19.833333333333332,1.0,-5.536439418792725,-9.014371871948242,0.7113839983940125,0.2391698956489563,0.04535258188843727,0.23121406230841196,0.22459682904302275,0.2219937403323314,-5.618211269378662,-5.574120044708252
b090_original/episode_019e1e35-af9f-7d66-93b0-478d1c079799/random_walk,644,21.466666666666665,1.0,-5.356704235076904,-8.98129653930664,0.7281595468521118,0.5905777215957642,0.2583259642124176,0.24579640588738946,0.2522694627155667,0.2542216155217406,-5.264315605163574,-5.158256530761719
b090_original/episode_019e1e35-af9f-7d66-93b0-478d1c079799/random_walk,659,21.966666666666665,1.0,-5.645595073699951,-5.842721939086914,0.7888833284378052,0.4054023027420044,0.11920291930437088,0.2893541308562959,0.36411515194435823,0.3765983311366749,-4.826819896697998,-4.615283966064453
b090_original/episode_019e1e35-af9f-7d66-93b0-478d1c079799/random_walk,689,22.966666666666665,1.0,-5.528393268585205,-8.31731128692627,0.8173086643218994,0.10293449461460114,0.01971912756562233,0.24578454118891394,0.29340690755708226,0.31869786182063714,-4.944212436676025,-4.5769829750061035
b090_original/episode_019e1e35-af9f-7d66-93b0-478d1c079799/random_walk,694,23.133333333333333,1.0,-5.481765270233154,-8.257702827453613,0.8351786136627197,0.09916064888238907,0.01798621006309986,0.25072202094955676,0.2761045744190201,0.3158619583768506,-5.161745071411133,-4.62385892868042
b090_original/episode_019e1e35-af9f-7d66-93b0-478d1c079799/random_walk,743,24.766666666666666,1.0,-4.882541179656982,-6.582725524902344,0.7959569096565247,0.18356944620609283,0.02843603305518627,0.34195537236621765,0.3622792142927517,0.37600858314437174,-4.6523919105529785,-4.427281379699707
b090_original/episode_019e1e35-af9f-7d66-93b0-478d1c079799/random_walk,793,26.433333333333334,1.0,-5.793684005737305,-7.476377010345459,0.6176345348358154,0.2052215337753296,0.04958902671933174,0.24200601599163793,0.31169513226462975,0.3267613573705278,-4.957831382751465,-4.709385871887207
b090_parked/episode_019e1e35-af9f-7d66-93b0-478d1c079799/replay_control,0,0.0,0.0,-3.1789891719818115,-5.837050914764404,0.8646734952926636,0.0923045352101326,0.0034834241960197687,0.5384785135632545,,,,
b090_parked/episode_019e1e35-af9f-7d66-93b0-478d1c079799/replay_control,50,1.6666666666666667,0.0,-6.451673984527588,-23.921321868896484,0.7144110202789307,0.1481209546327591,0.0035936026833951473,0.03788590925643764,0.049236301165789226,0.1082899784265686,-5.8161797523498535,-3.7050533294677734
b090_parked/episode_019e1e35-af9f-7d66-93b0-478d1c079799/replay_control,99,3.3,0.0,-6.403895854949951,-11.82783031463623,0.6365096569061279,0.6114550828933716,0.10230471193790436,0.1322153904029867,0.1428811663534114,0.14875144971829402,-6.196459770202637,-6.006917476654053
b090_parked/episode_019e1e35-af9f-7d66-93b0-478d1c079799/replay_control,149,4.966666666666667,0.0,-6.621341705322266,-11.22181224822998,0.676638126373291,0.6287645101547241,0.13939638435840607,0.1292641907521069,0.15079688745940467,0.15516579508826098,-6.2045464515686035,-6.046971321105957
b090_parked/episode_019e1e35-af9f-7d66-93b0-478d1c079799/replay_control,198,6.6,0.0,-6.2307353019714355,-11.919567108154297,0.6940902471542358,0.24949651956558228,0.03963883966207504,0.13970291728483375,0.142599444551408,0.1464475484069054,-6.177969455718994,-6.026576519012451
b090_parked/episode_019e1e35-af9f-7d66-93b0-478d1c079799/replay_control,248,8.266666666666667,0.0,-6.739446640014648,-9.21860122680664,0.5878485441207886,0.3151371479034424,0.05582314357161522,0.14968038653254243,0.18457925342252648,0.19312425984117973,-6.150860786437988,-5.940070629119873
b090_parked/episode_019e1e35-af9f-7d66-93b0-478d1c079799/replay_control,297,9.9,0.5,-6.015152454376221,-10.111503601074219,0.6039211750030518,0.472503125667572,0.11124119907617569,0.17849736598177462,0.17681947294540207,0.1793219326674094,-6.0422210693359375,-5.923458576202393
b090_parked/episode_019e1e35-af9f-7d66-93b0-478d1c079799/replay_control,347,11.566666666666666,0.5,-6.1708879470825195,-10.93138313293457,0.6139867901802063,0.531489908695221,0.12168574333190918,0.1566540425503817,0.1613823536513232,0.1672720723540031,-6.089347839355469,-5.909341335296631
b090_parked/episode_019e1e35-af9f-7d66-93b0-478d1c079799/replay_control,396,13.2,0.5,-6.3394551277160645,-15.213193893432617,0.6342836618423462,0.3957764804363251,0.0838903859257698,0.0973448879359124,0.10605147100951114,0.11830825531705429,-6.120665550231934,-5.7498273849487305
b090_parked/episode_019e1e35-af9f-7d66-93b0-478d1c079799/replay_control,446,14.866666666666667,0.5,-6.386971950531006,-13.309839248657227,0.6864508390426636,0.4564172625541687,0.09947021305561066,0.11531083878200023,0.12813216566699343,0.14152878868930677,-6.108851909637451,-5.75736141204834
b090_parked/episode_019e1e35-af9f-7d66-93b0-478d1c079799/replay_control,496,16.533333333333335,0.5,-5.881011962890625,-12.727259635925293,0.6960687041282654,0.39547044038772583,0.05665242671966553,0.1470921620712516,0.15126599426819412,0.15375929227016716,-5.802615642547607,-5.678006172180176
b090_parked/episode_019e1e35-af9f-7d66-93b0-478d1c079799/replay_control,545,18.166666666666668,0.5,-5.640909194946289,-10.136055946350098,0.653373122215271,0.3098245859146118,0.0838903859257698,0.20267874116899745,0.2015942477996002,0.2027502449769215,-5.65151309967041,-5.554803848266602
b090_parked/episode_019e1e35-af9f-7d66-93b0-478d1c079799/replay_control,595,19.833333333333332,1.0,-5.536439418792725,-9.014371871948242,0.7113839983940125,0.2391698956489563,0.04535258188843727,0.23121406230841196,0.22459682904302275,0.2219937403323314,-5.618211269378662,-5.574120044708252
b090_parked/episode_019e1e35-af9f-7d66-93b0-478d1c079799/replay_control,644,21.466666666666665,1.0,-5.356704235076904,-8.98129653930664,0.7281595468521118,0.5905777215957642,0.2583259642124176,0.24579640588738946,0.2522694627155667,0.2542216155217406,-5.264315605163574,-5.158256530761719
b090_parked/episode_019e1e35-af9f-7d66-93b0-478d1c079799/replay_control,659,21.966666666666665,1.0,-5.645595073699951,-5.842721939086914,0.7888833284378052,0.4054023027420044,0.11920291930437088,0.2893541308562959,0.36411515194435823,0.3765983311366749,-4.826819896697998,-4.615283966064453
b090_parked/episode_019e1e35-af9f-7d66-93b0-478d1c079799/replay_control,689,22.966666666666665,1.0,-4.524898052215576,-3.8013997077941895,0.9121265411376953,0.10043717920780182,0.02262919954955578,0.45126797774573746,0.495344215724035,0.49094522851592876,-4.079120635986328,-4.033893585205078
b090_parked/episode_019e1e35-af9f-7d66-93b0-478d1c079799/replay_control,694,23.133333333333333,1.0,-4.508408069610596,-3.8272557258605957,0.9357939958572388,0.10288211703300476,0.014063628390431404,0.4523043656959337,0.5039265299675676,0.500570124150619,-3.9907712936401367,-3.9352126121520996
b090_parked/episode_019e1e35-af9f-7d66-93b0-478d1c079799/replay_control,743,24.766666666666666,1.0,-0.9619450569152832,-1.9425534009933472,0.9984487295150757,0.32839447259902954,0.0838903859257698,0.8218669282099024,0.8319859423757134,0.8285370800020865,-0.7180867791175842,-0.6747457981109619
b090_parked/episode_019e1e35-af9f-7d66-93b0-478d1c079799/replay_control,793,26.433333333333334,1.0,-0.9895676374435425,-2.21653413772583,0.9972654581069946,0.15776178240776062,0.037892427295446396,0.8156386285595218,0.8171425883355193,0.8112569917857471,-0.8905245065689087,-0.8824103474617004
b090_parked/episode_019e1e35-af9f-7d66-93b0-478d1c079799/replay_control,853,28.433333333333334,1.0,-0.5599576830863953,-2.1424667835235596,0.999295175075531,0.27575239539146423,0.04672495648264885,0.8427035907200495,0.8429516600692419,0.8377394570688832,-0.4743267297744751,-0.464304119348526
b090_parked/episode_019e1e35-af9f-7d66-93b0-478d1c079799/replay_control,913,30.433333333333334,1.0,-0.5059943795204163,-2.107252359390259,0.9986138939857483,0.6876392960548401,0.3090237081050873,0.8462362914829389,0.8457135749622049,0.8393012421048868,-0.43357911705970764,-0.4460051357746124
b090_parked/episode_019e1e35-af9f-7d66-93b0-478d1c079799/replay_control,973,32.43333333333333,1.0,-0.47120970487594604,-2.0951461791992188,0.9988523125648499,0.8510346412658691,0.48755136132240295,0.8483287427202938,0.8461576926300156,0.8400039238214132,-0.42864200472831726,-0.4367215931415558
b090_parked/episode_019e1e35-af9f-7d66-93b0-478d1c079799/replay_control,1033,34.43333333333333,1.0,-0.5059943795204163,-2.107252359390259,0.9991550445556641,0.5052752494812012,0.1127954050898552,0.8462362914829389,0.844196700498886,0.8372825744646938,-0.46109938621520996,-0.48154938220977783
b090_parked/episode_019e1e35-af9f-7d66-93b0-478d1c079799/replay_control,1093,36.43333333333333,1.0,-0.5263899564743042,-2.038699150085449,0.9993116855621338,0.5535869002342224,0.1233656257390976,0.8460872079518913,0.8446039974394453,0.8379760867967151,-0.47163811326026917,-0.4873504936695099
b090_parked/episode_019e1e35-af9f-7d66-93b0-478d1c079799/hold,0,0.0,0.0,-3.1789891719818115,-5.837050914764404,0.8646734952926636,0.0923045352101326,0.0034834241960197687,0.5384785135632545,,,,
b090_parked/episode_019e1e35-af9f-7d66-93b0-478d1c079799/hold,50,1.6666666666666667,0.0,-6.451673984527588,-23.921321868896484,0.7144110202789307,0.1481209546327591,0.0035936026833951473,0.03788590925643764,0.049236301165789226,0.1082899784265686,-5.8161797523498535,-3.7050533294677734
b090_parked/episode_019e1e35-af9f-7d66-93b0-478d1c079799/hold,99,3.3,0.0,-6.403895854949951,-11.82783031463623,0.6365096569061279,0.6114550828933716,0.10230471193790436,0.1322153904029867,0.1428811663534114,0.14875144971829402,-6.196459770202637,-6.006917476654053
b090_parked/episode_019e1e35-af9f-7d66-93b0-478d1c079799/hold,149,4.966666666666667,0.0,-6.621341705322266,-11.22181224822998,0.676638126373291,0.6287645101547241,0.13939638435840607,0.1292641907521069,0.15079688745940467,0.15516579508826098,-6.2045464515686035,-6.046971321105957
b090_parked/episode_019e1e35-af9f-7d66-93b0-478d1c079799/hold,198,6.6,0.0,-6.2307353019714355,-11.919567108154297,0.6940902471542358,0.24949651956558228,0.03963883966207504,0.13970291728483375,0.142599444551408,0.1464475484069054,-6.177969455718994,-6.026576519012451
b090_parked/episode_019e1e35-af9f-7d66-93b0-478d1c079799/hold,248,8.266666666666667,0.0,-6.739446640014648,-9.21860122680664,0.5878485441207886,0.3151371479034424,0.05582314357161522,0.14968038653254243,0.18457925342252648,0.19312425984117973,-6.150860786437988,-5.940070629119873
b090_parked/episode_019e1e35-af9f-7d66-93b0-478d1c079799/hold,297,9.9,0.5,-6.015152454376221,-10.111503601074219,0.6039211750030518,0.472503125667572,0.11124119907617569,0.17849736598177462,0.17681947294540207,0.1793219326674094,-6.0422210693359375,-5.923458576202393
b090_parked/episode_019e1e35-af9f-7d66-93b0-478d1c079799/hold,347,11.566666666666666,0.5,-6.1708879470825195,-10.93138313293457,0.6139867901802063,0.531489908695221,0.12168574333190918,0.1566540425503817,0.1613823536513232,0.1672720723540031,-6.089347839355469,-5.909341335296631
b090_parked/episode_019e1e35-af9f-7d66-93b0-478d1c079799/hold,396,13.2,0.5,-6.3394551277160645,-15.213193893432617,0.6342836618423462,0.3957764804363251,0.0838903859257698,0.0973448879359124,0.10605147100951114,0.11830825531705429,-6.120665550231934,-5.7498273849487305
b090_parked/episode_019e1e35-af9f-7d66-93b0-478d1c079799/hold,446,14.866666666666667,0.5,-6.386971950531006,-13.309839248657227,0.6864508390426636,0.4564172625541687,0.09947021305561066,0.11531083878200023,0.12813216566699343,0.14152878868930677,-6.108851909637451,-5.75736141204834
b090_parked/episode_019e1e35-af9f-7d66-93b0-478d1c079799/hold,496,16.533333333333335,0.5,-5.881011962890625,-12.727259635925293,0.6960687041282654,0.39547044038772583,0.05665242671966553,0.1470921620712516,0.15126599426819412,0.15375929227016716,-5.802615642547607,-5.678006172180176
b090_parked/episode_019e1e35-af9f-7d66-93b0-478d1c079799/hold,545,18.166666666666668,0.5,-5.640909194946289,-10.136055946350098,0.653373122215271,0.3098245859146118,0.0838903859257698,0.20267874116899745,0.2015942477996002,0.2027502449769215,-5.65151309967041,-5.554803848266602
b090_parked/episode_019e1e35-af9f-7d66-93b0-478d1c079799/hold,595,19.833333333333332,1.0,-5.536439418792725,-9.014371871948242,0.7113839983940125,0.2391698956489563,0.04535258188843727,0.23121406230841196,0.22459682904302275,0.2219937403323314,-5.618211269378662,-5.574120044708252
b090_parked/episode_019e1e35-af9f-7d66-93b0-478d1c079799/hold,644,21.466666666666665,1.0,-5.356704235076904,-8.98129653930664,0.7281595468521118,0.5905777215957642,0.2583259642124176,0.24579640588738946,0.2522694627155667,0.2542216155217406,-5.264315605163574,-5.158256530761719
b090_parked/episode_019e1e35-af9f-7d66-93b0-478d1c079799/hold,659,21.966666666666665,1.0,-5.645595073699951,-5.842721939086914,0.7888833284378052,0.4054023027420044,0.11920291930437088,0.2893541308562959,0.36411515194435823,0.3765983311366749,-4.826819896697998,-4.615283966064453
b090_parked/episode_019e1e35-af9f-7d66-93b0-478d1c079799/hold,689,22.966666666666665,1.0,-5.684504508972168,-5.699519634246826,0.7877265214920044,0.16329415142536163,0.03021458350121975,0.2891863303345847,0.2852461425023047,0.31353465672327646,-5.722338676452637,-5.320272922515869
b090_parked/episode_019e1e35-af9f-7d66-93b0-478d1c079799/hold,694,23.133333333333333,1.0,-5.67427921295166,-5.640078544616699,0.7848294973373413,0.15460243821144104,0.02931223064661026,0.2914344738805788,0.28661727851397273,0.2984039111117863,-5.7219038009643555,-5.505953311920166
b090_parked/episode_019e1e35-af9f-7d66-93b0-478d1c079799/hold,743,24.766666666666666,1.0,-5.649072647094727,-5.713934898376465,0.7882185578346252,0.4520370066165924,0.13753245770931244,0.2919743517752656,0.2879126129263953,0.2874518491235839,-5.687574863433838,-5.612813472747803
b090_parked/episode_019e1e35-af9f-7d66-93b0-478d1c079799/hold,793,26.433333333333334,1.0,-5.64396858215332,-5.738063812255859,0.786595344543457,0.3360004127025604,0.08882029354572296,0.29187475803840535,0.28534357373847585,0.28911749433605877,-5.711134910583496,-5.587110996246338
b090_parked/episode_019e1e35-af9f-7d66-93b0-478d1c079799/hold,853,28.433333333333334,1.0,-1.143009066581726,-2.5272257328033447,0.9969286322593689,0.2129390835762024,0.037892427295446396,0.8001747350449285,0.8019736685323342,0.8041672994246136,-1.0433197021484375,-0.909923791885376
b090_parked/episode_019e1e35-af9f-7d66-93b0-478d1c079799/hold,913,30.433333333333334,1.0,-0.5715160369873047,-2.2851004600524902,0.9990755915641785,0.5738040804862976,0.23792988061904907,0.8399472154178769,0.8386405827799691,0.834069561520167,-0.5136213898658752,-0.49077308177948
b090_parked/episode_019e1e35-af9f-7d66-93b0-478d1c079799/hold,973,32.43333333333333,1.0,-0.42300504446029663,-2.128105640411377,0.9995499849319458,0.7255947589874268,0.38954657316207886,0.8504941785826416,0.8495861938793282,0.8462672480372048,-0.3568539023399353,-0.3150339722633362
b090_parked/episode_019e1e35-af9f-7d66-93b0-478d1c079799/hold,1033,34.43333333333333,1.0,-0.3794633448123932,-2.100086212158203,0.9996189475059509,0.6524763703346252,0.2351083904504776,0.8532274881192248,0.8519622833177424,0.8486721545286734,-0.3196888267993927,-0.2779724895954132
b090_parked/episode_019e1e35-af9f-7d66-93b0-478d1c079799/hold,1093,36.43333333333333,1.0,-0.41688722372055054,-2.0928211212158203,0.9995755553245544,0.7656026482582092,0.3319854736328125,0.8513185134645547,0.8497067939421072,0.8430756388556095,-0.3638266921043396,-0.3823486566543579
b090_parked/episode_019e1e35-af9f-7d66-93b0-478d1c079799/random_walk,0,0.0,0.0,-3.1789891719818115,-5.837050914764404,0.8646734952926636,0.0923045352101326,0.0034834241960197687,0.5384785135632545,,,,
b090_parked/episode_019e1e35-af9f-7d66-93b0-478d1c079799/random_walk,50,1.6666666666666667,0.0,-6.451673984527588,-23.921321868896484,0.7144110202789307,0.1481209546327591,0.0035936026833951473,0.03788590925643764,0.049236301165789226,0.1082899784265686,-5.8161797523498535,-3.7050533294677734
b090_parked/episode_019e1e35-af9f-7d66-93b0-478d1c079799/random_walk,99,3.3,0.0,-6.403895854949951,-11.82783031463623,0.6365096569061279,0.6114550828933716,0.10230471193790436,0.1322153904029867,0.1428811663534114,0.14875144971829402,-6.196459770202637,-6.006917476654053
b090_parked/episode_019e1e35-af9f-7d66-93b0-478d1c079799/random_walk,149,4.966666666666667,0.0,-6.621341705322266,-11.22181224822998,0.676638126373291,0.6287645101547241,0.13939638435840607,0.1292641907521069,0.15079688745940467,0.15516579508826098,-6.2045464515686035,-6.046971321105957
b090_parked/episode_019e1e35-af9f-7d66-93b0-478d1c079799/random_walk,198,6.6,0.0,-6.2307353019714355,-11.919567108154297,0.6940902471542358,0.24949651956558228,0.03963883966207504,0.13970291728483375,0.142599444551408,0.1464475484069054,-6.177969455718994,-6.026576519012451
b090_parked/episode_019e1e35-af9f-7d66-93b0-478d1c079799/random_walk,248,8.266666666666667,0.0,-6.739446640014648,-9.21860122680664,0.5878485441207886,0.3151371479034424,0.05582314357161522,0.14968038653254243,0.18457925342252648,0.19312425984117973,-6.150860786437988,-5.940070629119873
b090_parked/episode_019e1e35-af9f-7d66-93b0-478d1c079799/random_walk,297,9.9,0.5,-6.015152454376221,-10.111503601074219,0.6039211750030518,0.472503125667572,0.11124119907617569,0.17849736598177462,0.17681947294540207,0.1793219326674094,-6.0422210693359375,-5.923458576202393
b090_parked/episode_019e1e35-af9f-7d66-93b0-478d1c079799/random_walk,347,11.566666666666666,0.5,-6.1708879470825195,-10.93138313293457,0.6139867901802063,0.531489908695221,0.12168574333190918,0.1566540425503817,0.1613823536513232,0.1672720723540031,-6.089347839355469,-5.909341335296631
b090_parked/episode_019e1e35-af9f-7d66-93b0-478d1c079799/random_walk,396,13.2,0.5,-6.3394551277160645,-15.213193893432617,0.6342836618423462,0.3957764804363251,0.0838903859257698,0.0973448879359124,0.10605147100951114,0.11830825531705429,-6.120665550231934,-5.7498273849487305
b090_parked/episode_019e1e35-af9f-7d66-93b0-478d1c079799/random_walk,446,14.866666666666667,0.5,-6.386971950531006,-13.309839248657227,0.6864508390426636,0.4564172625541687,0.09947021305561066,0.11531083878200023,0.12813216566699343,0.14152878868930677,-6.108851909637451,-5.75736141204834
b090_parked/episode_019e1e35-af9f-7d66-93b0-478d1c079799/random_walk,496,16.533333333333335,0.5,-5.881011962890625,-12.727259635925293,0.6960687041282654,0.39547044038772583,0.05665242671966553,0.1470921620712516,0.15126599426819412,0.15375929227016716,-5.802615642547607,-5.678006172180176
b090_parked/episode_019e1e35-af9f-7d66-93b0-478d1c079799/random_walk,545,18.166666666666668,0.5,-5.640909194946289,-10.136055946350098,0.653373122215271,0.3098245859146118,0.0838903859257698,0.20267874116899745,0.2015942477996002,0.2027502449769215,-5.65151309967041,-5.554803848266602
b090_parked/episode_019e1e35-af9f-7d66-93b0-478d1c079799/random_walk,595,19.833333333333332,1.0,-5.536439418792725,-9.014371871948242,0.7113839983940125,0.2391698956489563,0.04535258188843727,0.23121406230841196,0.22459682904302275,0.2219937403323314,-5.618211269378662,-5.574120044708252
b090_parked/episode_019e1e35-af9f-7d66-93b0-478d1c079799/random_walk,644,21.466666666666665,1.0,-5.356704235076904,-8.98129653930664,0.7281595468521118,0.5905777215957642,0.2583259642124176,0.24579640588738946,0.2522694627155667,0.2542216155217406,-5.264315605163574,-5.158256530761719
b090_parked/episode_019e1e35-af9f-7d66-93b0-478d1c079799/random_walk,659,21.966666666666665,1.0,-5.645595073699951,-5.842721939086914,0.7888833284378052,0.4054023027420044,0.11920291930437088,0.2893541308562959,0.36411515194435823,0.3765983311366749,-4.826819896697998,-4.615283966064453
b090_parked/episode_019e1e35-af9f-7d66-93b0-478d1c079799/random_walk,689,22.966666666666665,1.0,-5.528393268585205,-8.31731128692627,0.8173086643218994,0.10293449461460114,0.01971912756562233,0.24578454118891394,0.29340690755708226,0.31869786182063714,-4.944212436676025,-4.5769829750061035
b090_parked/episode_019e1e35-af9f-7d66-93b0-478d1c079799/random_walk,694,23.133333333333333,1.0,-5.481765270233154,-8.257702827453613,0.8351786136627197,0.09916064888238907,0.01798621006309986,0.25072202094955676,0.2761045744190201,0.3158619583768506,-5.161745071411133,-4.62385892868042
b090_parked/episode_019e1e35-af9f-7d66-93b0-478d1c079799/random_walk,743,24.766666666666666,1.0,-4.882541179656982,-6.582725524902344,0.7959569096565247,0.18356944620609283,0.02843603305518627,0.34195537236621765,0.3622792142927517,0.37600858314437174,-4.6523919105529785,-4.427281379699707
b090_parked/episode_019e1e35-af9f-7d66-93b0-478d1c079799/random_walk,793,26.433333333333334,1.0,-5.793684005737305,-7.476377010345459,0.6176345348358154,0.2052215337753296,0.04958902671933174,0.24200601599163793,0.31169513226462975,0.3267613573705278,-4.957831382751465,-4.709385871887207
b090_parked/episode_019e1e35-af9f-7d66-93b0-478d1c079799/random_walk,853,28.433333333333334,1.0,-1.1633244752883911,-2.1367316246032715,0.9924045205116272,0.2305053472518921,0.05184546485543251,0.8056130152731807,0.8099826311625941,0.8030101149092613,-1.0235769748687744,-1.0297958850860596
b090_parked/episode_019e1e35-af9f-7d66-93b0-478d1c079799/random_walk,913,30.433333333333334,1.0,-0.452859103679657,-2.18106746673584,0.9995033740997314,0.4067329168319702,0.14414885640144348,0.8481174925294008,0.8466713717694164,0.8429827522721052,-0.39680683612823486,-0.3608892858028412
b090_parked/episode_019e1e35-af9f-7d66-93b0-478d1c079799/random_walk,973,32.43333333333333,1.0,-0.27840733528137207,-1.9814473390579224,0.999709963798523,0.5112521648406982,0.20817892253398895,0.8601240717469546,0.8587958600408206,0.8526755294746408,-0.21936188638210297,-0.23384755849838257
b090_parked/episode_019e1e35-af9f-7d66-93b0-478d1c079799/random_walk,1033,34.43333333333333,1.0,-0.3794633448123932,-2.100086212158203,0.9997146129608154,0.5640565752983093,0.16238002479076385,0.8532274881192248,0.8519622833177424,0.8456388760679888,-0.3196888267993927,-0.3338887691497803
b090_parked/episode_019e1e35-af9f-7d66-93b0-478d1c079799/random_walk,1093,36.43333333333333,1.0,-0.43589675426483154,-2.0666823387145996,0.9995979070663452,0.4849545955657959,0.1581743359565735,0.850655561515448,0.8488906139042751,0.841978217507419,-0.385810911655426,-0.40894415974617004
b050_original/episode_019e2d91-6e08-7f79-a3e4-c843c73a3ef2/replay_control,0,0.0,0.0,-3.5612003803253174,-4.445047855377197,0.8439351320266724,0.17348216474056244,0.013636835850775242,0.5360829387114477,,,,
b050_original/episode_019e2d91-6e08-7f79-a3e4-c843c73a3ef2/replay_control,47,1.5666666666666667,0.0,-6.300593376159668,-21.1033878326416,0.7697464227676392,0.13294218480587006,0.005730246659368277,0.05418801159503122,0.08132893896458512,0.15155041848595346,-5.277791976928711,-3.5228700637817383
b050_original/episode_019e2d91-6e08-7f79-a3e4-c843c73a3ef2/replay_control,94,3.1333333333333333,0.0,-5.8985795974731445,-12.482832908630371,0.7698795795440674,0.7759288549423218,0.4063906967639923,0.14954800691630138,0.14902933410190658,0.15293528783870225,-5.90812349319458,-5.7572340965271
b050_original/episode_019e2d91-6e08-7f79-a3e4-c843c73a3ef2/replay_control,141,4.7,0.0,-6.039091110229492,-17.08189582824707,0.7205725908279419,0.6870077848434448,0.29746994376182556,0.09071906659460384,0.10202980521072388,0.10258521990704696,-5.735099792480469,-5.642480850219727
b050_original/episode_019e2d91-6e08-7f79-a3e4-c843c73a3ef2/replay_control,188,6.266666666666667,0.0,-6.51963996887207,-12.991803169250488,0.6296250820159912,0.4313982129096985,0.07159119844436646,0.1131313659824246,0.1262452941802482,0.13834873795915137,-6.232324600219727,-5.903806209564209
b050_original/episode_019e2d91-6e08-7f79-a3e4-c843c73a3ef2/replay_control,235,7.833333333333333,0.0,-6.346068382263184,-16.978389739990234,0.7119990587234497,0.4943016469478607,0.10230471193790436,0.0813294064342177,0.08961732455380145,0.09621163898706742,-6.103074073791504,-5.839609622955322
b050_original/episode_019e2d91-6e08-7f79-a3e4-c843c73a3ef2/replay_control,282,9.4,0.5,-6.056616306304932,-10.528575897216797,0.7396522164344788,0.6373260021209717,0.22815649211406708,0.1693547090205231,0.17246973542872643,0.17271258622367935,-6.005004405975342,-5.9228997230529785
b050_original/episode_019e2d91-6e08-7f79-a3e4-c843c73a3ef2/replay_control,329,10.966666666666667,0.5,-5.952345371246338,-16.60930633544922,0.6604691743850708,0.4899333119392395,0.08756384253501892,0.09833989504588408,0.11375638677586869,0.11930632610154958,-5.568719863891602,-5.361065864562988
b050_original/episode_019e2d91-6e08-7f79-a3e4-c843c73a3ef2/replay_control,345,11.5,0.5,-5.661690711975098,-11.72944450378418,0.8124009966850281,0.5797224044799805,0.20055769383907318,0.1744969141004194,0.19095573364432653,0.20859025548055385,-5.395626544952393,-5.051751136779785
b050_original/episode_019e2d91-6e08-7f79-a3e4-c843c73a3ef2/replay_control,375,12.5,0.5,-5.5468926429748535,-10.471776008605957,0.819962739944458,0.43533098697662354,0.09534945338964462,0.20318129420151093,0.20713568198295262,0.20525391997580908,-5.482814788818359,-5.429989814758301
b050_original/episode_019e2d91-6e08-7f79-a3e4-c843c73a3ef2/replay_control,376,12.533333333333333,0.5,-5.4864044189453125,-10.571826934814453,0.8159441947937012,0.475818395614624,0.12678517401218414,0.20558394248265513,0.20420168855194948,0.2026621214655248,-5.499366760253906,-5.441863059997559
b050_original/episode_019e2d91-6e08-7f79-a3e4-c843c73a3ef2/replay_control,422,14.066666666666666,0.5,-6.507497787475586,-12.404333114624023,0.695242166519165,0.4142879247665405,0.034100424498319626,0.12033826987098946,0.15386963160164735,0.17938982264682565,-5.839102268218994,-5.3212666511535645
b050_original/episode_019e2d91-6e08-7f79-a3e4-c843c73a3ef2/replay_control,469,15.633333333333333,0.5,-6.199011325836182,-9.368389129638672,0.6648784875869751,0.29474708437919617,0.01798621006309986,0.17900599680595017,0.185047599339211,0.19428001146229407,-6.10434627532959,-5.883139133453369
b050_original/episode_019e2d91-6e08-7f79-a3e4-c843c73a3ef2/replay_control,516,17.2,0.5,-5.930919170379639,-9.540761947631836,0.7573025226593018,0.19906750321388245,0.016914913430809975,0.19345134285745036,0.2040642206337048,0.21564879179623297,-5.770700454711914,-5.524722099304199
b050_original/episode_019e2d91-6e08-7f79-a3e4-c843c73a3ef2/replay_control,563,18.766666666666666,1.0,-5.938106536865234,-9.661348342895508,0.7947444319725037,0.21570023894309998,0.034618835896253586,0.19091245383236166,0.1912069449136004,0.19930261233434388,-5.931967258453369,-5.730489253997803
b050_original/episode_019e2d91-6e08-7f79-a3e4-c843c73a3ef2/replay_control,610,20.333333333333332,1.0,-6.02163553237915,-12.402946472167969,0.8490532040596008,0.3505711555480957,0.07477004081010818,0.14407656022401538,0.17694236344639275,0.18155058515911954,-5.441671371459961,-5.286758899688721
b050_original/episode_019e2d91-6e08-7f79-a3e4-c843c73a3ef2/replay_control,657,21.9,1.0,-3.067260980606079,-3.423856258392334,0.9508316516876221,0.1783585548400879,0.01640303246676922,0.614863424136075,0.6329277336940468,0.6310694115281434,-2.8386032581329346,-2.7651281356811523
b050_original/episode_019e2d91-6e08-7f79-a3e4-c843c73a3ef2/replay_control,704,23.466666666666665,1.0,-0.4340953826904297,-2.129150867462158,0.9993482232093811,0.15638384222984314,0.0120537793263793,0.8498769819164265,0.854157251348054,0.8479764966856829,-0.2704765200614929,-0.28325748443603516
b050_original/episode_019e2d91-6e08-7f79-a3e4-c843c73a3ef2/replay_control,751,25.033333333333335,1.0,-0.620295524597168,-2.1324610710144043,0.9985325932502747,0.35784339904785156,0.11436853557825089,0.8394105927460709,0.8388725712121687,0.8329394998072087,-0.5494150519371033,-0.5502257943153381
b050_original/episode_019e2d91-6e08-7f79-a3e4-c843c73a3ef2/hold,0,0.0,0.0,-3.5612003803253174,-4.445047855377197,0.8439351320266724,0.17348216474056244,0.013636835850775242,0.5360829387114477,,,,
b050_original/episode_019e2d91-6e08-7f79-a3e4-c843c73a3ef2/hold,47,1.5666666666666667,0.0,-6.300593376159668,-21.1033878326416,0.7697464227676392,0.13294218480587006,0.005730246659368277,0.05418801159503122,0.08132893896458512,0.15155041848595346,-5.277791976928711,-3.5228700637817383
b050_original/episode_019e2d91-6e08-7f79-a3e4-c843c73a3ef2/hold,94,3.1333333333333333,0.0,-5.8985795974731445,-12.482832908630371,0.7698795795440674,0.7759288549423218,0.4063906967639923,0.14954800691630138,0.14902933410190658,0.15293528783870225,-5.90812349319458,-5.7572340965271
b050_original/episode_019e2d91-6e08-7f79-a3e4-c843c73a3ef2/hold,141,4.7,0.0,-6.039091110229492,-17.08189582824707,0.7205725908279419,0.6870077848434448,0.29746994376182556,0.09071906659460384,0.10202980521072388,0.10258521990704696,-5.735099792480469,-5.642480850219727
b050_original/episode_019e2d91-6e08-7f79-a3e4-c843c73a3ef2/hold,188,6.266666666666667,0.0,-6.51963996887207,-12.991803169250488,0.6296250820159912,0.4313982129096985,0.07159119844436646,0.1131313659824246,0.1262452941802482,0.13834873795915137,-6.232324600219727,-5.903806209564209
b050_original/episode_019e2d91-6e08-7f79-a3e4-c843c73a3ef2/hold,235,7.833333333333333,0.0,-6.346068382263184,-16.978389739990234,0.7119990587234497,0.4943016469478607,0.10230471193790436,0.0813294064342177,0.08961732455380145,0.09621163898706742,-6.103074073791504,-5.839609622955322
b050_original/episode_019e2d91-6e08-7f79-a3e4-c843c73a3ef2/hold,282,9.4,0.5,-6.056616306304932,-10.528575897216797,0.7396522164344788,0.6373260021209717,0.22815649211406708,0.1693547090205231,0.17246973542872643,0.17271258622367935,-6.005004405975342,-5.9228997230529785
b050_original/episode_019e2d91-6e08-7f79-a3e4-c843c73a3ef2/hold,329,10.966666666666667,0.5,-5.952345371246338,-16.60930633544922,0.6604691743850708,0.4899333119392395,0.08756384253501892,0.09833989504588408,0.11375638677586869,0.11930632610154958,-5.568719863891602,-5.361065864562988
b050_original/episode_019e2d91-6e08-7f79-a3e4-c843c73a3ef2/hold,345,11.5,0.5,-5.661690711975098,-11.72944450378418,0.8124009966850281,0.5797224044799805,0.20055769383907318,0.1744969141004194,0.19095573364432653,0.20859025548055385,-5.395626544952393,-5.051751136779785
b050_original/episode_019e2d91-6e08-7f79-a3e4-c843c73a3ef2/hold,375,12.5,0.5,-5.686354637145996,-11.743850708007812,0.8096312880516052,0.5350584983825684,0.15102779865264893,0.17275968415667775,0.17729939462781497,0.18656428983623932,-5.608010292053223,-5.379859924316406
b050_original/episode_019e2d91-6e08-7f79-a3e4-c843c73a3ef2/hold,376,12.533333333333333,0.5,-5.669191360473633,-11.53276252746582,0.8097227215766907,0.5966076254844666,0.2240554392337799,0.1771741254538956,0.18038096705543238,0.18719172306796295,-5.613273620605469,-5.4253435134887695
b050_original/episode_019e2d91-6e08-7f79-a3e4-c843c73a3ef2/hold,422,14.066666666666666,0.5,-5.66589879989624,-11.762801170349121,0.8091558218002319,0.558562159538269,0.11124119907617569,0.1737102703364473,0.1769610700568993,0.17861339576178564,-5.608577251434326,-5.50206184387207
b050_original/episode_019e2d91-6e08-7f79-a3e4-c843c73a3ef2/hold,469,15.633333333333333,0.5,-5.68765926361084,-12.055804252624512,0.8067128658294678,0.6776584982872009,0.22815649211406708,0.16782423560896967,0.16984070486169914,0.17278936097062844,-5.650128364562988,-5.521237373352051
b050_original/episode_019e2d91-6e08-7f79-a3e4-c843c73a3ef2/hold,516,17.2,0.5,-5.666536808013916,-11.754846572875977,0.8074356317520142,0.6173683404922485,0.13117322325706482,0.17379704456470244,0.17745971484239248,0.17826568298391637,-5.602526664733887,-5.509808540344238
b050_original/episode_019e2d91-6e08-7f79-a3e4-c843c73a3ef2/hold,563,18.766666666666666,0.5,-5.658710956573486,-11.743547439575195,0.8086870312690735,0.6000863909721375,0.1225232183933258,0.17445613805595236,0.17730267593382495,0.17860798960992688,-5.608036041259766,-5.507197380065918
b050_original/episode_019e2d91-6e08-7f79-a3e4-c843c73a3ef2/hold,610,20.333333333333332,0.5,-5.6688032150268555,-11.913248062133789,0.8095760345458984,0.6294649243354797,0.1233656257390976,0.1711676678213312,0.17208569808215826,0.17391321507526708,-5.649717807769775,-5.539890766143799
b050_original/episode_019e2d91-6e08-7f79-a3e4-c843c73a3ef2/hold,657,21.9,0.5,-5.66143798828125,-11.781915664672852,0.8101717233657837,0.6117184162139893,0.11757213622331619,0.17368104564198206,0.1748160303324843,0.17710741327427004,-5.638757228851318,-5.521633148193359
b050_original/episode_019e2d91-6e08-7f79-a3e4-c843c73a3ef2/hold,704,23.466666666666665,0.5,-5.668786525726318,-11.727544784545898,0.809923529624939,0.6162494421005249,0.11757213622331619,0.1740914551744421,0.1761227173802139,0.1776158940745359,-5.631493091583252,-5.527568817138672
b050_original/episode_019e2d91-6e08-7f79-a3e4-c843c73a3ef2/hold,751,25.033333333333335,0.5,-5.685164451599121,-12.076623916625977,0.8093010783195496,0.5898425579071045,0.1037486344575882,0.1676525094729952,0.16935811824737512,0.170765993610771,-5.652834415435791,-5.549725532531738
b050_original/episode_019e2d91-6e08-7f79-a3e4-c843c73a3ef2/random_walk,0,0.0,0.0,-3.5612003803253174,-4.445047855377197,0.8439351320266724,0.17348216474056244,0.013636835850775242,0.5360829387114477,,,,
b050_original/episode_019e2d91-6e08-7f79-a3e4-c843c73a3ef2/random_walk,47,1.5666666666666667,0.0,-6.300593376159668,-21.1033878326416,0.7697464227676392,0.13294218480587006,0.005730246659368277,0.05418801159503122,0.08132893896458512,0.15155041848595346,-5.277791976928711,-3.5228700637817383
b050_original/episode_019e2d91-6e08-7f79-a3e4-c843c73a3ef2/random_walk,94,3.1333333333333333,0.0,-5.8985795974731445,-12.482832908630371,0.7698795795440674,0.7759288549423218,0.4063906967639923,0.14954800691630138,0.14902933410190658,0.15293528783870225,-5.90812349319458,-5.7572340965271
b050_original/episode_019e2d91-6e08-7f79-a3e4-c843c73a3ef2/random_walk,141,4.7,0.0,-6.039091110229492,-17.08189582824707,0.7205725908279419,0.6870077848434448,0.29746994376182556,0.09071906659460384,0.10202980521072388,0.10258521990704696,-5.735099792480469,-5.642480850219727
b050_original/episode_019e2d91-6e08-7f79-a3e4-c843c73a3ef2/random_walk,188,6.266666666666667,0.0,-6.51963996887207,-12.991803169250488,0.6296250820159912,0.4313982129096985,0.07159119844436646,0.1131313659824246,0.1262452941802482,0.13834873795915137,-6.232324600219727,-5.903806209564209
b050_original/episode_019e2d91-6e08-7f79-a3e4-c843c73a3ef2/random_walk,235,7.833333333333333,0.0,-6.346068382263184,-16.978389739990234,0.7119990587234497,0.4943016469478607,0.10230471193790436,0.0813294064342177,0.08961732455380145,0.09621163898706742,-6.103074073791504,-5.839609622955322
b050_original/episode_019e2d91-6e08-7f79-a3e4-c843c73a3ef2/random_walk,282,9.4,0.5,-6.056616306304932,-10.528575897216797,0.7396522164344788,0.6373260021209717,0.22815649211406708,0.1693547090205231,0.17246973542872643,0.17271258622367935,-6.005004405975342,-5.9228997230529785
b050_original/episode_019e2d91-6e08-7f79-a3e4-c843c73a3ef2/random_walk,329,10.966666666666667,0.5,-5.952345371246338,-16.60930633544922,0.6604691743850708,0.4899333119392395,0.08756384253501892,0.09833989504588408,0.11375638677586869,0.11930632610154958,-5.568719863891602,-5.361065864562988
b050_original/episode_019e2d91-6e08-7f79-a3e4-c843c73a3ef2/random_walk,345,11.5,0.5,-5.661690711975098,-11.72944450378418,0.8124009966850281,0.5797224044799805,0.20055769383907318,0.1744969141004194,0.19095573364432653,0.20859025548055385,-5.395626544952393,-5.051751136779785
b050_original/episode_019e2d91-6e08-7f79-a3e4-c843c73a3ef2/random_walk,375,12.5,0.5,-5.639089107513428,-13.215421676635742,0.7649755477905273,0.39075326919555664,0.07263670116662979,0.15339795771093426,0.1993141329754933,0.19405818715771703,-4.880971431732178,-4.8779802322387695
b050_original/episode_019e2d91-6e08-7f79-a3e4-c843c73a3ef2/random_walk,376,12.533333333333333,0.5,-5.879862308502197,-12.876449584960938,0.7642841935157776,0.3812078833580017,0.07807816565036774,0.14510239721497026,0.20326980185017923,0.19518836973440004,-4.911033630371094,-4.9496355056762695
b050_original/episode_019e2d91-6e08-7f79-a3e4-c843c73a3ef2/random_walk,422,14.066666666666666,0.5,-5.376755714416504,-19.326339721679688,0.7823598384857178,0.1376534402370453,0.005384937860071659,0.0936635542175132,0.09406203891889951,0.10156264182178427,-5.363087177276611,-5.080704689025879
b050_original/episode_019e2d91-6e08-7f79-a3e4-c843c73a3ef2/random_walk,469,15.633333333333333,0.5,-5.861795425415039,-12.228317260742188,0.6659431457519531,0.7870090007781982,0.40969306230545044,0.1551962857286812,0.18753019866970902,0.20232350189412743,-5.31838321685791,-5.012600421905518
b050_original/episode_019e2d91-6e08-7f79-a3e4-c843c73a3ef2/random_walk,516,17.2,0.5,-5.6692657470703125,-11.626691818237305,0.8017634153366089,0.21186980605125427,0.01640303246676922,0.17566560877875026,0.1975661173791258,0.1974527679831089,-5.322080612182617,-5.243017673492432
b050_original/episode_019e2d91-6e08-7f79-a3e4-c843c73a3ef2/random_walk,563,18.766666666666666,0.5,-5.359058380126953,-10.255803108215332,0.7376549243927002,0.17330306768417358,0.01798621006309986,0.22052503161597004,0.22758475948933946,0.23526300120996468,-5.25335168838501,-5.06903600692749
b050_original/episode_019e2d91-6e08-7f79-a3e4-c843c73a3ef2/random_walk,610,20.333333333333332,0.5,-5.854190826416016,-15.380882263183594,0.8102660179138184,0.5794004201889038,0.12940272688865662,0.1152121940876095,0.14669185513124253,0.1459639729293914,-5.195223808288574,-5.1284003257751465
b050_original/episode_019e2d91-6e08-7f79-a3e4-c843c73a3ef2/random_walk,657,21.9,0.5,-5.5372514724731445,-10.136539459228516,0.8073850870132446,0.25806835293769836,0.020964240655303,0.2099089757494417,0.21447133740645719,0.239203379887567,-5.465571403503418,-5.048326015472412
b050_original/episode_019e2d91-6e08-7f79-a3e4-c843c73a3ef2/random_walk,704,23.466666666666665,0.5,-5.560815334320068,-10.777242660522461,0.7512436509132385,0.2724624276161194,0.015424552373588085,0.19684539659632663,0.228804838037346,0.23560886330023292,-5.100682258605957,-4.927748680114746
b050_original/episode_019e2d91-6e08-7f79-a3e4-c843c73a3ef2/random_walk,751,25.033333333333335,0.5,-5.617060661315918,-19.78384780883789,0.7669126987457275,0.15412741899490356,0.007577241398394108,0.08146413694194314,0.09756053268423036,0.09857449373573328,-5.147589206695557,-5.039968490600586
b050_parked/episode_019e2d91-6e08-7f79-a3e4-c843c73a3ef2/replay_control,0,0.0,0.0,-3.5612003803253174,-4.445047855377197,0.8439351320266724,0.17348216474056244,0.013636835850775242,0.5360829387114477,,,,
b050_parked/episode_019e2d91-6e08-7f79-a3e4-c843c73a3ef2/replay_control,47,1.5666666666666667,0.0,-6.300593376159668,-21.1033878326416,0.7697464227676392,0.13294218480587006,0.005730246659368277,0.05418801159503122,0.08132893896458512,0.15155041848595346,-5.277791976928711,-3.5228700637817383
b050_parked/episode_019e2d91-6e08-7f79-a3e4-c843c73a3ef2/replay_control,94,3.1333333333333333,0.0,-5.8985795974731445,-12.482832908630371,0.7698795795440674,0.7759288549423218,0.4063906967639923,0.14954800691630138,0.14902933410190658,0.15293528783870225,-5.90812349319458,-5.7572340965271
b050_parked/episode_019e2d91-6e08-7f79-a3e4-c843c73a3ef2/replay_control,141,4.7,0.0,-6.039091110229492,-17.08189582824707,0.7205725908279419,0.6870077848434448,0.29746994376182556,0.09071906659460384,0.10202980521072388,0.10258521990704696,-5.735099792480469,-5.642480850219727
b050_parked/episode_019e2d91-6e08-7f79-a3e4-c843c73a3ef2/replay_control,188,6.266666666666667,0.0,-6.51963996887207,-12.991803169250488,0.6296250820159912,0.4313982129096985,0.07159119844436646,0.1131313659824246,0.1262452941802482,0.13834873795915137,-6.232324600219727,-5.903806209564209
b050_parked/episode_019e2d91-6e08-7f79-a3e4-c843c73a3ef2/replay_control,235,7.833333333333333,0.0,-6.346068382263184,-16.978389739990234,0.7119990587234497,0.4943016469478607,0.10230471193790436,0.0813294064342177,0.08961732455380145,0.09621163898706742,-6.103074073791504,-5.839609622955322
b050_parked/episode_019e2d91-6e08-7f79-a3e4-c843c73a3ef2/replay_control,282,9.4,0.5,-6.056616306304932,-10.528575897216797,0.7396522164344788,0.6373260021209717,0.22815649211406708,0.1693547090205231,0.17246973542872643,0.17271258622367935,-6.005004405975342,-5.9228997230529785
b050_parked/episode_019e2d91-6e08-7f79-a3e4-c843c73a3ef2/replay_control,329,10.966666666666667,0.5,-5.952345371246338,-16.60930633544922,0.6604691743850708,0.4899333119392395,0.08756384253501892,0.09833989504588408,0.11375638677586869,0.11930632610154958,-5.568719863891602,-5.361065864562988
b050_parked/episode_019e2d91-6e08-7f79-a3e4-c843c73a3ef2/replay_control,345,11.5,0.5,-5.661690711975098,-11.72944450378418,0.8124009966850281,0.5797224044799805,0.20055769383907318,0.1744969141004194,0.19095573364432653,0.20859025548055385,-5.395626544952393,-5.051751136779785
b050_parked/episode_019e2d91-6e08-7f79-a3e4-c843c73a3ef2/replay_control,375,12.5,0.5,-5.5468926429748535,-10.471776008605957,0.819962739944458,0.43533098697662354,0.09534945338964462,0.20318129420151093,0.20713568198295262,0.20525391997580908,-5.482814788818359,-5.429989814758301
b050_parked/episode_019e2d91-6e08-7f79-a3e4-c843c73a3ef2/replay_control,376,12.533333333333333,0.5,-5.4864044189453125,-10.571826934814453,0.8159441947937012,0.475818395614624,0.12678517401218414,0.20558394248265513,0.20420168855194948,0.2026621214655248,-5.499366760253906,-5.441863059997559
b050_parked/episode_019e2d91-6e08-7f79-a3e4-c843c73a3ef2/replay_control,422,14.066666666666666,0.5,-6.507497787475586,-12.404333114624023,0.695242166519165,0.4142879247665405,0.034100424498319626,0.12033826987098946,0.15386963160164735,0.17938982264682565,-5.839102268218994,-5.3212666511535645
b050_parked/episode_019e2d91-6e08-7f79-a3e4-c843c73a3ef2/replay_control,469,15.633333333333333,0.5,-6.199011325836182,-9.368389129638672,0.6648784875869751,0.29474708437919617,0.01798621006309986,0.17900599680595017,0.185047599339211,0.19428001146229407,-6.10434627532959,-5.883139133453369
b050_parked/episode_019e2d91-6e08-7f79-a3e4-c843c73a3ef2/replay_control,516,17.2,0.5,-5.930919170379639,-9.540761947631836,0.7573025226593018,0.19906750321388245,0.016914913430809975,0.19345134285745036,0.2040642206337048,0.21564879179623297,-5.770700454711914,-5.524722099304199
b050_parked/episode_019e2d91-6e08-7f79-a3e4-c843c73a3ef2/replay_control,563,18.766666666666666,1.0,-5.938106536865234,-9.661348342895508,0.7947444319725037,0.21570023894309998,0.034618835896253586,0.19091245383236166,0.1912069449136004,0.19930261233434388,-5.931967258453369,-5.730489253997803
b050_parked/episode_019e2d91-6e08-7f79-a3e4-c843c73a3ef2/replay_control,610,20.333333333333332,1.0,-6.02163553237915,-12.402946472167969,0.8490532040596008,0.3505711555480957,0.07477004081010818,0.14407656022401538,0.17694236344639275,0.18155058515911954,-5.441671371459961,-5.286758899688721
b050_parked/episode_019e2d91-6e08-7f79-a3e4-c843c73a3ef2/replay_control,657,21.9,1.0,-3.067260980606079,-3.423856258392334,0.9508316516876221,0.1783585548400879,0.01640303246676922,0.614863424136075,0.6329277336940468,0.6310694115281434,-2.8386032581329346,-2.7651281356811523
b050_parked/episode_019e2d91-6e08-7f79-a3e4-c843c73a3ef2/replay_control,704,23.466666666666665,1.0,-0.4340953826904297,-2.129150867462158,0.9993482232093811,0.15638384222984314,0.0120537793263793,0.8498769819164265,0.854157251348054,0.8479764966856829,-0.2704765200614929,-0.28325748443603516
b050_parked/episode_019e2d91-6e08-7f79-a3e4-c843c73a3ef2/replay_control,751,25.033333333333335,1.0,-0.620295524597168,-2.1324610710144043,0.9985325932502747,0.35784339904785156,0.11436853557825089,0.8394105927460709,0.8388725712121687,0.8329394998072087,-0.5494150519371033,-0.5502257943153381
b050_parked/episode_019e2d91-6e08-7f79-a3e4-c843c73a3ef2/replay_control,811,27.033333333333335,1.0,-0.37972956895828247,-2.3084588050842285,0.9994128346443176,0.4214196801185608,0.07696083933115005,0.8503141139178222,0.8500465898338854,0.8431340873832334,-0.30117034912109375,-0.32476216554641724
b050_parked/episode_019e2d91-6e08-7f79-a3e4-c843c73a3ef2/replay_control,871,29.033333333333335,1.0,-0.3089337944984436,-2.503605365753174,0.9995274543762207,0.49692678451538086,0.12592275440692902,0.8514171970404604,0.8517254600525886,0.8467365554046693,-0.2187463492155075,-0.20797158777713776
b050_parked/episode_019e2d91-6e08-7f79-a3e4-c843c73a3ef2/replay_control,931,31.033333333333335,1.0,-0.21948766708374023,-2.3471405506134033,0.9995331168174744,0.5081720352172852,0.08632347732782364,0.8582894146171336,0.8578899599028822,0.8517717891049142,-0.1415480077266693,-0.15510523319244385
b050_parked/episode_019e2d91-6e08-7f79-a3e4-c843c73a3ef2/replay_control,991,33.03333333333333,1.0,-0.2892138361930847,-2.2860288619995117,0.999587893486023,0.43294307589530945,0.08269733935594559,0.8554679699483836,0.8538678093638093,0.8497157280087761,-0.2350165992975235,-0.20977526903152466
b050_parked/episode_019e2d91-6e08-7f79-a3e4-c843c73a3ef2/replay_control,1051,35.03333333333333,1.0,-0.2618284225463867,-2.3300609588623047,0.9997097253799438,0.5283307433128357,0.10230471193790436,0.8563102648046236,0.8544139743160187,0.8485405545371004,-0.21309542655944824,-0.22012697160243988
b050_parked/episode_019e2d91-6e08-7f79-a3e4-c843c73a3ef2/hold,0,0.0,0.0,-3.5612003803253174,-4.445047855377197,0.8439351320266724,0.17348216474056244,0.013636835850775242,0.5360829387114477,,,,
b050_parked/episode_019e2d91-6e08-7f79-a3e4-c843c73a3ef2/hold,47,1.5666666666666667,0.0,-6.300593376159668,-21.1033878326416,0.7697464227676392,0.13294218480587006,0.005730246659368277,0.05418801159503122,0.08132893896458512,0.15155041848595346,-5.277791976928711,-3.5228700637817383
b050_parked/episode_019e2d91-6e08-7f79-a3e4-c843c73a3ef2/hold,94,3.1333333333333333,0.0,-5.8985795974731445,-12.482832908630371,0.7698795795440674,0.7759288549423218,0.4063906967639923,0.14954800691630138,0.14902933410190658,0.15293528783870225,-5.90812349319458,-5.7572340965271
b050_parked/episode_019e2d91-6e08-7f79-a3e4-c843c73a3ef2/hold,141,4.7,0.0,-6.039091110229492,-17.08189582824707,0.7205725908279419,0.6870077848434448,0.29746994376182556,0.09071906659460384,0.10202980521072388,0.10258521990704696,-5.735099792480469,-5.642480850219727
b050_parked/episode_019e2d91-6e08-7f79-a3e4-c843c73a3ef2/hold,188,6.266666666666667,0.0,-6.51963996887207,-12.991803169250488,0.6296250820159912,0.4313982129096985,0.07159119844436646,0.1131313659824246,0.1262452941802482,0.13834873795915137,-6.232324600219727,-5.903806209564209
b050_parked/episode_019e2d91-6e08-7f79-a3e4-c843c73a3ef2/hold,235,7.833333333333333,0.0,-6.346068382263184,-16.978389739990234,0.7119990587234497,0.4943016469478607,0.10230471193790436,0.0813294064342177,0.08961732455380145,0.09621163898706742,-6.103074073791504,-5.839609622955322
b050_parked/episode_019e2d91-6e08-7f79-a3e4-c843c73a3ef2/hold,282,9.4,0.5,-6.056616306304932,-10.528575897216797,0.7396522164344788,0.6373260021209717,0.22815649211406708,0.1693547090205231,0.17246973542872643,0.17271258622367935,-6.005004405975342,-5.9228997230529785
b050_parked/episode_019e2d91-6e08-7f79-a3e4-c843c73a3ef2/hold,329,10.966666666666667,0.5,-5.952345371246338,-16.60930633544922,0.6604691743850708,0.4899333119392395,0.08756384253501892,0.09833989504588408,0.11375638677586869,0.11930632610154958,-5.568719863891602,-5.361065864562988
b050_parked/episode_019e2d91-6e08-7f79-a3e4-c843c73a3ef2/hold,345,11.5,0.5,-5.661690711975098,-11.72944450378418,0.8124009966850281,0.5797224044799805,0.20055769383907318,0.1744969141004194,0.19095573364432653,0.20859025548055385,-5.395626544952393,-5.051751136779785
b050_parked/episode_019e2d91-6e08-7f79-a3e4-c843c73a3ef2/hold,375,12.5,0.5,-5.686354637145996,-11.743850708007812,0.8096312880516052,0.5350584983825684,0.15102779865264893,0.17275968415667775,0.17729939462781497,0.18656428983623932,-5.608010292053223,-5.379859924316406
b050_parked/episode_019e2d91-6e08-7f79-a3e4-c843c73a3ef2/hold,376,12.533333333333333,0.5,-5.669191360473633,-11.53276252746582,0.8097227215766907,0.5966076254844666,0.2240554392337799,0.1771741254538956,0.18038096705543238,0.18719172306796295,-5.613273620605469,-5.4253435134887695
b050_parked/episode_019e2d91-6e08-7f79-a3e4-c843c73a3ef2/hold,422,14.066666666666666,0.5,-5.66589879989624,-11.762801170349121,0.8091558218002319,0.558562159538269,0.11124119907617569,0.1737102703364473,0.1769610700568993,0.17861339576178564,-5.608577251434326,-5.50206184387207
b050_parked/episode_019e2d91-6e08-7f79-a3e4-c843c73a3ef2/hold,469,15.633333333333333,0.5,-5.68765926361084,-12.055804252624512,0.8067128658294678,0.6776584982872009,0.22815649211406708,0.16782423560896967,0.16984070486169914,0.17278936097062844,-5.650128364562988,-5.521237373352051
b050_parked/episode_019e2d91-6e08-7f79-a3e4-c843c73a3ef2/hold,516,17.2,0.5,-5.666536808013916,-11.754846572875977,0.8074356317520142,0.6173683404922485,0.13117322325706482,0.17379704456470244,0.17745971484239248,0.17826568298391637,-5.602526664733887,-5.509808540344238
b050_parked/episode_019e2d91-6e08-7f79-a3e4-c843c73a3ef2/hold,563,18.766666666666666,0.5,-5.658710956573486,-11.743547439575195,0.8086870312690735,0.6000863909721375,0.1225232183933258,0.17445613805595236,0.17730267593382495,0.17860798960992688,-5.608036041259766,-5.507197380065918
b050_parked/episode_019e2d91-6e08-7f79-a3e4-c843c73a3ef2/hold,610,20.333333333333332,0.5,-5.6688032150268555,-11.913248062133789,0.8095760345458984,0.6294649243354797,0.1233656257390976,0.1711676678213312,0.17208569808215826,0.17391321507526708,-5.649717807769775,-5.539890766143799
b050_parked/episode_019e2d91-6e08-7f79-a3e4-c843c73a3ef2/hold,657,21.9,0.5,-5.66143798828125,-11.781915664672852,0.8101717233657837,0.6117184162139893,0.11757213622331619,0.17368104564198206,0.1748160303324843,0.17710741327427004,-5.638757228851318,-5.521633148193359
b050_parked/episode_019e2d91-6e08-7f79-a3e4-c843c73a3ef2/hold,704,23.466666666666665,0.5,-5.668786525726318,-11.727544784545898,0.809923529624939,0.6162494421005249,0.11757213622331619,0.1740914551744421,0.1761227173802139,0.1776158940745359,-5.631493091583252,-5.527568817138672
b050_parked/episode_019e2d91-6e08-7f79-a3e4-c843c73a3ef2/hold,751,25.033333333333335,0.5,-5.685164451599121,-12.076623916625977,0.8093010783195496,0.5898425579071045,0.1037486344575882,0.1676525094729952,0.16935811824737512,0.170765993610771,-5.652834415435791,-5.549725532531738
b050_parked/episode_019e2d91-6e08-7f79-a3e4-c843c73a3ef2/hold,811,27.033333333333335,0.5,-2.863490104675293,-4.179991722106934,0.9248371124267578,0.25169992446899414,0.02595735713839531,0.6157140791531578,0.6481003792376824,0.6423363114109436,-2.4844589233398438,-2.4506311416625977
b050_parked/episode_019e2d91-6e08-7f79-a3e4-c843c73a3ef2/hold,871,29.033333333333335,0.5,-1.1485259532928467,-4.018049240112305,0.9470551609992981,0.2373562455177307,0.018833130598068237,0.7721954657769061,0.7687683326813821,0.7609950601006283,-1.1228601932525635,-1.1263140439987183
b050_parked/episode_019e2d91-6e08-7f79-a3e4-c843c73a3ef2/hold,931,31.033333333333335,0.5,-0.9423627853393555,-3.8768553733825684,0.9483023881912231,0.14082735776901245,0.004905405919998884,0.789887363545119,0.7861426199667503,0.7777942846335109,-0.9209703207015991,-0.9372562766075134
b050_parked/episode_019e2d91-6e08-7f79-a3e4-c843c73a3ef2/hold,991,33.03333333333333,0.5,-0.7360551357269287,-3.0181310176849365,0.9474394917488098,0.2191997915506363,0.020645929500460625,0.81859755925113,0.8168099362893205,0.8097102423665733,-0.6864285469055176,-0.6962984800338745
b050_parked/episode_019e2d91-6e08-7f79-a3e4-c843c73a3ef2/hold,1051,35.03333333333333,0.5,-0.8145560026168823,-3.426931142807007,0.9479659795761108,0.2791895270347595,0.030675802379846573,0.8066428565840199,0.8041840172683418,0.7968468542597359,-0.775088906288147,-0.7834795713424683
b050_parked/episode_019e2d91-6e08-7f79-a3e4-c843c73a3ef2/random_walk,0,0.0,0.0,-3.5612003803253174,-4.445047855377197,0.8439351320266724,0.17348216474056244,0.013636835850775242,0.5360829387114477,,,,
b050_parked/episode_019e2d91-6e08-7f79-a3e4-c843c73a3ef2/random_walk,47,1.5666666666666667,0.0,-6.300593376159668,-21.1033878326416,0.7697464227676392,0.13294218480587006,0.005730246659368277,0.05418801159503122,0.08132893896458512,0.15155041848595346,-5.277791976928711,-3.5228700637817383
b050_parked/episode_019e2d91-6e08-7f79-a3e4-c843c73a3ef2/random_walk,94,3.1333333333333333,0.0,-5.8985795974731445,-12.482832908630371,0.7698795795440674,0.7759288549423218,0.4063906967639923,0.14954800691630138,0.14902933410190658,0.15293528783870225,-5.90812349319458,-5.7572340965271
b050_parked/episode_019e2d91-6e08-7f79-a3e4-c843c73a3ef2/random_walk,141,4.7,0.0,-6.039091110229492,-17.08189582824707,0.7205725908279419,0.6870077848434448,0.29746994376182556,0.09071906659460384,0.10202980521072388,0.10258521990704696,-5.735099792480469,-5.642480850219727
b050_parked/episode_019e2d91-6e08-7f79-a3e4-c843c73a3ef2/random_walk,188,6.266666666666667,0.0,-6.51963996887207,-12.991803169250488,0.6296250820159912,0.4313982129096985,0.07159119844436646,0.1131313659824246,0.1262452941802482,0.13834873795915137,-6.232324600219727,-5.903806209564209
b050_parked/episode_019e2d91-6e08-7f79-a3e4-c843c73a3ef2/random_walk,235,7.833333333333333,0.0,-6.346068382263184,-16.978389739990234,0.7119990587234497,0.4943016469478607,0.10230471193790436,0.0813294064342177,0.08961732455380145,0.09621163898706742,-6.103074073791504,-5.839609622955322
b050_parked/episode_019e2d91-6e08-7f79-a3e4-c843c73a3ef2/random_walk,282,9.4,0.5,-6.056616306304932,-10.528575897216797,0.7396522164344788,0.6373260021209717,0.22815649211406708,0.1693547090205231,0.17246973542872643,0.17271258622367935,-6.005004405975342,-5.9228997230529785
b050_parked/episode_019e2d91-6e08-7f79-a3e4-c843c73a3ef2/random_walk,329,10.966666666666667,0.5,-5.952345371246338,-16.60930633544922,0.6604691743850708,0.4899333119392395,0.08756384253501892,0.09833989504588408,0.11375638677586869,0.11930632610154958,-5.568719863891602,-5.361065864562988
b050_parked/episode_019e2d91-6e08-7f79-a3e4-c843c73a3ef2/random_walk,345,11.5,0.5,-5.661690711975098,-11.72944450378418,0.8124009966850281,0.5797224044799805,0.20055769383907318,0.1744969141004194,0.19095573364432653,0.20859025548055385,-5.395626544952393,-5.051751136779785
b050_parked/episode_019e2d91-6e08-7f79-a3e4-c843c73a3ef2/random_walk,375,12.5,0.5,-5.639089107513428,-13.215421676635742,0.7649755477905273,0.39075326919555664,0.07263670116662979,0.15339795771093426,0.1993141329754933,0.19405818715771703,-4.880971431732178,-4.8779802322387695
b050_parked/episode_019e2d91-6e08-7f79-a3e4-c843c73a3ef2/random_walk,376,12.533333333333333,0.5,-5.879862308502197,-12.876449584960938,0.7642841935157776,0.3812078833580017,0.07807816565036774,0.14510239721497026,0.20326980185017923,0.19518836973440004,-4.911033630371094,-4.9496355056762695
b050_parked/episode_019e2d91-6e08-7f79-a3e4-c843c73a3ef2/random_walk,422,14.066666666666666,0.5,-5.376755714416504,-19.326339721679688,0.7823598384857178,0.1376534402370453,0.005384937860071659,0.0936635542175132,0.09406203891889951,0.10156264182178427,-5.363087177276611,-5.080704689025879
b050_parked/episode_019e2d91-6e08-7f79-a3e4-c843c73a3ef2/random_walk,469,15.633333333333333,0.5,-5.861795425415039,-12.228317260742188,0.6659431457519531,0.7870090007781982,0.40969306230545044,0.1551962857286812,0.18753019866970902,0.20232350189412743,-5.31838321685791,-5.012600421905518
b050_parked/episode_019e2d91-6e08-7f79-a3e4-c843c73a3ef2/random_walk,516,17.2,0.5,-5.6692657470703125,-11.626691818237305,0.8017634153366089,0.21186980605125427,0.01640303246676922,0.17566560877875026,0.1975661173791258,0.1974527679831089,-5.322080612182617,-5.243017673492432
b050_parked/episode_019e2d91-6e08-7f79-a3e4-c843c73a3ef2/random_walk,563,18.766666666666666,0.5,-5.359058380126953,-10.255803108215332,0.7376549243927002,0.17330306768417358,0.01798621006309986,0.22052503161597004,0.22758475948933946,0.23526300120996468,-5.25335168838501,-5.06903600692749
b050_parked/episode_019e2d91-6e08-7f79-a3e4-c843c73a3ef2/random_walk,610,20.333333333333332,0.5,-5.854190826416016,-15.380882263183594,0.8102660179138184,0.5794004201889038,0.12940272688865662,0.1152121940876095,0.14669185513124253,0.1459639729293914,-5.195223808288574,-5.1284003257751465
b050_parked/episode_019e2d91-6e08-7f79-a3e4-c843c73a3ef2/random_walk,657,21.9,0.5,-5.5372514724731445,-10.136539459228516,0.8073850870132446,0.25806835293769836,0.020964240655303,0.2099089757494417,0.21447133740645719,0.239203379887567,-5.465571403503418,-5.048326015472412
b050_parked/episode_019e2d91-6e08-7f79-a3e4-c843c73a3ef2/random_walk,704,23.466666666666665,0.5,-5.560815334320068,-10.777242660522461,0.7512436509132385,0.2724624276161194,0.015424552373588085,0.19684539659632663,0.228804838037346,0.23560886330023292,-5.100682258605957,-4.927748680114746
b050_parked/episode_019e2d91-6e08-7f79-a3e4-c843c73a3ef2/random_walk,751,25.033333333333335,0.5,-5.617060661315918,-19.78384780883789,0.7669126987457275,0.15412741899490356,0.007577241398394108,0.08146413694194314,0.09756053268423036,0.09857449373573328,-5.147589206695557,-5.039968490600586
b050_parked/episode_019e2d91-6e08-7f79-a3e4-c843c73a3ef2/random_walk,811,27.033333333333335,0.5,-3.1370444297790527,-6.246182441711426,0.9002834558486938,0.14561845362186432,0.014957086183130741,0.531713700700148,0.5655876216782513,0.5628691529380053,-2.769092559814453,-2.7030742168426514
b050_parked/episode_019e2d91-6e08-7f79-a3e4-c843c73a3ef2/random_walk,871,29.033333333333335,0.5,-1.1802144050598145,-3.658910036087036,0.9325459599494934,0.14832520484924316,0.004609572235494852,0.7767470273904898,0.7763028357542182,0.7674271664207477,-1.1147536039352417,-1.1352615356445312
b050_parked/episode_019e2d91-6e08-7f79-a3e4-c843c73a3ef2/random_walk,931,31.033333333333335,0.5,-0.9629551768302917,-3.2902235984802246,0.9324237704277039,0.13161998987197876,0.005730246659368277,0.7990083343155023,0.797012916136215,0.7887339614974225,-0.9175735712051392,-0.9372095465660095
b050_parked/episode_019e2d91-6e08-7f79-a3e4-c843c73a3ef2/random_walk,991,33.03333333333333,0.5,-0.8495348691940308,-3.5730090141296387,0.9321797490119934,0.20203688740730286,0.020023440942168236,0.8017590169009866,0.7979534684820867,0.7893928826907537,-0.8298659324645996,-0.8536249399185181
b050_parked/episode_019e2d91-6e08-7f79-a3e4-c843c73a3ef2/random_walk,1051,35.03333333333333,0.5,-0.7987179756164551,-3.6233041286468506,0.9321349859237671,0.1970171481370926,0.020332353189587593,0.804310790326934,0.8009090779111765,0.7921041925160266,-0.7729157209396362,-0.8013280630111694
b070_original/episode_019e2d91-6e08-7f79-a3e4-c843c73a3ef2/replay_control,0,0.0,0.0,-3.5612003803253174,-4.445047855377197,0.8439351320266724,0.17348216474056244,0.013636835850775242,0.5360829387114477,,,,
b070_original/episode_019e2d91-6e08-7f79-a3e4-c843c73a3ef2/replay_control,47,1.5666666666666667,0.0,-6.300593376159668,-21.1033878326416,0.7697464227676392,0.13294218480587006,0.005730246659368277,0.05418801159503122,0.08132893896458512,0.15155041848595346,-5.277791976928711,-3.5228700637817383
b070_original/episode_019e2d91-6e08-7f79-a3e4-c843c73a3ef2/replay_control,94,3.1333333333333333,0.0,-5.8985795974731445,-12.482832908630371,0.7698795795440674,0.7759288549423218,0.4063906967639923,0.14954800691630138,0.14902933410190658,0.15293528783870225,-5.90812349319458,-5.7572340965271
b070_original/episode_019e2d91-6e08-7f79-a3e4-c843c73a3ef2/replay_control,141,4.7,0.0,-6.039091110229492,-17.08189582824707,0.7205725908279419,0.6870077848434448,0.29746994376182556,0.09071906659460384,0.10202980521072388,0.10258521990704696,-5.735099792480469,-5.642480850219727
b070_original/episode_019e2d91-6e08-7f79-a3e4-c843c73a3ef2/replay_control,188,6.266666666666667,0.0,-6.51963996887207,-12.991803169250488,0.6296250820159912,0.4313982129096985,0.07159119844436646,0.1131313659824246,0.1262452941802482,0.13834873795915137,-6.232324600219727,-5.903806209564209
b070_original/episode_019e2d91-6e08-7f79-a3e4-c843c73a3ef2/replay_control,235,7.833333333333333,0.0,-6.346068382263184,-16.978389739990234,0.7119990587234497,0.4943016469478607,0.10230471193790436,0.0813294064342177,0.08961732455380145,0.09621163898706742,-6.103074073791504,-5.839609622955322
b070_original/episode_019e2d91-6e08-7f79-a3e4-c843c73a3ef2/replay_control,282,9.4,0.5,-6.056616306304932,-10.528575897216797,0.7396522164344788,0.6373260021209717,0.22815649211406708,0.1693547090205231,0.17246973542872643,0.17271258622367935,-6.005004405975342,-5.9228997230529785
b070_original/episode_019e2d91-6e08-7f79-a3e4-c843c73a3ef2/replay_control,329,10.966666666666667,0.5,-5.952345371246338,-16.60930633544922,0.6604691743850708,0.4899333119392395,0.08756384253501892,0.09833989504588408,0.11375638677586869,0.11930632610154958,-5.568719863891602,-5.361065864562988
b070_original/episode_019e2d91-6e08-7f79-a3e4-c843c73a3ef2/replay_control,376,12.533333333333333,0.5,-5.509191513061523,-10.474198341369629,0.8155386447906494,0.4714004397392273,0.1276526302099228,0.20575362465740304,0.20614218164031445,0.20346416303813084,-5.496585845947266,-5.455627918243408
b070_original/episode_019e2d91-6e08-7f79-a3e4-c843c73a3ef2/replay_control,422,14.066666666666666,0.5,-6.562261581420898,-11.864578247070312,0.6902180910110474,0.41910797357559204,0.03514484688639641,0.12421456195651905,0.1666881502978471,0.1882967629535327,-5.753619194030762,-5.32105827331543
b070_original/episode_019e2d91-6e08-7f79-a3e4-c843c73a3ef2/replay_control,469,15.633333333333333,0.5,-6.201605796813965,-9.689859390258789,0.6623099446296692,0.2922828793525696,0.01798621006309986,0.17370001538445978,0.1806674226715931,0.1892182297006712,-6.090052604675293,-5.876821994781494
b070_original/episode_019e2d91-6e08-7f79-a3e4-c843c73a3ef2/replay_control,483,16.1,0.5,-6.31973123550415,-10.550324440002441,0.6397120952606201,0.26992592215538025,0.011687257327139378,0.15383493247822952,0.17520824329827372,0.182522480015165,-5.954002380371094,-5.75686502456665
b070_original/episode_019e2d91-6e08-7f79-a3e4-c843c73a3ef2/replay_control,513,17.1,0.5,-6.107725620269775,-9.683250427246094,0.7910776734352112,0.21844998002052307,0.024423090741038322,0.17963007462933842,0.19782959632832367,0.21517838773478462,-5.825775146484375,-5.4940104484558105
b070_original/episode_019e2d91-6e08-7f79-a3e4-c843c73a3ef2/replay_control,516,17.2,0.5,-5.918460845947266,-9.572189331054688,0.7562880516052246,0.20642176270484924,0.018264278769493103,0.1937402885304389,0.20443673901086126,0.21397816945921158,-5.757043838500977,-5.540124416351318
b070_original/episode_019e2d91-6e08-7f79-a3e4-c843c73a3ef2/replay_control,563,18.766666666666666,1.0,-5.938106536865234,-9.661348342895508,0.7948158979415894,0.21908636391162872,0.03622005507349968,0.19091245383236166,0.19090896648966652,0.19897957309548456,-5.936549663543701,-5.735323905944824
b070_original/episode_019e2d91-6e08-7f79-a3e4-c843c73a3ef2/replay_control,610,20.333333333333332,1.0,-5.994550704956055,-11.461893081665039,0.8490643501281738,0.3483006954193115,0.07159119844436646,0.1588803887148486,0.1946281883819279,0.1992427165652914,-5.409423351287842,-5.259352207183838
b070_original/episode_019e2d91-6e08-7f79-a3e4-c843c73a3ef2/replay_control,657,21.9,1.0,-3.0297436714172363,-3.303208351135254,0.950576901435852,0.18141528964042664,0.017442485317587852,0.6217775687146223,0.6396115589948824,0.6401797474791077,-2.8014731407165527,-2.7028653621673584
b070_original/episode_019e2d91-6e08-7f79-a3e4-c843c73a3ef2/replay_control,704,23.466666666666665,1.0,-0.3853580057621002,-2.031580686569214,0.9993901252746582,0.16280122101306915,0.014063628390431404,0.85385687087792,0.8585764508744803,0.8528662443044297,-0.2105642557144165,-0.21707889437675476
b070_original/episode_019e2d91-6e08-7f79-a3e4-c843c73a3ef2/replay_control,751,25.033333333333335,1.0,-0.5842851996421814,-2.025355339050293,0.9985777735710144,0.376453697681427,0.11757213622331619,0.843038467820442,0.843592920372402,0.8383333464525167,-0.49338498711586,-0.48456254601478577
b070_original/episode_019e2d91-6e08-7f79-a3e4-c843c73a3ef2/hold,0,0.0,0.0,-3.5612003803253174,-4.445047855377197,0.8439351320266724,0.17348216474056244,0.013636835850775242,0.5360829387114477,,,,
b070_original/episode_019e2d91-6e08-7f79-a3e4-c843c73a3ef2/hold,47,1.5666666666666667,0.0,-6.300593376159668,-21.1033878326416,0.7697464227676392,0.13294218480587006,0.005730246659368277,0.05418801159503122,0.08132893896458512,0.15155041848595346,-5.277791976928711,-3.5228700637817383
b070_original/episode_019e2d91-6e08-7f79-a3e4-c843c73a3ef2/hold,94,3.1333333333333333,0.0,-5.8985795974731445,-12.482832908630371,0.7698795795440674,0.7759288549423218,0.4063906967639923,0.14954800691630138,0.14902933410190658,0.15293528783870225,-5.90812349319458,-5.7572340965271
b070_original/episode_019e2d91-6e08-7f79-a3e4-c843c73a3ef2/hold,141,4.7,0.0,-6.039091110229492,-17.08189582824707,0.7205725908279419,0.6870077848434448,0.29746994376182556,0.09071906659460384,0.10202980521072388,0.10258521990704696,-5.735099792480469,-5.642480850219727
b070_original/episode_019e2d91-6e08-7f79-a3e4-c843c73a3ef2/hold,188,6.266666666666667,0.0,-6.51963996887207,-12.991803169250488,0.6296250820159912,0.4313982129096985,0.07159119844436646,0.1131313659824246,0.1262452941802482,0.13834873795915137,-6.232324600219727,-5.903806209564209
b070_original/episode_019e2d91-6e08-7f79-a3e4-c843c73a3ef2/hold,235,7.833333333333333,0.0,-6.346068382263184,-16.978389739990234,0.7119990587234497,0.4943016469478607,0.10230471193790436,0.0813294064342177,0.08961732455380145,0.09621163898706742,-6.103074073791504,-5.839609622955322
b070_original/episode_019e2d91-6e08-7f79-a3e4-c843c73a3ef2/hold,282,9.4,0.5,-6.056616306304932,-10.528575897216797,0.7396522164344788,0.6373260021209717,0.22815649211406708,0.1693547090205231,0.17246973542872643,0.17271258622367935,-6.005004405975342,-5.9228997230529785
b070_original/episode_019e2d91-6e08-7f79-a3e4-c843c73a3ef2/hold,329,10.966666666666667,0.5,-5.952345371246338,-16.60930633544922,0.6604691743850708,0.4899333119392395,0.08756384253501892,0.09833989504588408,0.11375638677586869,0.11930632610154958,-5.568719863891602,-5.361065864562988
b070_original/episode_019e2d91-6e08-7f79-a3e4-c843c73a3ef2/hold,376,12.533333333333333,0.5,-5.509191513061523,-10.474198341369629,0.8155386447906494,0.4714004397392273,0.1276526302099228,0.20575362465740304,0.20614218164031445,0.20346416303813084,-5.496585845947266,-5.455627918243408
b070_original/episode_019e2d91-6e08-7f79-a3e4-c843c73a3ef2/hold,422,14.066666666666666,0.5,-6.562261581420898,-11.864578247070312,0.6902180910110474,0.41910797357559204,0.03514484688639641,0.12421456195651905,0.1666881502978471,0.1882967629535327,-5.753619194030762,-5.32105827331543
b070_original/episode_019e2d91-6e08-7f79-a3e4-c843c73a3ef2/hold,469,15.633333333333333,0.5,-6.201605796813965,-9.689859390258789,0.6623099446296692,0.2922828793525696,0.01798621006309986,0.17370001538445978,0.1806674226715931,0.1892182297006712,-6.090052604675293,-5.876821994781494
b070_original/episode_019e2d91-6e08-7f79-a3e4-c843c73a3ef2/hold,483,16.1,0.5,-6.31973123550415,-10.550324440002441,0.6397120952606201,0.26992592215538025,0.011687257327139378,0.15383493247822952,0.17520824329827372,0.182522480015165,-5.954002380371094,-5.75686502456665
b070_original/episode_019e2d91-6e08-7f79-a3e4-c843c73a3ef2/hold,513,17.1,0.5,-6.266178607940674,-9.54100513458252,0.6420943737030029,0.3430655598640442,0.02595735713839531,0.17210692841771852,0.17854230816871808,0.1849305852333409,-6.163214206695557,-5.983142852783203
b070_original/episode_019e2d91-6e08-7f79-a3e4-c843c73a3ef2/hold,516,17.2,0.5,-6.267910003662109,-9.550100326538086,0.6421707272529602,0.3120183050632477,0.02517884224653244,0.17185903332119185,0.17881525508695978,0.1796104408783058,-6.1564178466796875,-6.06596040725708
b070_original/episode_019e2d91-6e08-7f79-a3e4-c843c73a3ef2/hold,563,18.766666666666666,0.5,-6.266028881072998,-9.74073600769043,0.6396977305412292,0.25369638204574585,0.034100424498319626,0.16900241742407618,0.1750577974665248,0.179126153378578,-6.1679487228393555,-6.023836135864258
b070_original/episode_019e2d91-6e08-7f79-a3e4-c843c73a3ef2/hold,610,20.333333333333332,0.5,-6.260293960571289,-9.8997802734375,0.6407217979431152,0.5189181566238403,0.05749328061938286,0.16689513735357706,0.17295090777150152,0.17189136027513882,-6.1612467765808105,-6.101490020751953
b070_original/episode_019e2d91-6e08-7f79-a3e4-c843c73a3ef2/hold,657,21.9,0.5,-6.270511627197266,-9.821554183959961,0.6399645805358887,0.33060550689697266,0.013636835850775242,0.16748856811191995,0.17259569294277102,0.17154459403026104,-6.187587261199951,-6.127817153930664
b070_original/episode_019e2d91-6e08-7f79-a3e4-c843c73a3ef2/hold,704,23.466666666666665,0.5,-6.263177871704102,-9.884431838989258,0.6396958231925964,0.35152965784072876,0.013222821988165379,0.16695927728417556,0.17367994907831555,0.17048256703110348,-6.153162002563477,-6.129213809967041
b070_original/episode_019e2d91-6e08-7f79-a3e4-c843c73a3ef2/hold,751,25.033333333333335,0.5,-6.310327529907227,-9.833759307861328,0.6341899633407593,0.4951705038547516,0.039048291742801666,0.16494850344267312,0.17194133734054728,0.172108580046543,-6.195306301116943,-6.115157604217529
b070_original/episode_019e2d91-6e08-7f79-a3e4-c843c73a3ef2/random_walk,0,0.0,0.0,-3.5612003803253174,-4.445047855377197,0.8439351320266724,0.17348216474056244,0.013636835850775242,0.5360829387114477,,,,
b070_original/episode_019e2d91-6e08-7f79-a3e4-c843c73a3ef2/random_walk,47,1.5666666666666667,0.0,-6.300593376159668,-21.1033878326416,0.7697464227676392,0.13294218480587006,0.005730246659368277,0.05418801159503122,0.08132893896458512,0.15155041848595346,-5.277791976928711,-3.5228700637817383
b070_original/episode_019e2d91-6e08-7f79-a3e4-c843c73a3ef2/random_walk,94,3.1333333333333333,0.0,-5.8985795974731445,-12.482832908630371,0.7698795795440674,0.7759288549423218,0.4063906967639923,0.14954800691630138,0.14902933410190658,0.15293528783870225,-5.90812349319458,-5.7572340965271
b070_original/episode_019e2d91-6e08-7f79-a3e4-c843c73a3ef2/random_walk,141,4.7,0.0,-6.039091110229492,-17.08189582824707,0.7205725908279419,0.6870077848434448,0.29746994376182556,0.09071906659460384,0.10202980521072388,0.10258521990704696,-5.735099792480469,-5.642480850219727
b070_original/episode_019e2d91-6e08-7f79-a3e4-c843c73a3ef2/random_walk,188,6.266666666666667,0.0,-6.51963996887207,-12.991803169250488,0.6296250820159912,0.4313982129096985,0.07159119844436646,0.1131313659824246,0.1262452941802482,0.13834873795915137,-6.232324600219727,-5.903806209564209
b070_original/episode_019e2d91-6e08-7f79-a3e4-c843c73a3ef2/random_walk,235,7.833333333333333,0.0,-6.346068382263184,-16.978389739990234,0.7119990587234497,0.4943016469478607,0.10230471193790436,0.0813294064342177,0.08961732455380145,0.09621163898706742,-6.103074073791504,-5.839609622955322
b070_original/episode_019e2d91-6e08-7f79-a3e4-c843c73a3ef2/random_walk,282,9.4,0.5,-6.056616306304932,-10.528575897216797,0.7396522164344788,0.6373260021209717,0.22815649211406708,0.1693547090205231,0.17246973542872643,0.17271258622367935,-6.005004405975342,-5.9228997230529785
b070_original/episode_019e2d91-6e08-7f79-a3e4-c843c73a3ef2/random_walk,329,10.966666666666667,0.5,-5.952345371246338,-16.60930633544922,0.6604691743850708,0.4899333119392395,0.08756384253501892,0.09833989504588408,0.11375638677586869,0.11930632610154958,-5.568719863891602,-5.361065864562988
b070_original/episode_019e2d91-6e08-7f79-a3e4-c843c73a3ef2/random_walk,376,12.533333333333333,0.5,-5.509191513061523,-10.474198341369629,0.8155386447906494,0.4714004397392273,0.1276526302099228,0.20575362465740304,0.20614218164031445,0.20346416303813084,-5.496585845947266,-5.455627918243408
b070_original/episode_019e2d91-6e08-7f79-a3e4-c843c73a3ef2/random_walk,422,14.066666666666666,0.5,-6.562261581420898,-11.864578247070312,0.6902180910110474,0.41910797357559204,0.03514484688639641,0.12421456195651905,0.1666881502978471,0.1882967629535327,-5.753619194030762,-5.32105827331543
b070_original/episode_019e2d91-6e08-7f79-a3e4-c843c73a3ef2/random_walk,469,15.633333333333333,0.5,-6.201605796813965,-9.689859390258789,0.6623099446296692,0.2922828793525696,0.01798621006309986,0.17370001538445978,0.1806674226715931,0.1892182297006712,-6.090052604675293,-5.876821994781494
b070_original/episode_019e2d91-6e08-7f79-a3e4-c843c73a3ef2/random_walk,483,16.1,0.5,-6.31973123550415,-10.550324440002441,0.6397120952606201,0.26992592215538025,0.011687257327139378,0.15383493247822952,0.17520824329827372,0.182522480015165,-5.954002380371094,-5.75686502456665
b070_original/episode_019e2d91-6e08-7f79-a3e4-c843c73a3ef2/random_walk,513,17.1,0.5,-6.243175983428955,-11.989694595336914,0.6817344427108765,0.3718748986721039,0.03308597952127457,0.13814371849939652,0.19357386219079956,0.19201013069571118,-5.287577152252197,-5.230700492858887
b070_original/episode_019e2d91-6e08-7f79-a3e4-c843c73a3ef2/random_walk,516,17.2,0.5,-6.212213516235352,-12.570657730102539,0.6488269567489624,0.36222419142723083,0.042087726294994354,0.13220436342961747,0.1868287496886905,0.19578322185258792,-5.239919185638428,-5.0207743644714355
b070_original/episode_019e2d91-6e08-7f79-a3e4-c843c73a3ef2/random_walk,563,18.766666666666666,0.5,-5.814177513122559,-14.0194730758667,0.7395493984222412,0.2713417410850525,0.04958902671933174,0.1333703389481213,0.1453268732616339,0.16160183521353882,-5.5768537521362305,-5.198275089263916
b070_original/episode_019e2d91-6e08-7f79-a3e4-c843c73a3ef2/random_walk,610,20.333333333333332,0.5,-6.348525047302246,-18.361675262451172,0.6596226692199707,0.6517621874809265,0.22000710666179657,0.07057426366238351,0.0862637470177602,0.09477745039685959,-5.841136932373047,-5.516598224639893
b070_original/episode_019e2d91-6e08-7f79-a3e4-c843c73a3ef2/random_walk,657,21.9,0.5,-6.410008907318115,-12.251893997192383,0.7080237865447998,0.23866741359233856,0.0222861859947443,0.12665662573387754,0.15601632758457087,0.1720405596426688,-5.83995246887207,-5.482356071472168
b070_original/episode_019e2d91-6e08-7f79-a3e4-c843c73a3ef2/random_walk,704,23.466666666666665,0.5,-6.302527904510498,-10.063726425170898,0.6942099332809448,0.3089149594306946,0.031618766486644745,0.1619385064503731,0.19031985645077082,0.20120476598530557,-5.840520858764648,-5.596652030944824
b070_original/episode_019e2d91-6e08-7f79-a3e4-c843c73a3ef2/random_walk,751,25.033333333333335,0.5,-6.157075881958008,-14.058913230895996,0.7698925733566284,0.47928890585899353,0.08035746961832047,0.11690310128948443,0.1429879782340256,0.1434390718909822,-5.611610412597656,-5.523664951324463
b070_parked/episode_019e2d91-6e08-7f79-a3e4-c843c73a3ef2/replay_control,0,0.0,0.0,-3.5612003803253174,-4.445047855377197,0.8439351320266724,0.17348216474056244,0.013636835850775242,0.5360829387114477,,,,
b070_parked/episode_019e2d91-6e08-7f79-a3e4-c843c73a3ef2/replay_control,47,1.5666666666666667,0.0,-6.300593376159668,-21.1033878326416,0.7697464227676392,0.13294218480587006,0.005730246659368277,0.05418801159503122,0.08132893896458512,0.15155041848595346,-5.277791976928711,-3.5228700637817383
b070_parked/episode_019e2d91-6e08-7f79-a3e4-c843c73a3ef2/replay_control,94,3.1333333333333333,0.0,-5.8985795974731445,-12.482832908630371,0.7698795795440674,0.7759288549423218,0.4063906967639923,0.14954800691630138,0.14902933410190658,0.15293528783870225,-5.90812349319458,-5.7572340965271
b070_parked/episode_019e2d91-6e08-7f79-a3e4-c843c73a3ef2/replay_control,141,4.7,0.0,-6.039091110229492,-17.08189582824707,0.7205725908279419,0.6870077848434448,0.29746994376182556,0.09071906659460384,0.10202980521072388,0.10258521990704696,-5.735099792480469,-5.642480850219727
b070_parked/episode_019e2d91-6e08-7f79-a3e4-c843c73a3ef2/replay_control,188,6.266666666666667,0.0,-6.51963996887207,-12.991803169250488,0.6296250820159912,0.4313982129096985,0.07159119844436646,0.1131313659824246,0.1262452941802482,0.13834873795915137,-6.232324600219727,-5.903806209564209
b070_parked/episode_019e2d91-6e08-7f79-a3e4-c843c73a3ef2/replay_control,235,7.833333333333333,0.0,-6.346068382263184,-16.978389739990234,0.7119990587234497,0.4943016469478607,0.10230471193790436,0.0813294064342177,0.08961732455380145,0.09621163898706742,-6.103074073791504,-5.839609622955322
b070_parked/episode_019e2d91-6e08-7f79-a3e4-c843c73a3ef2/replay_control,282,9.4,0.5,-6.056616306304932,-10.528575897216797,0.7396522164344788,0.6373260021209717,0.22815649211406708,0.1693547090205231,0.17246973542872643,0.17271258622367935,-6.005004405975342,-5.9228997230529785
b070_parked/episode_019e2d91-6e08-7f79-a3e4-c843c73a3ef2/replay_control,329,10.966666666666667,0.5,-5.952345371246338,-16.60930633544922,0.6604691743850708,0.4899333119392395,0.08756384253501892,0.09833989504588408,0.11375638677586869,0.11930632610154958,-5.568719863891602,-5.361065864562988
b070_parked/episode_019e2d91-6e08-7f79-a3e4-c843c73a3ef2/replay_control,376,12.533333333333333,0.5,-5.509191513061523,-10.474198341369629,0.8155386447906494,0.4714004397392273,0.1276526302099228,0.20575362465740304,0.20614218164031445,0.20346416303813084,-5.496585845947266,-5.455627918243408
b070_parked/episode_019e2d91-6e08-7f79-a3e4-c843c73a3ef2/replay_control,422,14.066666666666666,0.5,-6.562261581420898,-11.864578247070312,0.6902180910110474,0.41910797357559204,0.03514484688639641,0.12421456195651905,0.1666881502978471,0.1882967629535327,-5.753619194030762,-5.32105827331543
b070_parked/episode_019e2d91-6e08-7f79-a3e4-c843c73a3ef2/replay_control,469,15.633333333333333,0.5,-6.201605796813965,-9.689859390258789,0.6623099446296692,0.2922828793525696,0.01798621006309986,0.17370001538445978,0.1806674226715931,0.1892182297006712,-6.090052604675293,-5.876821994781494
b070_parked/episode_019e2d91-6e08-7f79-a3e4-c843c73a3ef2/replay_control,483,16.1,0.5,-6.31973123550415,-10.550324440002441,0.6397120952606201,0.26992592215538025,0.011687257327139378,0.15383493247822952,0.17520824329827372,0.182522480015165,-5.954002380371094,-5.75686502456665
b070_parked/episode_019e2d91-6e08-7f79-a3e4-c843c73a3ef2/replay_control,513,17.1,0.5,-6.107725620269775,-9.683250427246094,0.7910776734352112,0.21844998002052307,0.024423090741038322,0.17963007462933842,0.19782959632832367,0.21517838773478462,-5.825775146484375,-5.4940104484558105
b070_parked/episode_019e2d91-6e08-7f79-a3e4-c843c73a3ef2/replay_control,516,17.2,0.5,-5.918460845947266,-9.572189331054688,0.7562880516052246,0.20642176270484924,0.018264278769493103,0.1937402885304389,0.20443673901086126,0.21397816945921158,-5.757043838500977,-5.540124416351318
b070_parked/episode_019e2d91-6e08-7f79-a3e4-c843c73a3ef2/replay_control,563,18.766666666666666,1.0,-5.938106536865234,-9.661348342895508,0.7948158979415894,0.21908636391162872,0.03622005507349968,0.19091245383236166,0.19090896648966652,0.19897957309548456,-5.936549663543701,-5.735323905944824
b070_parked/episode_019e2d91-6e08-7f79-a3e4-c843c73a3ef2/replay_control,610,20.333333333333332,1.0,-5.994550704956055,-11.461893081665039,0.8490643501281738,0.3483006954193115,0.07159119844436646,0.1588803887148486,0.1946281883819279,0.1992427165652914,-5.409423351287842,-5.259352207183838
b070_parked/episode_019e2d91-6e08-7f79-a3e4-c843c73a3ef2/replay_control,657,21.9,1.0,-3.0297436714172363,-3.303208351135254,0.950576901435852,0.18141528964042664,0.017442485317587852,0.6217775687146223,0.6396115589948824,0.6401797474791077,-2.8014731407165527,-2.7028653621673584
b070_parked/episode_019e2d91-6e08-7f79-a3e4-c843c73a3ef2/replay_control,704,23.466666666666665,1.0,-0.3853580057621002,-2.031580686569214,0.9993901252746582,0.16280122101306915,0.014063628390431404,0.85385687087792,0.8585764508744803,0.8528662443044297,-0.2105642557144165,-0.21707889437675476
b070_parked/episode_019e2d91-6e08-7f79-a3e4-c843c73a3ef2/replay_control,751,25.033333333333335,1.0,-0.5842851996421814,-2.025355339050293,0.9985777735710144,0.376453697681427,0.11757213622331619,0.843038467820442,0.843592920372402,0.8383333464525167,-0.49338498711586,-0.48456254601478577
b070_parked/episode_019e2d91-6e08-7f79-a3e4-c843c73a3ef2/replay_control,811,27.033333333333335,1.0,-0.33241525292396545,-2.2443599700927734,0.9994575381278992,0.4493827819824219,0.09009299427270889,0.8537488806673977,0.853434160550731,0.8480511436274804,-0.25415095686912537,-0.2516717314720154
b070_parked/episode_019e2d91-6e08-7f79-a3e4-c843c73a3ef2/replay_control,871,29.033333333333335,1.0,-0.2448998987674713,-2.3552281856536865,0.9996193647384644,0.5075244903564453,0.13028541207313538,0.8568566221789139,0.8578873846444384,0.8535667854869143,-0.1394856572151184,-0.11887973546981812
b070_parked/episode_019e2d91-6e08-7f79-a3e4-c843c73a3ef2/replay_control,931,31.033333333333335,1.0,-0.16986510157585144,-2.2909390926361084,0.9995965361595154,0.4863153100013733,0.07807816565036774,0.8615846012411956,0.8610164434152483,0.8557309261228013,-0.09470783174037933,-0.09415111690759659
b070_parked/episode_019e2d91-6e08-7f79-a3e4-c843c73a3ef2/replay_control,991,33.03333333333333,1.0,-0.25642773509025574,-2.274561643600464,0.9996691942214966,0.4085806608200073,0.07585817575454712,0.8573431176902916,0.856523104583969,0.8531819626941611,-0.18704754114151,-0.14736808836460114
b070_parked/episode_019e2d91-6e08-7f79-a3e4-c843c73a3ef2/replay_control,1051,35.03333333333333,1.0,-0.214089497923851,-2.108483076095581,0.9997784495353699,0.5072340965270996,0.09534945338964462,0.8617326972634982,0.8613715898200152,0.8562099686591971,-0.13530544936656952,-0.13270950317382812
b070_parked/episode_019e2d91-6e08-7f79-a3e4-c843c73a3ef2/hold,0,0.0,0.0,-3.5612003803253174,-4.445047855377197,0.8439351320266724,0.17348216474056244,0.013636835850775242,0.5360829387114477,,,,
b070_parked/episode_019e2d91-6e08-7f79-a3e4-c843c73a3ef2/hold,47,1.5666666666666667,0.0,-6.300593376159668,-21.1033878326416,0.7697464227676392,0.13294218480587006,0.005730246659368277,0.05418801159503122,0.08132893896458512,0.15155041848595346,-5.277791976928711,-3.5228700637817383
b070_parked/episode_019e2d91-6e08-7f79-a3e4-c843c73a3ef2/hold,94,3.1333333333333333,0.0,-5.8985795974731445,-12.482832908630371,0.7698795795440674,0.7759288549423218,0.4063906967639923,0.14954800691630138,0.14902933410190658,0.15293528783870225,-5.90812349319458,-5.7572340965271
b070_parked/episode_019e2d91-6e08-7f79-a3e4-c843c73a3ef2/hold,141,4.7,0.0,-6.039091110229492,-17.08189582824707,0.7205725908279419,0.6870077848434448,0.29746994376182556,0.09071906659460384,0.10202980521072388,0.10258521990704696,-5.735099792480469,-5.642480850219727
b070_parked/episode_019e2d91-6e08-7f79-a3e4-c843c73a3ef2/hold,188,6.266666666666667,0.0,-6.51963996887207,-12.991803169250488,0.6296250820159912,0.4313982129096985,0.07159119844436646,0.1131313659824246,0.1262452941802482,0.13834873795915137,-6.232324600219727,-5.903806209564209
b070_parked/episode_019e2d91-6e08-7f79-a3e4-c843c73a3ef2/hold,235,7.833333333333333,0.0,-6.346068382263184,-16.978389739990234,0.7119990587234497,0.4943016469478607,0.10230471193790436,0.0813294064342177,0.08961732455380145,0.09621163898706742,-6.103074073791504,-5.839609622955322
b070_parked/episode_019e2d91-6e08-7f79-a3e4-c843c73a3ef2/hold,282,9.4,0.5,-6.056616306304932,-10.528575897216797,0.7396522164344788,0.6373260021209717,0.22815649211406708,0.1693547090205231,0.17246973542872643,0.17271258622367935,-6.005004405975342,-5.9228997230529785
b070_parked/episode_019e2d91-6e08-7f79-a3e4-c843c73a3ef2/hold,329,10.966666666666667,0.5,-5.952345371246338,-16.60930633544922,0.6604691743850708,0.4899333119392395,0.08756384253501892,0.09833989504588408,0.11375638677586869,0.11930632610154958,-5.568719863891602,-5.361065864562988
b070_parked/episode_019e2d91-6e08-7f79-a3e4-c843c73a3ef2/hold,376,12.533333333333333,0.5,-5.509191513061523,-10.474198341369629,0.8155386447906494,0.4714004397392273,0.1276526302099228,0.20575362465740304,0.20614218164031445,0.20346416303813084,-5.496585845947266,-5.455627918243408
b070_parked/episode_019e2d91-6e08-7f79-a3e4-c843c73a3ef2/hold,422,14.066666666666666,0.5,-6.562261581420898,-11.864578247070312,0.6902180910110474,0.41910797357559204,0.03514484688639641,0.12421456195651905,0.1666881502978471,0.1882967629535327,-5.753619194030762,-5.32105827331543
b070_parked/episode_019e2d91-6e08-7f79-a3e4-c843c73a3ef2/hold,469,15.633333333333333,0.5,-6.201605796813965,-9.689859390258789,0.6623099446296692,0.2922828793525696,0.01798621006309986,0.17370001538445978,0.1806674226715931,0.1892182297006712,-6.090052604675293,-5.876821994781494
b070_parked/episode_019e2d91-6e08-7f79-a3e4-c843c73a3ef2/hold,483,16.1,0.5,-6.31973123550415,-10.550324440002441,0.6397120952606201,0.26992592215538025,0.011687257327139378,0.15383493247822952,0.17520824329827372,0.182522480015165,-5.954002380371094,-5.75686502456665
b070_parked/episode_019e2d91-6e08-7f79-a3e4-c843c73a3ef2/hold,513,17.1,0.5,-6.266178607940674,-9.54100513458252,0.6420943737030029,0.3430655598640442,0.02595735713839531,0.17210692841771852,0.17854230816871808,0.1849305852333409,-6.163214206695557,-5.983142852783203
b070_parked/episode_019e2d91-6e08-7f79-a3e4-c843c73a3ef2/hold,516,17.2,0.5,-6.267910003662109,-9.550100326538086,0.6421707272529602,0.3120183050632477,0.02517884224653244,0.17185903332119185,0.17881525508695978,0.1796104408783058,-6.1564178466796875,-6.06596040725708
b070_parked/episode_019e2d91-6e08-7f79-a3e4-c843c73a3ef2/hold,563,18.766666666666666,0.5,-6.266028881072998,-9.74073600769043,0.6396977305412292,0.25369638204574585,0.034100424498319626,0.16900241742407618,0.1750577974665248,0.179126153378578,-6.1679487228393555,-6.023836135864258
b070_parked/episode_019e2d91-6e08-7f79-a3e4-c843c73a3ef2/hold,610,20.333333333333332,0.5,-6.260293960571289,-9.8997802734375,0.6407217979431152,0.5189181566238403,0.05749328061938286,0.16689513735357706,0.17295090777150152,0.17189136027513882,-6.1612467765808105,-6.101490020751953
b070_parked/episode_019e2d91-6e08-7f79-a3e4-c843c73a3ef2/hold,657,21.9,0.5,-6.270511627197266,-9.821554183959961,0.6399645805358887,0.33060550689697266,0.013636835850775242,0.16748856811191995,0.17259569294277102,0.17154459403026104,-6.187587261199951,-6.127817153930664
b070_parked/episode_019e2d91-6e08-7f79-a3e4-c843c73a3ef2/hold,704,23.466666666666665,0.5,-6.263177871704102,-9.884431838989258,0.6396958231925964,0.35152965784072876,0.013222821988165379,0.16695927728417556,0.17367994907831555,0.17048256703110348,-6.153162002563477,-6.129213809967041
b070_parked/episode_019e2d91-6e08-7f79-a3e4-c843c73a3ef2/hold,751,25.033333333333335,0.5,-6.310327529907227,-9.833759307861328,0.6341899633407593,0.4951705038547516,0.039048291742801666,0.16494850344267312,0.17194133734054728,0.172108580046543,-6.195306301116943,-6.115157604217529
b070_parked/episode_019e2d91-6e08-7f79-a3e4-c843c73a3ef2/hold,811,27.033333333333335,0.5,-1.7762844562530518,-3.2215347290039062,0.9668351411819458,0.18576180934906006,0.007815888151526451,0.7389958805574174,0.7485387571222674,0.7402196568309853,-1.5936360359191895,-1.6001472473144531
b070_parked/episode_019e2d91-6e08-7f79-a3e4-c843c73a3ef2/hold,871,29.033333333333335,0.5,-1.4026086330413818,-2.9680209159851074,0.973149836063385,0.18139851093292236,0.004905405919998884,0.7734826827506907,0.775128849110669,0.7684828422229371,-1.3112576007843018,-1.302245855331421
b070_parked/episode_019e2d91-6e08-7f79-a3e4-c843c73a3ef2/hold,931,31.033333333333335,0.5,-1.447038173675537,-2.8911592960357666,0.9749010801315308,0.20563998818397522,0.011687257327139378,0.7716410256429046,0.7721111245442339,0.7662951422254795,-1.372289776802063,-1.3516490459442139
b070_parked/episode_019e2d91-6e08-7f79-a3e4-c843c73a3ef2/hold,991,33.03333333333333,0.5,-1.4052062034606934,-3.060622453689575,0.9729082584381104,0.3973916172981262,0.06754669547080994,0.7714945451662731,0.7743954048458986,0.7671987235570802,-1.2970589399337769,-1.2951632738113403
b070_parked/episode_019e2d91-6e08-7f79-a3e4-c843c73a3ef2/hold,1051,35.03333333333333,0.5,-1.3924921751022339,-3.090953826904297,0.9730811715126038,0.31768932938575745,0.028870904818177223,0.7718611425109588,0.775049054563542,0.7665775236536243,-1.280234456062317,-1.2955055236816406
b070_parked/episode_019e2d91-6e08-7f79-a3e4-c843c73a3ef2/random_walk,0,0.0,0.0,-3.5612003803253174,-4.445047855377197,0.8439351320266724,0.17348216474056244,0.013636835850775242,0.5360829387114477,,,,
b070_parked/episode_019e2d91-6e08-7f79-a3e4-c843c73a3ef2/random_walk,47,1.5666666666666667,0.0,-6.300593376159668,-21.1033878326416,0.7697464227676392,0.13294218480587006,0.005730246659368277,0.05418801159503122,0.08132893896458512,0.15155041848595346,-5.277791976928711,-3.5228700637817383
b070_parked/episode_019e2d91-6e08-7f79-a3e4-c843c73a3ef2/random_walk,94,3.1333333333333333,0.0,-5.8985795974731445,-12.482832908630371,0.7698795795440674,0.7759288549423218,0.4063906967639923,0.14954800691630138,0.14902933410190658,0.15293528783870225,-5.90812349319458,-5.7572340965271
b070_parked/episode_019e2d91-6e08-7f79-a3e4-c843c73a3ef2/random_walk,141,4.7,0.0,-6.039091110229492,-17.08189582824707,0.7205725908279419,0.6870077848434448,0.29746994376182556,0.09071906659460384,0.10202980521072388,0.10258521990704696,-5.735099792480469,-5.642480850219727
b070_parked/episode_019e2d91-6e08-7f79-a3e4-c843c73a3ef2/random_walk,188,6.266666666666667,0.0,-6.51963996887207,-12.991803169250488,0.6296250820159912,0.4313982129096985,0.07159119844436646,0.1131313659824246,0.1262452941802482,0.13834873795915137,-6.232324600219727,-5.903806209564209
b070_parked/episode_019e2d91-6e08-7f79-a3e4-c843c73a3ef2/random_walk,235,7.833333333333333,0.0,-6.346068382263184,-16.978389739990234,0.7119990587234497,0.4943016469478607,0.10230471193790436,0.0813294064342177,0.08961732455380145,0.09621163898706742,-6.103074073791504,-5.839609622955322
b070_parked/episode_019e2d91-6e08-7f79-a3e4-c843c73a3ef2/random_walk,282,9.4,0.5,-6.056616306304932,-10.528575897216797,0.7396522164344788,0.6373260021209717,0.22815649211406708,0.1693547090205231,0.17246973542872643,0.17271258622367935,-6.005004405975342,-5.9228997230529785
b070_parked/episode_019e2d91-6e08-7f79-a3e4-c843c73a3ef2/random_walk,329,10.966666666666667,0.5,-5.952345371246338,-16.60930633544922,0.6604691743850708,0.4899333119392395,0.08756384253501892,0.09833989504588408,0.11375638677586869,0.11930632610154958,-5.568719863891602,-5.361065864562988
b070_parked/episode_019e2d91-6e08-7f79-a3e4-c843c73a3ef2/random_walk,376,12.533333333333333,0.5,-5.509191513061523,-10.474198341369629,0.8155386447906494,0.4714004397392273,0.1276526302099228,0.20575362465740304,0.20614218164031445,0.20346416303813084,-5.496585845947266,-5.455627918243408
b070_parked/episode_019e2d91-6e08-7f79-a3e4-c843c73a3ef2/random_walk,422,14.066666666666666,0.5,-6.562261581420898,-11.864578247070312,0.6902180910110474,0.41910797357559204,0.03514484688639641,0.12421456195651905,0.1666881502978471,0.1882967629535327,-5.753619194030762,-5.32105827331543
b070_parked/episode_019e2d91-6e08-7f79-a3e4-c843c73a3ef2/random_walk,469,15.633333333333333,0.5,-6.201605796813965,-9.689859390258789,0.6623099446296692,0.2922828793525696,0.01798621006309986,0.17370001538445978,0.1806674226715931,0.1892182297006712,-6.090052604675293,-5.876821994781494
b070_parked/episode_019e2d91-6e08-7f79-a3e4-c843c73a3ef2/random_walk,483,16.1,0.5,-6.31973123550415,-10.550324440002441,0.6397120952606201,0.26992592215538025,0.011687257327139378,0.15383493247822952,0.17520824329827372,0.182522480015165,-5.954002380371094,-5.75686502456665
b070_parked/episode_019e2d91-6e08-7f79-a3e4-c843c73a3ef2/random_walk,513,17.1,0.5,-6.243175983428955,-11.989694595336914,0.6817344427108765,0.3718748986721039,0.03308597952127457,0.13814371849939652,0.19357386219079956,0.19201013069571118,-5.287577152252197,-5.230700492858887
b070_parked/episode_019e2d91-6e08-7f79-a3e4-c843c73a3ef2/random_walk,516,17.2,0.5,-6.212213516235352,-12.570657730102539,0.6488269567489624,0.36222419142723083,0.042087726294994354,0.13220436342961747,0.1868287496886905,0.19578322185258792,-5.239919185638428,-5.0207743644714355
b070_parked/episode_019e2d91-6e08-7f79-a3e4-c843c73a3ef2/random_walk,563,18.766666666666666,0.5,-5.814177513122559,-14.0194730758667,0.7395493984222412,0.2713417410850525,0.04958902671933174,0.1333703389481213,0.1453268732616339,0.16160183521353882,-5.5768537521362305,-5.198275089263916
b070_parked/episode_019e2d91-6e08-7f79-a3e4-c843c73a3ef2/random_walk,610,20.333333333333332,0.5,-6.348525047302246,-18.361675262451172,0.6596226692199707,0.6517621874809265,0.22000710666179657,0.07057426366238351,0.0862637470177602,0.09477745039685959,-5.841136932373047,-5.516598224639893
b070_parked/episode_019e2d91-6e08-7f79-a3e4-c843c73a3ef2/random_walk,657,21.9,0.5,-6.410008907318115,-12.251893997192383,0.7080237865447998,0.23866741359233856,0.0222861859947443,0.12665662573387754,0.15601632758457087,0.1720405596426688,-5.83995246887207,-5.482356071472168
b070_parked/episode_019e2d91-6e08-7f79-a3e4-c843c73a3ef2/random_walk,704,23.466666666666665,0.5,-6.302527904510498,-10.063726425170898,0.6942099332809448,0.3089149594306946,0.031618766486644745,0.1619385064503731,0.19031985645077082,0.20120476598530557,-5.840520858764648,-5.596652030944824
b070_parked/episode_019e2d91-6e08-7f79-a3e4-c843c73a3ef2/random_walk,751,25.033333333333335,0.5,-6.157075881958008,-14.058913230895996,0.7698925733566284,0.47928890585899353,0.08035746961832047,0.11690310128948443,0.1429879782340256,0.1434390718909822,-5.611610412597656,-5.523664951324463
b070_parked/episode_019e2d91-6e08-7f79-a3e4-c843c73a3ef2/random_walk,811,27.033333333333335,0.5,-2.216844081878662,-3.0216293334960938,0.9584823250770569,0.28429746627807617,0.03210070729255676,0.7057573729225073,0.7211621898863775,0.7204802252162162,-1.9800306558609009,-1.8918745517730713
b070_parked/episode_019e2d91-6e08-7f79-a3e4-c843c73a3ef2/random_walk,871,29.033333333333335,0.5,-1.5143719911575317,-3.279965877532959,0.9791906476020813,0.17961397767066956,0.00407013762742281,0.7587858635130038,0.759721442889875,0.7522037285344506,-1.4350080490112305,-1.433765172958374
b070_parked/episode_019e2d91-6e08-7f79-a3e4-c843c73a3ef2/random_walk,931,31.033333333333335,0.5,-1.353787899017334,-2.75223970413208,0.9785842895507812,0.21353331208229065,0.012431650422513485,0.7812019397605713,0.7833310552969419,0.7762638515856092,-1.2542885541915894,-1.2531710863113403
b070_parked/episode_019e2d91-6e08-7f79-a3e4-c843c73a3ef2/random_walk,991,33.03333333333333,0.5,-1.3218376636505127,-2.9745936393737793,0.979333758354187,0.26877886056900024,0.02595735713839531,0.7793375314003371,0.7813268779050865,0.7742771881662366,-1.2241809368133545,-1.2220954895019531
b070_parked/episode_019e2d91-6e08-7f79-a3e4-c843c73a3ef2/random_walk,1051,35.03333333333333,0.5,-1.2929296493530273,-2.858332633972168,0.9799212217330933,0.2463538646697998,0.01912403479218483,0.7836308589651712,0.786463328369098,0.7800481589947094,-1.1824803352355957,-1.1730328798294067
b090_original/episode_019e2d91-6e08-7f79-a3e4-c843c73a3ef2/replay_control,0,0.0,0.0,-3.5612003803253174,-4.445047855377197,0.8439351320266724,0.17348216474056244,0.013636835850775242,0.5360829387114477,,,,
b090_original/episode_019e2d91-6e08-7f79-a3e4-c843c73a3ef2/replay_control,47,1.5666666666666667,0.0,-6.300593376159668,-21.1033878326416,0.7697464227676392,0.13294218480587006,0.005730246659368277,0.05418801159503122,0.08132893896458512,0.15155041848595346,-5.277791976928711,-3.5228700637817383
b090_original/episode_019e2d91-6e08-7f79-a3e4-c843c73a3ef2/replay_control,94,3.1333333333333333,0.0,-5.8985795974731445,-12.482832908630371,0.7698795795440674,0.7759288549423218,0.4063906967639923,0.14954800691630138,0.14902933410190658,0.15293528783870225,-5.90812349319458,-5.7572340965271
b090_original/episode_019e2d91-6e08-7f79-a3e4-c843c73a3ef2/replay_control,141,4.7,0.0,-6.039091110229492,-17.08189582824707,0.7205725908279419,0.6870077848434448,0.29746994376182556,0.09071906659460384,0.10202980521072388,0.10258521990704696,-5.735099792480469,-5.642480850219727
b090_original/episode_019e2d91-6e08-7f79-a3e4-c843c73a3ef2/replay_control,188,6.266666666666667,0.0,-6.51963996887207,-12.991803169250488,0.6296250820159912,0.4313982129096985,0.07159119844436646,0.1131313659824246,0.1262452941802482,0.13834873795915137,-6.232324600219727,-5.903806209564209
b090_original/episode_019e2d91-6e08-7f79-a3e4-c843c73a3ef2/replay_control,235,7.833333333333333,0.0,-6.346068382263184,-16.978389739990234,0.7119990587234497,0.4943016469478607,0.10230471193790436,0.0813294064342177,0.08961732455380145,0.09621163898706742,-6.103074073791504,-5.839609622955322
b090_original/episode_019e2d91-6e08-7f79-a3e4-c843c73a3ef2/replay_control,282,9.4,0.5,-6.056616306304932,-10.528575897216797,0.7396522164344788,0.6373260021209717,0.22815649211406708,0.1693547090205231,0.17246973542872643,0.17271258622367935,-6.005004405975342,-5.9228997230529785
b090_original/episode_019e2d91-6e08-7f79-a3e4-c843c73a3ef2/replay_control,329,10.966666666666667,0.5,-5.952345371246338,-16.60930633544922,0.6604691743850708,0.4899333119392395,0.08756384253501892,0.09833989504588408,0.11375638677586869,0.11930632610154958,-5.568719863891602,-5.361065864562988
b090_original/episode_019e2d91-6e08-7f79-a3e4-c843c73a3ef2/replay_control,376,12.533333333333333,0.5,-5.509191513061523,-10.474198341369629,0.8155386447906494,0.4714004397392273,0.1276526302099228,0.20575362465740304,0.20614218164031445,0.20346416303813084,-5.496585845947266,-5.455627918243408
b090_original/episode_019e2d91-6e08-7f79-a3e4-c843c73a3ef2/replay_control,422,14.066666666666666,0.5,-6.562261581420898,-11.864578247070312,0.6902180910110474,0.41910797357559204,0.03514484688639641,0.12421456195651905,0.1666881502978471,0.1882967629535327,-5.753619194030762,-5.32105827331543
b090_original/episode_019e2d91-6e08-7f79-a3e4-c843c73a3ef2/replay_control,469,15.633333333333333,0.5,-6.201605796813965,-9.689859390258789,0.6623099446296692,0.2922828793525696,0.01798621006309986,0.17370001538445978,0.1806674226715931,0.1892182297006712,-6.090052604675293,-5.876821994781494
b090_original/episode_019e2d91-6e08-7f79-a3e4-c843c73a3ef2/replay_control,516,17.2,0.5,-5.861194610595703,-9.14166259765625,0.7462340593338013,0.20596034824848175,0.016914913430809975,0.20521423087722965,0.21375153660656163,0.22330358379312532,-5.7356085777282715,-5.522685527801514
b090_original/episode_019e2d91-6e08-7f79-a3e4-c843c73a3ef2/replay_control,563,18.766666666666666,1.0,-5.953020095825195,-9.738346099853516,0.7958534955978394,0.21383871138095856,0.03514484688639641,0.18862975460679052,0.19251410220311435,0.19824950644860476,-5.891817092895508,-5.726086139678955
b090_original/episode_019e2d91-6e08-7f79-a3e4-c843c73a3ef2/replay_control,610,20.333333333333332,1.0,-6.004469871520996,-11.611343383789062,0.8496680855751038,0.31635576486587524,0.060086652636528015,0.15613360146073352,0.192784479527953,0.19778774288297227,-5.398443222045898,-5.24199914932251
b090_original/episode_019e2d91-6e08-7f79-a3e4-c843c73a3ef2/replay_control,621,20.7,1.0,-5.734692573547363,-7.415983200073242,0.8497989177703857,0.32838279008865356,0.08756384253501892,0.24789042747145598,0.2890988334610141,0.3005245948004343,-5.229250907897949,-5.016251564025879
b090_original/episode_019e2d91-6e08-7f79-a3e4-c843c73a3ef2/replay_control,651,21.7,1.0,-4.027318954467773,-3.7088847160339355,0.9078255891799927,0.21020494401454926,0.027585282921791077,0.5067209907327347,0.549581318063379,0.5634940419974656,-3.586089611053467,-3.362192392349243
b090_original/episode_019e2d91-6e08-7f79-a3e4-c843c73a3ef2/replay_control,657,21.9,1.0,-3.023782253265381,-3.3079452514648438,0.9506224393844604,0.16662999987602234,0.014503579586744308,0.6222526880335549,0.639476080057999,0.6403500294233482,-2.8016326427459717,-2.6998589038848877
b090_original/episode_019e2d91-6e08-7f79-a3e4-c843c73a3ef2/replay_control,704,23.466666666666665,1.0,-0.3853580057621002,-2.031580686569214,0.9993971586227417,0.15343639254570007,0.011687257327139378,0.85385687087792,0.8597762808013842,0.8546832555793356,-0.1869944930076599,-0.1823394000530243
b090_original/episode_019e2d91-6e08-7f79-a3e4-c843c73a3ef2/replay_control,751,25.033333333333335,1.0,-0.5842851996421814,-2.025355339050293,0.9986265897750854,0.3845282196998596,0.13028541207313538,0.843038467820442,0.843592920372402,0.8383333464525167,-0.49338498711586,-0.48456254601478577
b090_original/episode_019e2d91-6e08-7f79-a3e4-c843c73a3ef2/hold,0,0.0,0.0,-3.5612003803253174,-4.445047855377197,0.8439351320266724,0.17348216474056244,0.013636835850775242,0.5360829387114477,,,,
b090_original/episode_019e2d91-6e08-7f79-a3e4-c843c73a3ef2/hold,47,1.5666666666666667,0.0,-6.300593376159668,-21.1033878326416,0.7697464227676392,0.13294218480587006,0.005730246659368277,0.05418801159503122,0.08132893896458512,0.15155041848595346,-5.277791976928711,-3.5228700637817383
b090_original/episode_019e2d91-6e08-7f79-a3e4-c843c73a3ef2/hold,94,3.1333333333333333,0.0,-5.8985795974731445,-12.482832908630371,0.7698795795440674,0.7759288549423218,0.4063906967639923,0.14954800691630138,0.14902933410190658,0.15293528783870225,-5.90812349319458,-5.7572340965271
b090_original/episode_019e2d91-6e08-7f79-a3e4-c843c73a3ef2/hold,141,4.7,0.0,-6.039091110229492,-17.08189582824707,0.7205725908279419,0.6870077848434448,0.29746994376182556,0.09071906659460384,0.10202980521072388,0.10258521990704696,-5.735099792480469,-5.642480850219727
b090_original/episode_019e2d91-6e08-7f79-a3e4-c843c73a3ef2/hold,188,6.266666666666667,0.0,-6.51963996887207,-12.991803169250488,0.6296250820159912,0.4313982129096985,0.07159119844436646,0.1131313659824246,0.1262452941802482,0.13834873795915137,-6.232324600219727,-5.903806209564209
b090_original/episode_019e2d91-6e08-7f79-a3e4-c843c73a3ef2/hold,235,7.833333333333333,0.0,-6.346068382263184,-16.978389739990234,0.7119990587234497,0.4943016469478607,0.10230471193790436,0.0813294064342177,0.08961732455380145,0.09621163898706742,-6.103074073791504,-5.839609622955322
b090_original/episode_019e2d91-6e08-7f79-a3e4-c843c73a3ef2/hold,282,9.4,0.5,-6.056616306304932,-10.528575897216797,0.7396522164344788,0.6373260021209717,0.22815649211406708,0.1693547090205231,0.17246973542872643,0.17271258622367935,-6.005004405975342,-5.9228997230529785
b090_original/episode_019e2d91-6e08-7f79-a3e4-c843c73a3ef2/hold,329,10.966666666666667,0.5,-5.952345371246338,-16.60930633544922,0.6604691743850708,0.4899333119392395,0.08756384253501892,0.09833989504588408,0.11375638677586869,0.11930632610154958,-5.568719863891602,-5.361065864562988
b090_original/episode_019e2d91-6e08-7f79-a3e4-c843c73a3ef2/hold,376,12.533333333333333,0.5,-5.509191513061523,-10.474198341369629,0.8155386447906494,0.4714004397392273,0.1276526302099228,0.20575362465740304,0.20614218164031445,0.20346416303813084,-5.496585845947266,-5.455627918243408
b090_original/episode_019e2d91-6e08-7f79-a3e4-c843c73a3ef2/hold,422,14.066666666666666,0.5,-6.562261581420898,-11.864578247070312,0.6902180910110474,0.41910797357559204,0.03514484688639641,0.12421456195651905,0.1666881502978471,0.1882967629535327,-5.753619194030762,-5.32105827331543
b090_original/episode_019e2d91-6e08-7f79-a3e4-c843c73a3ef2/hold,469,15.633333333333333,0.5,-6.201605796813965,-9.689859390258789,0.6623099446296692,0.2922828793525696,0.01798621006309986,0.17370001538445978,0.1806674226715931,0.1892182297006712,-6.090052604675293,-5.876821994781494
b090_original/episode_019e2d91-6e08-7f79-a3e4-c843c73a3ef2/hold,516,17.2,0.5,-5.861194610595703,-9.14166259765625,0.7462340593338013,0.20596034824848175,0.016914913430809975,0.20521423087722965,0.21375153660656163,0.22330358379312532,-5.7356085777282715,-5.522685527801514
b090_original/episode_019e2d91-6e08-7f79-a3e4-c843c73a3ef2/hold,563,18.766666666666666,1.0,-5.953020095825195,-9.738346099853516,0.7958534955978394,0.21383871138095856,0.03514484688639641,0.18862975460679052,0.19251410220311435,0.19824950644860476,-5.891817092895508,-5.726086139678955
b090_original/episode_019e2d91-6e08-7f79-a3e4-c843c73a3ef2/hold,610,20.333333333333332,1.0,-6.004469871520996,-11.611343383789062,0.8496680855751038,0.31635576486587524,0.060086652636528015,0.15613360146073352,0.192784479527953,0.19778774288297227,-5.398443222045898,-5.24199914932251
b090_original/episode_019e2d91-6e08-7f79-a3e4-c843c73a3ef2/hold,621,20.7,1.0,-5.734692573547363,-7.415983200073242,0.8497989177703857,0.32838279008865356,0.08756384253501892,0.24789042747145598,0.2890988334610141,0.3005245948004343,-5.229250907897949,-5.016251564025879
b090_original/episode_019e2d91-6e08-7f79-a3e4-c843c73a3ef2/hold,651,21.7,1.0,-5.716577053070068,-7.420189380645752,0.8495360016822815,0.3141653537750244,0.07159119844436646,0.24924713087514752,0.24682264491627187,0.2469027250895625,-5.741220474243164,-5.660552978515625
b090_original/episode_019e2d91-6e08-7f79-a3e4-c843c73a3ef2/hold,657,21.9,1.0,-5.709728240966797,-7.452328205108643,0.8483167290687561,0.25741302967071533,0.054198723286390305,0.24913108206678522,0.24808617965531615,0.24961740985738753,-5.71669864654541,-5.61740779876709
b090_original/episode_019e2d91-6e08-7f79-a3e4-c843c73a3ef2/hold,704,23.466666666666665,1.0,-5.7070231437683105,-7.406522750854492,0.8458710312843323,0.2861511707305908,0.05582314357161522,0.25029295976864385,0.2513773088687817,0.2481346286141405,-5.686913967132568,-5.648348808288574
b090_original/episode_019e2d91-6e08-7f79-a3e4-c843c73a3ef2/hold,751,25.033333333333335,1.0,-5.657232284545898,-7.368167877197266,0.8501543998718262,0.3628429174423218,0.08151976019144058,0.2551016159875681,0.25480420985193153,0.2514663233164896,-5.653844833374023,-5.615968704223633
b090_original/episode_019e2d91-6e08-7f79-a3e4-c843c73a3ef2/random_walk,0,0.0,0.0,-3.5612003803253174,-4.445047855377197,0.8439351320266724,0.17348216474056244,0.013636835850775242,0.5360829387114477,,,,
b090_original/episode_019e2d91-6e08-7f79-a3e4-c843c73a3ef2/random_walk,47,1.5666666666666667,0.0,-6.300593376159668,-21.1033878326416,0.7697464227676392,0.13294218480587006,0.005730246659368277,0.05418801159503122,0.08132893896458512,0.15155041848595346,-5.277791976928711,-3.5228700637817383
b090_original/episode_019e2d91-6e08-7f79-a3e4-c843c73a3ef2/random_walk,94,3.1333333333333333,0.0,-5.8985795974731445,-12.482832908630371,0.7698795795440674,0.7759288549423218,0.4063906967639923,0.14954800691630138,0.14902933410190658,0.15293528783870225,-5.90812349319458,-5.7572340965271
b090_original/episode_019e2d91-6e08-7f79-a3e4-c843c73a3ef2/random_walk,141,4.7,0.0,-6.039091110229492,-17.08189582824707,0.7205725908279419,0.6870077848434448,0.29746994376182556,0.09071906659460384,0.10202980521072388,0.10258521990704696,-5.735099792480469,-5.642480850219727
b090_original/episode_019e2d91-6e08-7f79-a3e4-c843c73a3ef2/random_walk,188,6.266666666666667,0.0,-6.51963996887207,-12.991803169250488,0.6296250820159912,0.4313982129096985,0.07159119844436646,0.1131313659824246,0.1262452941802482,0.13834873795915137,-6.232324600219727,-5.903806209564209
b090_original/episode_019e2d91-6e08-7f79-a3e4-c843c73a3ef2/random_walk,235,7.833333333333333,0.0,-6.346068382263184,-16.978389739990234,0.7119990587234497,0.4943016469478607,0.10230471193790436,0.0813294064342177,0.08961732455380145,0.09621163898706742,-6.103074073791504,-5.839609622955322
b090_original/episode_019e2d91-6e08-7f79-a3e4-c843c73a3ef2/random_walk,282,9.4,0.5,-6.056616306304932,-10.528575897216797,0.7396522164344788,0.6373260021209717,0.22815649211406708,0.1693547090205231,0.17246973542872643,0.17271258622367935,-6.005004405975342,-5.9228997230529785
b090_original/episode_019e2d91-6e08-7f79-a3e4-c843c73a3ef2/random_walk,329,10.966666666666667,0.5,-5.952345371246338,-16.60930633544922,0.6604691743850708,0.4899333119392395,0.08756384253501892,0.09833989504588408,0.11375638677586869,0.11930632610154958,-5.568719863891602,-5.361065864562988
b090_original/episode_019e2d91-6e08-7f79-a3e4-c843c73a3ef2/random_walk,376,12.533333333333333,0.5,-5.509191513061523,-10.474198341369629,0.8155386447906494,0.4714004397392273,0.1276526302099228,0.20575362465740304,0.20614218164031445,0.20346416303813084,-5.496585845947266,-5.455627918243408
b090_original/episode_019e2d91-6e08-7f79-a3e4-c843c73a3ef2/random_walk,422,14.066666666666666,0.5,-6.562261581420898,-11.864578247070312,0.6902180910110474,0.41910797357559204,0.03514484688639641,0.12421456195651905,0.1666881502978471,0.1882967629535327,-5.753619194030762,-5.32105827331543
b090_original/episode_019e2d91-6e08-7f79-a3e4-c843c73a3ef2/random_walk,469,15.633333333333333,0.5,-6.201605796813965,-9.689859390258789,0.6623099446296692,0.2922828793525696,0.01798621006309986,0.17370001538445978,0.1806674226715931,0.1892182297006712,-6.090052604675293,-5.876821994781494
b090_original/episode_019e2d91-6e08-7f79-a3e4-c843c73a3ef2/random_walk,516,17.2,0.5,-5.861194610595703,-9.14166259765625,0.7462340593338013,0.20596034824848175,0.016914913430809975,0.20521423087722965,0.21375153660656163,0.22330358379312532,-5.7356085777282715,-5.522685527801514
b090_original/episode_019e2d91-6e08-7f79-a3e4-c843c73a3ef2/random_walk,563,18.766666666666666,1.0,-5.953020095825195,-9.738346099853516,0.7958534955978394,0.21383871138095856,0.03514484688639641,0.18862975460679052,0.19251410220311435,0.19824950644860476,-5.891817092895508,-5.726086139678955
b090_original/episode_019e2d91-6e08-7f79-a3e4-c843c73a3ef2/random_walk,610,20.333333333333332,1.0,-6.004469871520996,-11.611343383789062,0.8496680855751038,0.31635576486587524,0.060086652636528015,0.15613360146073352,0.192784479527953,0.19778774288297227,-5.398443222045898,-5.24199914932251
b090_original/episode_019e2d91-6e08-7f79-a3e4-c843c73a3ef2/random_walk,621,20.7,1.0,-5.734692573547363,-7.415983200073242,0.8497989177703857,0.32838279008865356,0.08756384253501892,0.24789042747145598,0.2890988334610141,0.3005245948004343,-5.229250907897949,-5.016251564025879
b090_original/episode_019e2d91-6e08-7f79-a3e4-c843c73a3ef2/random_walk,651,21.7,1.0,-6.069721221923828,-9.692392349243164,0.8354928493499756,0.17183150351047516,0.015424552373588085,0.1818813806566457,0.25072039510331556,0.24910723326289066,-5.098130226135254,-5.036655426025391
b090_original/episode_019e2d91-6e08-7f79-a3e4-c843c73a3ef2/random_walk,657,21.9,1.0,-6.089361190795898,-9.299421310424805,0.82598876953125,0.15762470662593842,0.017442485317587852,0.18713636068369013,0.22732552254732802,0.2602655047999119,-5.5066728591918945,-4.999352931976318
b090_original/episode_019e2d91-6e08-7f79-a3e4-c843c73a3ef2/random_walk,704,23.466666666666665,1.0,-5.801939964294434,-7.807889938354492,0.8185712695121765,0.1709190309047699,0.018264278769493103,0.23473480727394613,0.2630100810920869,0.27178096706958643,-5.437331199645996,-5.249588966369629
b090_original/episode_019e2d91-6e08-7f79-a3e4-c843c73a3ef2/random_walk,751,25.033333333333335,1.0,-5.983062744140625,-8.242855072021484,0.8425163626670837,0.1473810076713562,0.01640303246676922,0.2129968833134939,0.2541101262117081,0.26732714920663353,-5.434065341949463,-5.189550399780273
b090_parked/episode_019e2d91-6e08-7f79-a3e4-c843c73a3ef2/replay_control,0,0.0,0.0,-3.5612003803253174,-4.445047855377197,0.8439351320266724,0.17348216474056244,0.013636835850775242,0.5360829387114477,,,,
b090_parked/episode_019e2d91-6e08-7f79-a3e4-c843c73a3ef2/replay_control,47,1.5666666666666667,0.0,-6.300593376159668,-21.1033878326416,0.7697464227676392,0.13294218480587006,0.005730246659368277,0.05418801159503122,0.08132893896458512,0.15155041848595346,-5.277791976928711,-3.5228700637817383
b090_parked/episode_019e2d91-6e08-7f79-a3e4-c843c73a3ef2/replay_control,94,3.1333333333333333,0.0,-5.8985795974731445,-12.482832908630371,0.7698795795440674,0.7759288549423218,0.4063906967639923,0.14954800691630138,0.14902933410190658,0.15293528783870225,-5.90812349319458,-5.7572340965271
b090_parked/episode_019e2d91-6e08-7f79-a3e4-c843c73a3ef2/replay_control,141,4.7,0.0,-6.039091110229492,-17.08189582824707,0.7205725908279419,0.6870077848434448,0.29746994376182556,0.09071906659460384,0.10202980521072388,0.10258521990704696,-5.735099792480469,-5.642480850219727
b090_parked/episode_019e2d91-6e08-7f79-a3e4-c843c73a3ef2/replay_control,188,6.266666666666667,0.0,-6.51963996887207,-12.991803169250488,0.6296250820159912,0.4313982129096985,0.07159119844436646,0.1131313659824246,0.1262452941802482,0.13834873795915137,-6.232324600219727,-5.903806209564209
b090_parked/episode_019e2d91-6e08-7f79-a3e4-c843c73a3ef2/replay_control,235,7.833333333333333,0.0,-6.346068382263184,-16.978389739990234,0.7119990587234497,0.4943016469478607,0.10230471193790436,0.0813294064342177,0.08961732455380145,0.09621163898706742,-6.103074073791504,-5.839609622955322
b090_parked/episode_019e2d91-6e08-7f79-a3e4-c843c73a3ef2/replay_control,282,9.4,0.5,-6.056616306304932,-10.528575897216797,0.7396522164344788,0.6373260021209717,0.22815649211406708,0.1693547090205231,0.17246973542872643,0.17271258622367935,-6.005004405975342,-5.9228997230529785
b090_parked/episode_019e2d91-6e08-7f79-a3e4-c843c73a3ef2/replay_control,329,10.966666666666667,0.5,-5.952345371246338,-16.60930633544922,0.6604691743850708,0.4899333119392395,0.08756384253501892,0.09833989504588408,0.11375638677586869,0.11930632610154958,-5.568719863891602,-5.361065864562988
b090_parked/episode_019e2d91-6e08-7f79-a3e4-c843c73a3ef2/replay_control,376,12.533333333333333,0.5,-5.509191513061523,-10.474198341369629,0.8155386447906494,0.4714004397392273,0.1276526302099228,0.20575362465740304,0.20614218164031445,0.20346416303813084,-5.496585845947266,-5.455627918243408
b090_parked/episode_019e2d91-6e08-7f79-a3e4-c843c73a3ef2/replay_control,422,14.066666666666666,0.5,-6.562261581420898,-11.864578247070312,0.6902180910110474,0.41910797357559204,0.03514484688639641,0.12421456195651905,0.1666881502978471,0.1882967629535327,-5.753619194030762,-5.32105827331543
b090_parked/episode_019e2d91-6e08-7f79-a3e4-c843c73a3ef2/replay_control,469,15.633333333333333,0.5,-6.201605796813965,-9.689859390258789,0.6623099446296692,0.2922828793525696,0.01798621006309986,0.17370001538445978,0.1806674226715931,0.1892182297006712,-6.090052604675293,-5.876821994781494
b090_parked/episode_019e2d91-6e08-7f79-a3e4-c843c73a3ef2/replay_control,516,17.2,0.5,-5.861194610595703,-9.14166259765625,0.7462340593338013,0.20596034824848175,0.016914913430809975,0.20521423087722965,0.21375153660656163,0.22330358379312532,-5.7356085777282715,-5.522685527801514
b090_parked/episode_019e2d91-6e08-7f79-a3e4-c843c73a3ef2/replay_control,563,18.766666666666666,1.0,-5.953020095825195,-9.738346099853516,0.7958534955978394,0.21383871138095856,0.03514484688639641,0.18862975460679052,0.19251410220311435,0.19824950644860476,-5.891817092895508,-5.726086139678955
b090_parked/episode_019e2d91-6e08-7f79-a3e4-c843c73a3ef2/replay_control,610,20.333333333333332,1.0,-6.004469871520996,-11.611343383789062,0.8496680855751038,0.31635576486587524,0.060086652636528015,0.15613360146073352,0.192784479527953,0.19778774288297227,-5.398443222045898,-5.24199914932251
b090_parked/episode_019e2d91-6e08-7f79-a3e4-c843c73a3ef2/replay_control,621,20.7,1.0,-5.734692573547363,-7.415983200073242,0.8497989177703857,0.32838279008865356,0.08756384253501892,0.24789042747145598,0.2890988334610141,0.3005245948004343,-5.229250907897949,-5.016251564025879
b090_parked/episode_019e2d91-6e08-7f79-a3e4-c843c73a3ef2/replay_control,651,21.7,1.0,-4.027318954467773,-3.7088847160339355,0.9078255891799927,0.21020494401454926,0.027585282921791077,0.5067209907327347,0.549581318063379,0.5634940419974656,-3.586089611053467,-3.362192392349243
b090_parked/episode_019e2d91-6e08-7f79-a3e4-c843c73a3ef2/replay_control,657,21.9,1.0,-3.023782253265381,-3.3079452514648438,0.9506224393844604,0.16662999987602234,0.014503579586744308,0.6222526880335549,0.639476080057999,0.6403500294233482,-2.8016326427459717,-2.6998589038848877
b090_parked/episode_019e2d91-6e08-7f79-a3e4-c843c73a3ef2/replay_control,704,23.466666666666665,1.0,-0.3853580057621002,-2.031580686569214,0.9993971586227417,0.15343639254570007,0.011687257327139378,0.85385687087792,0.8597762808013842,0.8546832555793356,-0.1869944930076599,-0.1823394000530243
b090_parked/episode_019e2d91-6e08-7f79-a3e4-c843c73a3ef2/replay_control,751,25.033333333333335,1.0,-0.5842851996421814,-2.025355339050293,0.9986265897750854,0.3845282196998596,0.13028541207313538,0.843038467820442,0.843592920372402,0.8383333464525167,-0.49338498711586,-0.48456254601478577
b090_parked/episode_019e2d91-6e08-7f79-a3e4-c843c73a3ef2/replay_control,811,27.033333333333335,1.0,-0.33241525292396545,-2.2443599700927734,0.9994834661483765,0.4214560389518738,0.08035746961832047,0.8537488806673977,0.853434160550731,0.8480511436274804,-0.25415095686912537,-0.2516717314720154
b090_parked/episode_019e2d91-6e08-7f79-a3e4-c843c73a3ef2/replay_control,871,29.033333333333335,1.0,-0.2604871988296509,-2.318899631500244,0.9996249675750732,0.5253860950469971,0.14608724415302277,0.8565318500244958,0.8573640000243582,0.8529473471088302,-0.15916283428668976,-0.14021199941635132
b090_parked/episode_019e2d91-6e08-7f79-a3e4-c843c73a3ef2/replay_control,931,31.033333333333335,1.0,-0.21342670917510986,-2.350632667541504,0.999518871307373,0.49324941635131836,0.07807816565036774,0.8585568412838384,0.8593404783818478,0.8548004055887564,-0.11223596334457397,-0.09644421190023422
b090_parked/episode_019e2d91-6e08-7f79-a3e4-c843c73a3ef2/replay_control,991,33.03333333333333,1.0,-0.25642773509025574,-2.274561643600464,0.9996845722198486,0.4136897325515747,0.07477004081010818,0.8573431176902916,0.8561034992957608,0.8526215156584555,-0.1951531022787094,-0.15803049504756927
b090_parked/episode_019e2d91-6e08-7f79-a3e4-c843c73a3ef2/replay_control,1051,35.03333333333333,1.0,-0.214089497923851,-2.108483076095581,0.999790370464325,0.5220216512680054,0.10087862610816956,0.8617326972634982,0.8605154728077259,0.8552398476387945,-0.15230195224285126,-0.15146499872207642
b090_parked/episode_019e2d91-6e08-7f79-a3e4-c843c73a3ef2/hold,0,0.0,0.0,-3.5612003803253174,-4.445047855377197,0.8439351320266724,0.17348216474056244,0.013636835850775242,0.5360829387114477,,,,
b090_parked/episode_019e2d91-6e08-7f79-a3e4-c843c73a3ef2/hold,47,1.5666666666666667,0.0,-6.300593376159668,-21.1033878326416,0.7697464227676392,0.13294218480587006,0.005730246659368277,0.05418801159503122,0.08132893896458512,0.15155041848595346,-5.277791976928711,-3.5228700637817383
b090_parked/episode_019e2d91-6e08-7f79-a3e4-c843c73a3ef2/hold,94,3.1333333333333333,0.0,-5.8985795974731445,-12.482832908630371,0.7698795795440674,0.7759288549423218,0.4063906967639923,0.14954800691630138,0.14902933410190658,0.15293528783870225,-5.90812349319458,-5.7572340965271
b090_parked/episode_019e2d91-6e08-7f79-a3e4-c843c73a3ef2/hold,141,4.7,0.0,-6.039091110229492,-17.08189582824707,0.7205725908279419,0.6870077848434448,0.29746994376182556,0.09071906659460384,0.10202980521072388,0.10258521990704696,-5.735099792480469,-5.642480850219727
b090_parked/episode_019e2d91-6e08-7f79-a3e4-c843c73a3ef2/hold,188,6.266666666666667,0.0,-6.51963996887207,-12.991803169250488,0.6296250820159912,0.4313982129096985,0.07159119844436646,0.1131313659824246,0.1262452941802482,0.13834873795915137,-6.232324600219727,-5.903806209564209
b090_parked/episode_019e2d91-6e08-7f79-a3e4-c843c73a3ef2/hold,235,7.833333333333333,0.0,-6.346068382263184,-16.978389739990234,0.7119990587234497,0.4943016469478607,0.10230471193790436,0.0813294064342177,0.08961732455380145,0.09621163898706742,-6.103074073791504,-5.839609622955322
b090_parked/episode_019e2d91-6e08-7f79-a3e4-c843c73a3ef2/hold,282,9.4,0.5,-6.056616306304932,-10.528575897216797,0.7396522164344788,0.6373260021209717,0.22815649211406708,0.1693547090205231,0.17246973542872643,0.17271258622367935,-6.005004405975342,-5.9228997230529785
b090_parked/episode_019e2d91-6e08-7f79-a3e4-c843c73a3ef2/hold,329,10.966666666666667,0.5,-5.952345371246338,-16.60930633544922,0.6604691743850708,0.4899333119392395,0.08756384253501892,0.09833989504588408,0.11375638677586869,0.11930632610154958,-5.568719863891602,-5.361065864562988
b090_parked/episode_019e2d91-6e08-7f79-a3e4-c843c73a3ef2/hold,376,12.533333333333333,0.5,-5.509191513061523,-10.474198341369629,0.8155386447906494,0.4714004397392273,0.1276526302099228,0.20575362465740304,0.20614218164031445,0.20346416303813084,-5.496585845947266,-5.455627918243408
b090_parked/episode_019e2d91-6e08-7f79-a3e4-c843c73a3ef2/hold,422,14.066666666666666,0.5,-6.562261581420898,-11.864578247070312,0.6902180910110474,0.41910797357559204,0.03514484688639641,0.12421456195651905,0.1666881502978471,0.1882967629535327,-5.753619194030762,-5.32105827331543
b090_parked/episode_019e2d91-6e08-7f79-a3e4-c843c73a3ef2/hold,469,15.633333333333333,0.5,-6.201605796813965,-9.689859390258789,0.6623099446296692,0.2922828793525696,0.01798621006309986,0.17370001538445978,0.1806674226715931,0.1892182297006712,-6.090052604675293,-5.876821994781494
b090_parked/episode_019e2d91-6e08-7f79-a3e4-c843c73a3ef2/hold,516,17.2,0.5,-5.861194610595703,-9.14166259765625,0.7462340593338013,0.20596034824848175,0.016914913430809975,0.20521423087722965,0.21375153660656163,0.22330358379312532,-5.7356085777282715,-5.522685527801514
b090_parked/episode_019e2d91-6e08-7f79-a3e4-c843c73a3ef2/hold,563,18.766666666666666,1.0,-5.953020095825195,-9.738346099853516,0.7958534955978394,0.21383871138095856,0.03514484688639641,0.18862975460679052,0.19251410220311435,0.19824950644860476,-5.891817092895508,-5.726086139678955
b090_parked/episode_019e2d91-6e08-7f79-a3e4-c843c73a3ef2/hold,610,20.333333333333332,1.0,-6.004469871520996,-11.611343383789062,0.8496680855751038,0.31635576486587524,0.060086652636528015,0.15613360146073352,0.192784479527953,0.19778774288297227,-5.398443222045898,-5.24199914932251
b090_parked/episode_019e2d91-6e08-7f79-a3e4-c843c73a3ef2/hold,621,20.7,1.0,-5.734692573547363,-7.415983200073242,0.8497989177703857,0.32838279008865356,0.08756384253501892,0.24789042747145598,0.2890988334610141,0.3005245948004343,-5.229250907897949,-5.016251564025879
b090_parked/episode_019e2d91-6e08-7f79-a3e4-c843c73a3ef2/hold,651,21.7,1.0,-5.716577053070068,-7.420189380645752,0.8495360016822815,0.3141653537750244,0.07159119844436646,0.24924713087514752,0.24682264491627187,0.2469027250895625,-5.741220474243164,-5.660552978515625
b090_parked/episode_019e2d91-6e08-7f79-a3e4-c843c73a3ef2/hold,657,21.9,1.0,-5.709728240966797,-7.452328205108643,0.8483167290687561,0.25741302967071533,0.054198723286390305,0.24913108206678522,0.24808617965531615,0.24961740985738753,-5.71669864654541,-5.61740779876709
b090_parked/episode_019e2d91-6e08-7f79-a3e4-c843c73a3ef2/hold,704,23.466666666666665,1.0,-5.7070231437683105,-7.406522750854492,0.8458710312843323,0.2861511707305908,0.05582314357161522,0.25029295976864385,0.2513773088687817,0.2481346286141405,-5.686913967132568,-5.648348808288574
b090_parked/episode_019e2d91-6e08-7f79-a3e4-c843c73a3ef2/hold,751,25.033333333333335,1.0,-5.657232284545898,-7.368167877197266,0.8501543998718262,0.3628429174423218,0.08151976019144058,0.2551016159875681,0.25480420985193153,0.2514663233164896,-5.653844833374023,-5.615968704223633
b090_parked/episode_019e2d91-6e08-7f79-a3e4-c843c73a3ef2/hold,811,27.033333333333335,1.0,-0.8419559597969055,-1.9396435022354126,0.9971032738685608,0.266589879989624,0.06187598779797554,0.829282251457537,0.8316882065091789,0.8224130902612001,-0.7239057421684265,-0.7769784927368164
b090_parked/episode_019e2d91-6e08-7f79-a3e4-c843c73a3ef2/hold,871,29.033333333333335,1.0,-0.6455050110816956,-2.3048667907714844,0.9992161393165588,0.42578497529029846,0.13568955659866333,0.8353594663970616,0.8343098776370387,0.8297869219243726,-0.5837131142616272,-0.55870121717453
b090_parked/episode_019e2d91-6e08-7f79-a3e4-c843c73a3ef2/hold,931,31.033333333333335,1.0,-0.3027012050151825,-2.196934938430786,0.9997348785400391,0.3319081664085388,0.05921025574207306,0.8559698381012103,0.8537430989403275,0.8483219014158271,-0.26066333055496216,-0.25908586382865906
b090_parked/episode_019e2d91-6e08-7f79-a3e4-c843c73a3ef2/hold,991,33.03333333333333,1.0,-0.16846568882465363,-2.2121641635894775,0.9998114109039307,0.5665714144706726,0.2018132209777832,0.8626873149311319,0.8624732029384858,0.8585135103227615,-0.08622269332408905,-0.06056787446141243
b090_parked/episode_019e2d91-6e08-7f79-a3e4-c843c73a3ef2/hold,1051,35.03333333333333,1.0,-0.19906747341156006,-2.3905653953552246,0.9997673630714417,0.6817336082458496,0.28537195920944214,0.8587661173369736,0.8607271585576448,0.8554594491605232,-0.07442530989646912,-0.0732775330543518
b090_parked/episode_019e2d91-6e08-7f79-a3e4-c843c73a3ef2/random_walk,0,0.0,0.0,-3.5612003803253174,-4.445047855377197,0.8439351320266724,0.17348216474056244,0.013636835850775242,0.5360829387114477,,,,
b090_parked/episode_019e2d91-6e08-7f79-a3e4-c843c73a3ef2/random_walk,47,1.5666666666666667,0.0,-6.300593376159668,-21.1033878326416,0.7697464227676392,0.13294218480587006,0.005730246659368277,0.05418801159503122,0.08132893896458512,0.15155041848595346,-5.277791976928711,-3.5228700637817383
b090_parked/episode_019e2d91-6e08-7f79-a3e4-c843c73a3ef2/random_walk,94,3.1333333333333333,0.0,-5.8985795974731445,-12.482832908630371,0.7698795795440674,0.7759288549423218,0.4063906967639923,0.14954800691630138,0.14902933410190658,0.15293528783870225,-5.90812349319458,-5.7572340965271
b090_parked/episode_019e2d91-6e08-7f79-a3e4-c843c73a3ef2/random_walk,141,4.7,0.0,-6.039091110229492,-17.08189582824707,0.7205725908279419,0.6870077848434448,0.29746994376182556,0.09071906659460384,0.10202980521072388,0.10258521990704696,-5.735099792480469,-5.642480850219727
b090_parked/episode_019e2d91-6e08-7f79-a3e4-c843c73a3ef2/random_walk,188,6.266666666666667,0.0,-6.51963996887207,-12.991803169250488,0.6296250820159912,0.4313982129096985,0.07159119844436646,0.1131313659824246,0.1262452941802482,0.13834873795915137,-6.232324600219727,-5.903806209564209
b090_parked/episode_019e2d91-6e08-7f79-a3e4-c843c73a3ef2/random_walk,235,7.833333333333333,0.0,-6.346068382263184,-16.978389739990234,0.7119990587234497,0.4943016469478607,0.10230471193790436,0.0813294064342177,0.08961732455380145,0.09621163898706742,-6.103074073791504,-5.839609622955322
b090_parked/episode_019e2d91-6e08-7f79-a3e4-c843c73a3ef2/random_walk,282,9.4,0.5,-6.056616306304932,-10.528575897216797,0.7396522164344788,0.6373260021209717,0.22815649211406708,0.1693547090205231,0.17246973542872643,0.17271258622367935,-6.005004405975342,-5.9228997230529785
b090_parked/episode_019e2d91-6e08-7f79-a3e4-c843c73a3ef2/random_walk,329,10.966666666666667,0.5,-5.952345371246338,-16.60930633544922,0.6604691743850708,0.4899333119392395,0.08756384253501892,0.09833989504588408,0.11375638677586869,0.11930632610154958,-5.568719863891602,-5.361065864562988
b090_parked/episode_019e2d91-6e08-7f79-a3e4-c843c73a3ef2/random_walk,376,12.533333333333333,0.5,-5.509191513061523,-10.474198341369629,0.8155386447906494,0.4714004397392273,0.1276526302099228,0.20575362465740304,0.20614218164031445,0.20346416303813084,-5.496585845947266,-5.455627918243408
b090_parked/episode_019e2d91-6e08-7f79-a3e4-c843c73a3ef2/random_walk,422,14.066666666666666,0.5,-6.562261581420898,-11.864578247070312,0.6902180910110474,0.41910797357559204,0.03514484688639641,0.12421456195651905,0.1666881502978471,0.1882967629535327,-5.753619194030762,-5.32105827331543
b090_parked/episode_019e2d91-6e08-7f79-a3e4-c843c73a3ef2/random_walk,469,15.633333333333333,0.5,-6.201605796813965,-9.689859390258789,0.6623099446296692,0.2922828793525696,0.01798621006309986,0.17370001538445978,0.1806674226715931,0.1892182297006712,-6.090052604675293,-5.876821994781494
b090_parked/episode_019e2d91-6e08-7f79-a3e4-c843c73a3ef2/random_walk,516,17.2,0.5,-5.861194610595703,-9.14166259765625,0.7462340593338013,0.20596034824848175,0.016914913430809975,0.20521423087722965,0.21375153660656163,0.22330358379312532,-5.7356085777282715,-5.522685527801514
b090_parked/episode_019e2d91-6e08-7f79-a3e4-c843c73a3ef2/random_walk,563,18.766666666666666,1.0,-5.953020095825195,-9.738346099853516,0.7958534955978394,0.21383871138095856,0.03514484688639641,0.18862975460679052,0.19251410220311435,0.19824950644860476,-5.891817092895508,-5.726086139678955
b090_parked/episode_019e2d91-6e08-7f79-a3e4-c843c73a3ef2/random_walk,610,20.333333333333332,1.0,-6.004469871520996,-11.611343383789062,0.8496680855751038,0.31635576486587524,0.060086652636528015,0.15613360146073352,0.192784479527953,0.19778774288297227,-5.398443222045898,-5.24199914932251
b090_parked/episode_019e2d91-6e08-7f79-a3e4-c843c73a3ef2/random_walk,621,20.7,1.0,-5.734692573547363,-7.415983200073242,0.8497989177703857,0.32838279008865356,0.08756384253501892,0.24789042747145598,0.2890988334610141,0.3005245948004343,-5.229250907897949,-5.016251564025879
b090_parked/episode_019e2d91-6e08-7f79-a3e4-c843c73a3ef2/random_walk,651,21.7,1.0,-6.069721221923828,-9.692392349243164,0.8354928493499756,0.17183150351047516,0.015424552373588085,0.1818813806566457,0.25072039510331556,0.24910723326289066,-5.098130226135254,-5.036655426025391
b090_parked/episode_019e2d91-6e08-7f79-a3e4-c843c73a3ef2/random_walk,657,21.9,1.0,-6.089361190795898,-9.299421310424805,0.82598876953125,0.15762470662593842,0.017442485317587852,0.18713636068369013,0.22732552254732802,0.2602655047999119,-5.5066728591918945,-4.999352931976318
b090_parked/episode_019e2d91-6e08-7f79-a3e4-c843c73a3ef2/random_walk,704,23.466666666666665,1.0,-5.801939964294434,-7.807889938354492,0.8185712695121765,0.1709190309047699,0.018264278769493103,0.23473480727394613,0.2630100810920869,0.27178096706958643,-5.437331199645996,-5.249588966369629
b090_parked/episode_019e2d91-6e08-7f79-a3e4-c843c73a3ef2/random_walk,751,25.033333333333335,1.0,-5.983062744140625,-8.242855072021484,0.8425163626670837,0.1473810076713562,0.01640303246676922,0.2129968833134939,0.2541101262117081,0.26732714920663353,-5.434065341949463,-5.189550399780273
b090_parked/episode_019e2d91-6e08-7f79-a3e4-c843c73a3ef2/random_walk,811,27.033333333333335,1.0,-0.853884756565094,-1.9469534158706665,0.99800044298172,0.15275466442108154,0.016914913430809975,0.8284462428716998,0.83145820030144,0.8262696540559402,-0.7258995175361633,-0.7114902138710022
b090_parked/episode_019e2d91-6e08-7f79-a3e4-c843c73a3ef2/random_walk,871,29.033333333333335,1.0,-0.39151111245155334,-2.7943735122680664,0.9995817542076111,0.26401546597480774,0.052618950605392456,0.8427051763445876,0.840734383485405,0.8369860023763733,-0.34362536668777466,-0.3066048324108124
b090_parked/episode_019e2d91-6e08-7f79-a3e4-c843c73a3ef2/random_walk,931,31.033333333333335,1.0,-0.16986510157585144,-2.2909390926361084,0.9997413754463196,0.508874773979187,0.09947021305561066,0.8615846012411956,0.8617742656892429,0.8567254006641416,-0.07962165772914886,-0.0748688280582428
b090_parked/episode_019e2d91-6e08-7f79-a3e4-c843c73a3ef2/random_walk,991,33.03333333333333,1.0,-0.19906747341156006,-2.3905653953552246,0.999717116355896,0.5967310070991516,0.18713268637657166,0.8587661173369736,0.8596027686872383,0.8557894036304124,-0.09664368629455566,-0.06690218299627304
b090_parked/episode_019e2d91-6e08-7f79-a3e4-c843c73a3ef2/random_walk,1051,35.03333333333333,1.0,-0.19727976620197296,-2.1730504035949707,0.9997977018356323,0.5838644504547119,0.20055769383907318,0.8617392491162843,0.8608441768164377,0.8556356424181384,-0.1289210468530655,-0.1268986463546753
b050_original/episode_019e3c25-a92e-7824-a264-f1da48b9bd3d/replay_control,0,0.0,0.0,-2.69860577583313,-5.174149990081787,0.865858793258667,0.1529034674167633,0.0028009270317852497,0.606392524407305,,,,
b050_original/episode_019e3c25-a92e-7824-a264-f1da48b9bd3d/replay_control,55,1.8333333333333333,0.0,-6.255230903625488,-26.855945587158203,0.6518591642379761,0.566559910774231,0.07807816565036774,0.03005681741219582,0.03444690163261509,0.05351733684187619,-5.935338020324707,-4.760268211364746
b050_original/episode_019e3c25-a92e-7824-a264-f1da48b9bd3d/replay_control,111,3.7,0.0,-5.931302070617676,-12.17896842956543,0.7403402924537659,0.6618081331253052,0.18010666966438293,0.15204858576675906,0.1467181639509461,0.1460164130515187,-6.031090259552002,-5.966814041137695
b050_original/episode_019e3c25-a92e-7824-a264-f1da48b9bd3d/replay_control,166,5.533333333333333,0.0,-6.904870986938477,-18.193584442138672,0.6018334627151489,0.6631301045417786,0.2146914303302765,0.057503598863546626,0.07189206565110016,0.08491438183484568,-6.35529088973999,-5.848818302154541
b050_original/episode_019e3c25-a92e-7824-a264-f1da48b9bd3d/replay_control,222,7.4,0.0,-6.711188316345215,-13.706828117370605,0.6572645306587219,0.49270471930503845,0.0792103186249733,0.09800022662514833,0.11219090950621595,0.11239445765899786,-6.364001274108887,-6.283089637756348
b050_original/episode_019e3c25-a92e-7824-a264-f1da48b9bd3d/replay_control,277,9.233333333333333,0.0,-6.46359920501709,-17.704017639160156,0.6625562906265259,0.5123339891433716,0.09401018172502518,0.07212382257678696,0.08385167653499115,0.0826971907570046,-6.086594104766846,-6.046091079711914
b050_original/episode_019e3c25-a92e-7824-a264-f1da48b9bd3d/replay_control,333,11.1,0.5,-6.066755771636963,-9.796533584594727,0.5694888234138489,0.37820667028427124,0.09401018172502518,0.18036689227260808,0.1861322427557819,0.19204634111709862,-5.975455284118652,-5.805105209350586
b050_original/episode_019e3c25-a92e-7824-a264-f1da48b9bd3d/replay_control,388,12.933333333333334,0.5,-5.6575140953063965,-12.275474548339844,0.6961419582366943,0.614464521408081,0.14804719388484955,0.16624525491656914,0.18788119756546195,0.1948359384167484,-5.300593852996826,-5.112546443939209
b050_original/episode_019e3c25-a92e-7824-a264-f1da48b9bd3d/replay_control,413,13.766666666666667,0.5,-5.50825834274292,-16.835655212402344,0.7687121629714966,0.7478624582290649,0.26435837149620056,0.1139182741141338,0.118410968248196,0.13391173939741996,-5.4017653465271,-4.9861602783203125
b050_original/episode_019e3c25-a92e-7824-a264-f1da48b9bd3d/replay_control,443,14.766666666666667,0.5,-5.470945358276367,-16.528717041015625,0.7728531360626221,0.8839617371559143,0.6766199469566345,0.11903622322232064,0.11549190982552925,0.11508385260858281,-5.549123764038086,-5.479616165161133
b050_original/episode_019e3c25-a92e-7824-a264-f1da48b9bd3d/replay_control,444,14.8,0.5,-5.488540172576904,-14.895145416259766,0.7721342444419861,0.8754647970199585,0.6397360563278198,0.1383479791230967,0.13731956368098788,0.13781860912697524,-5.504989147186279,-5.415455341339111
b050_original/episode_019e3c25-a92e-7824-a264-f1da48b9bd3d/replay_control,499,16.633333333333333,0.5,-6.726503372192383,-16.347368240356445,0.6454604864120483,0.5375216007232666,0.04336579889059067,0.0746642058341056,0.08449180380526049,0.09419113280798747,-6.421225070953369,-6.061028480529785
b050_original/episode_019e3c25-a92e-7824-a264-f1da48b9bd3d/replay_control,554,18.466666666666665,0.5,-6.106692314147949,-10.579959869384766,0.6604923009872437,0.26289743185043335,0.009708477184176445,0.1655873161130468,0.1720969366107433,0.17415472794874623,-5.997796058654785,-5.8854169845581055
b050_original/episode_019e3c25-a92e-7824-a264-f1da48b9bd3d/replay_control,610,20.333333333333332,0.5,-6.047119617462158,-10.966108322143555,0.7313721179962158,0.304039865732193,0.031143832951784134,0.1632324096852312,0.17117318276245178,0.18316397231172485,-5.9123735427856445,-5.637614727020264
b050_original/episode_019e3c25-a92e-7824-a264-f1da48b9bd3d/replay_control,665,22.166666666666668,1.0,-5.7326884269714355,-10.110027313232422,0.7468276619911194,0.4934227168560028,0.10521054267883301,0.196879142046598,0.19263153577780723,0.18599356553537164,-5.792935848236084,-5.817172050476074
b050_original/episode_019e3c25-a92e-7824-a264-f1da48b9bd3d/replay_control,721,24.033333333333335,1.0,-5.93307638168335,-10.059810638427734,0.7608057856559753,0.4292105436325073,0.06278920918703079,0.18454456208953493,0.19009223821276697,0.1895982204899386,-5.845056056976318,-5.773927688598633
b050_original/episode_019e3c25-a92e-7824-a264-f1da48b9bd3d/replay_control,776,25.866666666666667,1.0,-4.906905651092529,-5.770349502563477,0.8279708623886108,0.6076629161834717,0.2146914303302765,0.3599770234659471,0.3700793814242669,0.3869571875291199,-4.784709453582764,-4.5294952392578125
b050_original/episode_019e3c25-a92e-7824-a264-f1da48b9bd3d/replay_control,832,27.733333333333334,1.0,-0.8056170344352722,-1.642714262008667,0.9983254075050354,0.23634198307991028,0.020023440942168236,0.8360010390502188,0.8510890769316435,0.8461683831810058,-0.45557382702827454,-0.4440981149673462
b050_original/episode_019e3c25-a92e-7824-a264-f1da48b9bd3d/replay_control,887,29.566666666666666,1.0,-0.9620010256767273,-1.5879217386245728,0.9976259469985962,0.34019023180007935,0.037892427295446396,0.8275130079261748,0.8252780544236439,0.8189458474553425,-0.923007071018219,-0.9254228472709656
b050_original/episode_019e3c25-a92e-7824-a264-f1da48b9bd3d/hold,0,0.0,0.0,-2.69860577583313,-5.174149990081787,0.865858793258667,0.1529034674167633,0.0028009270317852497,0.606392524407305,,,,
b050_original/episode_019e3c25-a92e-7824-a264-f1da48b9bd3d/hold,55,1.8333333333333333,0.0,-6.255230903625488,-26.855945587158203,0.6518591642379761,0.566559910774231,0.07807816565036774,0.03005681741219582,0.03444690163261509,0.05351733684187619,-5.935338020324707,-4.760268211364746
b050_original/episode_019e3c25-a92e-7824-a264-f1da48b9bd3d/hold,111,3.7,0.0,-5.931302070617676,-12.17896842956543,0.7403402924537659,0.6618081331253052,0.18010666966438293,0.15204858576675906,0.1467181639509461,0.1460164130515187,-6.031090259552002,-5.966814041137695
b050_original/episode_019e3c25-a92e-7824-a264-f1da48b9bd3d/hold,166,5.533333333333333,0.0,-6.904870986938477,-18.193584442138672,0.6018334627151489,0.6631301045417786,0.2146914303302765,0.057503598863546626,0.07189206565110016,0.08491438183484568,-6.35529088973999,-5.848818302154541
b050_original/episode_019e3c25-a92e-7824-a264-f1da48b9bd3d/hold,222,7.4,0.0,-6.711188316345215,-13.706828117370605,0.6572645306587219,0.49270471930503845,0.0792103186249733,0.09800022662514833,0.11219090950621595,0.11239445765899786,-6.364001274108887,-6.283089637756348
b050_original/episode_019e3c25-a92e-7824-a264-f1da48b9bd3d/hold,277,9.233333333333333,0.0,-6.46359920501709,-17.704017639160156,0.6625562906265259,0.5123339891433716,0.09401018172502518,0.07212382257678696,0.08385167653499115,0.0826971907570046,-6.086594104766846,-6.046091079711914
b050_original/episode_019e3c25-a92e-7824-a264-f1da48b9bd3d/hold,333,11.1,0.5,-6.066755771636963,-9.796533584594727,0.5694888234138489,0.37820667028427124,0.09401018172502518,0.18036689227260808,0.1861322427557819,0.19204634111709862,-5.975455284118652,-5.805105209350586
b050_original/episode_019e3c25-a92e-7824-a264-f1da48b9bd3d/hold,388,12.933333333333334,0.5,-5.6575140953063965,-12.275474548339844,0.6961419582366943,0.614464521408081,0.14804719388484955,0.16624525491656914,0.18788119756546195,0.1948359384167484,-5.300593852996826,-5.112546443939209
b050_original/episode_019e3c25-a92e-7824-a264-f1da48b9bd3d/hold,413,13.766666666666667,0.5,-5.50825834274292,-16.835655212402344,0.7687121629714966,0.7478624582290649,0.26435837149620056,0.1139182741141338,0.118410968248196,0.13391173939741996,-5.4017653465271,-4.9861602783203125
b050_original/episode_019e3c25-a92e-7824-a264-f1da48b9bd3d/hold,443,14.766666666666667,0.5,-5.527574062347412,-15.973160743713379,0.7718484401702881,0.8082581758499146,0.3656831681728363,0.12297840531989526,0.12299511125086596,0.12282496721439332,-5.524386405944824,-5.448906898498535
b050_original/episode_019e3c25-a92e-7824-a264-f1da48b9bd3d/hold,444,14.8,0.5,-5.527574062347412,-15.973160743713379,0.770637035369873,0.804848313331604,0.38029852509498596,0.12297840531989526,0.1227295252974548,0.1227415443339958,-5.530243873596191,-5.450755596160889
b050_original/episode_019e3c25-a92e-7824-a264-f1da48b9bd3d/hold,499,16.633333333333333,0.5,-5.5304741859436035,-16.913677215576172,0.7719104886054993,0.6723591089248657,0.14608724415302277,0.1121065784489021,0.1117457060443198,0.11182423604575394,-5.536988258361816,-5.456051349639893
b050_original/episode_019e3c25-a92e-7824-a264-f1da48b9bd3d/hold,554,18.466666666666665,0.5,-5.5082502365112305,-16.69722557067871,0.7735267877578735,0.6842855215072632,0.18010666966438293,0.11546752160938042,0.11453536412140958,0.11384319682551347,-5.527444362640381,-5.464654922485352
b050_original/episode_019e3c25-a92e-7824-a264-f1da48b9bd3d/hold,610,20.333333333333332,0.5,-5.512195587158203,-16.742462158203125,0.7720229029655457,0.6539415121078491,0.09401018172502518,0.11478825245690943,0.11438374206250107,0.11392993389096634,-5.51918363571167,-5.450744152069092
b050_original/episode_019e3c25-a92e-7824-a264-f1da48b9bd3d/hold,665,22.166666666666668,0.5,-5.513479232788086,-16.940593719482422,0.7707761526107788,0.6263527870178223,0.07696083933115005,0.11253361067337504,0.11170411998133607,0.11156387163315777,-5.530953407287598,-5.455258369445801
b050_original/episode_019e3c25-a92e-7824-a264-f1da48b9bd3d/hold,721,24.033333333333335,0.5,-5.513479232788086,-16.940593719482422,0.7708441019058228,0.6000728607177734,0.06754669547080994,0.11253361067337504,0.11124416286854857,0.11117351387534095,-5.541990756988525,-5.464673042297363
b050_original/episode_019e3c25-a92e-7824-a264-f1da48b9bd3d/hold,776,25.866666666666667,0.5,-5.537863731384277,-16.52277374267578,0.7723056077957153,0.631112813949585,0.08035746961832047,0.11614255881930799,0.11549344072092967,0.11530664747204256,-5.55064058303833,-5.475956916809082
b050_original/episode_019e3c25-a92e-7824-a264-f1da48b9bd3d/hold,832,27.733333333333334,0.5,-5.537863731384277,-16.52277374267578,0.7734396457672119,0.5709611177444458,0.04958902671933174,0.11614255881930799,0.1158311676808045,0.11593133475713223,-5.542792797088623,-5.461374759674072
b050_original/episode_019e3c25-a92e-7824-a264-f1da48b9bd3d/hold,887,29.566666666666666,0.5,-5.537863731384277,-16.52277374267578,0.7724349498748779,0.6225892305374146,0.07807816565036774,0.11614255881930799,0.11549344072092967,0.11530664747204256,-5.55064058303833,-5.475956916809082
b050_original/episode_019e3c25-a92e-7824-a264-f1da48b9bd3d/random_walk,0,0.0,0.0,-2.69860577583313,-5.174149990081787,0.865858793258667,0.1529034674167633,0.0028009270317852497,0.606392524407305,,,,
b050_original/episode_019e3c25-a92e-7824-a264-f1da48b9bd3d/random_walk,55,1.8333333333333333,0.0,-6.255230903625488,-26.855945587158203,0.6518591642379761,0.566559910774231,0.07807816565036774,0.03005681741219582,0.03444690163261509,0.05351733684187619,-5.935338020324707,-4.760268211364746
b050_original/episode_019e3c25-a92e-7824-a264-f1da48b9bd3d/random_walk,111,3.7,0.0,-5.931302070617676,-12.17896842956543,0.7403402924537659,0.6618081331253052,0.18010666966438293,0.15204858576675906,0.1467181639509461,0.1460164130515187,-6.031090259552002,-5.966814041137695
b050_original/episode_019e3c25-a92e-7824-a264-f1da48b9bd3d/random_walk,166,5.533333333333333,0.0,-6.904870986938477,-18.193584442138672,0.6018334627151489,0.6631301045417786,0.2146914303302765,0.057503598863546626,0.07189206565110016,0.08491438183484568,-6.35529088973999,-5.848818302154541
b050_original/episode_019e3c25-a92e-7824-a264-f1da48b9bd3d/random_walk,222,7.4,0.0,-6.711188316345215,-13.706828117370605,0.6572645306587219,0.49270471930503845,0.0792103186249733,0.09800022662514833,0.11219090950621595,0.11239445765899786,-6.364001274108887,-6.283089637756348
b050_original/episode_019e3c25-a92e-7824-a264-f1da48b9bd3d/random_walk,277,9.233333333333333,0.0,-6.46359920501709,-17.704017639160156,0.6625562906265259,0.5123339891433716,0.09401018172502518,0.07212382257678696,0.08385167653499115,0.0826971907570046,-6.086594104766846,-6.046091079711914
b050_original/episode_019e3c25-a92e-7824-a264-f1da48b9bd3d/random_walk,333,11.1,0.5,-6.066755771636963,-9.796533584594727,0.5694888234138489,0.37820667028427124,0.09401018172502518,0.18036689227260808,0.1861322427557819,0.19204634111709862,-5.975455284118652,-5.805105209350586
b050_original/episode_019e3c25-a92e-7824-a264-f1da48b9bd3d/random_walk,388,12.933333333333334,0.5,-5.6575140953063965,-12.275474548339844,0.6961419582366943,0.614464521408081,0.14804719388484955,0.16624525491656914,0.18788119756546195,0.1948359384167484,-5.300593852996826,-5.112546443939209
b050_original/episode_019e3c25-a92e-7824-a264-f1da48b9bd3d/random_walk,413,13.766666666666667,0.5,-5.50825834274292,-16.835655212402344,0.7687121629714966,0.7478624582290649,0.26435837149620056,0.1139182741141338,0.118410968248196,0.13391173939741996,-5.4017653465271,-4.9861602783203125
b050_original/episode_019e3c25-a92e-7824-a264-f1da48b9bd3d/random_walk,443,14.766666666666667,0.5,-5.633979797363281,-9.774658203125,0.7219067811965942,0.5332138538360596,0.15713684260845184,0.20968006564641822,0.2453503351189533,0.2476540793170569,-5.145075798034668,-5.03366756439209
b050_original/episode_019e3c25-a92e-7824-a264-f1da48b9bd3d/random_walk,444,14.8,0.5,-5.6571736335754395,-9.679256439208984,0.6933357119560242,0.8223224878311157,0.5365557670593262,0.2097827872360302,0.24914175875021063,0.2524075587797323,-5.121576309204102,-4.998170375823975
b050_original/episode_019e3c25-a92e-7824-a264-f1da48b9bd3d/random_walk,499,16.633333333333333,0.5,-5.132798194885254,-9.137763977050781,0.6978570818901062,0.3783557415008545,0.06853749603033066,0.260591768507993,0.32793907381333093,0.3319487917993262,-4.346352577209473,-4.217777729034424
b050_original/episode_019e3c25-a92e-7824-a264-f1da48b9bd3d/random_walk,554,18.466666666666665,0.5,-5.085841178894043,-8.468935012817383,0.7494289875030518,0.2042258381843567,0.03021458350121975,0.27905316227863475,0.3126704511697079,0.3239864001196335,-4.687771320343018,-4.4793500900268555
b050_original/episode_019e3c25-a92e-7824-a264-f1da48b9bd3d/random_walk,610,20.333333333333332,0.5,-4.826760768890381,-10.86756706237793,0.6674613952636719,0.3740618824958801,0.12421301752328873,0.24918285235409904,0.2602626244530779,0.2654818927410739,-4.671921730041504,-4.523989200592041
b050_original/episode_019e3c25-a92e-7824-a264-f1da48b9bd3d/random_walk,665,22.166666666666668,0.5,-4.884158134460449,-10.782938003540039,0.711448609828949,0.4051775634288788,0.06754669547080994,0.24635797036349671,0.2824376157271832,0.2948883127389222,-4.427347183227539,-4.197912693023682
b050_original/episode_019e3c25-a92e-7824-a264-f1da48b9bd3d/random_walk,721,24.033333333333335,0.5,-5.468337059020996,-14.186605453491211,0.7340389490127563,0.4006996750831604,0.03258974477648735,0.14901048978196868,0.1708956959532944,0.17255396052154995,-5.075805187225342,-4.966557025909424
b050_original/episode_019e3c25-a92e-7824-a264-f1da48b9bd3d/random_walk,776,25.866666666666667,0.5,-5.230227470397949,-14.649539947509766,0.773716926574707,0.25450924038887024,0.03258974477648735,0.15553498169835378,0.1572063384064627,0.16147929491719357,-5.192254066467285,-5.035255432128906
b050_original/episode_019e3c25-a92e-7824-a264-f1da48b9bd3d/random_walk,832,27.733333333333334,0.5,-5.887672424316406,-18.234683990478516,0.7252295017242432,0.5051170587539673,0.0427221953868866,0.08569786004707947,0.11783790914308497,0.12761938123740332,-5.049402713775635,-4.751543998718262
b050_original/episode_019e3c25-a92e-7824-a264-f1da48b9bd3d/random_walk,887,29.566666666666666,0.5,-5.355685710906982,-10.833721160888672,0.6393873691558838,0.6056849956512451,0.14804719388484955,0.2100116081977173,0.24340701784345706,0.24625522673875683,-4.893453121185303,-4.7739763259887695
b050_parked/episode_019e3c25-a92e-7824-a264-f1da48b9bd3d/replay_control,0,0.0,0.0,-2.69860577583313,-5.174149990081787,0.865858793258667,0.1529034674167633,0.0028009270317852497,0.606392524407305,,,,
b050_parked/episode_019e3c25-a92e-7824-a264-f1da48b9bd3d/replay_control,55,1.8333333333333333,0.0,-6.255230903625488,-26.855945587158203,0.6518591642379761,0.566559910774231,0.07807816565036774,0.03005681741219582,0.03444690163261509,0.05351733684187619,-5.935338020324707,-4.760268211364746
b050_parked/episode_019e3c25-a92e-7824-a264-f1da48b9bd3d/replay_control,111,3.7,0.0,-5.931302070617676,-12.17896842956543,0.7403402924537659,0.6618081331253052,0.18010666966438293,0.15204858576675906,0.1467181639509461,0.1460164130515187,-6.031090259552002,-5.966814041137695
b050_parked/episode_019e3c25-a92e-7824-a264-f1da48b9bd3d/replay_control,166,5.533333333333333,0.0,-6.904870986938477,-18.193584442138672,0.6018334627151489,0.6631301045417786,0.2146914303302765,0.057503598863546626,0.07189206565110016,0.08491438183484568,-6.35529088973999,-5.848818302154541
b050_parked/episode_019e3c25-a92e-7824-a264-f1da48b9bd3d/replay_control,222,7.4,0.0,-6.711188316345215,-13.706828117370605,0.6572645306587219,0.49270471930503845,0.0792103186249733,0.09800022662514833,0.11219090950621595,0.11239445765899786,-6.364001274108887,-6.283089637756348
b050_parked/episode_019e3c25-a92e-7824-a264-f1da48b9bd3d/replay_control,277,9.233333333333333,0.0,-6.46359920501709,-17.704017639160156,0.6625562906265259,0.5123339891433716,0.09401018172502518,0.07212382257678696,0.08385167653499115,0.0826971907570046,-6.086594104766846,-6.046091079711914
b050_parked/episode_019e3c25-a92e-7824-a264-f1da48b9bd3d/replay_control,333,11.1,0.5,-6.066755771636963,-9.796533584594727,0.5694888234138489,0.37820667028427124,0.09401018172502518,0.18036689227260808,0.1861322427557819,0.19204634111709862,-5.975455284118652,-5.805105209350586
b050_parked/episode_019e3c25-a92e-7824-a264-f1da48b9bd3d/replay_control,388,12.933333333333334,0.5,-5.6575140953063965,-12.275474548339844,0.6961419582366943,0.614464521408081,0.14804719388484955,0.16624525491656914,0.18788119756546195,0.1948359384167484,-5.300593852996826,-5.112546443939209
b050_parked/episode_019e3c25-a92e-7824-a264-f1da48b9bd3d/replay_control,413,13.766666666666667,0.5,-5.50825834274292,-16.835655212402344,0.7687121629714966,0.7478624582290649,0.26435837149620056,0.1139182741141338,0.118410968248196,0.13391173939741996,-5.4017653465271,-4.9861602783203125
b050_parked/episode_019e3c25-a92e-7824-a264-f1da48b9bd3d/replay_control,443,14.766666666666667,0.5,-5.470945358276367,-16.528717041015625,0.7728531360626221,0.8839617371559143,0.6766199469566345,0.11903622322232064,0.11549190982552925,0.11508385260858281,-5.549123764038086,-5.479616165161133
b050_parked/episode_019e3c25-a92e-7824-a264-f1da48b9bd3d/replay_control,444,14.8,0.5,-5.488540172576904,-14.895145416259766,0.7721342444419861,0.8754647970199585,0.6397360563278198,0.1383479791230967,0.13731956368098788,0.13781860912697524,-5.504989147186279,-5.415455341339111
b050_parked/episode_019e3c25-a92e-7824-a264-f1da48b9bd3d/replay_control,499,16.633333333333333,0.5,-6.726503372192383,-16.347368240356445,0.6454604864120483,0.5375216007232666,0.04336579889059067,0.0746642058341056,0.08449180380526049,0.09419113280798747,-6.421225070953369,-6.061028480529785
b050_parked/episode_019e3c25-a92e-7824-a264-f1da48b9bd3d/replay_control,554,18.466666666666665,0.5,-6.106692314147949,-10.579959869384766,0.6604923009872437,0.26289743185043335,0.009708477184176445,0.1655873161130468,0.1720969366107433,0.17415472794874623,-5.997796058654785,-5.8854169845581055
b050_parked/episode_019e3c25-a92e-7824-a264-f1da48b9bd3d/replay_control,610,20.333333333333332,0.5,-6.047119617462158,-10.966108322143555,0.7313721179962158,0.304039865732193,0.031143832951784134,0.1632324096852312,0.17117318276245178,0.18316397231172485,-5.9123735427856445,-5.637614727020264
b050_parked/episode_019e3c25-a92e-7824-a264-f1da48b9bd3d/replay_control,665,22.166666666666668,1.0,-5.7326884269714355,-10.110027313232422,0.7468276619911194,0.4934227168560028,0.10521054267883301,0.196879142046598,0.19263153577780723,0.18599356553537164,-5.792935848236084,-5.817172050476074
b050_parked/episode_019e3c25-a92e-7824-a264-f1da48b9bd3d/replay_control,721,24.033333333333335,1.0,-5.93307638168335,-10.059810638427734,0.7608057856559753,0.4292105436325073,0.06278920918703079,0.18454456208953493,0.19009223821276697,0.1895982204899386,-5.845056056976318,-5.773927688598633
b050_parked/episode_019e3c25-a92e-7824-a264-f1da48b9bd3d/replay_control,776,25.866666666666667,1.0,-4.906905651092529,-5.770349502563477,0.8279708623886108,0.6076629161834717,0.2146914303302765,0.3599770234659471,0.3700793814242669,0.3869571875291199,-4.784709453582764,-4.5294952392578125
b050_parked/episode_019e3c25-a92e-7824-a264-f1da48b9bd3d/replay_control,832,27.733333333333334,1.0,-0.8056170344352722,-1.642714262008667,0.9983254075050354,0.23634198307991028,0.020023440942168236,0.8360010390502188,0.8510890769316435,0.8461683831810058,-0.45557382702827454,-0.4440981149673462
b050_parked/episode_019e3c25-a92e-7824-a264-f1da48b9bd3d/replay_control,887,29.566666666666666,1.0,-0.9620010256767273,-1.5879217386245728,0.9976259469985962,0.34019023180007935,0.037892427295446396,0.8275130079261748,0.8252780544236439,0.8189458474553425,-0.923007071018219,-0.9254228472709656
b050_parked/episode_019e3c25-a92e-7824-a264-f1da48b9bd3d/replay_control,947,31.566666666666666,1.0,-0.6381882429122925,-1.8141255378723145,0.9991952776908875,0.2238241583108902,0.037326887249946594,0.843076148696575,0.8428841837882659,0.838273357998888,-0.5613033771514893,-0.5409951210021973
b050_parked/episode_019e3c25-a92e-7824-a264-f1da48b9bd3d/replay_control,1007,33.56666666666667,1.0,-0.4089639186859131,-1.9027990102767944,0.9996199011802673,0.29563450813293457,0.04885777831077576,0.8543705293302386,0.8535886562822551,0.8465351168119293,-0.3404325246810913,-0.36918267607688904
b050_parked/episode_019e3c25-a92e-7824-a264-f1da48b9bd3d/replay_control,1067,35.56666666666667,1.0,-0.3868023157119751,-1.8323270082473755,0.9995862245559692,0.3655069172382355,0.035678550601005554,0.8564998598834271,0.8560044736840262,0.8496483372157427,-0.312578409910202,-0.32997769117355347
b050_parked/episode_019e3c25-a92e-7824-a264-f1da48b9bd3d/replay_control,1127,37.56666666666667,1.0,-0.36539191007614136,-1.8395780324935913,0.9996649026870728,0.41364699602127075,0.037892427295446396,0.857521066515615,0.8551814326566258,0.8486671220925422,-0.3265171945095062,-0.3463611602783203
b050_parked/episode_019e3c25-a92e-7824-a264-f1da48b9bd3d/replay_control,1187,39.56666666666667,1.0,-0.38912153244018555,-1.936211109161377,0.9996473789215088,0.741769552230835,0.23651622235774994,0.8549644750698473,0.854526731163191,0.8485192718900131,-0.31381702423095703,-0.3237743675708771
b050_parked/episode_019e3c25-a92e-7824-a264-f1da48b9bd3d/hold,0,0.0,0.0,-2.69860577583313,-5.174149990081787,0.865858793258667,0.1529034674167633,0.0028009270317852497,0.606392524407305,,,,
b050_parked/episode_019e3c25-a92e-7824-a264-f1da48b9bd3d/hold,55,1.8333333333333333,0.0,-6.255230903625488,-26.855945587158203,0.6518591642379761,0.566559910774231,0.07807816565036774,0.03005681741219582,0.03444690163261509,0.05351733684187619,-5.935338020324707,-4.760268211364746
b050_parked/episode_019e3c25-a92e-7824-a264-f1da48b9bd3d/hold,111,3.7,0.0,-5.931302070617676,-12.17896842956543,0.7403402924537659,0.6618081331253052,0.18010666966438293,0.15204858576675906,0.1467181639509461,0.1460164130515187,-6.031090259552002,-5.966814041137695
b050_parked/episode_019e3c25-a92e-7824-a264-f1da48b9bd3d/hold,166,5.533333333333333,0.0,-6.904870986938477,-18.193584442138672,0.6018334627151489,0.6631301045417786,0.2146914303302765,0.057503598863546626,0.07189206565110016,0.08491438183484568,-6.35529088973999,-5.848818302154541
b050_parked/episode_019e3c25-a92e-7824-a264-f1da48b9bd3d/hold,222,7.4,0.0,-6.711188316345215,-13.706828117370605,0.6572645306587219,0.49270471930503845,0.0792103186249733,0.09800022662514833,0.11219090950621595,0.11239445765899786,-6.364001274108887,-6.283089637756348
b050_parked/episode_019e3c25-a92e-7824-a264-f1da48b9bd3d/hold,277,9.233333333333333,0.0,-6.46359920501709,-17.704017639160156,0.6625562906265259,0.5123339891433716,0.09401018172502518,0.07212382257678696,0.08385167653499115,0.0826971907570046,-6.086594104766846,-6.046091079711914
b050_parked/episode_019e3c25-a92e-7824-a264-f1da48b9bd3d/hold,333,11.1,0.5,-6.066755771636963,-9.796533584594727,0.5694888234138489,0.37820667028427124,0.09401018172502518,0.18036689227260808,0.1861322427557819,0.19204634111709862,-5.975455284118652,-5.805105209350586
b050_parked/episode_019e3c25-a92e-7824-a264-f1da48b9bd3d/hold,388,12.933333333333334,0.5,-5.6575140953063965,-12.275474548339844,0.6961419582366943,0.614464521408081,0.14804719388484955,0.16624525491656914,0.18788119756546195,0.1948359384167484,-5.300593852996826,-5.112546443939209
b050_parked/episode_019e3c25-a92e-7824-a264-f1da48b9bd3d/hold,413,13.766666666666667,0.5,-5.50825834274292,-16.835655212402344,0.7687121629714966,0.7478624582290649,0.26435837149620056,0.1139182741141338,0.118410968248196,0.13391173939741996,-5.4017653465271,-4.9861602783203125
b050_parked/episode_019e3c25-a92e-7824-a264-f1da48b9bd3d/hold,443,14.766666666666667,0.5,-5.527574062347412,-15.973160743713379,0.7718484401702881,0.8082581758499146,0.3656831681728363,0.12297840531989526,0.12299511125086596,0.12282496721439332,-5.524386405944824,-5.448906898498535
b050_parked/episode_019e3c25-a92e-7824-a264-f1da48b9bd3d/hold,444,14.8,0.5,-5.527574062347412,-15.973160743713379,0.770637035369873,0.804848313331604,0.38029852509498596,0.12297840531989526,0.1227295252974548,0.1227415443339958,-5.530243873596191,-5.450755596160889
b050_parked/episode_019e3c25-a92e-7824-a264-f1da48b9bd3d/hold,499,16.633333333333333,0.5,-5.5304741859436035,-16.913677215576172,0.7719104886054993,0.6723591089248657,0.14608724415302277,0.1121065784489021,0.1117457060443198,0.11182423604575394,-5.536988258361816,-5.456051349639893
b050_parked/episode_019e3c25-a92e-7824-a264-f1da48b9bd3d/hold,554,18.466666666666665,0.5,-5.5082502365112305,-16.69722557067871,0.7735267877578735,0.6842855215072632,0.18010666966438293,0.11546752160938042,0.11453536412140958,0.11384319682551347,-5.527444362640381,-5.464654922485352
b050_parked/episode_019e3c25-a92e-7824-a264-f1da48b9bd3d/hold,610,20.333333333333332,0.5,-5.512195587158203,-16.742462158203125,0.7720229029655457,0.6539415121078491,0.09401018172502518,0.11478825245690943,0.11438374206250107,0.11392993389096634,-5.51918363571167,-5.450744152069092
b050_parked/episode_019e3c25-a92e-7824-a264-f1da48b9bd3d/hold,665,22.166666666666668,0.5,-5.513479232788086,-16.940593719482422,0.7707761526107788,0.6263527870178223,0.07696083933115005,0.11253361067337504,0.11170411998133607,0.11156387163315777,-5.530953407287598,-5.455258369445801
b050_parked/episode_019e3c25-a92e-7824-a264-f1da48b9bd3d/hold,721,24.033333333333335,0.5,-5.513479232788086,-16.940593719482422,0.7708441019058228,0.6000728607177734,0.06754669547080994,0.11253361067337504,0.11124416286854857,0.11117351387534095,-5.541990756988525,-5.464673042297363
b050_parked/episode_019e3c25-a92e-7824-a264-f1da48b9bd3d/hold,776,25.866666666666667,0.5,-5.537863731384277,-16.52277374267578,0.7723056077957153,0.631112813949585,0.08035746961832047,0.11614255881930799,0.11549344072092967,0.11530664747204256,-5.55064058303833,-5.475956916809082
b050_parked/episode_019e3c25-a92e-7824-a264-f1da48b9bd3d/hold,832,27.733333333333334,0.5,-5.537863731384277,-16.52277374267578,0.7734396457672119,0.5709611177444458,0.04958902671933174,0.11614255881930799,0.1158311676808045,0.11593133475713223,-5.542792797088623,-5.461374759674072
b050_parked/episode_019e3c25-a92e-7824-a264-f1da48b9bd3d/hold,887,29.566666666666666,0.5,-5.537863731384277,-16.52277374267578,0.7724349498748779,0.6225892305374146,0.07807816565036774,0.11614255881930799,0.11549344072092967,0.11530664747204256,-5.55064058303833,-5.475956916809082
b050_parked/episode_019e3c25-a92e-7824-a264-f1da48b9bd3d/hold,947,31.566666666666666,0.5,-2.924267053604126,-2.788783073425293,0.9140793085098267,0.2936159074306488,0.01065251138061285,0.6453767731574092,0.6710581333448371,0.663611791585726,-2.604767322540283,-2.591196060180664
b050_parked/episode_019e3c25-a92e-7824-a264-f1da48b9bd3d/hold,1007,33.56666666666667,0.5,-1.332397222518921,-3.7598559856414795,0.9526047110557556,0.26045966148376465,0.001987774157896638,0.7632846280125143,0.7652553432137627,0.7588960165190503,-1.2370262145996094,-1.2214659452438354
b050_parked/episode_019e3c25-a92e-7824-a264-f1da48b9bd3d/hold,1067,35.56666666666667,0.5,-0.9044328927993774,-3.292604446411133,0.9556854367256165,0.23434779047966003,0.0015011823270469904,0.8029457254421876,0.8031067742258078,0.7952752075425015,-0.8264017105102539,-0.8418014645576477
b050_parked/episode_019e3c25-a92e-7824-a264-f1da48b9bd3d/hold,1127,37.56666666666667,0.5,-0.7876328825950623,-3.3562769889831543,0.9569680690765381,0.23008857667446136,0.0038244836032390594,0.8096306175659598,0.8105278406397767,0.8075827852741658,-0.6965930461883545,-0.6404665112495422
b050_parked/episode_019e3c25-a92e-7824-a264-f1da48b9bd3d/hold,1187,39.56666666666667,0.5,-0.8013814091682434,-3.3930602073669434,0.9574679136276245,0.2703036665916443,0.00628990214318037,0.8080973103097497,0.8089135612296208,0.8019076413969797,-0.7118875980377197,-0.7170355319976807
b050_parked/episode_019e3c25-a92e-7824-a264-f1da48b9bd3d/random_walk,0,0.0,0.0,-2.69860577583313,-5.174149990081787,0.865858793258667,0.1529034674167633,0.0028009270317852497,0.606392524407305,,,,
b050_parked/episode_019e3c25-a92e-7824-a264-f1da48b9bd3d/random_walk,55,1.8333333333333333,0.0,-6.255230903625488,-26.855945587158203,0.6518591642379761,0.566559910774231,0.07807816565036774,0.03005681741219582,0.03444690163261509,0.05351733684187619,-5.935338020324707,-4.760268211364746
b050_parked/episode_019e3c25-a92e-7824-a264-f1da48b9bd3d/random_walk,111,3.7,0.0,-5.931302070617676,-12.17896842956543,0.7403402924537659,0.6618081331253052,0.18010666966438293,0.15204858576675906,0.1467181639509461,0.1460164130515187,-6.031090259552002,-5.966814041137695
b050_parked/episode_019e3c25-a92e-7824-a264-f1da48b9bd3d/random_walk,166,5.533333333333333,0.0,-6.904870986938477,-18.193584442138672,0.6018334627151489,0.6631301045417786,0.2146914303302765,0.057503598863546626,0.07189206565110016,0.08491438183484568,-6.35529088973999,-5.848818302154541
b050_parked/episode_019e3c25-a92e-7824-a264-f1da48b9bd3d/random_walk,222,7.4,0.0,-6.711188316345215,-13.706828117370605,0.6572645306587219,0.49270471930503845,0.0792103186249733,0.09800022662514833,0.11219090950621595,0.11239445765899786,-6.364001274108887,-6.283089637756348
b050_parked/episode_019e3c25-a92e-7824-a264-f1da48b9bd3d/random_walk,277,9.233333333333333,0.0,-6.46359920501709,-17.704017639160156,0.6625562906265259,0.5123339891433716,0.09401018172502518,0.07212382257678696,0.08385167653499115,0.0826971907570046,-6.086594104766846,-6.046091079711914
b050_parked/episode_019e3c25-a92e-7824-a264-f1da48b9bd3d/random_walk,333,11.1,0.5,-6.066755771636963,-9.796533584594727,0.5694888234138489,0.37820667028427124,0.09401018172502518,0.18036689227260808,0.1861322427557819,0.19204634111709862,-5.975455284118652,-5.805105209350586
b050_parked/episode_019e3c25-a92e-7824-a264-f1da48b9bd3d/random_walk,388,12.933333333333334,0.5,-5.6575140953063965,-12.275474548339844,0.6961419582366943,0.614464521408081,0.14804719388484955,0.16624525491656914,0.18788119756546195,0.1948359384167484,-5.300593852996826,-5.112546443939209
b050_parked/episode_019e3c25-a92e-7824-a264-f1da48b9bd3d/random_walk,413,13.766666666666667,0.5,-5.50825834274292,-16.835655212402344,0.7687121629714966,0.7478624582290649,0.26435837149620056,0.1139182741141338,0.118410968248196,0.13391173939741996,-5.4017653465271,-4.9861602783203125
b050_parked/episode_019e3c25-a92e-7824-a264-f1da48b9bd3d/random_walk,443,14.766666666666667,0.5,-5.633979797363281,-9.774658203125,0.7219067811965942,0.5332138538360596,0.15713684260845184,0.20968006564641822,0.2453503351189533,0.2476540793170569,-5.145075798034668,-5.03366756439209
b050_parked/episode_019e3c25-a92e-7824-a264-f1da48b9bd3d/random_walk,444,14.8,0.5,-5.6571736335754395,-9.679256439208984,0.6933357119560242,0.8223224878311157,0.5365557670593262,0.2097827872360302,0.24914175875021063,0.2524075587797323,-5.121576309204102,-4.998170375823975
b050_parked/episode_019e3c25-a92e-7824-a264-f1da48b9bd3d/random_walk,499,16.633333333333333,0.5,-5.132798194885254,-9.137763977050781,0.6978570818901062,0.3783557415008545,0.06853749603033066,0.260591768507993,0.32793907381333093,0.3319487917993262,-4.346352577209473,-4.217777729034424
b050_parked/episode_019e3c25-a92e-7824-a264-f1da48b9bd3d/random_walk,554,18.466666666666665,0.5,-5.085841178894043,-8.468935012817383,0.7494289875030518,0.2042258381843567,0.03021458350121975,0.27905316227863475,0.3126704511697079,0.3239864001196335,-4.687771320343018,-4.4793500900268555
b050_parked/episode_019e3c25-a92e-7824-a264-f1da48b9bd3d/random_walk,610,20.333333333333332,0.5,-4.826760768890381,-10.86756706237793,0.6674613952636719,0.3740618824958801,0.12421301752328873,0.24918285235409904,0.2602626244530779,0.2654818927410739,-4.671921730041504,-4.523989200592041
b050_parked/episode_019e3c25-a92e-7824-a264-f1da48b9bd3d/random_walk,665,22.166666666666668,0.5,-4.884158134460449,-10.782938003540039,0.711448609828949,0.4051775634288788,0.06754669547080994,0.24635797036349671,0.2824376157271832,0.2948883127389222,-4.427347183227539,-4.197912693023682
b050_parked/episode_019e3c25-a92e-7824-a264-f1da48b9bd3d/random_walk,721,24.033333333333335,0.5,-5.468337059020996,-14.186605453491211,0.7340389490127563,0.4006996750831604,0.03258974477648735,0.14901048978196868,0.1708956959532944,0.17255396052154995,-5.075805187225342,-4.966557025909424
b050_parked/episode_019e3c25-a92e-7824-a264-f1da48b9bd3d/random_walk,776,25.866666666666667,0.5,-5.230227470397949,-14.649539947509766,0.773716926574707,0.25450924038887024,0.03258974477648735,0.15553498169835378,0.1572063384064627,0.16147929491719357,-5.192254066467285,-5.035255432128906
b050_parked/episode_019e3c25-a92e-7824-a264-f1da48b9bd3d/random_walk,832,27.733333333333334,0.5,-5.887672424316406,-18.234683990478516,0.7252295017242432,0.5051170587539673,0.0427221953868866,0.08569786004707947,0.11783790914308497,0.12761938123740332,-5.049402713775635,-4.751543998718262
b050_parked/episode_019e3c25-a92e-7824-a264-f1da48b9bd3d/random_walk,887,29.566666666666666,0.5,-5.355685710906982,-10.833721160888672,0.6393873691558838,0.6056849956512451,0.14804719388484955,0.2100116081977173,0.24340701784345706,0.24625522673875683,-4.893453121185303,-4.7739763259887695
b050_parked/episode_019e3c25-a92e-7824-a264-f1da48b9bd3d/random_walk,947,31.566666666666666,0.5,-2.9096426963806152,-3.3917946815490723,0.9404728412628174,0.3565013110637665,0.03210070729255676,0.6314788709792689,0.6598771781984756,0.6502147553869753,-2.566636800765991,-2.5750041007995605
b050_parked/episode_019e3c25-a92e-7824-a264-f1da48b9bd3d/random_walk,1007,33.56666666666667,0.5,-1.066192388534546,-3.004786968231201,0.9622393846511841,0.19292747974395752,0.0038244836032390594,0.7969802862702624,0.7956580225678184,0.7879930644656392,-1.0119876861572266,-1.0226390361785889
b050_parked/episode_019e3c25-a92e-7824-a264-f1da48b9bd3d/random_walk,1067,35.56666666666667,0.5,-0.7723105549812317,-3.1910388469696045,0.9633689522743225,0.20176304876804352,0.0024726230185478926,0.8134152477575312,0.8125046802047959,0.8048038603351402,-0.7090364694595337,-0.7262378931045532
b050_parked/episode_019e3c25-a92e-7824-a264-f1da48b9bd3d/random_walk,1127,37.56666666666667,0.5,-0.5784174799919128,-2.6778695583343506,0.9634034037590027,0.20689278841018677,0.014063628390431404,0.8336347589162528,0.8305117485960992,0.8213234426102627,-0.5509949326515198,-0.6012094616889954
b050_parked/episode_019e3c25-a92e-7824-a264-f1da48b9bd3d/random_walk,1187,39.56666666666667,0.5,-0.6184319257736206,-2.791909694671631,0.9633215665817261,0.2932782769203186,0.013222821988165379,0.8294840388193871,0.8267541608800326,0.8182635100171045,-0.5841030478477478,-0.6207518577575684
b070_original/episode_019e3c25-a92e-7824-a264-f1da48b9bd3d/replay_control,0,0.0,0.0,-2.69860577583313,-5.174149990081787,0.865858793258667,0.1529034674167633,0.0028009270317852497,0.606392524407305,,,,
b070_original/episode_019e3c25-a92e-7824-a264-f1da48b9bd3d/replay_control,55,1.8333333333333333,0.0,-6.255230903625488,-26.855945587158203,0.6518591642379761,0.566559910774231,0.07807816565036774,0.03005681741219582,0.03444690163261509,0.05351733684187619,-5.935338020324707,-4.760268211364746
b070_original/episode_019e3c25-a92e-7824-a264-f1da48b9bd3d/replay_control,111,3.7,0.0,-5.931302070617676,-12.17896842956543,0.7403402924537659,0.6618081331253052,0.18010666966438293,0.15204858576675906,0.1467181639509461,0.1460164130515187,-6.031090259552002,-5.966814041137695
b070_original/episode_019e3c25-a92e-7824-a264-f1da48b9bd3d/replay_control,166,5.533333333333333,0.0,-6.904870986938477,-18.193584442138672,0.6018334627151489,0.6631301045417786,0.2146914303302765,0.057503598863546626,0.07189206565110016,0.08491438183484568,-6.35529088973999,-5.848818302154541
b070_original/episode_019e3c25-a92e-7824-a264-f1da48b9bd3d/replay_control,222,7.4,0.0,-6.711188316345215,-13.706828117370605,0.6572645306587219,0.49270471930503845,0.0792103186249733,0.09800022662514833,0.11219090950621595,0.11239445765899786,-6.364001274108887,-6.283089637756348
b070_original/episode_019e3c25-a92e-7824-a264-f1da48b9bd3d/replay_control,277,9.233333333333333,0.0,-6.46359920501709,-17.704017639160156,0.6625562906265259,0.5123339891433716,0.09401018172502518,0.07212382257678696,0.08385167653499115,0.0826971907570046,-6.086594104766846,-6.046091079711914
b070_original/episode_019e3c25-a92e-7824-a264-f1da48b9bd3d/replay_control,333,11.1,0.5,-6.066755771636963,-9.796533584594727,0.5694888234138489,0.37820667028427124,0.09401018172502518,0.18036689227260808,0.1861322427557819,0.19204634111709862,-5.975455284118652,-5.805105209350586
b070_original/episode_019e3c25-a92e-7824-a264-f1da48b9bd3d/replay_control,388,12.933333333333334,0.5,-5.6575140953063965,-12.275474548339844,0.6961419582366943,0.614464521408081,0.14804719388484955,0.16624525491656914,0.18788119756546195,0.1948359384167484,-5.300593852996826,-5.112546443939209
b070_original/episode_019e3c25-a92e-7824-a264-f1da48b9bd3d/replay_control,444,14.8,0.5,-5.490495681762695,-15.145742416381836,0.7711890935897827,0.8735166192054749,0.6252092719078064,0.1349913878191817,0.13421807197768995,0.1344875916845174,-5.502358436584473,-5.417360305786133
b070_original/episode_019e3c25-a92e-7824-a264-f1da48b9bd3d/replay_control,499,16.633333333333333,0.5,-6.663196563720703,-16.572216033935547,0.6404780745506287,0.526327908039093,0.039048291742801666,0.07481812228748883,0.08349808521418367,0.09197050945219533,-6.393190860748291,-6.0648722648620605
b070_original/episode_019e3c25-a92e-7824-a264-f1da48b9bd3d/replay_control,554,18.466666666666665,0.5,-6.133085250854492,-10.772323608398438,0.6618039011955261,0.2778529226779938,0.009412589482963085,0.16115151753017865,0.16967526192950103,0.17342371572701032,-5.988173961639404,-5.847138404846191
b070_original/episode_019e3c25-a92e-7824-a264-f1da48b9bd3d/replay_control,578,19.266666666666666,0.5,-6.2871294021606445,-11.356156349182129,0.7197674512863159,0.2693500220775604,0.021948253735899925,0.14433669941094635,0.16333016643483686,0.16264331051700578,-5.944351673126221,-5.878193378448486
b070_original/episode_019e3c25-a92e-7824-a264-f1da48b9bd3d/replay_control,608,20.266666666666666,0.5,-6.08039665222168,-10.107242584228516,0.7660426497459412,0.24476493895053864,0.023330770432949066,0.1745206323655128,0.18291498686448612,0.19652141654394711,-5.9451141357421875,-5.655411720275879
b070_original/episode_019e3c25-a92e-7824-a264-f1da48b9bd3d/replay_control,610,20.333333333333332,0.5,-6.048267841339111,-10.870229721069336,0.7316260933876038,0.3139512240886688,0.03358950838446617,0.16461330450875594,0.1729921607468863,0.18417244486917894,-5.907072067260742,-5.646696090698242
b070_original/episode_019e3c25-a92e-7824-a264-f1da48b9bd3d/replay_control,665,22.166666666666668,1.0,-5.7326884269714355,-10.110027313232422,0.748258113861084,0.5115650296211243,0.11596072465181351,0.196879142046598,0.19187901244522218,0.18495925995807316,-5.804453372955322,-5.833513259887695
b070_original/episode_019e3c25-a92e-7824-a264-f1da48b9bd3d/replay_control,721,24.033333333333335,1.0,-5.946544170379639,-9.944608688354492,0.758055567741394,0.413939893245697,0.05834583938121796,0.18559278692714382,0.19148971385606703,0.19102290056873542,-5.853633880615234,-5.7820611000061035
b070_original/episode_019e3c25-a92e-7824-a264-f1da48b9bd3d/replay_control,776,25.866666666666667,1.0,-4.929106712341309,-5.98016881942749,0.8268086910247803,0.6125046014785767,0.22270013391971588,0.3525030040097828,0.3638315006805247,0.3801163834209576,-4.793829917907715,-4.543549060821533
b070_original/episode_019e3c25-a92e-7824-a264-f1da48b9bd3d/replay_control,832,27.733333333333334,1.0,-0.8371754884719849,-1.649168848991394,0.9982854127883911,0.24629268050193787,0.021287351846694946,0.8340486979152266,0.8497513457676431,0.8446883015843092,-0.4788829982280731,-0.46943986415863037
b070_original/episode_019e3c25-a92e-7824-a264-f1da48b9bd3d/replay_control,887,29.566666666666666,1.0,-0.9850027561187744,-1.64839506149292,0.9975893497467041,0.3571995496749878,0.0427221953868866,0.8251487094772414,0.8230918565566526,0.8167572256666487,-0.9430704712867737,-0.944636344909668
b070_original/episode_019e3c25-a92e-7824-a264-f1da48b9bd3d/hold,0,0.0,0.0,-2.69860577583313,-5.174149990081787,0.865858793258667,0.1529034674167633,0.0028009270317852497,0.606392524407305,,,,
b070_original/episode_019e3c25-a92e-7824-a264-f1da48b9bd3d/hold,55,1.8333333333333333,0.0,-6.255230903625488,-26.855945587158203,0.6518591642379761,0.566559910774231,0.07807816565036774,0.03005681741219582,0.03444690163261509,0.05351733684187619,-5.935338020324707,-4.760268211364746
b070_original/episode_019e3c25-a92e-7824-a264-f1da48b9bd3d/hold,111,3.7,0.0,-5.931302070617676,-12.17896842956543,0.7403402924537659,0.6618081331253052,0.18010666966438293,0.15204858576675906,0.1467181639509461,0.1460164130515187,-6.031090259552002,-5.966814041137695
b070_original/episode_019e3c25-a92e-7824-a264-f1da48b9bd3d/hold,166,5.533333333333333,0.0,-6.904870986938477,-18.193584442138672,0.6018334627151489,0.6631301045417786,0.2146914303302765,0.057503598863546626,0.07189206565110016,0.08491438183484568,-6.35529088973999,-5.848818302154541
b070_original/episode_019e3c25-a92e-7824-a264-f1da48b9bd3d/hold,222,7.4,0.0,-6.711188316345215,-13.706828117370605,0.6572645306587219,0.49270471930503845,0.0792103186249733,0.09800022662514833,0.11219090950621595,0.11239445765899786,-6.364001274108887,-6.283089637756348
b070_original/episode_019e3c25-a92e-7824-a264-f1da48b9bd3d/hold,277,9.233333333333333,0.0,-6.46359920501709,-17.704017639160156,0.6625562906265259,0.5123339891433716,0.09401018172502518,0.07212382257678696,0.08385167653499115,0.0826971907570046,-6.086594104766846,-6.046091079711914
b070_original/episode_019e3c25-a92e-7824-a264-f1da48b9bd3d/hold,333,11.1,0.5,-6.066755771636963,-9.796533584594727,0.5694888234138489,0.37820667028427124,0.09401018172502518,0.18036689227260808,0.1861322427557819,0.19204634111709862,-5.975455284118652,-5.805105209350586
b070_original/episode_019e3c25-a92e-7824-a264-f1da48b9bd3d/hold,388,12.933333333333334,0.5,-5.6575140953063965,-12.275474548339844,0.6961419582366943,0.614464521408081,0.14804719388484955,0.16624525491656914,0.18788119756546195,0.1948359384167484,-5.300593852996826,-5.112546443939209
b070_original/episode_019e3c25-a92e-7824-a264-f1da48b9bd3d/hold,444,14.8,0.5,-5.490495681762695,-15.145742416381836,0.7711890935897827,0.8735166192054749,0.6252092719078064,0.1349913878191817,0.13421807197768995,0.1344875916845174,-5.502358436584473,-5.417360305786133
b070_original/episode_019e3c25-a92e-7824-a264-f1da48b9bd3d/hold,499,16.633333333333333,0.5,-6.663196563720703,-16.572216033935547,0.6404780745506287,0.526327908039093,0.039048291742801666,0.07481812228748883,0.08349808521418367,0.09197050945219533,-6.393190860748291,-6.0648722648620605
b070_original/episode_019e3c25-a92e-7824-a264-f1da48b9bd3d/hold,554,18.466666666666665,0.5,-6.133085250854492,-10.772323608398438,0.6618039011955261,0.2778529226779938,0.009412589482963085,0.16115151753017865,0.16967526192950103,0.17342371572701032,-5.988173961639404,-5.847138404846191
b070_original/episode_019e3c25-a92e-7824-a264-f1da48b9bd3d/hold,578,19.266666666666666,0.5,-6.2871294021606445,-11.356156349182129,0.7197674512863159,0.2693500220775604,0.021948253735899925,0.14433669941094635,0.16333016643483686,0.16264331051700578,-5.944351673126221,-5.878193378448486
b070_original/episode_019e3c25-a92e-7824-a264-f1da48b9bd3d/hold,608,20.266666666666666,0.5,-6.263277530670166,-11.3192720413208,0.7032301425933838,0.15804991126060486,0.009125636890530586,0.14610411531457052,0.14717858518405547,0.1468991303271938,-6.246920108795166,-6.1753387451171875
b070_original/episode_019e3c25-a92e-7824-a264-f1da48b9bd3d/hold,610,20.333333333333332,0.5,-6.241502285003662,-11.327953338623047,0.7038421630859375,0.1915312111377716,0.010986941866576672,0.14714659670074454,0.14824780255312478,0.14642730910128252,-6.224466323852539,-6.182061195373535
b070_original/episode_019e3c25-a92e-7824-a264-f1da48b9bd3d/hold,665,22.166666666666668,0.5,-6.2472662925720215,-10.517515182495117,0.7046130895614624,0.26248812675476074,0.020964240655303,0.15838294471719885,0.15779288353043966,0.15574507092243126,-6.261066436767578,-6.221079349517822
b070_original/episode_019e3c25-a92e-7824-a264-f1da48b9bd3d/hold,721,24.033333333333335,0.5,-6.248390197753906,-9.684164047241211,0.7047058343887329,0.3263288140296936,0.02161533385515213,0.17094336881525837,0.16958281054154167,0.16771041949614696,-6.273970127105713,-6.2288103103637695
b070_original/episode_019e3c25-a92e-7824-a264-f1da48b9bd3d/hold,776,25.866666666666667,0.5,-6.284043788909912,-10.370856285095215,0.7098742723464966,0.3144720792770386,0.020964240655303,0.158446150563422,0.15620243650801155,0.1543602401626506,-6.327937126159668,-6.284757614135742
b070_original/episode_019e3c25-a92e-7824-a264-f1da48b9bd3d/hold,832,27.733333333333334,0.5,-6.278205394744873,-10.067623138427734,0.7027992010116577,0.27099013328552246,0.007577241398394108,0.16329275903495644,0.16265026687785378,0.1599710588674851,-6.29277229309082,-6.263144016265869
b070_original/episode_019e3c25-a92e-7824-a264-f1da48b9bd3d/hold,887,29.566666666666666,0.5,-6.287581443786621,-10.470170974731445,0.7020076513290405,0.3663741648197174,0.028870904818177223,0.15679269370234716,0.15608499018645489,0.15358934386681772,-6.304113864898682,-6.272846221923828
b070_original/episode_019e3c25-a92e-7824-a264-f1da48b9bd3d/random_walk,0,0.0,0.0,-2.69860577583313,-5.174149990081787,0.865858793258667,0.1529034674167633,0.0028009270317852497,0.606392524407305,,,,
b070_original/episode_019e3c25-a92e-7824-a264-f1da48b9bd3d/random_walk,55,1.8333333333333333,0.0,-6.255230903625488,-26.855945587158203,0.6518591642379761,0.566559910774231,0.07807816565036774,0.03005681741219582,0.03444690163261509,0.05351733684187619,-5.935338020324707,-4.760268211364746
b070_original/episode_019e3c25-a92e-7824-a264-f1da48b9bd3d/random_walk,111,3.7,0.0,-5.931302070617676,-12.17896842956543,0.7403402924537659,0.6618081331253052,0.18010666966438293,0.15204858576675906,0.1467181639509461,0.1460164130515187,-6.031090259552002,-5.966814041137695
b070_original/episode_019e3c25-a92e-7824-a264-f1da48b9bd3d/random_walk,166,5.533333333333333,0.0,-6.904870986938477,-18.193584442138672,0.6018334627151489,0.6631301045417786,0.2146914303302765,0.057503598863546626,0.07189206565110016,0.08491438183484568,-6.35529088973999,-5.848818302154541
b070_original/episode_019e3c25-a92e-7824-a264-f1da48b9bd3d/random_walk,222,7.4,0.0,-6.711188316345215,-13.706828117370605,0.6572645306587219,0.49270471930503845,0.0792103186249733,0.09800022662514833,0.11219090950621595,0.11239445765899786,-6.364001274108887,-6.283089637756348
b070_original/episode_019e3c25-a92e-7824-a264-f1da48b9bd3d/random_walk,277,9.233333333333333,0.0,-6.46359920501709,-17.704017639160156,0.6625562906265259,0.5123339891433716,0.09401018172502518,0.07212382257678696,0.08385167653499115,0.0826971907570046,-6.086594104766846,-6.046091079711914
b070_original/episode_019e3c25-a92e-7824-a264-f1da48b9bd3d/random_walk,333,11.1,0.5,-6.066755771636963,-9.796533584594727,0.5694888234138489,0.37820667028427124,0.09401018172502518,0.18036689227260808,0.1861322427557819,0.19204634111709862,-5.975455284118652,-5.805105209350586
b070_original/episode_019e3c25-a92e-7824-a264-f1da48b9bd3d/random_walk,388,12.933333333333334,0.5,-5.6575140953063965,-12.275474548339844,0.6961419582366943,0.614464521408081,0.14804719388484955,0.16624525491656914,0.18788119756546195,0.1948359384167484,-5.300593852996826,-5.112546443939209
b070_original/episode_019e3c25-a92e-7824-a264-f1da48b9bd3d/random_walk,444,14.8,0.5,-5.490495681762695,-15.145742416381836,0.7711890935897827,0.8735166192054749,0.6252092719078064,0.1349913878191817,0.13421807197768995,0.1344875916845174,-5.502358436584473,-5.417360305786133
b070_original/episode_019e3c25-a92e-7824-a264-f1da48b9bd3d/random_walk,499,16.633333333333333,0.5,-6.663196563720703,-16.572216033935547,0.6404780745506287,0.526327908039093,0.039048291742801666,0.07481812228748883,0.08349808521418367,0.09197050945219533,-6.393190860748291,-6.0648722648620605
b070_original/episode_019e3c25-a92e-7824-a264-f1da48b9bd3d/random_walk,554,18.466666666666665,0.5,-6.133085250854492,-10.772323608398438,0.6618039011955261,0.2778529226779938,0.009412589482963085,0.16115151753017865,0.16967526192950103,0.17342371572701032,-5.988173961639404,-5.847138404846191
b070_original/episode_019e3c25-a92e-7824-a264-f1da48b9bd3d/random_walk,578,19.266666666666666,0.5,-6.2871294021606445,-11.356156349182129,0.7197674512863159,0.2693500220775604,0.021948253735899925,0.14433669941094635,0.16333016643483686,0.16264331051700578,-5.944351673126221,-5.878193378448486
b070_original/episode_019e3c25-a92e-7824-a264-f1da48b9bd3d/random_walk,608,20.266666666666666,0.5,-5.933708190917969,-11.039494514465332,0.5832913517951965,0.16468624770641327,0.014957086183130741,0.16881018659450128,0.24330482927666355,0.2444694249904581,-4.841022491455078,-4.743051052093506
b070_original/episode_019e3c25-a92e-7824-a264-f1da48b9bd3d/random_walk,610,20.333333333333332,0.5,-6.088383674621582,-10.69776725769043,0.5993240475654602,0.22295594215393066,0.021948253735899925,0.16487387152486854,0.23802722154683,0.2523881062567999,-4.998927116394043,-4.731402397155762
b070_original/episode_019e3c25-a92e-7824-a264-f1da48b9bd3d/random_walk,665,22.166666666666668,0.5,-6.050206184387207,-12.599754333496094,0.7253763675689697,0.5139080286026001,0.10669060051441193,0.1399493948386889,0.1909567320239615,0.20220191046809827,-5.16827917098999,-4.917022705078125
b070_original/episode_019e3c25-a92e-7824-a264-f1da48b9bd3d/random_walk,721,24.033333333333335,0.5,-6.146260738372803,-11.659013748168945,0.7197507619857788,0.31726014614105225,0.044680867344141006,0.14766727813987449,0.17914504393841765,0.1949607694459078,-5.600218296051025,-5.272259712219238
b070_original/episode_019e3c25-a92e-7824-a264-f1da48b9bd3d/random_walk,776,25.866666666666667,0.5,-5.175548076629639,-12.660194396972656,0.8006880283355713,0.2003748118877411,0.012821214273571968,0.190110844294093,0.19871439023661142,0.2070057534589046,-5.034943580627441,-4.830718994140625
b070_original/episode_019e3c25-a92e-7824-a264-f1da48b9bd3d/random_walk,832,27.733333333333334,0.5,-5.6806230545043945,-11.513860702514648,0.6943490505218506,0.3074338436126709,0.024423090741038322,0.1767672893200108,0.23790158501173994,0.2568292554351546,-4.787403583526611,-4.461597919464111
b070_original/episode_019e3c25-a92e-7824-a264-f1da48b9bd3d/random_walk,887,29.566666666666666,0.5,-6.261275768280029,-9.472427368164062,0.6691167950630188,0.19298923015594482,0.02161533385515213,0.17348603302811574,0.20430967329616426,0.24923894266013524,-5.78495979309082,-5.092641353607178
b070_parked/episode_019e3c25-a92e-7824-a264-f1da48b9bd3d/replay_control,0,0.0,0.0,-2.69860577583313,-5.174149990081787,0.865858793258667,0.1529034674167633,0.0028009270317852497,0.606392524407305,,,,
b070_parked/episode_019e3c25-a92e-7824-a264-f1da48b9bd3d/replay_control,55,1.8333333333333333,0.0,-6.255230903625488,-26.855945587158203,0.6518591642379761,0.566559910774231,0.07807816565036774,0.03005681741219582,0.03444690163261509,0.05351733684187619,-5.935338020324707,-4.760268211364746
b070_parked/episode_019e3c25-a92e-7824-a264-f1da48b9bd3d/replay_control,111,3.7,0.0,-5.931302070617676,-12.17896842956543,0.7403402924537659,0.6618081331253052,0.18010666966438293,0.15204858576675906,0.1467181639509461,0.1460164130515187,-6.031090259552002,-5.966814041137695
b070_parked/episode_019e3c25-a92e-7824-a264-f1da48b9bd3d/replay_control,166,5.533333333333333,0.0,-6.904870986938477,-18.193584442138672,0.6018334627151489,0.6631301045417786,0.2146914303302765,0.057503598863546626,0.07189206565110016,0.08491438183484568,-6.35529088973999,-5.848818302154541
b070_parked/episode_019e3c25-a92e-7824-a264-f1da48b9bd3d/replay_control,222,7.4,0.0,-6.711188316345215,-13.706828117370605,0.6572645306587219,0.49270471930503845,0.0792103186249733,0.09800022662514833,0.11219090950621595,0.11239445765899786,-6.364001274108887,-6.283089637756348
b070_parked/episode_019e3c25-a92e-7824-a264-f1da48b9bd3d/replay_control,277,9.233333333333333,0.0,-6.46359920501709,-17.704017639160156,0.6625562906265259,0.5123339891433716,0.09401018172502518,0.07212382257678696,0.08385167653499115,0.0826971907570046,-6.086594104766846,-6.046091079711914
b070_parked/episode_019e3c25-a92e-7824-a264-f1da48b9bd3d/replay_control,333,11.1,0.5,-6.066755771636963,-9.796533584594727,0.5694888234138489,0.37820667028427124,0.09401018172502518,0.18036689227260808,0.1861322427557819,0.19204634111709862,-5.975455284118652,-5.805105209350586
b070_parked/episode_019e3c25-a92e-7824-a264-f1da48b9bd3d/replay_control,388,12.933333333333334,0.5,-5.6575140953063965,-12.275474548339844,0.6961419582366943,0.614464521408081,0.14804719388484955,0.16624525491656914,0.18788119756546195,0.1948359384167484,-5.300593852996826,-5.112546443939209
b070_parked/episode_019e3c25-a92e-7824-a264-f1da48b9bd3d/replay_control,444,14.8,0.5,-5.490495681762695,-15.145742416381836,0.7711890935897827,0.8735166192054749,0.6252092719078064,0.1349913878191817,0.13421807197768995,0.1344875916845174,-5.502358436584473,-5.417360305786133
b070_parked/episode_019e3c25-a92e-7824-a264-f1da48b9bd3d/replay_control,499,16.633333333333333,0.5,-6.663196563720703,-16.572216033935547,0.6404780745506287,0.526327908039093,0.039048291742801666,0.07481812228748883,0.08349808521418367,0.09197050945219533,-6.393190860748291,-6.0648722648620605
b070_parked/episode_019e3c25-a92e-7824-a264-f1da48b9bd3d/replay_control,554,18.466666666666665,0.5,-6.133085250854492,-10.772323608398438,0.6618039011955261,0.2778529226779938,0.009412589482963085,0.16115151753017865,0.16967526192950103,0.17342371572701032,-5.988173961639404,-5.847138404846191
b070_parked/episode_019e3c25-a92e-7824-a264-f1da48b9bd3d/replay_control,578,19.266666666666666,0.5,-6.2871294021606445,-11.356156349182129,0.7197674512863159,0.2693500220775604,0.021948253735899925,0.14433669941094635,0.16333016643483686,0.16264331051700578,-5.944351673126221,-5.878193378448486
b070_parked/episode_019e3c25-a92e-7824-a264-f1da48b9bd3d/replay_control,608,20.266666666666666,0.5,-6.08039665222168,-10.107242584228516,0.7660426497459412,0.24476493895053864,0.023330770432949066,0.1745206323655128,0.18291498686448612,0.19652141654394711,-5.9451141357421875,-5.655411720275879
b070_parked/episode_019e3c25-a92e-7824-a264-f1da48b9bd3d/replay_control,610,20.333333333333332,0.5,-6.048267841339111,-10.870229721069336,0.7316260933876038,0.3139512240886688,0.03358950838446617,0.16461330450875594,0.1729921607468863,0.18417244486917894,-5.907072067260742,-5.646696090698242
b070_parked/episode_019e3c25-a92e-7824-a264-f1da48b9bd3d/replay_control,665,22.166666666666668,1.0,-5.7326884269714355,-10.110027313232422,0.748258113861084,0.5115650296211243,0.11596072465181351,0.196879142046598,0.19187901244522218,0.18495925995807316,-5.804453372955322,-5.833513259887695
b070_parked/episode_019e3c25-a92e-7824-a264-f1da48b9bd3d/replay_control,721,24.033333333333335,1.0,-5.946544170379639,-9.944608688354492,0.758055567741394,0.413939893245697,0.05834583938121796,0.18559278692714382,0.19148971385606703,0.19102290056873542,-5.853633880615234,-5.7820611000061035
b070_parked/episode_019e3c25-a92e-7824-a264-f1da48b9bd3d/replay_control,776,25.866666666666667,1.0,-4.929106712341309,-5.98016881942749,0.8268086910247803,0.6125046014785767,0.22270013391971588,0.3525030040097828,0.3638315006805247,0.3801163834209576,-4.793829917907715,-4.543549060821533
b070_parked/episode_019e3c25-a92e-7824-a264-f1da48b9bd3d/replay_control,832,27.733333333333334,1.0,-0.8371754884719849,-1.649168848991394,0.9982854127883911,0.24629268050193787,0.021287351846694946,0.8340486979152266,0.8497513457676431,0.8446883015843092,-0.4788829982280731,-0.46943986415863037
b070_parked/episode_019e3c25-a92e-7824-a264-f1da48b9bd3d/replay_control,887,29.566666666666666,1.0,-0.9850027561187744,-1.64839506149292,0.9975893497467041,0.3571995496749878,0.0427221953868866,0.8251487094772414,0.8230918565566526,0.8167572256666487,-0.9430704712867737,-0.944636344909668
b070_parked/episode_019e3c25-a92e-7824-a264-f1da48b9bd3d/replay_control,947,31.566666666666666,1.0,-0.6640929579734802,-1.779495358467102,0.9991653561592102,0.22625522315502167,0.03676946833729744,0.8421168050602874,0.8423123540353413,0.8369760602091747,-0.5805968046188354,-0.5728404521942139
b070_parked/episode_019e3c25-a92e-7824-a264-f1da48b9bd3d/replay_control,1007,33.56666666666667,1.0,-0.4372905194759369,-1.9420814514160156,0.9995874762535095,0.3005145788192749,0.048136770725250244,0.8523167058114854,0.8517861542970333,0.8446182318056449,-0.36427849531173706,-0.39392414689064026
b070_parked/episode_019e3c25-a92e-7824-a264-f1da48b9bd3d/replay_control,1067,35.56666666666667,1.0,-0.4171714186668396,-1.8881869316101074,0.9995833039283752,0.36638930439949036,0.03622005507349968,0.8541351328563221,0.8538523147805853,0.8473101110929596,-0.3392312824726105,-0.35874512791633606
b070_parked/episode_019e3c25-a92e-7824-a264-f1da48b9bd3d/replay_control,1127,37.56666666666667,1.0,-0.3936097025871277,-1.9449195861816406,0.9996727705001831,0.3871071934700012,0.03622005507349968,0.854607728590046,0.8524166985565852,0.8455866628843026,-0.35164523124694824,-0.37552204728126526
b070_parked/episode_019e3c25-a92e-7824-a264-f1da48b9bd3d/replay_control,1187,39.56666666666667,1.0,-0.4187406003475189,-1.8743630647659302,0.9996411800384521,0.7429959177970886,0.22953522205352783,0.8542415014719447,0.8542210558845251,0.848118654196306,-0.335811585187912,-0.3474198579788208
b070_parked/episode_019e3c25-a92e-7824-a264-f1da48b9bd3d/hold,0,0.0,0.0,-2.69860577583313,-5.174149990081787,0.865858793258667,0.1529034674167633,0.0028009270317852497,0.606392524407305,,,,
b070_parked/episode_019e3c25-a92e-7824-a264-f1da48b9bd3d/hold,55,1.8333333333333333,0.0,-6.255230903625488,-26.855945587158203,0.6518591642379761,0.566559910774231,0.07807816565036774,0.03005681741219582,0.03444690163261509,0.05351733684187619,-5.935338020324707,-4.760268211364746
b070_parked/episode_019e3c25-a92e-7824-a264-f1da48b9bd3d/hold,111,3.7,0.0,-5.931302070617676,-12.17896842956543,0.7403402924537659,0.6618081331253052,0.18010666966438293,0.15204858576675906,0.1467181639509461,0.1460164130515187,-6.031090259552002,-5.966814041137695
b070_parked/episode_019e3c25-a92e-7824-a264-f1da48b9bd3d/hold,166,5.533333333333333,0.0,-6.904870986938477,-18.193584442138672,0.6018334627151489,0.6631301045417786,0.2146914303302765,0.057503598863546626,0.07189206565110016,0.08491438183484568,-6.35529088973999,-5.848818302154541
b070_parked/episode_019e3c25-a92e-7824-a264-f1da48b9bd3d/hold,222,7.4,0.0,-6.711188316345215,-13.706828117370605,0.6572645306587219,0.49270471930503845,0.0792103186249733,0.09800022662514833,0.11219090950621595,0.11239445765899786,-6.364001274108887,-6.283089637756348
b070_parked/episode_019e3c25-a92e-7824-a264-f1da48b9bd3d/hold,277,9.233333333333333,0.0,-6.46359920501709,-17.704017639160156,0.6625562906265259,0.5123339891433716,0.09401018172502518,0.07212382257678696,0.08385167653499115,0.0826971907570046,-6.086594104766846,-6.046091079711914
b070_parked/episode_019e3c25-a92e-7824-a264-f1da48b9bd3d/hold,333,11.1,0.5,-6.066755771636963,-9.796533584594727,0.5694888234138489,0.37820667028427124,0.09401018172502518,0.18036689227260808,0.1861322427557819,0.19204634111709862,-5.975455284118652,-5.805105209350586
b070_parked/episode_019e3c25-a92e-7824-a264-f1da48b9bd3d/hold,388,12.933333333333334,0.5,-5.6575140953063965,-12.275474548339844,0.6961419582366943,0.614464521408081,0.14804719388484955,0.16624525491656914,0.18788119756546195,0.1948359384167484,-5.300593852996826,-5.112546443939209
b070_parked/episode_019e3c25-a92e-7824-a264-f1da48b9bd3d/hold,444,14.8,0.5,-5.490495681762695,-15.145742416381836,0.7711890935897827,0.8735166192054749,0.6252092719078064,0.1349913878191817,0.13421807197768995,0.1344875916845174,-5.502358436584473,-5.417360305786133
b070_parked/episode_019e3c25-a92e-7824-a264-f1da48b9bd3d/hold,499,16.633333333333333,0.5,-6.663196563720703,-16.572216033935547,0.6404780745506287,0.526327908039093,0.039048291742801666,0.07481812228748883,0.08349808521418367,0.09197050945219533,-6.393190860748291,-6.0648722648620605
b070_parked/episode_019e3c25-a92e-7824-a264-f1da48b9bd3d/hold,554,18.466666666666665,0.5,-6.133085250854492,-10.772323608398438,0.6618039011955261,0.2778529226779938,0.009412589482963085,0.16115151753017865,0.16967526192950103,0.17342371572701032,-5.988173961639404,-5.847138404846191
b070_parked/episode_019e3c25-a92e-7824-a264-f1da48b9bd3d/hold,578,19.266666666666666,0.5,-6.2871294021606445,-11.356156349182129,0.7197674512863159,0.2693500220775604,0.021948253735899925,0.14433669941094635,0.16333016643483686,0.16264331051700578,-5.944351673126221,-5.878193378448486
b070_parked/episode_019e3c25-a92e-7824-a264-f1da48b9bd3d/hold,608,20.266666666666666,0.5,-6.263277530670166,-11.3192720413208,0.7032301425933838,0.15804991126060486,0.009125636890530586,0.14610411531457052,0.14717858518405547,0.1468991303271938,-6.246920108795166,-6.1753387451171875
b070_parked/episode_019e3c25-a92e-7824-a264-f1da48b9bd3d/hold,610,20.333333333333332,0.5,-6.241502285003662,-11.327953338623047,0.7038421630859375,0.1915312111377716,0.010986941866576672,0.14714659670074454,0.14824780255312478,0.14642730910128252,-6.224466323852539,-6.182061195373535
b070_parked/episode_019e3c25-a92e-7824-a264-f1da48b9bd3d/hold,665,22.166666666666668,0.5,-6.2472662925720215,-10.517515182495117,0.7046130895614624,0.26248812675476074,0.020964240655303,0.15838294471719885,0.15779288353043966,0.15574507092243126,-6.261066436767578,-6.221079349517822
b070_parked/episode_019e3c25-a92e-7824-a264-f1da48b9bd3d/hold,721,24.033333333333335,0.5,-6.248390197753906,-9.684164047241211,0.7047058343887329,0.3263288140296936,0.02161533385515213,0.17094336881525837,0.16958281054154167,0.16771041949614696,-6.273970127105713,-6.2288103103637695
b070_parked/episode_019e3c25-a92e-7824-a264-f1da48b9bd3d/hold,776,25.866666666666667,0.5,-6.284043788909912,-10.370856285095215,0.7098742723464966,0.3144720792770386,0.020964240655303,0.158446150563422,0.15620243650801155,0.1543602401626506,-6.327937126159668,-6.284757614135742
b070_parked/episode_019e3c25-a92e-7824-a264-f1da48b9bd3d/hold,832,27.733333333333334,0.5,-6.278205394744873,-10.067623138427734,0.7027992010116577,0.27099013328552246,0.007577241398394108,0.16329275903495644,0.16265026687785378,0.1599710588674851,-6.29277229309082,-6.263144016265869
b070_parked/episode_019e3c25-a92e-7824-a264-f1da48b9bd3d/hold,887,29.566666666666666,0.5,-6.287581443786621,-10.470170974731445,0.7020076513290405,0.3663741648197174,0.028870904818177223,0.15679269370234716,0.15608499018645489,0.15358934386681772,-6.304113864898682,-6.272846221923828
b070_parked/episode_019e3c25-a92e-7824-a264-f1da48b9bd3d/hold,947,31.566666666666666,0.5,-1.6327259540557861,-2.3866872787475586,0.9776944518089294,0.17151810228824615,0.005220125429332256,0.7674534995999978,0.7763894588998288,0.7696063471519353,-1.445882797241211,-1.4395508766174316
b070_parked/episode_019e3c25-a92e-7824-a264-f1da48b9bd3d/hold,1007,33.56666666666667,0.5,-1.137650489807129,-2.084076404571533,0.973221480846405,0.18891872465610504,0.0038244836032390594,0.8082232037223187,0.8073039431612355,0.7999253393709085,-1.078476071357727,-1.0898743867874146
b070_parked/episode_019e3c25-a92e-7824-a264-f1da48b9bd3d/hold,1067,35.56666666666667,0.5,-1.065774917602539,-2.002148151397705,0.9731975793838501,0.21981683373451233,0.016914913430809975,0.8142994034608361,0.8137312633783792,0.8077445757642013,-1.000399112701416,-0.9929806590080261
b070_parked/episode_019e3c25-a92e-7824-a264-f1da48b9bd3d/hold,1127,37.56666666666667,0.5,-1.188622236251831,-2.034261465072632,0.9726682901382446,0.39657777547836304,0.048136770725250244,0.8056915003759587,0.8071565215563374,0.79929751703431,-1.0937398672103882,-1.11228609085083
b070_parked/episode_019e3c25-a92e-7824-a264-f1da48b9bd3d/hold,1187,39.56666666666667,0.5,-1.233925700187683,-1.994579792022705,0.9738848805427551,0.5618732571601868,0.11436853557825089,0.8033401545618692,0.8032778767015778,0.7945743783653264,-1.1628836393356323,-1.192354440689087
b070_parked/episode_019e3c25-a92e-7824-a264-f1da48b9bd3d/random_walk,0,0.0,0.0,-2.69860577583313,-5.174149990081787,0.865858793258667,0.1529034674167633,0.0028009270317852497,0.606392524407305,,,,
b070_parked/episode_019e3c25-a92e-7824-a264-f1da48b9bd3d/random_walk,55,1.8333333333333333,0.0,-6.255230903625488,-26.855945587158203,0.6518591642379761,0.566559910774231,0.07807816565036774,0.03005681741219582,0.03444690163261509,0.05351733684187619,-5.935338020324707,-4.760268211364746
b070_parked/episode_019e3c25-a92e-7824-a264-f1da48b9bd3d/random_walk,111,3.7,0.0,-5.931302070617676,-12.17896842956543,0.7403402924537659,0.6618081331253052,0.18010666966438293,0.15204858576675906,0.1467181639509461,0.1460164130515187,-6.031090259552002,-5.966814041137695
b070_parked/episode_019e3c25-a92e-7824-a264-f1da48b9bd3d/random_walk,166,5.533333333333333,0.0,-6.904870986938477,-18.193584442138672,0.6018334627151489,0.6631301045417786,0.2146914303302765,0.057503598863546626,0.07189206565110016,0.08491438183484568,-6.35529088973999,-5.848818302154541
b070_parked/episode_019e3c25-a92e-7824-a264-f1da48b9bd3d/random_walk,222,7.4,0.0,-6.711188316345215,-13.706828117370605,0.6572645306587219,0.49270471930503845,0.0792103186249733,0.09800022662514833,0.11219090950621595,0.11239445765899786,-6.364001274108887,-6.283089637756348
b070_parked/episode_019e3c25-a92e-7824-a264-f1da48b9bd3d/random_walk,277,9.233333333333333,0.0,-6.46359920501709,-17.704017639160156,0.6625562906265259,0.5123339891433716,0.09401018172502518,0.07212382257678696,0.08385167653499115,0.0826971907570046,-6.086594104766846,-6.046091079711914
b070_parked/episode_019e3c25-a92e-7824-a264-f1da48b9bd3d/random_walk,333,11.1,0.5,-6.066755771636963,-9.796533584594727,0.5694888234138489,0.37820667028427124,0.09401018172502518,0.18036689227260808,0.1861322427557819,0.19204634111709862,-5.975455284118652,-5.805105209350586
b070_parked/episode_019e3c25-a92e-7824-a264-f1da48b9bd3d/random_walk,388,12.933333333333334,0.5,-5.6575140953063965,-12.275474548339844,0.6961419582366943,0.614464521408081,0.14804719388484955,0.16624525491656914,0.18788119756546195,0.1948359384167484,-5.300593852996826,-5.112546443939209
b070_parked/episode_019e3c25-a92e-7824-a264-f1da48b9bd3d/random_walk,444,14.8,0.5,-5.490495681762695,-15.145742416381836,0.7711890935897827,0.8735166192054749,0.6252092719078064,0.1349913878191817,0.13421807197768995,0.1344875916845174,-5.502358436584473,-5.417360305786133
b070_parked/episode_019e3c25-a92e-7824-a264-f1da48b9bd3d/random_walk,499,16.633333333333333,0.5,-6.663196563720703,-16.572216033935547,0.6404780745506287,0.526327908039093,0.039048291742801666,0.07481812228748883,0.08349808521418367,0.09197050945219533,-6.393190860748291,-6.0648722648620605
b070_parked/episode_019e3c25-a92e-7824-a264-f1da48b9bd3d/random_walk,554,18.466666666666665,0.5,-6.133085250854492,-10.772323608398438,0.6618039011955261,0.2778529226779938,0.009412589482963085,0.16115151753017865,0.16967526192950103,0.17342371572701032,-5.988173961639404,-5.847138404846191
b070_parked/episode_019e3c25-a92e-7824-a264-f1da48b9bd3d/random_walk,578,19.266666666666666,0.5,-6.2871294021606445,-11.356156349182129,0.7197674512863159,0.2693500220775604,0.021948253735899925,0.14433669941094635,0.16333016643483686,0.16264331051700578,-5.944351673126221,-5.878193378448486
b070_parked/episode_019e3c25-a92e-7824-a264-f1da48b9bd3d/random_walk,608,20.266666666666666,0.5,-5.933708190917969,-11.039494514465332,0.5832913517951965,0.16468624770641327,0.014957086183130741,0.16881018659450128,0.24330482927666355,0.2444694249904581,-4.841022491455078,-4.743051052093506
b070_parked/episode_019e3c25-a92e-7824-a264-f1da48b9bd3d/random_walk,610,20.333333333333332,0.5,-6.088383674621582,-10.69776725769043,0.5993240475654602,0.22295594215393066,0.021948253735899925,0.16487387152486854,0.23802722154683,0.2523881062567999,-4.998927116394043,-4.731402397155762
b070_parked/episode_019e3c25-a92e-7824-a264-f1da48b9bd3d/random_walk,665,22.166666666666668,0.5,-6.050206184387207,-12.599754333496094,0.7253763675689697,0.5139080286026001,0.10669060051441193,0.1399493948386889,0.1909567320239615,0.20220191046809827,-5.16827917098999,-4.917022705078125
b070_parked/episode_019e3c25-a92e-7824-a264-f1da48b9bd3d/random_walk,721,24.033333333333335,0.5,-6.146260738372803,-11.659013748168945,0.7197507619857788,0.31726014614105225,0.044680867344141006,0.14766727813987449,0.17914504393841765,0.1949607694459078,-5.600218296051025,-5.272259712219238
b070_parked/episode_019e3c25-a92e-7824-a264-f1da48b9bd3d/random_walk,776,25.866666666666667,0.5,-5.175548076629639,-12.660194396972656,0.8006880283355713,0.2003748118877411,0.012821214273571968,0.190110844294093,0.19871439023661142,0.2070057534589046,-5.034943580627441,-4.830718994140625
b070_parked/episode_019e3c25-a92e-7824-a264-f1da48b9bd3d/random_walk,832,27.733333333333334,0.5,-5.6806230545043945,-11.513860702514648,0.6943490505218506,0.3074338436126709,0.024423090741038322,0.1767672893200108,0.23790158501173994,0.2568292554351546,-4.787403583526611,-4.461597919464111
b070_parked/episode_019e3c25-a92e-7824-a264-f1da48b9bd3d/random_walk,887,29.566666666666666,0.5,-6.261275768280029,-9.472427368164062,0.6691167950630188,0.19298923015594482,0.02161533385515213,0.17348603302811574,0.20430967329616426,0.24923894266013524,-5.78495979309082,-5.092641353607178
b070_parked/episode_019e3c25-a92e-7824-a264-f1da48b9bd3d/random_walk,947,31.566666666666666,0.5,-2.1499850749969482,-2.9707560539245605,0.9526461362838745,0.16971702873706818,0.008315778337419033,0.7127936927895783,0.7198391047572313,0.7165843810694364,-2.00893497467041,-1.95119047164917
b070_parked/episode_019e3c25-a92e-7824-a264-f1da48b9bd3d/random_walk,1007,33.56666666666667,0.5,-1.3483011722564697,-2.0152649879455566,0.9730815887451172,0.18051499128341675,0.0038244836032390594,0.7951474318064318,0.7974200767340568,0.7911517897203775,-1.244616985321045,-1.2366747856140137
b070_parked/episode_019e3c25-a92e-7824-a264-f1da48b9bd3d/random_walk,1067,35.56666666666667,0.5,-1.2781293392181396,-1.9567574262619019,0.9737759828567505,0.17094026505947113,0.013636835850775242,0.8010095045082168,0.7999697983624381,0.7923955089440747,-1.2222073078155518,-1.2340073585510254
b070_parked/episode_019e3c25-a92e-7824-a264-f1da48b9bd3d/random_walk,1127,37.56666666666667,0.5,-1.2554688453674316,-1.931042194366455,0.9743837118148804,0.22899673879146576,0.01590639166533947,0.8029943377676623,0.8048791255822915,0.7967285826499896,-1.1553215980529785,-1.1773871183395386
b070_parked/episode_019e3c25-a92e-7824-a264-f1da48b9bd3d/random_walk,1187,39.56666666666667,0.5,-1.2077938318252563,-2.017193555831909,0.9734188318252563,0.48586440086364746,0.08151976019144058,0.8047038356152253,0.8037367296813906,0.7952048201407756,-1.1500691175460815,-1.1771965026855469
b090_original/episode_019e3c25-a92e-7824-a264-f1da48b9bd3d/replay_control,0,0.0,0.0,-2.69860577583313,-5.174149990081787,0.865858793258667,0.1529034674167633,0.0028009270317852497,0.606392524407305,,,,
b090_original/episode_019e3c25-a92e-7824-a264-f1da48b9bd3d/replay_control,55,1.8333333333333333,0.0,-6.255230903625488,-26.855945587158203,0.6518591642379761,0.566559910774231,0.07807816565036774,0.03005681741219582,0.03444690163261509,0.05351733684187619,-5.935338020324707,-4.760268211364746
b090_original/episode_019e3c25-a92e-7824-a264-f1da48b9bd3d/replay_control,111,3.7,0.0,-5.931302070617676,-12.17896842956543,0.7403402924537659,0.6618081331253052,0.18010666966438293,0.15204858576675906,0.1467181639509461,0.1460164130515187,-6.031090259552002,-5.966814041137695
b090_original/episode_019e3c25-a92e-7824-a264-f1da48b9bd3d/replay_control,166,5.533333333333333,0.0,-6.904870986938477,-18.193584442138672,0.6018334627151489,0.6631301045417786,0.2146914303302765,0.057503598863546626,0.07189206565110016,0.08491438183484568,-6.35529088973999,-5.848818302154541
b090_original/episode_019e3c25-a92e-7824-a264-f1da48b9bd3d/replay_control,222,7.4,0.0,-6.711188316345215,-13.706828117370605,0.6572645306587219,0.49270471930503845,0.0792103186249733,0.09800022662514833,0.11219090950621595,0.11239445765899786,-6.364001274108887,-6.283089637756348
b090_original/episode_019e3c25-a92e-7824-a264-f1da48b9bd3d/replay_control,277,9.233333333333333,0.0,-6.46359920501709,-17.704017639160156,0.6625562906265259,0.5123339891433716,0.09401018172502518,0.07212382257678696,0.08385167653499115,0.0826971907570046,-6.086594104766846,-6.046091079711914
b090_original/episode_019e3c25-a92e-7824-a264-f1da48b9bd3d/replay_control,333,11.1,0.5,-6.066755771636963,-9.796533584594727,0.5694888234138489,0.37820667028427124,0.09401018172502518,0.18036689227260808,0.1861322427557819,0.19204634111709862,-5.975455284118652,-5.805105209350586
b090_original/episode_019e3c25-a92e-7824-a264-f1da48b9bd3d/replay_control,388,12.933333333333334,0.5,-5.6575140953063965,-12.275474548339844,0.6961419582366943,0.614464521408081,0.14804719388484955,0.16624525491656914,0.18788119756546195,0.1948359384167484,-5.300593852996826,-5.112546443939209
b090_original/episode_019e3c25-a92e-7824-a264-f1da48b9bd3d/replay_control,444,14.8,0.5,-5.490495681762695,-15.145742416381836,0.7711890935897827,0.8735166192054749,0.6252092719078064,0.1349913878191817,0.13421807197768995,0.1344875916845174,-5.502358436584473,-5.417360305786133
b090_original/episode_019e3c25-a92e-7824-a264-f1da48b9bd3d/replay_control,499,16.633333333333333,0.5,-6.663196563720703,-16.572216033935547,0.6404780745506287,0.526327908039093,0.039048291742801666,0.07481812228748883,0.08349808521418367,0.09197050945219533,-6.393190860748291,-6.0648722648620605
b090_original/episode_019e3c25-a92e-7824-a264-f1da48b9bd3d/replay_control,554,18.466666666666665,0.5,-6.133085250854492,-10.772323608398438,0.6618039011955261,0.2778529226779938,0.009412589482963085,0.16115151753017865,0.16967526192950103,0.17342371572701032,-5.988173961639404,-5.847138404846191
b090_original/episode_019e3c25-a92e-7824-a264-f1da48b9bd3d/replay_control,610,20.333333333333332,0.5,-6.098745346069336,-10.608648300170898,0.7523484230041504,0.29741576313972473,0.03358950838446617,0.16561887114766594,0.17286216464848533,0.18859850673075854,-5.977559566497803,-5.645605087280273
b090_original/episode_019e3c25-a92e-7824-a264-f1da48b9bd3d/replay_control,665,22.166666666666668,1.0,-5.7666826248168945,-10.263002395629883,0.7460950613021851,0.5141244530677795,0.11596072465181351,0.19196806519847698,0.1899322920949042,0.1833018319012695,-5.794450759887695,-5.8197431564331055
b090_original/episode_019e3c25-a92e-7824-a264-f1da48b9bd3d/replay_control,721,24.033333333333335,1.0,-5.923373222351074,-9.799077987670898,0.761074423789978,0.4323200583457947,0.06278920918703079,0.1895425809486377,0.19522548967729444,0.19630512223702123,-5.834717750549316,-5.739471435546875
b090_original/episode_019e3c25-a92e-7824-a264-f1da48b9bd3d/replay_control,744,24.8,1.0,-6.318078517913818,-12.055097579956055,0.7686009407043457,0.2119160294532776,0.01912403479218483,0.1335474616818636,0.17618414452669387,0.17443350198641638,-5.544927597045898,-5.494069576263428
b090_original/episode_019e3c25-a92e-7824-a264-f1da48b9bd3d/replay_control,774,25.8,1.0,-5.12236213684082,-5.930398941040039,0.8479551672935486,0.3647845387458801,0.07055959850549698,0.33514570015510475,0.3596247509849193,0.36674277953969614,-4.850136756896973,-4.693033695220947
b090_original/episode_019e3c25-a92e-7824-a264-f1da48b9bd3d/replay_control,776,25.866666666666667,1.0,-4.922739505767822,-5.793178558349609,0.826945960521698,0.6297905445098877,0.23792988061904907,0.3578441671378204,0.3705777234810659,0.38476697729579845,-4.773666858673096,-4.5455708503723145
b090_original/episode_019e3c25-a92e-7824-a264-f1da48b9bd3d/replay_control,832,27.733333333333334,1.0,-0.8056170344352722,-1.642714262008667,0.998265266418457,0.24486884474754333,0.02262919954955578,0.8360010390502188,0.8509204117122668,0.8461718726051913,-0.45873546600341797,-0.4440341293811798
b090_original/episode_019e3c25-a92e-7824-a264-f1da48b9bd3d/replay_control,887,29.566666666666666,1.0,-0.9620010256767273,-1.5879217386245728,0.9978009462356567,0.3379974365234375,0.034100424498319626,0.8275130079261748,0.8252780544236439,0.8189458474553425,-0.923007071018219,-0.9254228472709656
b090_original/episode_019e3c25-a92e-7824-a264-f1da48b9bd3d/hold,0,0.0,0.0,-2.69860577583313,-5.174149990081787,0.865858793258667,0.1529034674167633,0.0028009270317852497,0.606392524407305,,,,
b090_original/episode_019e3c25-a92e-7824-a264-f1da48b9bd3d/hold,55,1.8333333333333333,0.0,-6.255230903625488,-26.855945587158203,0.6518591642379761,0.566559910774231,0.07807816565036774,0.03005681741219582,0.03444690163261509,0.05351733684187619,-5.935338020324707,-4.760268211364746
b090_original/episode_019e3c25-a92e-7824-a264-f1da48b9bd3d/hold,111,3.7,0.0,-5.931302070617676,-12.17896842956543,0.7403402924537659,0.6618081331253052,0.18010666966438293,0.15204858576675906,0.1467181639509461,0.1460164130515187,-6.031090259552002,-5.966814041137695
b090_original/episode_019e3c25-a92e-7824-a264-f1da48b9bd3d/hold,166,5.533333333333333,0.0,-6.904870986938477,-18.193584442138672,0.6018334627151489,0.6631301045417786,0.2146914303302765,0.057503598863546626,0.07189206565110016,0.08491438183484568,-6.35529088973999,-5.848818302154541
b090_original/episode_019e3c25-a92e-7824-a264-f1da48b9bd3d/hold,222,7.4,0.0,-6.711188316345215,-13.706828117370605,0.6572645306587219,0.49270471930503845,0.0792103186249733,0.09800022662514833,0.11219090950621595,0.11239445765899786,-6.364001274108887,-6.283089637756348
b090_original/episode_019e3c25-a92e-7824-a264-f1da48b9bd3d/hold,277,9.233333333333333,0.0,-6.46359920501709,-17.704017639160156,0.6625562906265259,0.5123339891433716,0.09401018172502518,0.07212382257678696,0.08385167653499115,0.0826971907570046,-6.086594104766846,-6.046091079711914
b090_original/episode_019e3c25-a92e-7824-a264-f1da48b9bd3d/hold,333,11.1,0.5,-6.066755771636963,-9.796533584594727,0.5694888234138489,0.37820667028427124,0.09401018172502518,0.18036689227260808,0.1861322427557819,0.19204634111709862,-5.975455284118652,-5.805105209350586
b090_original/episode_019e3c25-a92e-7824-a264-f1da48b9bd3d/hold,388,12.933333333333334,0.5,-5.6575140953063965,-12.275474548339844,0.6961419582366943,0.614464521408081,0.14804719388484955,0.16624525491656914,0.18788119756546195,0.1948359384167484,-5.300593852996826,-5.112546443939209
b090_original/episode_019e3c25-a92e-7824-a264-f1da48b9bd3d/hold,444,14.8,0.5,-5.490495681762695,-15.145742416381836,0.7711890935897827,0.8735166192054749,0.6252092719078064,0.1349913878191817,0.13421807197768995,0.1344875916845174,-5.502358436584473,-5.417360305786133
b090_original/episode_019e3c25-a92e-7824-a264-f1da48b9bd3d/hold,499,16.633333333333333,0.5,-6.663196563720703,-16.572216033935547,0.6404780745506287,0.526327908039093,0.039048291742801666,0.07481812228748883,0.08349808521418367,0.09197050945219533,-6.393190860748291,-6.0648722648620605
b090_original/episode_019e3c25-a92e-7824-a264-f1da48b9bd3d/hold,554,18.466666666666665,0.5,-6.133085250854492,-10.772323608398438,0.6618039011955261,0.2778529226779938,0.009412589482963085,0.16115151753017865,0.16967526192950103,0.17342371572701032,-5.988173961639404,-5.847138404846191
b090_original/episode_019e3c25-a92e-7824-a264-f1da48b9bd3d/hold,610,20.333333333333332,0.5,-6.098745346069336,-10.608648300170898,0.7523484230041504,0.29741576313972473,0.03358950838446617,0.16561887114766594,0.17286216464848533,0.18859850673075854,-5.977559566497803,-5.645605087280273
b090_original/episode_019e3c25-a92e-7824-a264-f1da48b9bd3d/hold,665,22.166666666666668,1.0,-5.7666826248168945,-10.263002395629883,0.7460950613021851,0.5141244530677795,0.11596072465181351,0.19196806519847698,0.1899322920949042,0.1833018319012695,-5.794450759887695,-5.8197431564331055
b090_original/episode_019e3c25-a92e-7824-a264-f1da48b9bd3d/hold,721,24.033333333333335,1.0,-5.923373222351074,-9.799077987670898,0.761074423789978,0.4323200583457947,0.06278920918703079,0.1895425809486377,0.19522548967729444,0.19630512223702123,-5.834717750549316,-5.739471435546875
b090_original/episode_019e3c25-a92e-7824-a264-f1da48b9bd3d/hold,744,24.8,1.0,-6.318078517913818,-12.055097579956055,0.7686009407043457,0.2119160294532776,0.01912403479218483,0.1335474616818636,0.17618414452669387,0.17443350198641638,-5.544927597045898,-5.494069576263428
b090_original/episode_019e3c25-a92e-7824-a264-f1da48b9bd3d/hold,774,25.8,1.0,-6.30795955657959,-11.716777801513672,0.7618681788444519,0.303600937128067,0.052618950605392456,0.13843465612204867,0.14043233322480284,0.1514385686280515,-6.273337364196777,-5.985752105712891
b090_original/episode_019e3c25-a92e-7824-a264-f1da48b9bd3d/hold,776,25.866666666666667,1.0,-6.288843631744385,-11.904565811157227,0.7643720507621765,0.4061582088470459,0.08756384253501892,0.13694579409004157,0.1387013446066614,0.1439454441172845,-6.258545875549316,-6.0786285400390625
b090_original/episode_019e3c25-a92e-7824-a264-f1da48b9bd3d/hold,832,27.733333333333334,1.0,-6.345067501068115,-11.98867416381836,0.7697621583938599,0.20819765329360962,0.020332353189587593,0.13306309818007123,0.13752841564720497,0.13759610546642262,-6.259995460510254,-6.181891918182373
b090_original/episode_019e3c25-a92e-7824-a264-f1da48b9bd3d/hold,887,29.566666666666666,1.0,-6.3295817375183105,-12.373580932617188,0.7743581533432007,0.3184118866920471,0.05582314357161522,0.1289861486855948,0.13301641015652182,0.13424430821329597,-6.251141548156738,-6.149106025695801
b090_original/episode_019e3c25-a92e-7824-a264-f1da48b9bd3d/random_walk,0,0.0,0.0,-2.69860577583313,-5.174149990081787,0.865858793258667,0.1529034674167633,0.0028009270317852497,0.606392524407305,,,,
b090_original/episode_019e3c25-a92e-7824-a264-f1da48b9bd3d/random_walk,55,1.8333333333333333,0.0,-6.255230903625488,-26.855945587158203,0.6518591642379761,0.566559910774231,0.07807816565036774,0.03005681741219582,0.03444690163261509,0.05351733684187619,-5.935338020324707,-4.760268211364746
b090_original/episode_019e3c25-a92e-7824-a264-f1da48b9bd3d/random_walk,111,3.7,0.0,-5.931302070617676,-12.17896842956543,0.7403402924537659,0.6618081331253052,0.18010666966438293,0.15204858576675906,0.1467181639509461,0.1460164130515187,-6.031090259552002,-5.966814041137695
b090_original/episode_019e3c25-a92e-7824-a264-f1da48b9bd3d/random_walk,166,5.533333333333333,0.0,-6.904870986938477,-18.193584442138672,0.6018334627151489,0.6631301045417786,0.2146914303302765,0.057503598863546626,0.07189206565110016,0.08491438183484568,-6.35529088973999,-5.848818302154541
b090_original/episode_019e3c25-a92e-7824-a264-f1da48b9bd3d/random_walk,222,7.4,0.0,-6.711188316345215,-13.706828117370605,0.6572645306587219,0.49270471930503845,0.0792103186249733,0.09800022662514833,0.11219090950621595,0.11239445765899786,-6.364001274108887,-6.283089637756348
b090_original/episode_019e3c25-a92e-7824-a264-f1da48b9bd3d/random_walk,277,9.233333333333333,0.0,-6.46359920501709,-17.704017639160156,0.6625562906265259,0.5123339891433716,0.09401018172502518,0.07212382257678696,0.08385167653499115,0.0826971907570046,-6.086594104766846,-6.046091079711914
b090_original/episode_019e3c25-a92e-7824-a264-f1da48b9bd3d/random_walk,333,11.1,0.5,-6.066755771636963,-9.796533584594727,0.5694888234138489,0.37820667028427124,0.09401018172502518,0.18036689227260808,0.1861322427557819,0.19204634111709862,-5.975455284118652,-5.805105209350586
b090_original/episode_019e3c25-a92e-7824-a264-f1da48b9bd3d/random_walk,388,12.933333333333334,0.5,-5.6575140953063965,-12.275474548339844,0.6961419582366943,0.614464521408081,0.14804719388484955,0.16624525491656914,0.18788119756546195,0.1948359384167484,-5.300593852996826,-5.112546443939209
b090_original/episode_019e3c25-a92e-7824-a264-f1da48b9bd3d/random_walk,444,14.8,0.5,-5.490495681762695,-15.145742416381836,0.7711890935897827,0.8735166192054749,0.6252092719078064,0.1349913878191817,0.13421807197768995,0.1344875916845174,-5.502358436584473,-5.417360305786133
b090_original/episode_019e3c25-a92e-7824-a264-f1da48b9bd3d/random_walk,499,16.633333333333333,0.5,-6.663196563720703,-16.572216033935547,0.6404780745506287,0.526327908039093,0.039048291742801666,0.07481812228748883,0.08349808521418367,0.09197050945219533,-6.393190860748291,-6.0648722648620605
b090_original/episode_019e3c25-a92e-7824-a264-f1da48b9bd3d/random_walk,554,18.466666666666665,0.5,-6.133085250854492,-10.772323608398438,0.6618039011955261,0.2778529226779938,0.009412589482963085,0.16115151753017865,0.16967526192950103,0.17342371572701032,-5.988173961639404,-5.847138404846191
b090_original/episode_019e3c25-a92e-7824-a264-f1da48b9bd3d/random_walk,610,20.333333333333332,0.5,-6.098745346069336,-10.608648300170898,0.7523484230041504,0.29741576313972473,0.03358950838446617,0.16561887114766594,0.17286216464848533,0.18859850673075854,-5.977559566497803,-5.645605087280273
b090_original/episode_019e3c25-a92e-7824-a264-f1da48b9bd3d/random_walk,665,22.166666666666668,1.0,-5.7666826248168945,-10.263002395629883,0.7460950613021851,0.5141244530677795,0.11596072465181351,0.19196806519847698,0.1899322920949042,0.1833018319012695,-5.794450759887695,-5.8197431564331055
b090_original/episode_019e3c25-a92e-7824-a264-f1da48b9bd3d/random_walk,721,24.033333333333335,1.0,-5.923373222351074,-9.799077987670898,0.761074423789978,0.4323200583457947,0.06278920918703079,0.1895425809486377,0.19522548967729444,0.19630512223702123,-5.834717750549316,-5.739471435546875
b090_original/episode_019e3c25-a92e-7824-a264-f1da48b9bd3d/random_walk,744,24.8,1.0,-6.318078517913818,-12.055097579956055,0.7686009407043457,0.2119160294532776,0.01912403479218483,0.1335474616818636,0.17618414452669387,0.17443350198641638,-5.544927597045898,-5.494069576263428
b090_original/episode_019e3c25-a92e-7824-a264-f1da48b9bd3d/random_walk,774,25.8,1.0,-6.097267150878906,-7.000997543334961,0.7148028016090393,0.3461189270019531,0.07696083933115005,0.22814429812581488,0.3049373065632148,0.3053446942648694,-5.157323837280273,-5.070560932159424
b090_original/episode_019e3c25-a92e-7824-a264-f1da48b9bd3d/random_walk,776,25.866666666666667,1.0,-6.073214530944824,-7.7751593589782715,0.7065763473510742,0.48581790924072266,0.13477590680122375,0.2151985131211299,0.2868549828360575,0.2893937934327705,-5.161440849304199,-5.049855709075928
b090_original/episode_019e3c25-a92e-7824-a264-f1da48b9bd3d/random_walk,832,27.733333333333334,1.0,-5.834448337554932,-8.674979209899902,0.7554693818092346,0.2709640860557556,0.0384661927819252,0.21565269525321928,0.30050317365520707,0.3096709303196078,-4.76999568939209,-4.583215713500977
b090_original/episode_019e3c25-a92e-7824-a264-f1da48b9bd3d/random_walk,887,29.566666666666666,1.0,-5.724271297454834,-7.658085823059082,0.8441951870918274,0.22114893794059753,0.037892427295446396,0.2437684201009049,0.3132142906783252,0.3180987247116869,-4.89355993270874,-4.7563958168029785
b090_parked/episode_019e3c25-a92e-7824-a264-f1da48b9bd3d/replay_control,0,0.0,0.0,-2.69860577583313,-5.174149990081787,0.865858793258667,0.1529034674167633,0.0028009270317852497,0.606392524407305,,,,
b090_parked/episode_019e3c25-a92e-7824-a264-f1da48b9bd3d/replay_control,55,1.8333333333333333,0.0,-6.255230903625488,-26.855945587158203,0.6518591642379761,0.566559910774231,0.07807816565036774,0.03005681741219582,0.03444690163261509,0.05351733684187619,-5.935338020324707,-4.760268211364746
b090_parked/episode_019e3c25-a92e-7824-a264-f1da48b9bd3d/replay_control,111,3.7,0.0,-5.931302070617676,-12.17896842956543,0.7403402924537659,0.6618081331253052,0.18010666966438293,0.15204858576675906,0.1467181639509461,0.1460164130515187,-6.031090259552002,-5.966814041137695
b090_parked/episode_019e3c25-a92e-7824-a264-f1da48b9bd3d/replay_control,166,5.533333333333333,0.0,-6.904870986938477,-18.193584442138672,0.6018334627151489,0.6631301045417786,0.2146914303302765,0.057503598863546626,0.07189206565110016,0.08491438183484568,-6.35529088973999,-5.848818302154541
b090_parked/episode_019e3c25-a92e-7824-a264-f1da48b9bd3d/replay_control,222,7.4,0.0,-6.711188316345215,-13.706828117370605,0.6572645306587219,0.49270471930503845,0.0792103186249733,0.09800022662514833,0.11219090950621595,0.11239445765899786,-6.364001274108887,-6.283089637756348
b090_parked/episode_019e3c25-a92e-7824-a264-f1da48b9bd3d/replay_control,277,9.233333333333333,0.0,-6.46359920501709,-17.704017639160156,0.6625562906265259,0.5123339891433716,0.09401018172502518,0.07212382257678696,0.08385167653499115,0.0826971907570046,-6.086594104766846,-6.046091079711914
b090_parked/episode_019e3c25-a92e-7824-a264-f1da48b9bd3d/replay_control,333,11.1,0.5,-6.066755771636963,-9.796533584594727,0.5694888234138489,0.37820667028427124,0.09401018172502518,0.18036689227260808,0.1861322427557819,0.19204634111709862,-5.975455284118652,-5.805105209350586
b090_parked/episode_019e3c25-a92e-7824-a264-f1da48b9bd3d/replay_control,388,12.933333333333334,0.5,-5.6575140953063965,-12.275474548339844,0.6961419582366943,0.614464521408081,0.14804719388484955,0.16624525491656914,0.18788119756546195,0.1948359384167484,-5.300593852996826,-5.112546443939209
b090_parked/episode_019e3c25-a92e-7824-a264-f1da48b9bd3d/replay_control,444,14.8,0.5,-5.490495681762695,-15.145742416381836,0.7711890935897827,0.8735166192054749,0.6252092719078064,0.1349913878191817,0.13421807197768995,0.1344875916845174,-5.502358436584473,-5.417360305786133
b090_parked/episode_019e3c25-a92e-7824-a264-f1da48b9bd3d/replay_control,499,16.633333333333333,0.5,-6.663196563720703,-16.572216033935547,0.6404780745506287,0.526327908039093,0.039048291742801666,0.07481812228748883,0.08349808521418367,0.09197050945219533,-6.393190860748291,-6.0648722648620605
b090_parked/episode_019e3c25-a92e-7824-a264-f1da48b9bd3d/replay_control,554,18.466666666666665,0.5,-6.133085250854492,-10.772323608398438,0.6618039011955261,0.2778529226779938,0.009412589482963085,0.16115151753017865,0.16967526192950103,0.17342371572701032,-5.988173961639404,-5.847138404846191
b090_parked/episode_019e3c25-a92e-7824-a264-f1da48b9bd3d/replay_control,610,20.333333333333332,0.5,-6.098745346069336,-10.608648300170898,0.7523484230041504,0.29741576313972473,0.03358950838446617,0.16561887114766594,0.17286216464848533,0.18859850673075854,-5.977559566497803,-5.645605087280273
b090_parked/episode_019e3c25-a92e-7824-a264-f1da48b9bd3d/replay_control,665,22.166666666666668,1.0,-5.7666826248168945,-10.263002395629883,0.7460950613021851,0.5141244530677795,0.11596072465181351,0.19196806519847698,0.1899322920949042,0.1833018319012695,-5.794450759887695,-5.8197431564331055
b090_parked/episode_019e3c25-a92e-7824-a264-f1da48b9bd3d/replay_control,721,24.033333333333335,1.0,-5.923373222351074,-9.799077987670898,0.761074423789978,0.4323200583457947,0.06278920918703079,0.1895425809486377,0.19522548967729444,0.19630512223702123,-5.834717750549316,-5.739471435546875
b090_parked/episode_019e3c25-a92e-7824-a264-f1da48b9bd3d/replay_control,744,24.8,1.0,-6.318078517913818,-12.055097579956055,0.7686009407043457,0.2119160294532776,0.01912403479218483,0.1335474616818636,0.17618414452669387,0.17443350198641638,-5.544927597045898,-5.494069576263428
b090_parked/episode_019e3c25-a92e-7824-a264-f1da48b9bd3d/replay_control,774,25.8,1.0,-5.12236213684082,-5.930398941040039,0.8479551672935486,0.3647845387458801,0.07055959850549698,0.33514570015510475,0.3596247509849193,0.36674277953969614,-4.850136756896973,-4.693033695220947
b090_parked/episode_019e3c25-a92e-7824-a264-f1da48b9bd3d/replay_control,776,25.866666666666667,1.0,-4.922739505767822,-5.793178558349609,0.826945960521698,0.6297905445098877,0.23792988061904907,0.3578441671378204,0.3705777234810659,0.38476697729579845,-4.773666858673096,-4.5455708503723145
b090_parked/episode_019e3c25-a92e-7824-a264-f1da48b9bd3d/replay_control,832,27.733333333333334,1.0,-0.8056170344352722,-1.642714262008667,0.998265266418457,0.24486884474754333,0.02262919954955578,0.8360010390502188,0.8509204117122668,0.8461718726051913,-0.45873546600341797,-0.4440341293811798
b090_parked/episode_019e3c25-a92e-7824-a264-f1da48b9bd3d/replay_control,887,29.566666666666666,1.0,-0.9620010256767273,-1.5879217386245728,0.9978009462356567,0.3379974365234375,0.034100424498319626,0.8275130079261748,0.8252780544236439,0.8189458474553425,-0.923007071018219,-0.9254228472709656
b090_parked/episode_019e3c25-a92e-7824-a264-f1da48b9bd3d/replay_control,947,31.566666666666666,1.0,-0.6548929214477539,-1.7036395072937012,0.999256432056427,0.22165121138095856,0.03622005507349968,0.8437430887014565,0.8439178014607766,0.8385609127916454,-0.5715625286102295,-0.5648939609527588
b090_parked/episode_019e3c25-a92e-7824-a264-f1da48b9bd3d/replay_control,1007,33.56666666666667,1.0,-0.4089639186859131,-1.9027990102767944,0.999689519405365,0.3005596101284027,0.04603390023112297,0.8543705293302386,0.8529748666586308,0.8467020423843301,-0.3520854413509369,-0.36611443758010864
b090_parked/episode_019e3c25-a92e-7824-a264-f1da48b9bd3d/replay_control,1067,35.56666666666667,1.0,-0.3868023157119751,-1.8323270082473755,0.9996834993362427,0.36058199405670166,0.03358950838446617,0.8564998598834271,0.8560044736840262,0.8496497472231372,-0.312578409910202,-0.32995134592056274
b090_parked/episode_019e3c25-a92e-7824-a264-f1da48b9bd3d/replay_control,1127,37.56666666666667,1.0,-0.36539191007614136,-1.8395780324935913,0.9997752904891968,0.3379155993461609,0.03021458350121975,0.857521066515615,0.8551814326566258,0.8486671220925422,-0.3265171945095062,-0.3463611602783203
b090_parked/episode_019e3c25-a92e-7824-a264-f1da48b9bd3d/replay_control,1187,39.56666666666667,1.0,-0.38912153244018555,-1.936211109161377,0.999759316444397,0.739821195602417,0.22000710666179657,0.8549644750698473,0.8537731726921788,0.8479070528822151,-0.3281940221786499,-0.33512434363365173
b090_parked/episode_019e3c25-a92e-7824-a264-f1da48b9bd3d/hold,0,0.0,0.0,-2.69860577583313,-5.174149990081787,0.865858793258667,0.1529034674167633,0.0028009270317852497,0.606392524407305,,,,
b090_parked/episode_019e3c25-a92e-7824-a264-f1da48b9bd3d/hold,55,1.8333333333333333,0.0,-6.255230903625488,-26.855945587158203,0.6518591642379761,0.566559910774231,0.07807816565036774,0.03005681741219582,0.03444690163261509,0.05351733684187619,-5.935338020324707,-4.760268211364746
b090_parked/episode_019e3c25-a92e-7824-a264-f1da48b9bd3d/hold,111,3.7,0.0,-5.931302070617676,-12.17896842956543,0.7403402924537659,0.6618081331253052,0.18010666966438293,0.15204858576675906,0.1467181639509461,0.1460164130515187,-6.031090259552002,-5.966814041137695
b090_parked/episode_019e3c25-a92e-7824-a264-f1da48b9bd3d/hold,166,5.533333333333333,0.0,-6.904870986938477,-18.193584442138672,0.6018334627151489,0.6631301045417786,0.2146914303302765,0.057503598863546626,0.07189206565110016,0.08491438183484568,-6.35529088973999,-5.848818302154541
b090_parked/episode_019e3c25-a92e-7824-a264-f1da48b9bd3d/hold,222,7.4,0.0,-6.711188316345215,-13.706828117370605,0.6572645306587219,0.49270471930503845,0.0792103186249733,0.09800022662514833,0.11219090950621595,0.11239445765899786,-6.364001274108887,-6.283089637756348
b090_parked/episode_019e3c25-a92e-7824-a264-f1da48b9bd3d/hold,277,9.233333333333333,0.0,-6.46359920501709,-17.704017639160156,0.6625562906265259,0.5123339891433716,0.09401018172502518,0.07212382257678696,0.08385167653499115,0.0826971907570046,-6.086594104766846,-6.046091079711914
b090_parked/episode_019e3c25-a92e-7824-a264-f1da48b9bd3d/hold,333,11.1,0.5,-6.066755771636963,-9.796533584594727,0.5694888234138489,0.37820667028427124,0.09401018172502518,0.18036689227260808,0.1861322427557819,0.19204634111709862,-5.975455284118652,-5.805105209350586
b090_parked/episode_019e3c25-a92e-7824-a264-f1da48b9bd3d/hold,388,12.933333333333334,0.5,-5.6575140953063965,-12.275474548339844,0.6961419582366943,0.614464521408081,0.14804719388484955,0.16624525491656914,0.18788119756546195,0.1948359384167484,-5.300593852996826,-5.112546443939209
b090_parked/episode_019e3c25-a92e-7824-a264-f1da48b9bd3d/hold,444,14.8,0.5,-5.490495681762695,-15.145742416381836,0.7711890935897827,0.8735166192054749,0.6252092719078064,0.1349913878191817,0.13421807197768995,0.1344875916845174,-5.502358436584473,-5.417360305786133
b090_parked/episode_019e3c25-a92e-7824-a264-f1da48b9bd3d/hold,499,16.633333333333333,0.5,-6.663196563720703,-16.572216033935547,0.6404780745506287,0.526327908039093,0.039048291742801666,0.07481812228748883,0.08349808521418367,0.09197050945219533,-6.393190860748291,-6.0648722648620605
b090_parked/episode_019e3c25-a92e-7824-a264-f1da48b9bd3d/hold,554,18.466666666666665,0.5,-6.133085250854492,-10.772323608398438,0.6618039011955261,0.2778529226779938,0.009412589482963085,0.16115151753017865,0.16967526192950103,0.17342371572701032,-5.988173961639404,-5.847138404846191
b090_parked/episode_019e3c25-a92e-7824-a264-f1da48b9bd3d/hold,610,20.333333333333332,0.5,-6.098745346069336,-10.608648300170898,0.7523484230041504,0.29741576313972473,0.03358950838446617,0.16561887114766594,0.17286216464848533,0.18859850673075854,-5.977559566497803,-5.645605087280273
b090_parked/episode_019e3c25-a92e-7824-a264-f1da48b9bd3d/hold,665,22.166666666666668,1.0,-5.7666826248168945,-10.263002395629883,0.7460950613021851,0.5141244530677795,0.11596072465181351,0.19196806519847698,0.1899322920949042,0.1833018319012695,-5.794450759887695,-5.8197431564331055
b090_parked/episode_019e3c25-a92e-7824-a264-f1da48b9bd3d/hold,721,24.033333333333335,1.0,-5.923373222351074,-9.799077987670898,0.761074423789978,0.4323200583457947,0.06278920918703079,0.1895425809486377,0.19522548967729444,0.19630512223702123,-5.834717750549316,-5.739471435546875
b090_parked/episode_019e3c25-a92e-7824-a264-f1da48b9bd3d/hold,744,24.8,1.0,-6.318078517913818,-12.055097579956055,0.7686009407043457,0.2119160294532776,0.01912403479218483,0.1335474616818636,0.17618414452669387,0.17443350198641638,-5.544927597045898,-5.494069576263428
b090_parked/episode_019e3c25-a92e-7824-a264-f1da48b9bd3d/hold,774,25.8,1.0,-6.30795955657959,-11.716777801513672,0.7618681788444519,0.303600937128067,0.052618950605392456,0.13843465612204867,0.14043233322480284,0.1514385686280515,-6.273337364196777,-5.985752105712891
b090_parked/episode_019e3c25-a92e-7824-a264-f1da48b9bd3d/hold,776,25.866666666666667,1.0,-6.288843631744385,-11.904565811157227,0.7643720507621765,0.4061582088470459,0.08756384253501892,0.13694579409004157,0.1387013446066614,0.1439454441172845,-6.258545875549316,-6.0786285400390625
b090_parked/episode_019e3c25-a92e-7824-a264-f1da48b9bd3d/hold,832,27.733333333333334,1.0,-6.345067501068115,-11.98867416381836,0.7697621583938599,0.20819765329360962,0.020332353189587593,0.13306309818007123,0.13752841564720497,0.13759610546642262,-6.259995460510254,-6.181891918182373
b090_parked/episode_019e3c25-a92e-7824-a264-f1da48b9bd3d/hold,887,29.566666666666666,1.0,-6.3295817375183105,-12.373580932617188,0.7743581533432007,0.3184118866920471,0.05582314357161522,0.1289861486855948,0.13301641015652182,0.13424430821329597,-6.251141548156738,-6.149106025695801
b090_parked/episode_019e3c25-a92e-7824-a264-f1da48b9bd3d/hold,947,31.566666666666666,1.0,-1.4077539443969727,-1.6840765476226807,0.9931821823120117,0.19023478031158447,0.020964240655303,0.7969554936411939,0.8102651533412841,0.8063997180265804,-1.137448787689209,-1.0969823598861694
b090_parked/episode_019e3c25-a92e-7824-a264-f1da48b9bd3d/hold,1007,33.56666666666667,1.0,-0.4433707594871521,-1.9599956274032593,0.9984312653541565,0.21160505712032318,0.01590639166533947,0.8517408459222322,0.8512752859774473,0.844915003758309,-0.3692034184932709,-0.3838260769844055
b090_parked/episode_019e3c25-a92e-7824-a264-f1da48b9bd3d/hold,1067,35.56666666666667,1.0,-0.28125107288360596,-1.9619793891906738,0.9993839859962463,0.3038674294948578,0.042087726294994354,0.8602362025752937,0.8587254082019707,0.8535654811931239,-0.2258276343345642,-0.22199922800064087
b090_parked/episode_019e3c25-a92e-7824-a264-f1da48b9bd3d/hold,1127,37.56666666666667,1.0,-0.14913490414619446,-1.96240234375,0.9999449253082275,0.41275084018707275,0.06656918674707413,0.8668696591790682,0.8667687754390356,0.8627914709292014,-0.06423234939575195,-0.04089939966797829
b090_parked/episode_019e3c25-a92e-7824-a264-f1da48b9bd3d/hold,1187,39.56666666666667,1.0,-0.20476122200489044,-2.099619150161743,0.9998918771743774,0.6665528416633606,0.22953522205352783,0.8623221083657776,0.8628847808411347,0.85810454896314,-0.10736270248889923,-0.09809926152229309
b090_parked/episode_019e3c25-a92e-7824-a264-f1da48b9bd3d/random_walk,0,0.0,0.0,-2.69860577583313,-5.174149990081787,0.865858793258667,0.1529034674167633,0.0028009270317852497,0.606392524407305,,,,
b090_parked/episode_019e3c25-a92e-7824-a264-f1da48b9bd3d/random_walk,55,1.8333333333333333,0.0,-6.255230903625488,-26.855945587158203,0.6518591642379761,0.566559910774231,0.07807816565036774,0.03005681741219582,0.03444690163261509,0.05351733684187619,-5.935338020324707,-4.760268211364746
b090_parked/episode_019e3c25-a92e-7824-a264-f1da48b9bd3d/random_walk,111,3.7,0.0,-5.931302070617676,-12.17896842956543,0.7403402924537659,0.6618081331253052,0.18010666966438293,0.15204858576675906,0.1467181639509461,0.1460164130515187,-6.031090259552002,-5.966814041137695
b090_parked/episode_019e3c25-a92e-7824-a264-f1da48b9bd3d/random_walk,166,5.533333333333333,0.0,-6.904870986938477,-18.193584442138672,0.6018334627151489,0.6631301045417786,0.2146914303302765,0.057503598863546626,0.07189206565110016,0.08491438183484568,-6.35529088973999,-5.848818302154541
b090_parked/episode_019e3c25-a92e-7824-a264-f1da48b9bd3d/random_walk,222,7.4,0.0,-6.711188316345215,-13.706828117370605,0.6572645306587219,0.49270471930503845,0.0792103186249733,0.09800022662514833,0.11219090950621595,0.11239445765899786,-6.364001274108887,-6.283089637756348
b090_parked/episode_019e3c25-a92e-7824-a264-f1da48b9bd3d/random_walk,277,9.233333333333333,0.0,-6.46359920501709,-17.704017639160156,0.6625562906265259,0.5123339891433716,0.09401018172502518,0.07212382257678696,0.08385167653499115,0.0826971907570046,-6.086594104766846,-6.046091079711914
b090_parked/episode_019e3c25-a92e-7824-a264-f1da48b9bd3d/random_walk,333,11.1,0.5,-6.066755771636963,-9.796533584594727,0.5694888234138489,0.37820667028427124,0.09401018172502518,0.18036689227260808,0.1861322427557819,0.19204634111709862,-5.975455284118652,-5.805105209350586
b090_parked/episode_019e3c25-a92e-7824-a264-f1da48b9bd3d/random_walk,388,12.933333333333334,0.5,-5.6575140953063965,-12.275474548339844,0.6961419582366943,0.614464521408081,0.14804719388484955,0.16624525491656914,0.18788119756546195,0.1948359384167484,-5.300593852996826,-5.112546443939209
b090_parked/episode_019e3c25-a92e-7824-a264-f1da48b9bd3d/random_walk,444,14.8,0.5,-5.490495681762695,-15.145742416381836,0.7711890935897827,0.8735166192054749,0.6252092719078064,0.1349913878191817,0.13421807197768995,0.1344875916845174,-5.502358436584473,-5.417360305786133
b090_parked/episode_019e3c25-a92e-7824-a264-f1da48b9bd3d/random_walk,499,16.633333333333333,0.5,-6.663196563720703,-16.572216033935547,0.6404780745506287,0.526327908039093,0.039048291742801666,0.07481812228748883,0.08349808521418367,0.09197050945219533,-6.393190860748291,-6.0648722648620605
b090_parked/episode_019e3c25-a92e-7824-a264-f1da48b9bd3d/random_walk,554,18.466666666666665,0.5,-6.133085250854492,-10.772323608398438,0.6618039011955261,0.2778529226779938,0.009412589482963085,0.16115151753017865,0.16967526192950103,0.17342371572701032,-5.988173961639404,-5.847138404846191
b090_parked/episode_019e3c25-a92e-7824-a264-f1da48b9bd3d/random_walk,610,20.333333333333332,0.5,-6.098745346069336,-10.608648300170898,0.7523484230041504,0.29741576313972473,0.03358950838446617,0.16561887114766594,0.17286216464848533,0.18859850673075854,-5.977559566497803,-5.645605087280273
b090_parked/episode_019e3c25-a92e-7824-a264-f1da48b9bd3d/random_walk,665,22.166666666666668,1.0,-5.7666826248168945,-10.263002395629883,0.7460950613021851,0.5141244530677795,0.11596072465181351,0.19196806519847698,0.1899322920949042,0.1833018319012695,-5.794450759887695,-5.8197431564331055
b090_parked/episode_019e3c25-a92e-7824-a264-f1da48b9bd3d/random_walk,721,24.033333333333335,1.0,-5.923373222351074,-9.799077987670898,0.761074423789978,0.4323200583457947,0.06278920918703079,0.1895425809486377,0.19522548967729444,0.19630512223702123,-5.834717750549316,-5.739471435546875
b090_parked/episode_019e3c25-a92e-7824-a264-f1da48b9bd3d/random_walk,744,24.8,1.0,-6.318078517913818,-12.055097579956055,0.7686009407043457,0.2119160294532776,0.01912403479218483,0.1335474616818636,0.17618414452669387,0.17443350198641638,-5.544927597045898,-5.494069576263428
b090_parked/episode_019e3c25-a92e-7824-a264-f1da48b9bd3d/random_walk,774,25.8,1.0,-6.097267150878906,-7.000997543334961,0.7148028016090393,0.3461189270019531,0.07696083933115005,0.22814429812581488,0.3049373065632148,0.3053446942648694,-5.157323837280273,-5.070560932159424
b090_parked/episode_019e3c25-a92e-7824-a264-f1da48b9bd3d/random_walk,776,25.866666666666667,1.0,-6.073214530944824,-7.7751593589782715,0.7065763473510742,0.48581790924072266,0.13477590680122375,0.2151985131211299,0.2868549828360575,0.2893937934327705,-5.161440849304199,-5.049855709075928
b090_parked/episode_019e3c25-a92e-7824-a264-f1da48b9bd3d/random_walk,832,27.733333333333334,1.0,-5.834448337554932,-8.674979209899902,0.7554693818092346,0.2709640860557556,0.0384661927819252,0.21565269525321928,0.30050317365520707,0.3096709303196078,-4.76999568939209,-4.583215713500977
b090_parked/episode_019e3c25-a92e-7824-a264-f1da48b9bd3d/random_walk,887,29.566666666666666,1.0,-5.724271297454834,-7.658085823059082,0.8441951870918274,0.22114893794059753,0.037892427295446396,0.2437684201009049,0.3132142906783252,0.3180987247116869,-4.89355993270874,-4.7563958168029785
b090_parked/episode_019e3c25-a92e-7824-a264-f1da48b9bd3d/random_walk,947,31.566666666666666,1.0,-1.672606348991394,-1.754697322845459,0.9895949363708496,0.17744052410125732,0.010986941866576672,0.7767142435695498,0.7840033853493036,0.7743699673283307,-1.5054289102554321,-1.540637731552124
b090_parked/episode_019e3c25-a92e-7824-a264-f1da48b9bd3d/random_walk,1007,33.56666666666667,1.0,-0.817033588886261,-1.8159162998199463,0.9982657432556152,0.25750577449798584,0.0120537793263793,0.8326901051803094,0.8349589023806786,0.8306218026436423,-0.7002543210983276,-0.6727486252784729
b090_parked/episode_019e3c25-a92e-7824-a264-f1da48b9bd3d/random_walk,1067,35.56666666666667,1.0,-0.43296462297439575,-1.9755675792694092,0.9993380308151245,0.25754234194755554,0.01798621006309986,0.852084335077471,0.85188319772572,0.8455562842741481,-0.35370415449142456,-0.36804261803627014
b090_parked/episode_019e3c25-a92e-7824-a264-f1da48b9bd3d/random_walk,1127,37.56666666666667,1.0,-0.17975613474845886,-1.9273653030395508,0.9998671412467957,0.4633473753929138,0.06560483574867249,0.8658042893370616,0.8649204709273727,0.8602814521630153,-0.11120440065860748,-0.10030801594257355
b090_parked/episode_019e3c25-a92e-7824-a264-f1da48b9bd3d/random_walk,1187,39.56666666666667,1.0,-0.23983611166477203,-2.0182230472564697,0.9998667240142822,0.6670533418655396,0.2186693549156189,0.8616092460989823,0.8639049830402514,0.8588749268161376,-0.10806499421596527,-0.10430225729942322
b050_original/episode_019e2261-5abe-7ece-910d-8988dd12106a/replay_control,0,0.0,0.0,-2.785065174102783,-7.025854587554932,0.8466649055480957,0.09722155332565308,0.0060975621454417706,0.5476655135469395,,,,
b050_original/episode_019e2261-5abe-7ece-910d-8988dd12106a/replay_control,45,1.5,0.0,-6.660131454467773,-28.608779907226562,0.7576696872711182,0.10440254956483841,0.005730246659368277,0.021041086396567585,0.044003622430094806,0.08728124567126788,-4.871877193450928,-3.0465564727783203
b050_original/episode_019e2261-5abe-7ece-910d-8988dd12106a/replay_control,89,2.966666666666667,0.0,-6.324075698852539,-19.48061752319336,0.7296010851860046,0.3227863311767578,0.03676946833729744,0.06351981850472481,0.05844110719787333,0.05982371627451072,-6.545650482177734,-6.4119486808776855
b050_original/episode_019e2261-5abe-7ece-910d-8988dd12106a/replay_control,134,4.466666666666667,0.0,-6.511727333068848,-20.04092025756836,0.654663622379303,0.2862359881401062,0.06465348601341248,0.0555897577017373,0.061452577512409796,0.06279317114726354,-6.272255897521973,-6.141879081726074
b050_original/episode_019e2261-5abe-7ece-910d-8988dd12106a/replay_control,178,5.933333333333334,0.0,-6.447298049926758,-11.615358352661133,0.637009859085083,0.17067433893680573,0.02262919954955578,0.13277868947197283,0.14373053052368587,0.14565662193817472,-6.235515594482422,-6.121464729309082
b050_original/episode_019e2261-5abe-7ece-910d-8988dd12106a/replay_control,223,7.433333333333334,0.0,-6.693732738494873,-7.881081581115723,0.6265609264373779,0.513404369354248,0.16451646387577057,0.17218492519522974,0.18588988600090453,0.21313243171063292,-6.479591369628906,-5.995486736297607
b050_original/episode_019e2261-5abe-7ece-910d-8988dd12106a/replay_control,268,8.933333333333334,0.5,-6.46560525894165,-7.532020568847656,0.6381562352180481,0.45124250650405884,0.08882029354572296,0.19240644624447986,0.1908366256175973,0.19321347824895946,-6.493860721588135,-6.380860328674316
b050_original/episode_019e2261-5abe-7ece-910d-8988dd12106a/replay_control,312,10.4,0.5,-6.4569621086120605,-9.917211532592773,0.6849751472473145,0.570588231086731,0.1980641782283783,0.15530267760884167,0.18459015547681015,0.20125568510011135,-5.96820592880249,-5.63430643081665
b050_original/episode_019e2261-5abe-7ece-910d-8988dd12106a/replay_control,327,10.9,0.5,-6.372167587280273,-8.7208890914917,0.6705126762390137,0.5979581475257874,0.2018132209777832,0.17863793701470937,0.19601111302928123,0.2230583262956337,-6.104482650756836,-5.6363725662231445
b050_original/episode_019e2261-5abe-7ece-910d-8988dd12106a/replay_control,357,11.9,0.5,-6.212840557098389,-8.380158424377441,0.6659137010574341,0.5872994661331177,0.14511536061763763,0.1946466129195414,0.20388739378304438,0.206352381376171,-6.0764479637146,-5.962289810180664
b050_original/episode_019e2261-5abe-7ece-910d-8988dd12106a/replay_control,402,13.4,0.5,-6.352195739746094,-10.571581840515137,0.6886790990829468,0.33571165800094604,0.01640303246676922,0.1517392686974013,0.15310610376295525,0.16987464184330156,-6.331799030303955,-5.959344863891602
b050_original/episode_019e2261-5abe-7ece-910d-8988dd12106a/replay_control,446,14.866666666666667,0.5,-6.746514797210693,-11.073476791381836,0.5811477899551392,0.5288975834846497,0.12940272688865662,0.12515145733709687,0.15238835010495036,0.1568923188394602,-6.213881969451904,-6.054564476013184
b050_original/episode_019e2261-5abe-7ece-910d-8988dd12106a/replay_control,491,16.366666666666667,0.5,-6.246821880340576,-7.142911911010742,0.7141708135604858,0.4095829725265503,0.060086652636528015,0.21445976464578176,0.22810888947018718,0.22579891028219007,-6.059383392333984,-6.012475490570068
b050_original/episode_019e2261-5abe-7ece-910d-8988dd12106a/replay_control,536,17.866666666666667,1.0,-6.225904941558838,-6.631166934967041,0.7335222363471985,0.8528081178665161,0.6146253347396851,0.22566815985092537,0.2305991070244024,0.23526417755447362,-6.159568786621094,-6.019259452819824
b050_original/episode_019e2261-5abe-7ece-910d-8988dd12106a/replay_control,580,19.333333333333332,1.0,-6.650726318359375,-10.660983085632324,0.767339825630188,0.6627514362335205,0.2628418207168579,0.13491152162901857,0.1865299549045308,0.1923103553744023,-5.743419170379639,-5.574420928955078
b050_original/episode_019e2261-5abe-7ece-910d-8988dd12106a/replay_control,625,20.833333333333332,1.0,-5.056503772735596,-2.8942649364471436,0.9363359212875366,0.8576459884643555,0.5751108527183533,0.42010581383649526,0.46606303056021303,0.48048212150462444,-4.5949482917785645,-4.371690273284912
b050_original/episode_019e2261-5abe-7ece-910d-8988dd12106a/replay_control,669,22.3,1.0,-1.007521629333496,-2.1132631301879883,0.9983552694320679,0.4128759503364563,0.13477590680122375,0.8161976493725085,0.8312149294884575,0.8308760125385674,-0.6865817308425903,-0.5904804468154907
b050_original/episode_019e2261-5abe-7ece-910d-8988dd12106a/replay_control,714,23.8,1.0,-1.6449471712112427,-2.0047998428344727,0.9954670667648315,0.34558895230293274,0.16667540371418,0.7739686276258075,0.7781962097677467,0.7771340493090049,-1.5208280086517334,-1.4371451139450073
b050_original/episode_019e2261-5abe-7ece-910d-8988dd12106a/hold,0,0.0,0.0,-2.785065174102783,-7.025854587554932,0.8466649055480957,0.09722155332565308,0.0060975621454417706,0.5476655135469395,,,,
b050_original/episode_019e2261-5abe-7ece-910d-8988dd12106a/hold,45,1.5,0.0,-6.660131454467773,-28.608779907226562,0.7576696872711182,0.10440254956483841,0.005730246659368277,0.021041086396567585,0.044003622430094806,0.08728124567126788,-4.871877193450928,-3.0465564727783203
b050_original/episode_019e2261-5abe-7ece-910d-8988dd12106a/hold,89,2.966666666666667,0.0,-6.324075698852539,-19.48061752319336,0.7296010851860046,0.3227863311767578,0.03676946833729744,0.06351981850472481,0.05844110719787333,0.05982371627451072,-6.545650482177734,-6.4119486808776855
b050_original/episode_019e2261-5abe-7ece-910d-8988dd12106a/hold,134,4.466666666666667,0.0,-6.511727333068848,-20.04092025756836,0.654663622379303,0.2862359881401062,0.06465348601341248,0.0555897577017373,0.061452577512409796,0.06279317114726354,-6.272255897521973,-6.141879081726074
b050_original/episode_019e2261-5abe-7ece-910d-8988dd12106a/hold,178,5.933333333333334,0.0,-6.447298049926758,-11.615358352661133,0.637009859085083,0.17067433893680573,0.02262919954955578,0.13277868947197283,0.14373053052368587,0.14565662193817472,-6.235515594482422,-6.121464729309082
b050_original/episode_019e2261-5abe-7ece-910d-8988dd12106a/hold,223,7.433333333333334,0.0,-6.693732738494873,-7.881081581115723,0.6265609264373779,0.513404369354248,0.16451646387577057,0.17218492519522974,0.18588988600090453,0.21313243171063292,-6.479591369628906,-5.995486736297607
b050_original/episode_019e2261-5abe-7ece-910d-8988dd12106a/hold,268,8.933333333333334,0.5,-6.46560525894165,-7.532020568847656,0.6381562352180481,0.45124250650405884,0.08882029354572296,0.19240644624447986,0.1908366256175973,0.19321347824895946,-6.493860721588135,-6.380860328674316
b050_original/episode_019e2261-5abe-7ece-910d-8988dd12106a/hold,312,10.4,0.5,-6.4569621086120605,-9.917211532592773,0.6849751472473145,0.570588231086731,0.1980641782283783,0.15530267760884167,0.18459015547681015,0.20125568510011135,-5.96820592880249,-5.63430643081665
b050_original/episode_019e2261-5abe-7ece-910d-8988dd12106a/hold,327,10.9,0.5,-6.372167587280273,-8.7208890914917,0.6705126762390137,0.5979581475257874,0.2018132209777832,0.17863793701470937,0.19601111302928123,0.2230583262956337,-6.104482650756836,-5.6363725662231445
b050_original/episode_019e2261-5abe-7ece-910d-8988dd12106a/hold,357,11.9,0.5,-6.390972137451172,-8.958242416381836,0.6661654710769653,0.6359858512878418,0.20946967601776123,0.17367829117821848,0.17817305196000421,0.17884710368741888,-6.321425437927246,-6.233508110046387
b050_original/episode_019e2261-5abe-7ece-910d-8988dd12106a/hold,402,13.4,0.5,-6.377767562866211,-8.852975845336914,0.6686140298843384,0.6599605083465576,0.19930799305438995,0.1761653034058282,0.1784210757827667,0.17929016528770453,-6.344898223876953,-6.253911018371582
b050_original/episode_019e2261-5abe-7ece-910d-8988dd12106a/hold,446,14.866666666666667,0.5,-6.367496490478516,-8.671741485595703,0.6710759997367859,0.6301660537719727,0.14804719388484955,0.1797275246098879,0.1807207964193806,0.18265244247444987,-6.355136394500732,-6.247278213500977
b050_original/episode_019e2261-5abe-7ece-910d-8988dd12106a/hold,491,16.366666666666667,0.5,-6.368462085723877,-8.848281860351562,0.6720558404922485,0.638124942779541,0.14033624529838562,0.17681737467360442,0.17752210865659532,0.17853410467927489,-6.360729217529297,-6.267426013946533
b050_original/episode_019e2261-5abe-7ece-910d-8988dd12106a/hold,536,17.866666666666667,0.5,-6.38040828704834,-8.882370948791504,0.6718794703483582,0.7530059814453125,0.28937169909477234,0.17553261022111144,0.17731370775653413,0.17887648946383147,-6.355218887329102,-6.252921104431152
b050_original/episode_019e2261-5abe-7ece-910d-8988dd12106a/hold,580,19.333333333333332,0.5,-6.349600315093994,-8.688733100891113,0.6717352867126465,0.6467046141624451,0.1581743359565735,0.1805784245963119,0.17973550125404605,0.18105092050352384,-6.366548538208008,-6.268516540527344
b050_original/episode_019e2261-5abe-7ece-910d-8988dd12106a/hold,625,20.833333333333332,0.5,-6.349600315093994,-8.688733100891113,0.6724035739898682,0.7071727514266968,0.21601155400276184,0.1805784245963119,0.18045839216094506,0.18231948165572595,-6.354912757873535,-6.248150825500488
b050_original/episode_019e2261-5abe-7ece-910d-8988dd12106a/hold,669,22.3,0.5,-6.335383892059326,-8.613725662231445,0.6719962358474731,0.617087721824646,0.1276526302099228,0.18270847319305145,0.1816285974380415,0.1839719781073,-6.355746269226074,-6.24144983291626
b050_original/episode_019e2261-5abe-7ece-910d-8988dd12106a/hold,714,23.8,0.5,-6.373847961425781,-8.770090103149414,0.6723315715789795,0.709222137928009,0.2120688259601593,0.1777390264613471,0.178903717671696,0.18078337634408784,-6.358731269836426,-6.251497268676758
b050_original/episode_019e2261-5abe-7ece-910d-8988dd12106a/random_walk,0,0.0,0.0,-2.785065174102783,-7.025854587554932,0.8466649055480957,0.09722155332565308,0.0060975621454417706,0.5476655135469395,,,,
b050_original/episode_019e2261-5abe-7ece-910d-8988dd12106a/random_walk,45,1.5,0.0,-6.660131454467773,-28.608779907226562,0.7576696872711182,0.10440254956483841,0.005730246659368277,0.021041086396567585,0.044003622430094806,0.08728124567126788,-4.871877193450928,-3.0465564727783203
b050_original/episode_019e2261-5abe-7ece-910d-8988dd12106a/random_walk,89,2.966666666666667,0.0,-6.324075698852539,-19.48061752319336,0.7296010851860046,0.3227863311767578,0.03676946833729744,0.06351981850472481,0.05844110719787333,0.05982371627451072,-6.545650482177734,-6.4119486808776855
b050_original/episode_019e2261-5abe-7ece-910d-8988dd12106a/random_walk,134,4.466666666666667,0.0,-6.511727333068848,-20.04092025756836,0.654663622379303,0.2862359881401062,0.06465348601341248,0.0555897577017373,0.061452577512409796,0.06279317114726354,-6.272255897521973,-6.141879081726074
b050_original/episode_019e2261-5abe-7ece-910d-8988dd12106a/random_walk,178,5.933333333333334,0.0,-6.447298049926758,-11.615358352661133,0.637009859085083,0.17067433893680573,0.02262919954955578,0.13277868947197283,0.14373053052368587,0.14565662193817472,-6.235515594482422,-6.121464729309082
b050_original/episode_019e2261-5abe-7ece-910d-8988dd12106a/random_walk,223,7.433333333333334,0.0,-6.693732738494873,-7.881081581115723,0.6265609264373779,0.513404369354248,0.16451646387577057,0.17218492519522974,0.18588988600090453,0.21313243171063292,-6.479591369628906,-5.995486736297607
b050_original/episode_019e2261-5abe-7ece-910d-8988dd12106a/random_walk,268,8.933333333333334,0.5,-6.46560525894165,-7.532020568847656,0.6381562352180481,0.45124250650405884,0.08882029354572296,0.19240644624447986,0.1908366256175973,0.19321347824895946,-6.493860721588135,-6.380860328674316
b050_original/episode_019e2261-5abe-7ece-910d-8988dd12106a/random_walk,312,10.4,0.5,-6.4569621086120605,-9.917211532592773,0.6849751472473145,0.570588231086731,0.1980641782283783,0.15530267760884167,0.18459015547681015,0.20125568510011135,-5.96820592880249,-5.63430643081665
b050_original/episode_019e2261-5abe-7ece-910d-8988dd12106a/random_walk,327,10.9,0.5,-6.372167587280273,-8.7208890914917,0.6705126762390137,0.5979581475257874,0.2018132209777832,0.17863793701470937,0.19601111302928123,0.2230583262956337,-6.104482650756836,-5.6363725662231445
b050_original/episode_019e2261-5abe-7ece-910d-8988dd12106a/random_walk,357,11.9,0.5,-6.609832286834717,-12.762414932250977,0.6937801837921143,0.7362173795700073,0.36931508779525757,0.11181439820062647,0.15401238380421575,0.16034296207145401,-5.7429633140563965,-5.550074577331543
b050_original/episode_019e2261-5abe-7ece-910d-8988dd12106a/random_walk,402,13.4,1.0,-6.239992618560791,-8.465408325195312,0.6969200968742371,0.6944504380226135,0.29421496391296387,0.19137950366844364,0.23503014227162183,0.26867654780044714,-5.621484756469727,-5.114787578582764
b050_original/episode_019e2261-5abe-7ece-910d-8988dd12106a/random_walk,446,14.866666666666667,1.0,-6.392816066741943,-8.482805252075195,0.5924049615859985,0.5724202990531921,0.12852513790130615,0.18120950588657628,0.2199331904477177,0.23316861770106725,-5.82118558883667,-5.561718940734863
b050_original/episode_019e2261-5abe-7ece-910d-8988dd12106a/random_walk,491,16.366666666666667,1.0,-6.1981000900268555,-8.343973159790039,0.7174924612045288,0.6603642702102661,0.2958398759365082,0.1962623639647437,0.2086532094434156,0.20979538575402887,-6.016711235046387,-5.921902656555176
b050_original/episode_019e2261-5abe-7ece-910d-8988dd12106a/random_walk,536,17.866666666666667,1.0,-6.133434295654297,-10.292232513427734,0.7504832744598389,0.8000519275665283,0.4904186427593231,0.16841119836198612,0.18940545150397922,0.20578390889840856,-5.7949628829956055,-5.469311714172363
b050_original/episode_019e2261-5abe-7ece-910d-8988dd12106a/random_walk,580,19.333333333333332,1.0,-6.269673824310303,-13.256824493408203,0.7249699234962463,0.5168254375457764,0.13206614553928375,0.12113453841388308,0.13331620058986185,0.15759103851266223,-6.01425838470459,-5.469590187072754
b050_original/episode_019e2261-5abe-7ece-910d-8988dd12106a/random_walk,625,20.833333333333332,0.5,-6.317814350128174,-19.5001220703125,0.7035095691680908,0.2856872081756592,0.05749328061938286,0.06355084144241617,0.09117648291989697,0.09506335134414512,-5.3993072509765625,-5.210198402404785
b050_original/episode_019e2261-5abe-7ece-910d-8988dd12106a/random_walk,669,22.3,0.5,-6.5360612869262695,-22.430374145507812,0.6501966118812561,0.39752787351608276,0.07807816565036774,0.04285013546126967,0.05706789728844072,0.064188183723246,-5.8351287841796875,-5.459455490112305
b050_original/episode_019e2261-5abe-7ece-910d-8988dd12106a/random_walk,714,23.8,0.5,-6.376754283905029,-9.945852279663086,0.6364803314208984,0.43587613105773926,0.07807816565036774,0.15942048123456673,0.17823310719511587,0.19517587207936848,-6.062479019165039,-5.718114376068115
b050_parked/episode_019e2261-5abe-7ece-910d-8988dd12106a/replay_control,0,0.0,0.0,-2.785065174102783,-7.025854587554932,0.8466649055480957,0.09722155332565308,0.0060975621454417706,0.5476655135469395,,,,
b050_parked/episode_019e2261-5abe-7ece-910d-8988dd12106a/replay_control,45,1.5,0.0,-6.660131454467773,-28.608779907226562,0.7576696872711182,0.10440254956483841,0.005730246659368277,0.021041086396567585,0.044003622430094806,0.08728124567126788,-4.871877193450928,-3.0465564727783203
b050_parked/episode_019e2261-5abe-7ece-910d-8988dd12106a/replay_control,89,2.966666666666667,0.0,-6.324075698852539,-19.48061752319336,0.7296010851860046,0.3227863311767578,0.03676946833729744,0.06351981850472481,0.05844110719787333,0.05982371627451072,-6.545650482177734,-6.4119486808776855
b050_parked/episode_019e2261-5abe-7ece-910d-8988dd12106a/replay_control,134,4.466666666666667,0.0,-6.511727333068848,-20.04092025756836,0.654663622379303,0.2862359881401062,0.06465348601341248,0.0555897577017373,0.061452577512409796,0.06279317114726354,-6.272255897521973,-6.141879081726074
b050_parked/episode_019e2261-5abe-7ece-910d-8988dd12106a/replay_control,178,5.933333333333334,0.0,-6.447298049926758,-11.615358352661133,0.637009859085083,0.17067433893680573,0.02262919954955578,0.13277868947197283,0.14373053052368587,0.14565662193817472,-6.235515594482422,-6.121464729309082
b050_parked/episode_019e2261-5abe-7ece-910d-8988dd12106a/replay_control,223,7.433333333333334,0.0,-6.693732738494873,-7.881081581115723,0.6265609264373779,0.513404369354248,0.16451646387577057,0.17218492519522974,0.18588988600090453,0.21313243171063292,-6.479591369628906,-5.995486736297607
b050_parked/episode_019e2261-5abe-7ece-910d-8988dd12106a/replay_control,268,8.933333333333334,0.5,-6.46560525894165,-7.532020568847656,0.6381562352180481,0.45124250650405884,0.08882029354572296,0.19240644624447986,0.1908366256175973,0.19321347824895946,-6.493860721588135,-6.380860328674316
b050_parked/episode_019e2261-5abe-7ece-910d-8988dd12106a/replay_control,312,10.4,0.5,-6.4569621086120605,-9.917211532592773,0.6849751472473145,0.570588231086731,0.1980641782283783,0.15530267760884167,0.18459015547681015,0.20125568510011135,-5.96820592880249,-5.63430643081665
b050_parked/episode_019e2261-5abe-7ece-910d-8988dd12106a/replay_control,327,10.9,0.5,-6.372167587280273,-8.7208890914917,0.6705126762390137,0.5979581475257874,0.2018132209777832,0.17863793701470937,0.19601111302928123,0.2230583262956337,-6.104482650756836,-5.6363725662231445
b050_parked/episode_019e2261-5abe-7ece-910d-8988dd12106a/replay_control,357,11.9,0.5,-6.212840557098389,-8.380158424377441,0.6659137010574341,0.5872994661331177,0.14511536061763763,0.1946466129195414,0.20388739378304438,0.206352381376171,-6.0764479637146,-5.962289810180664
b050_parked/episode_019e2261-5abe-7ece-910d-8988dd12106a/replay_control,402,13.4,0.5,-6.352195739746094,-10.571581840515137,0.6886790990829468,0.33571165800094604,0.01640303246676922,0.1517392686974013,0.15310610376295525,0.16987464184330156,-6.331799030303955,-5.959344863891602
b050_parked/episode_019e2261-5abe-7ece-910d-8988dd12106a/replay_control,446,14.866666666666667,0.5,-6.746514797210693,-11.073476791381836,0.5811477899551392,0.5288975834846497,0.12940272688865662,0.12515145733709687,0.15238835010495036,0.1568923188394602,-6.213881969451904,-6.054564476013184
b050_parked/episode_019e2261-5abe-7ece-910d-8988dd12106a/replay_control,491,16.366666666666667,0.5,-6.246821880340576,-7.142911911010742,0.7141708135604858,0.4095829725265503,0.060086652636528015,0.21445976464578176,0.22810888947018718,0.22579891028219007,-6.059383392333984,-6.012475490570068
b050_parked/episode_019e2261-5abe-7ece-910d-8988dd12106a/replay_control,536,17.866666666666667,1.0,-6.225904941558838,-6.631166934967041,0.7335222363471985,0.8528081178665161,0.6146253347396851,0.22566815985092537,0.2305991070244024,0.23526417755447362,-6.159568786621094,-6.019259452819824
b050_parked/episode_019e2261-5abe-7ece-910d-8988dd12106a/replay_control,580,19.333333333333332,1.0,-6.650726318359375,-10.660983085632324,0.767339825630188,0.6627514362335205,0.2628418207168579,0.13491152162901857,0.1865299549045308,0.1923103553744023,-5.743419170379639,-5.574420928955078
b050_parked/episode_019e2261-5abe-7ece-910d-8988dd12106a/replay_control,625,20.833333333333332,1.0,-5.056503772735596,-2.8942649364471436,0.9363359212875366,0.8576459884643555,0.5751108527183533,0.42010581383649526,0.46606303056021303,0.48048212150462444,-4.5949482917785645,-4.371690273284912
b050_parked/episode_019e2261-5abe-7ece-910d-8988dd12106a/replay_control,669,22.3,1.0,-1.007521629333496,-2.1132631301879883,0.9983552694320679,0.4128759503364563,0.13477590680122375,0.8161976493725085,0.8312149294884575,0.8308760125385674,-0.6865817308425903,-0.5904804468154907
b050_parked/episode_019e2261-5abe-7ece-910d-8988dd12106a/replay_control,714,23.8,1.0,-1.6449471712112427,-2.0047998428344727,0.9954670667648315,0.34558895230293274,0.16667540371418,0.7739686276258075,0.7781962097677467,0.7771340493090049,-1.5208280086517334,-1.4371451139450073
b050_parked/episode_019e2261-5abe-7ece-910d-8988dd12106a/replay_control,774,25.8,1.0,-1.0132813453674316,-2.446110248565674,0.9987103343009949,0.7514265179634094,0.4063906967639923,0.8102537948950935,0.8103576300058084,0.8075573500474352,-0.9369693994522095,-0.8794676065444946
b050_parked/episode_019e2261-5abe-7ece-910d-8988dd12106a/replay_control,834,27.8,1.0,-0.4819107949733734,-2.3725056648254395,0.9992620944976807,0.4020881652832031,0.1233656257390976,0.8437533330761869,0.8411362706880569,0.8348672130037493,-0.4466796815395355,-0.4540756344795227
b050_parked/episode_019e2261-5abe-7ece-910d-8988dd12106a/replay_control,894,29.8,1.0,-0.6478787064552307,-2.3281149864196777,0.9992502331733704,0.3220200836658478,0.06187598779797554,0.8348672806180502,0.8328275453742027,0.8277561969461559,-0.6030363440513611,-0.5867627859115601
b050_parked/episode_019e2261-5abe-7ece-910d-8988dd12106a/replay_control,954,31.8,1.0,-0.5304186344146729,-2.331651449203491,0.9992595911026001,0.5010344386100769,0.1233656257390976,0.8416072153030474,0.839383588880821,0.8336322478926502,-0.48838746547698975,-0.486103355884552
b050_parked/episode_019e2261-5abe-7ece-910d-8988dd12106a/replay_control,1014,33.8,1.0,-0.5304186344146729,-2.331651449203491,0.9992293119430542,0.2733208239078522,0.03514484688639641,0.8416072153030474,0.839383588880821,0.8331491938712619,-0.48838746547698975,-0.49440711736679077
b050_parked/episode_019e2261-5abe-7ece-910d-8988dd12106a/hold,0,0.0,0.0,-2.785065174102783,-7.025854587554932,0.8466649055480957,0.09722155332565308,0.0060975621454417706,0.5476655135469395,,,,
b050_parked/episode_019e2261-5abe-7ece-910d-8988dd12106a/hold,45,1.5,0.0,-6.660131454467773,-28.608779907226562,0.7576696872711182,0.10440254956483841,0.005730246659368277,0.021041086396567585,0.044003622430094806,0.08728124567126788,-4.871877193450928,-3.0465564727783203
b050_parked/episode_019e2261-5abe-7ece-910d-8988dd12106a/hold,89,2.966666666666667,0.0,-6.324075698852539,-19.48061752319336,0.7296010851860046,0.3227863311767578,0.03676946833729744,0.06351981850472481,0.05844110719787333,0.05982371627451072,-6.545650482177734,-6.4119486808776855
b050_parked/episode_019e2261-5abe-7ece-910d-8988dd12106a/hold,134,4.466666666666667,0.0,-6.511727333068848,-20.04092025756836,0.654663622379303,0.2862359881401062,0.06465348601341248,0.0555897577017373,0.061452577512409796,0.06279317114726354,-6.272255897521973,-6.141879081726074
b050_parked/episode_019e2261-5abe-7ece-910d-8988dd12106a/hold,178,5.933333333333334,0.0,-6.447298049926758,-11.615358352661133,0.637009859085083,0.17067433893680573,0.02262919954955578,0.13277868947197283,0.14373053052368587,0.14565662193817472,-6.235515594482422,-6.121464729309082
b050_parked/episode_019e2261-5abe-7ece-910d-8988dd12106a/hold,223,7.433333333333334,0.0,-6.693732738494873,-7.881081581115723,0.6265609264373779,0.513404369354248,0.16451646387577057,0.17218492519522974,0.18588988600090453,0.21313243171063292,-6.479591369628906,-5.995486736297607
b050_parked/episode_019e2261-5abe-7ece-910d-8988dd12106a/hold,268,8.933333333333334,0.5,-6.46560525894165,-7.532020568847656,0.6381562352180481,0.45124250650405884,0.08882029354572296,0.19240644624447986,0.1908366256175973,0.19321347824895946,-6.493860721588135,-6.380860328674316
b050_parked/episode_019e2261-5abe-7ece-910d-8988dd12106a/hold,312,10.4,0.5,-6.4569621086120605,-9.917211532592773,0.6849751472473145,0.570588231086731,0.1980641782283783,0.15530267760884167,0.18459015547681015,0.20125568510011135,-5.96820592880249,-5.63430643081665
b050_parked/episode_019e2261-5abe-7ece-910d-8988dd12106a/hold,327,10.9,0.5,-6.372167587280273,-8.7208890914917,0.6705126762390137,0.5979581475257874,0.2018132209777832,0.17863793701470937,0.19601111302928123,0.2230583262956337,-6.104482650756836,-5.6363725662231445
b050_parked/episode_019e2261-5abe-7ece-910d-8988dd12106a/hold,357,11.9,0.5,-6.390972137451172,-8.958242416381836,0.6661654710769653,0.6359858512878418,0.20946967601776123,0.17367829117821848,0.17817305196000421,0.17884710368741888,-6.321425437927246,-6.233508110046387
b050_parked/episode_019e2261-5abe-7ece-910d-8988dd12106a/hold,402,13.4,0.5,-6.377767562866211,-8.852975845336914,0.6686140298843384,0.6599605083465576,0.19930799305438995,0.1761653034058282,0.1784210757827667,0.17929016528770453,-6.344898223876953,-6.253911018371582
b050_parked/episode_019e2261-5abe-7ece-910d-8988dd12106a/hold,446,14.866666666666667,0.5,-6.367496490478516,-8.671741485595703,0.6710759997367859,0.6301660537719727,0.14804719388484955,0.1797275246098879,0.1807207964193806,0.18265244247444987,-6.355136394500732,-6.247278213500977
b050_parked/episode_019e2261-5abe-7ece-910d-8988dd12106a/hold,491,16.366666666666667,0.5,-6.368462085723877,-8.848281860351562,0.6720558404922485,0.638124942779541,0.14033624529838562,0.17681737467360442,0.17752210865659532,0.17853410467927489,-6.360729217529297,-6.267426013946533
b050_parked/episode_019e2261-5abe-7ece-910d-8988dd12106a/hold,536,17.866666666666667,0.5,-6.38040828704834,-8.882370948791504,0.6718794703483582,0.7530059814453125,0.28937169909477234,0.17553261022111144,0.17731370775653413,0.17887648946383147,-6.355218887329102,-6.252921104431152
b050_parked/episode_019e2261-5abe-7ece-910d-8988dd12106a/hold,580,19.333333333333332,0.5,-6.349600315093994,-8.688733100891113,0.6717352867126465,0.6467046141624451,0.1581743359565735,0.1805784245963119,0.17973550125404605,0.18105092050352384,-6.366548538208008,-6.268516540527344
b050_parked/episode_019e2261-5abe-7ece-910d-8988dd12106a/hold,625,20.833333333333332,0.5,-6.349600315093994,-8.688733100891113,0.6724035739898682,0.7071727514266968,0.21601155400276184,0.1805784245963119,0.18045839216094506,0.18231948165572595,-6.354912757873535,-6.248150825500488
b050_parked/episode_019e2261-5abe-7ece-910d-8988dd12106a/hold,669,22.3,0.5,-6.335383892059326,-8.613725662231445,0.6719962358474731,0.617087721824646,0.1276526302099228,0.18270847319305145,0.1816285974380415,0.1839719781073,-6.355746269226074,-6.24144983291626
b050_parked/episode_019e2261-5abe-7ece-910d-8988dd12106a/hold,714,23.8,0.5,-6.373847961425781,-8.770090103149414,0.6723315715789795,0.709222137928009,0.2120688259601593,0.1777390264613471,0.178903717671696,0.18078337634408784,-6.358731269836426,-6.251497268676758
b050_parked/episode_019e2261-5abe-7ece-910d-8988dd12106a/hold,774,25.8,0.5,-2.1051762104034424,-3.571135997772217,0.965026319026947,0.3391636312007904,0.05665242671966553,0.7030667143776298,0.7004836537681098,0.6921231253909961,-2.0756757259368896,-2.0742921829223633
b050_parked/episode_019e2261-5abe-7ece-910d-8988dd12106a/hold,834,27.8,0.5,-1.4478230476379395,-3.25567626953125,0.9673178195953369,0.2986661493778229,0.0384661927819252,0.7644254804873343,0.7647675631764194,0.7587881373959328,-1.375171184539795,-1.3550493717193604
b050_parked/episode_019e2261-5abe-7ece-910d-8988dd12106a/hold,894,29.8,0.5,-1.063822865486145,-3.31571626663208,0.9662636518478394,0.16032947599887848,0.01065251138061285,0.7915467546859741,0.7905101723430379,0.7818190524225739,-1.0053331851959229,-1.0284169912338257
b050_parked/episode_019e2261-5abe-7ece-910d-8988dd12106a/hold,954,31.8,0.5,-0.9223242402076721,-3.025245189666748,0.9662193655967712,0.1946544647216797,0.01798621006309986,0.806377027887472,0.8070631448804974,0.7997224086760845,-0.8363124132156372,-0.8461617231369019
b050_parked/episode_019e2261-5abe-7ece-910d-8988dd12106a/hold,1014,33.8,0.5,-0.9629893898963928,-3.0429909229278564,0.9663688540458679,0.17292840778827667,0.01640303246676922,0.8033456688781533,0.8045715260742217,0.7965654142517522,-0.8695240020751953,-0.8882813453674316
b050_parked/episode_019e2261-5abe-7ece-910d-8988dd12106a/random_walk,0,0.0,0.0,-2.785065174102783,-7.025854587554932,0.8466649055480957,0.09722155332565308,0.0060975621454417706,0.5476655135469395,,,,
b050_parked/episode_019e2261-5abe-7ece-910d-8988dd12106a/random_walk,45,1.5,0.0,-6.660131454467773,-28.608779907226562,0.7576696872711182,0.10440254956483841,0.005730246659368277,0.021041086396567585,0.044003622430094806,0.08728124567126788,-4.871877193450928,-3.0465564727783203
b050_parked/episode_019e2261-5abe-7ece-910d-8988dd12106a/random_walk,89,2.966666666666667,0.0,-6.324075698852539,-19.48061752319336,0.7296010851860046,0.3227863311767578,0.03676946833729744,0.06351981850472481,0.05844110719787333,0.05982371627451072,-6.545650482177734,-6.4119486808776855
b050_parked/episode_019e2261-5abe-7ece-910d-8988dd12106a/random_walk,134,4.466666666666667,0.0,-6.511727333068848,-20.04092025756836,0.654663622379303,0.2862359881401062,0.06465348601341248,0.0555897577017373,0.061452577512409796,0.06279317114726354,-6.272255897521973,-6.141879081726074
b050_parked/episode_019e2261-5abe-7ece-910d-8988dd12106a/random_walk,178,5.933333333333334,0.0,-6.447298049926758,-11.615358352661133,0.637009859085083,0.17067433893680573,0.02262919954955578,0.13277868947197283,0.14373053052368587,0.14565662193817472,-6.235515594482422,-6.121464729309082
b050_parked/episode_019e2261-5abe-7ece-910d-8988dd12106a/random_walk,223,7.433333333333334,0.0,-6.693732738494873,-7.881081581115723,0.6265609264373779,0.513404369354248,0.16451646387577057,0.17218492519522974,0.18588988600090453,0.21313243171063292,-6.479591369628906,-5.995486736297607
b050_parked/episode_019e2261-5abe-7ece-910d-8988dd12106a/random_walk,268,8.933333333333334,0.5,-6.46560525894165,-7.532020568847656,0.6381562352180481,0.45124250650405884,0.08882029354572296,0.19240644624447986,0.1908366256175973,0.19321347824895946,-6.493860721588135,-6.380860328674316
b050_parked/episode_019e2261-5abe-7ece-910d-8988dd12106a/random_walk,312,10.4,0.5,-6.4569621086120605,-9.917211532592773,0.6849751472473145,0.570588231086731,0.1980641782283783,0.15530267760884167,0.18459015547681015,0.20125568510011135,-5.96820592880249,-5.63430643081665
b050_parked/episode_019e2261-5abe-7ece-910d-8988dd12106a/random_walk,327,10.9,0.5,-6.372167587280273,-8.7208890914917,0.6705126762390137,0.5979581475257874,0.2018132209777832,0.17863793701470937,0.19601111302928123,0.2230583262956337,-6.104482650756836,-5.6363725662231445
b050_parked/episode_019e2261-5abe-7ece-910d-8988dd12106a/random_walk,357,11.9,0.5,-6.609832286834717,-12.762414932250977,0.6937801837921143,0.7362173795700073,0.36931508779525757,0.11181439820062647,0.15401238380421575,0.16034296207145401,-5.7429633140563965,-5.550074577331543
b050_parked/episode_019e2261-5abe-7ece-910d-8988dd12106a/random_walk,402,13.4,1.0,-6.239992618560791,-8.465408325195312,0.6969200968742371,0.6944504380226135,0.29421496391296387,0.19137950366844364,0.23503014227162183,0.26867654780044714,-5.621484756469727,-5.114787578582764
b050_parked/episode_019e2261-5abe-7ece-910d-8988dd12106a/random_walk,446,14.866666666666667,1.0,-6.392816066741943,-8.482805252075195,0.5924049615859985,0.5724202990531921,0.12852513790130615,0.18120950588657628,0.2199331904477177,0.23316861770106725,-5.82118558883667,-5.561718940734863
b050_parked/episode_019e2261-5abe-7ece-910d-8988dd12106a/random_walk,491,16.366666666666667,1.0,-6.1981000900268555,-8.343973159790039,0.7174924612045288,0.6603642702102661,0.2958398759365082,0.1962623639647437,0.2086532094434156,0.20979538575402887,-6.016711235046387,-5.921902656555176
b050_parked/episode_019e2261-5abe-7ece-910d-8988dd12106a/random_walk,536,17.866666666666667,1.0,-6.133434295654297,-10.292232513427734,0.7504832744598389,0.8000519275665283,0.4904186427593231,0.16841119836198612,0.18940545150397922,0.20578390889840856,-5.7949628829956055,-5.469311714172363
b050_parked/episode_019e2261-5abe-7ece-910d-8988dd12106a/random_walk,580,19.333333333333332,1.0,-6.269673824310303,-13.256824493408203,0.7249699234962463,0.5168254375457764,0.13206614553928375,0.12113453841388308,0.13331620058986185,0.15759103851266223,-6.01425838470459,-5.469590187072754
b050_parked/episode_019e2261-5abe-7ece-910d-8988dd12106a/random_walk,625,20.833333333333332,0.5,-6.317814350128174,-19.5001220703125,0.7035095691680908,0.2856872081756592,0.05749328061938286,0.06355084144241617,0.09117648291989697,0.09506335134414512,-5.3993072509765625,-5.210198402404785
b050_parked/episode_019e2261-5abe-7ece-910d-8988dd12106a/random_walk,669,22.3,0.5,-6.5360612869262695,-22.430374145507812,0.6501966118812561,0.39752787351608276,0.07807816565036774,0.04285013546126967,0.05706789728844072,0.064188183723246,-5.8351287841796875,-5.459455490112305
b050_parked/episode_019e2261-5abe-7ece-910d-8988dd12106a/random_walk,714,23.8,0.5,-6.376754283905029,-9.945852279663086,0.6364803314208984,0.43587613105773926,0.07807816565036774,0.15942048123456673,0.17823310719511587,0.19517587207936848,-6.062479019165039,-5.718114376068115
b050_parked/episode_019e2261-5abe-7ece-910d-8988dd12106a/random_walk,774,25.8,0.5,-3.912832736968994,-5.563276767730713,0.9482088088989258,0.20264378190040588,0.011331753805279732,0.46788704447974633,0.5245311369722201,0.538197315307102,-3.3412303924560547,-3.1201400756835938
b050_parked/episode_019e2261-5abe-7ece-910d-8988dd12106a/random_walk,834,27.8,0.5,-3.3762383460998535,-4.522246360778809,0.9578337073326111,0.15691836178302765,0.004905405919998884,0.553536636947731,0.5586369385932326,0.5479947949728163,-3.2865169048309326,-3.298813819885254
b050_parked/episode_019e2261-5abe-7ece-910d-8988dd12106a/random_walk,894,29.8,0.5,-2.939863443374634,-4.157811164855957,0.9457091093063354,0.15383724868297577,0.005220125429332256,0.6085600421585274,0.6115192702252154,0.6127367893139863,-2.863401174545288,-2.7588324546813965
b050_parked/episode_019e2261-5abe-7ece-910d-8988dd12106a/random_walk,954,31.8,0.5,-1.6100748777389526,-4.169276237487793,0.9692367911338806,0.141907200217247,0.005730246659368277,0.7324745549652042,0.7348334094555525,0.7341735124267899,-1.516134262084961,-1.4261775016784668
b050_parked/episode_019e2261-5abe-7ece-910d-8988dd12106a/random_walk,1014,33.8,0.5,-1.386753797531128,-4.48227071762085,0.9750959873199463,0.13822145760059357,0.005060331895947456,0.7442124476010746,0.740364764452564,0.7330585009214302,-1.3664494752883911,-1.3577409982681274
b070_original/episode_019e2261-5abe-7ece-910d-8988dd12106a/replay_control,0,0.0,0.0,-2.785065174102783,-7.025854587554932,0.8466649055480957,0.09722155332565308,0.0060975621454417706,0.5476655135469395,,,,
b070_original/episode_019e2261-5abe-7ece-910d-8988dd12106a/replay_control,45,1.5,0.0,-6.660131454467773,-28.608779907226562,0.7576696872711182,0.10440254956483841,0.005730246659368277,0.021041086396567585,0.044003622430094806,0.08728124567126788,-4.871877193450928,-3.0465564727783203
b070_original/episode_019e2261-5abe-7ece-910d-8988dd12106a/replay_control,89,2.966666666666667,0.0,-6.324075698852539,-19.48061752319336,0.7296010851860046,0.3227863311767578,0.03676946833729744,0.06351981850472481,0.05844110719787333,0.05982371627451072,-6.545650482177734,-6.4119486808776855
b070_original/episode_019e2261-5abe-7ece-910d-8988dd12106a/replay_control,134,4.466666666666667,0.0,-6.511727333068848,-20.04092025756836,0.654663622379303,0.2862359881401062,0.06465348601341248,0.0555897577017373,0.061452577512409796,0.06279317114726354,-6.272255897521973,-6.141879081726074
b070_original/episode_019e2261-5abe-7ece-910d-8988dd12106a/replay_control,178,5.933333333333334,0.0,-6.447298049926758,-11.615358352661133,0.637009859085083,0.17067433893680573,0.02262919954955578,0.13277868947197283,0.14373053052368587,0.14565662193817472,-6.235515594482422,-6.121464729309082
b070_original/episode_019e2261-5abe-7ece-910d-8988dd12106a/replay_control,223,7.433333333333334,0.0,-6.693732738494873,-7.881081581115723,0.6265609264373779,0.513404369354248,0.16451646387577057,0.17218492519522974,0.18588988600090453,0.21313243171063292,-6.479591369628906,-5.995486736297607
b070_original/episode_019e2261-5abe-7ece-910d-8988dd12106a/replay_control,268,8.933333333333334,0.5,-6.46560525894165,-7.532020568847656,0.6381562352180481,0.45124250650405884,0.08882029354572296,0.19240644624447986,0.1908366256175973,0.19321347824895946,-6.493860721588135,-6.380860328674316
b070_original/episode_019e2261-5abe-7ece-910d-8988dd12106a/replay_control,312,10.4,0.5,-6.4569621086120605,-9.917211532592773,0.6849751472473145,0.570588231086731,0.1980641782283783,0.15530267760884167,0.18459015547681015,0.20125568510011135,-5.96820592880249,-5.63430643081665
b070_original/episode_019e2261-5abe-7ece-910d-8988dd12106a/replay_control,357,11.9,0.5,-6.225078105926514,-7.959053039550781,0.6641733646392822,0.6031725406646729,0.15921740233898163,0.20118396698593338,0.20781155562513137,0.21161734576976152,-6.129388809204102,-5.996665000915527
b070_original/episode_019e2261-5abe-7ece-910d-8988dd12106a/replay_control,402,13.4,0.5,-6.348259925842285,-10.21131706237793,0.6907497644424438,0.3333316445350647,0.014957086183130741,0.15714240984476135,0.15799255419917216,0.16994383381319497,-6.3374786376953125,-6.052621364593506
b070_original/episode_019e2261-5abe-7ece-910d-8988dd12106a/replay_control,446,14.866666666666667,0.5,-6.774096488952637,-11.04313850402832,0.5924453139305115,0.5499022603034973,0.1276526302099228,0.12423229143771525,0.15211493267059448,0.15748457602487476,-6.226841449737549,-6.051847457885742
b070_original/episode_019e2261-5abe-7ece-910d-8988dd12106a/replay_control,457,15.233333333333333,0.5,-6.822233200073242,-8.42284870147705,0.6553934812545776,0.6253377199172974,0.24508501589298248,0.15646977708134324,0.19819583660583157,0.22644950361055233,-6.1495208740234375,-5.668051719665527
b070_original/episode_019e2261-5abe-7ece-910d-8988dd12106a/replay_control,487,16.233333333333334,0.5,-6.198941230773926,-7.451651096343994,0.7012091875076294,0.4721565246582031,0.09534945338964462,0.21217771148437503,0.21988291537265145,0.22135147113519976,-6.091228008270264,-5.992690086364746
b070_original/episode_019e2261-5abe-7ece-910d-8988dd12106a/replay_control,491,16.366666666666667,0.5,-6.258305549621582,-7.097439289093018,0.7072514891624451,0.4069986045360565,0.060086652636528015,0.21447874113276372,0.22961549512132906,0.22572475797890568,-6.050971031188965,-6.02540922164917
b070_original/episode_019e2261-5abe-7ece-910d-8988dd12106a/replay_control,536,17.866666666666667,1.0,-6.247358322143555,-6.451625823974609,0.7377442121505737,0.8484589457511902,0.6169357895851135,0.22753178960548603,0.23367964907183195,0.2381313155009601,-6.1653900146484375,-6.028450012207031
b070_original/episode_019e2261-5abe-7ece-910d-8988dd12106a/replay_control,580,19.333333333333332,1.0,-6.662146091461182,-9.800806045532227,0.7630029916763306,0.7137799859046936,0.31742626428604126,0.14575449379641206,0.198892618504095,0.20472294182136508,-5.779179573059082,-5.613668918609619
b070_original/episode_019e2261-5abe-7ece-910d-8988dd12106a/replay_control,625,20.833333333333332,1.0,-5.066318035125732,-2.7074496746063232,0.9370100498199463,0.8765314817428589,0.6334102749824524,0.4241063346244306,0.47312153632155457,0.487386152965832,-4.576389312744141,-4.354681015014648
b070_original/episode_019e2261-5abe-7ece-910d-8988dd12106a/replay_control,669,22.3,1.0,-0.9678438305854797,-2.039381980895996,0.9980452060699463,0.334942489862442,0.0838903859257698,0.8199282343730301,0.8357442387036802,0.834830223351021,-0.6283119916915894,-0.5420480966567993
b070_original/episode_019e2261-5abe-7ece-910d-8988dd12106a/replay_control,714,23.8,1.0,-1.5207324028015137,-2.0382699966430664,0.9948598742485046,0.34423503279685974,0.16026602685451508,0.782475708601671,0.7825316816330083,0.7814267774112177,-1.4519627094268799,-1.3687993288040161
b070_original/episode_019e2261-5abe-7ece-910d-8988dd12106a/hold,0,0.0,0.0,-2.785065174102783,-7.025854587554932,0.8466649055480957,0.09722155332565308,0.0060975621454417706,0.5476655135469395,,,,
b070_original/episode_019e2261-5abe-7ece-910d-8988dd12106a/hold,45,1.5,0.0,-6.660131454467773,-28.608779907226562,0.7576696872711182,0.10440254956483841,0.005730246659368277,0.021041086396567585,0.044003622430094806,0.08728124567126788,-4.871877193450928,-3.0465564727783203
b070_original/episode_019e2261-5abe-7ece-910d-8988dd12106a/hold,89,2.966666666666667,0.0,-6.324075698852539,-19.48061752319336,0.7296010851860046,0.3227863311767578,0.03676946833729744,0.06351981850472481,0.05844110719787333,0.05982371627451072,-6.545650482177734,-6.4119486808776855
b070_original/episode_019e2261-5abe-7ece-910d-8988dd12106a/hold,134,4.466666666666667,0.0,-6.511727333068848,-20.04092025756836,0.654663622379303,0.2862359881401062,0.06465348601341248,0.0555897577017373,0.061452577512409796,0.06279317114726354,-6.272255897521973,-6.141879081726074
b070_original/episode_019e2261-5abe-7ece-910d-8988dd12106a/hold,178,5.933333333333334,0.0,-6.447298049926758,-11.615358352661133,0.637009859085083,0.17067433893680573,0.02262919954955578,0.13277868947197283,0.14373053052368587,0.14565662193817472,-6.235515594482422,-6.121464729309082
b070_original/episode_019e2261-5abe-7ece-910d-8988dd12106a/hold,223,7.433333333333334,0.0,-6.693732738494873,-7.881081581115723,0.6265609264373779,0.513404369354248,0.16451646387577057,0.17218492519522974,0.18588988600090453,0.21313243171063292,-6.479591369628906,-5.995486736297607
b070_original/episode_019e2261-5abe-7ece-910d-8988dd12106a/hold,268,8.933333333333334,0.5,-6.46560525894165,-7.532020568847656,0.6381562352180481,0.45124250650405884,0.08882029354572296,0.19240644624447986,0.1908366256175973,0.19321347824895946,-6.493860721588135,-6.380860328674316
b070_original/episode_019e2261-5abe-7ece-910d-8988dd12106a/hold,312,10.4,0.5,-6.4569621086120605,-9.917211532592773,0.6849751472473145,0.570588231086731,0.1980641782283783,0.15530267760884167,0.18459015547681015,0.20125568510011135,-5.96820592880249,-5.63430643081665
b070_original/episode_019e2261-5abe-7ece-910d-8988dd12106a/hold,357,11.9,0.5,-6.225078105926514,-7.959053039550781,0.6641733646392822,0.6031725406646729,0.15921740233898163,0.20118396698593338,0.20781155562513137,0.21161734576976152,-6.129388809204102,-5.996665000915527
b070_original/episode_019e2261-5abe-7ece-910d-8988dd12106a/hold,402,13.4,0.5,-6.348259925842285,-10.21131706237793,0.6907497644424438,0.3333316445350647,0.014957086183130741,0.15714240984476135,0.15799255419917216,0.16994383381319497,-6.3374786376953125,-6.052621364593506
b070_original/episode_019e2261-5abe-7ece-910d-8988dd12106a/hold,446,14.866666666666667,0.5,-6.774096488952637,-11.04313850402832,0.5924453139305115,0.5499022603034973,0.1276526302099228,0.12423229143771525,0.15211493267059448,0.15748457602487476,-6.226841449737549,-6.051847457885742
b070_original/episode_019e2261-5abe-7ece-910d-8988dd12106a/hold,457,15.233333333333333,0.5,-6.822233200073242,-8.42284870147705,0.6553934812545776,0.6253377199172974,0.24508501589298248,0.15646977708134324,0.19819583660583157,0.22644950361055233,-6.1495208740234375,-5.668051719665527
b070_original/episode_019e2261-5abe-7ece-910d-8988dd12106a/hold,487,16.233333333333334,0.5,-6.754662990570068,-7.58134651184082,0.6487815976142883,0.366441547870636,0.05108273774385452,0.17319075648929105,0.18001271851093165,0.1870623505784877,-6.651340484619141,-6.463281631469727
b070_original/episode_019e2261-5abe-7ece-910d-8988dd12106a/hold,491,16.366666666666667,0.5,-6.73391056060791,-7.58242130279541,0.6486508846282959,0.39832085371017456,0.052618950605392456,0.17444491281003707,0.17932355680665835,0.18207159368212217,-6.662173271179199,-6.542153835296631
b070_original/episode_019e2261-5abe-7ece-910d-8988dd12106a/hold,536,17.866666666666667,0.5,-6.735637664794922,-8.048931121826172,0.6584826707839966,0.7534863948822021,0.3486451208591461,0.16706237339782043,0.17418164434714498,0.1772388432924936,-6.624310493469238,-6.498125076293945
b070_original/episode_019e2261-5abe-7ece-910d-8988dd12106a/hold,580,19.333333333333332,0.5,-6.666012763977051,-7.857694149017334,0.6644494533538818,0.5629909038543701,0.14706450700759888,0.1742473077870601,0.17727923454110125,0.17921439023337288,-6.623434543609619,-6.516064643859863
b070_original/episode_019e2261-5abe-7ece-910d-8988dd12106a/hold,625,20.833333333333332,0.5,-6.69141960144043,-7.819258689880371,0.6703236103057861,0.6139146089553833,0.18359363079071045,0.17329946517354097,0.17851176663331592,0.18103516312929543,-6.613443374633789,-6.496712684631348
b070_original/episode_019e2261-5abe-7ece-910d-8988dd12106a/hold,669,22.3,0.5,-6.676717758178711,-7.678558826446533,0.6748090982437134,0.6019173860549927,0.1233656257390976,0.17644142045482786,0.18031152686287136,0.1835948088060377,-6.6211395263671875,-6.492615699768066
b070_original/episode_019e2261-5abe-7ece-910d-8988dd12106a/hold,714,23.8,0.5,-6.679340362548828,-8.051928520202637,0.6693914532661438,0.6759190559387207,0.17895588278770447,0.17038395777372692,0.1760401307458771,0.17801883764472023,-6.592947006225586,-6.484594345092773
b070_original/episode_019e2261-5abe-7ece-910d-8988dd12106a/random_walk,0,0.0,0.0,-2.785065174102783,-7.025854587554932,0.8466649055480957,0.09722155332565308,0.0060975621454417706,0.5476655135469395,,,,
b070_original/episode_019e2261-5abe-7ece-910d-8988dd12106a/random_walk,45,1.5,0.0,-6.660131454467773,-28.608779907226562,0.7576696872711182,0.10440254956483841,0.005730246659368277,0.021041086396567585,0.044003622430094806,0.08728124567126788,-4.871877193450928,-3.0465564727783203
b070_original/episode_019e2261-5abe-7ece-910d-8988dd12106a/random_walk,89,2.966666666666667,0.0,-6.324075698852539,-19.48061752319336,0.7296010851860046,0.3227863311767578,0.03676946833729744,0.06351981850472481,0.05844110719787333,0.05982371627451072,-6.545650482177734,-6.4119486808776855
b070_original/episode_019e2261-5abe-7ece-910d-8988dd12106a/random_walk,134,4.466666666666667,0.0,-6.511727333068848,-20.04092025756836,0.654663622379303,0.2862359881401062,0.06465348601341248,0.0555897577017373,0.061452577512409796,0.06279317114726354,-6.272255897521973,-6.141879081726074
b070_original/episode_019e2261-5abe-7ece-910d-8988dd12106a/random_walk,178,5.933333333333334,0.0,-6.447298049926758,-11.615358352661133,0.637009859085083,0.17067433893680573,0.02262919954955578,0.13277868947197283,0.14373053052368587,0.14565662193817472,-6.235515594482422,-6.121464729309082
b070_original/episode_019e2261-5abe-7ece-910d-8988dd12106a/random_walk,223,7.433333333333334,0.0,-6.693732738494873,-7.881081581115723,0.6265609264373779,0.513404369354248,0.16451646387577057,0.17218492519522974,0.18588988600090453,0.21313243171063292,-6.479591369628906,-5.995486736297607
b070_original/episode_019e2261-5abe-7ece-910d-8988dd12106a/random_walk,268,8.933333333333334,0.5,-6.46560525894165,-7.532020568847656,0.6381562352180481,0.45124250650405884,0.08882029354572296,0.19240644624447986,0.1908366256175973,0.19321347824895946,-6.493860721588135,-6.380860328674316
b070_original/episode_019e2261-5abe-7ece-910d-8988dd12106a/random_walk,312,10.4,0.5,-6.4569621086120605,-9.917211532592773,0.6849751472473145,0.570588231086731,0.1980641782283783,0.15530267760884167,0.18459015547681015,0.20125568510011135,-5.96820592880249,-5.63430643081665
b070_original/episode_019e2261-5abe-7ece-910d-8988dd12106a/random_walk,357,11.9,0.5,-6.225078105926514,-7.959053039550781,0.6641733646392822,0.6031725406646729,0.15921740233898163,0.20118396698593338,0.20781155562513137,0.21161734576976152,-6.129388809204102,-5.996665000915527
b070_original/episode_019e2261-5abe-7ece-910d-8988dd12106a/random_walk,402,13.4,0.5,-6.348259925842285,-10.21131706237793,0.6907497644424438,0.3333316445350647,0.014957086183130741,0.15714240984476135,0.15799255419917216,0.16994383381319497,-6.3374786376953125,-6.052621364593506
b070_original/episode_019e2261-5abe-7ece-910d-8988dd12106a/random_walk,446,14.866666666666667,0.5,-6.774096488952637,-11.04313850402832,0.5924453139305115,0.5499022603034973,0.1276526302099228,0.12423229143771525,0.15211493267059448,0.15748457602487476,-6.226841449737549,-6.051847457885742
b070_original/episode_019e2261-5abe-7ece-910d-8988dd12106a/random_walk,457,15.233333333333333,0.5,-6.822233200073242,-8.42284870147705,0.6553934812545776,0.6253377199172974,0.24508501589298248,0.15646977708134324,0.19819583660583157,0.22644950361055233,-6.1495208740234375,-5.668051719665527
b070_original/episode_019e2261-5abe-7ece-910d-8988dd12106a/random_walk,487,16.233333333333334,0.5,-6.99600076675415,-18.125415802001953,0.7838648557662964,0.5401631593704224,0.16026602685451508,0.05582743665630791,0.08993661792423373,0.09328196676350109,-5.794174671173096,-5.620438575744629
b070_original/episode_019e2261-5abe-7ece-910d-8988dd12106a/random_walk,491,16.366666666666667,0.5,-6.882401466369629,-16.275291442871094,0.727288544178009,0.5320541858673096,0.14223189651966095,0.07071809100088916,0.09965488755636409,0.11040091130174591,-6.008047103881836,-5.657808780670166
b070_original/episode_019e2261-5abe-7ece-910d-8988dd12106a/random_walk,536,17.866666666666667,1.0,-6.263936519622803,-16.956668853759766,0.7939919233322144,0.8338750600814819,0.5751108527183533,0.08416989891808267,0.09844289456977497,0.10188072334578005,-5.862346649169922,-5.693631649017334
b070_original/episode_019e2261-5abe-7ece-910d-8988dd12106a/random_walk,580,19.333333333333332,1.0,-6.911153793334961,-21.211027145385742,0.5136127471923828,0.34923774003982544,0.048136770725250244,0.041811353909332376,0.0557681264554729,0.057841493528248335,-6.211665630340576,-6.043756484985352
b070_original/episode_019e2261-5abe-7ece-910d-8988dd12106a/random_walk,625,20.833333333333332,1.0,-6.450902462005615,-13.557615280151367,0.7003614902496338,0.46989905834198,0.15304215252399445,0.10985938313823643,0.12988320288664898,0.15200011302256106,-6.007091522216797,-5.492741584777832
b070_original/episode_019e2261-5abe-7ece-910d-8988dd12106a/random_walk,669,22.3,1.0,-6.682585716247559,-20.60085678100586,0.7729008793830872,0.710265040397644,0.38537469506263733,0.048932486164379646,0.07266314725652374,0.07362299954157994,-5.699159622192383,-5.5875678062438965
b070_original/episode_019e2261-5abe-7ece-910d-8988dd12106a/random_walk,714,23.8,1.0,-6.05546236038208,-8.547901153564453,0.8026346564292908,0.7791920900344849,0.4736572504043579,0.20238545132856478,0.23058202430261726,0.2403399588293335,-5.659131050109863,-5.449922561645508
b070_parked/episode_019e2261-5abe-7ece-910d-8988dd12106a/replay_control,0,0.0,0.0,-2.785065174102783,-7.025854587554932,0.8466649055480957,0.09722155332565308,0.0060975621454417706,0.5476655135469395,,,,
b070_parked/episode_019e2261-5abe-7ece-910d-8988dd12106a/replay_control,45,1.5,0.0,-6.660131454467773,-28.608779907226562,0.7576696872711182,0.10440254956483841,0.005730246659368277,0.021041086396567585,0.044003622430094806,0.08728124567126788,-4.871877193450928,-3.0465564727783203
b070_parked/episode_019e2261-5abe-7ece-910d-8988dd12106a/replay_control,89,2.966666666666667,0.0,-6.324075698852539,-19.48061752319336,0.7296010851860046,0.3227863311767578,0.03676946833729744,0.06351981850472481,0.05844110719787333,0.05982371627451072,-6.545650482177734,-6.4119486808776855
b070_parked/episode_019e2261-5abe-7ece-910d-8988dd12106a/replay_control,134,4.466666666666667,0.0,-6.511727333068848,-20.04092025756836,0.654663622379303,0.2862359881401062,0.06465348601341248,0.0555897577017373,0.061452577512409796,0.06279317114726354,-6.272255897521973,-6.141879081726074
b070_parked/episode_019e2261-5abe-7ece-910d-8988dd12106a/replay_control,178,5.933333333333334,0.0,-6.447298049926758,-11.615358352661133,0.637009859085083,0.17067433893680573,0.02262919954955578,0.13277868947197283,0.14373053052368587,0.14565662193817472,-6.235515594482422,-6.121464729309082
b070_parked/episode_019e2261-5abe-7ece-910d-8988dd12106a/replay_control,223,7.433333333333334,0.0,-6.693732738494873,-7.881081581115723,0.6265609264373779,0.513404369354248,0.16451646387577057,0.17218492519522974,0.18588988600090453,0.21313243171063292,-6.479591369628906,-5.995486736297607
b070_parked/episode_019e2261-5abe-7ece-910d-8988dd12106a/replay_control,268,8.933333333333334,0.5,-6.46560525894165,-7.532020568847656,0.6381562352180481,0.45124250650405884,0.08882029354572296,0.19240644624447986,0.1908366256175973,0.19321347824895946,-6.493860721588135,-6.380860328674316
b070_parked/episode_019e2261-5abe-7ece-910d-8988dd12106a/replay_control,312,10.4,0.5,-6.4569621086120605,-9.917211532592773,0.6849751472473145,0.570588231086731,0.1980641782283783,0.15530267760884167,0.18459015547681015,0.20125568510011135,-5.96820592880249,-5.63430643081665
b070_parked/episode_019e2261-5abe-7ece-910d-8988dd12106a/replay_control,357,11.9,0.5,-6.225078105926514,-7.959053039550781,0.6641733646392822,0.6031725406646729,0.15921740233898163,0.20118396698593338,0.20781155562513137,0.21161734576976152,-6.129388809204102,-5.996665000915527
b070_parked/episode_019e2261-5abe-7ece-910d-8988dd12106a/replay_control,402,13.4,0.5,-6.348259925842285,-10.21131706237793,0.6907497644424438,0.3333316445350647,0.014957086183130741,0.15714240984476135,0.15799255419917216,0.16994383381319497,-6.3374786376953125,-6.052621364593506
b070_parked/episode_019e2261-5abe-7ece-910d-8988dd12106a/replay_control,446,14.866666666666667,0.5,-6.774096488952637,-11.04313850402832,0.5924453139305115,0.5499022603034973,0.1276526302099228,0.12423229143771525,0.15211493267059448,0.15748457602487476,-6.226841449737549,-6.051847457885742
b070_parked/episode_019e2261-5abe-7ece-910d-8988dd12106a/replay_control,457,15.233333333333333,0.5,-6.822233200073242,-8.42284870147705,0.6553934812545776,0.6253377199172974,0.24508501589298248,0.15646977708134324,0.19819583660583157,0.22644950361055233,-6.1495208740234375,-5.668051719665527
b070_parked/episode_019e2261-5abe-7ece-910d-8988dd12106a/replay_control,487,16.233333333333334,0.5,-6.198941230773926,-7.451651096343994,0.7012091875076294,0.4721565246582031,0.09534945338964462,0.21217771148437503,0.21988291537265145,0.22135147113519976,-6.091228008270264,-5.992690086364746
b070_parked/episode_019e2261-5abe-7ece-910d-8988dd12106a/replay_control,491,16.366666666666667,0.5,-6.258305549621582,-7.097439289093018,0.7072514891624451,0.4069986045360565,0.060086652636528015,0.21447874113276372,0.22961549512132906,0.22572475797890568,-6.050971031188965,-6.02540922164917
b070_parked/episode_019e2261-5abe-7ece-910d-8988dd12106a/replay_control,536,17.866666666666667,1.0,-6.247358322143555,-6.451625823974609,0.7377442121505737,0.8484589457511902,0.6169357895851135,0.22753178960548603,0.23367964907183195,0.2381313155009601,-6.1653900146484375,-6.028450012207031
b070_parked/episode_019e2261-5abe-7ece-910d-8988dd12106a/replay_control,580,19.333333333333332,1.0,-6.662146091461182,-9.800806045532227,0.7630029916763306,0.7137799859046936,0.31742626428604126,0.14575449379641206,0.198892618504095,0.20472294182136508,-5.779179573059082,-5.613668918609619
b070_parked/episode_019e2261-5abe-7ece-910d-8988dd12106a/replay_control,625,20.833333333333332,1.0,-5.066318035125732,-2.7074496746063232,0.9370100498199463,0.8765314817428589,0.6334102749824524,0.4241063346244306,0.47312153632155457,0.487386152965832,-4.576389312744141,-4.354681015014648
b070_parked/episode_019e2261-5abe-7ece-910d-8988dd12106a/replay_control,669,22.3,1.0,-0.9678438305854797,-2.039381980895996,0.9980452060699463,0.334942489862442,0.0838903859257698,0.8199282343730301,0.8357442387036802,0.834830223351021,-0.6283119916915894,-0.5420480966567993
b070_parked/episode_019e2261-5abe-7ece-910d-8988dd12106a/replay_control,714,23.8,1.0,-1.5207324028015137,-2.0382699966430664,0.9948598742485046,0.34423503279685974,0.16026602685451508,0.782475708601671,0.7825316816330083,0.7814267774112177,-1.4519627094268799,-1.3687993288040161
b070_parked/episode_019e2261-5abe-7ece-910d-8988dd12106a/replay_control,774,25.8,1.0,-0.9236341714859009,-2.5565147399902344,0.9988551139831543,0.6715603470802307,0.328529417514801,0.8142298284834345,0.8129833669113542,0.8105096062172186,-0.8673036098480225,-0.8049134016036987
b070_parked/episode_019e2261-5abe-7ece-910d-8988dd12106a/replay_control,834,27.8,1.0,-0.4904317259788513,-2.131639003753662,0.9993874430656433,0.27579259872436523,0.055005285888910294,0.8467496728779605,0.8434234130357736,0.8368117320464975,-0.4686749279499054,-0.48339545726776123
b070_parked/episode_019e2261-5abe-7ece-910d-8988dd12106a/replay_control,894,29.8,1.0,-0.5850708484649658,-2.158457040786743,0.9995225071907043,0.29741406440734863,0.05184546485543251,0.8410430379438625,0.8392770999106518,0.8334372531125571,-0.5355041027069092,-0.5348625183105469
b070_parked/episode_019e2261-5abe-7ece-910d-8988dd12106a/replay_control,954,31.8,1.0,-0.517880916595459,-2.1736066341400146,0.9995051622390747,0.3443450331687927,0.06371499598026276,0.8446182032492203,0.842637509601167,0.8361417573194775,-0.4718283414840698,-0.48408418893814087
b070_parked/episode_019e2261-5abe-7ece-910d-8988dd12106a/replay_control,1014,33.8,1.0,-0.517880916595459,-2.1736066341400146,0.9995707869529724,0.26717403531074524,0.034100424498319626,0.8446182032492203,0.842637509601167,0.8361417573194775,-0.4718283414840698,-0.48408418893814087
b070_parked/episode_019e2261-5abe-7ece-910d-8988dd12106a/hold,0,0.0,0.0,-2.785065174102783,-7.025854587554932,0.8466649055480957,0.09722155332565308,0.0060975621454417706,0.5476655135469395,,,,
b070_parked/episode_019e2261-5abe-7ece-910d-8988dd12106a/hold,45,1.5,0.0,-6.660131454467773,-28.608779907226562,0.7576696872711182,0.10440254956483841,0.005730246659368277,0.021041086396567585,0.044003622430094806,0.08728124567126788,-4.871877193450928,-3.0465564727783203
b070_parked/episode_019e2261-5abe-7ece-910d-8988dd12106a/hold,89,2.966666666666667,0.0,-6.324075698852539,-19.48061752319336,0.7296010851860046,0.3227863311767578,0.03676946833729744,0.06351981850472481,0.05844110719787333,0.05982371627451072,-6.545650482177734,-6.4119486808776855
b070_parked/episode_019e2261-5abe-7ece-910d-8988dd12106a/hold,134,4.466666666666667,0.0,-6.511727333068848,-20.04092025756836,0.654663622379303,0.2862359881401062,0.06465348601341248,0.0555897577017373,0.061452577512409796,0.06279317114726354,-6.272255897521973,-6.141879081726074
b070_parked/episode_019e2261-5abe-7ece-910d-8988dd12106a/hold,178,5.933333333333334,0.0,-6.447298049926758,-11.615358352661133,0.637009859085083,0.17067433893680573,0.02262919954955578,0.13277868947197283,0.14373053052368587,0.14565662193817472,-6.235515594482422,-6.121464729309082
b070_parked/episode_019e2261-5abe-7ece-910d-8988dd12106a/hold,223,7.433333333333334,0.0,-6.693732738494873,-7.881081581115723,0.6265609264373779,0.513404369354248,0.16451646387577057,0.17218492519522974,0.18588988600090453,0.21313243171063292,-6.479591369628906,-5.995486736297607
b070_parked/episode_019e2261-5abe-7ece-910d-8988dd12106a/hold,268,8.933333333333334,0.5,-6.46560525894165,-7.532020568847656,0.6381562352180481,0.45124250650405884,0.08882029354572296,0.19240644624447986,0.1908366256175973,0.19321347824895946,-6.493860721588135,-6.380860328674316
b070_parked/episode_019e2261-5abe-7ece-910d-8988dd12106a/hold,312,10.4,0.5,-6.4569621086120605,-9.917211532592773,0.6849751472473145,0.570588231086731,0.1980641782283783,0.15530267760884167,0.18459015547681015,0.20125568510011135,-5.96820592880249,-5.63430643081665
b070_parked/episode_019e2261-5abe-7ece-910d-8988dd12106a/hold,357,11.9,0.5,-6.225078105926514,-7.959053039550781,0.6641733646392822,0.6031725406646729,0.15921740233898163,0.20118396698593338,0.20781155562513137,0.21161734576976152,-6.129388809204102,-5.996665000915527
b070_parked/episode_019e2261-5abe-7ece-910d-8988dd12106a/hold,402,13.4,0.5,-6.348259925842285,-10.21131706237793,0.6907497644424438,0.3333316445350647,0.014957086183130741,0.15714240984476135,0.15799255419917216,0.16994383381319497,-6.3374786376953125,-6.052621364593506
b070_parked/episode_019e2261-5abe-7ece-910d-8988dd12106a/hold,446,14.866666666666667,0.5,-6.774096488952637,-11.04313850402832,0.5924453139305115,0.5499022603034973,0.1276526302099228,0.12423229143771525,0.15211493267059448,0.15748457602487476,-6.226841449737549,-6.051847457885742
b070_parked/episode_019e2261-5abe-7ece-910d-8988dd12106a/hold,457,15.233333333333333,0.5,-6.822233200073242,-8.42284870147705,0.6553934812545776,0.6253377199172974,0.24508501589298248,0.15646977708134324,0.19819583660583157,0.22644950361055233,-6.1495208740234375,-5.668051719665527
b070_parked/episode_019e2261-5abe-7ece-910d-8988dd12106a/hold,487,16.233333333333334,0.5,-6.754662990570068,-7.58134651184082,0.6487815976142883,0.366441547870636,0.05108273774385452,0.17319075648929105,0.18001271851093165,0.1870623505784877,-6.651340484619141,-6.463281631469727
b070_parked/episode_019e2261-5abe-7ece-910d-8988dd12106a/hold,491,16.366666666666667,0.5,-6.73391056060791,-7.58242130279541,0.6486508846282959,0.39832085371017456,0.052618950605392456,0.17444491281003707,0.17932355680665835,0.18207159368212217,-6.662173271179199,-6.542153835296631
b070_parked/episode_019e2261-5abe-7ece-910d-8988dd12106a/hold,536,17.866666666666667,0.5,-6.735637664794922,-8.048931121826172,0.6584826707839966,0.7534863948822021,0.3486451208591461,0.16706237339782043,0.17418164434714498,0.1772388432924936,-6.624310493469238,-6.498125076293945
b070_parked/episode_019e2261-5abe-7ece-910d-8988dd12106a/hold,580,19.333333333333332,0.5,-6.666012763977051,-7.857694149017334,0.6644494533538818,0.5629909038543701,0.14706450700759888,0.1742473077870601,0.17727923454110125,0.17921439023337288,-6.623434543609619,-6.516064643859863
b070_parked/episode_019e2261-5abe-7ece-910d-8988dd12106a/hold,625,20.833333333333332,0.5,-6.69141960144043,-7.819258689880371,0.6703236103057861,0.6139146089553833,0.18359363079071045,0.17329946517354097,0.17851176663331592,0.18103516312929543,-6.613443374633789,-6.496712684631348
b070_parked/episode_019e2261-5abe-7ece-910d-8988dd12106a/hold,669,22.3,0.5,-6.676717758178711,-7.678558826446533,0.6748090982437134,0.6019173860549927,0.1233656257390976,0.17644142045482786,0.18031152686287136,0.1835948088060377,-6.6211395263671875,-6.492615699768066
b070_parked/episode_019e2261-5abe-7ece-910d-8988dd12106a/hold,714,23.8,0.5,-6.679340362548828,-8.051928520202637,0.6693914532661438,0.6759190559387207,0.17895588278770447,0.17038395777372692,0.1760401307458771,0.17801883764472023,-6.592947006225586,-6.484594345092773
b070_parked/episode_019e2261-5abe-7ece-910d-8988dd12106a/hold,774,25.8,0.5,-2.289937973022461,-2.563775062561035,0.9714220762252808,0.4391157627105713,0.09670579433441162,0.7097444166429718,0.7147207663595598,0.7160605326575674,-2.175232410430908,-2.0640382766723633
b070_parked/episode_019e2261-5abe-7ece-910d-8988dd12106a/hold,834,27.8,0.5,-1.1313717365264893,-2.6997008323669434,0.981907308101654,0.2419125884771347,0.013636835850775242,0.7979199642187501,0.8012494108894137,0.7948014252147856,-1.0090922117233276,-1.0041775703430176
b070_parked/episode_019e2261-5abe-7ece-910d-8988dd12106a/hold,894,29.8,0.5,-1.0626237392425537,-2.788567066192627,0.9814788103103638,0.23864266276359558,0.03676946833729744,0.8010509463766105,0.8025521717285956,0.7972197932878807,-0.9663877487182617,-0.945331335067749
b070_parked/episode_019e2261-5abe-7ece-910d-8988dd12106a/hold,954,31.8,0.5,-1.0420862436294556,-2.7426109313964844,0.9819139838218689,0.23353144526481628,0.027169233188033104,0.8032449469932074,0.8063834091578528,0.799484050786866,-0.9205003976821899,-0.9238079786300659
b070_parked/episode_019e2261-5abe-7ece-910d-8988dd12106a/hold,1014,33.8,0.5,-1.0420862436294556,-2.7426109313964844,0.9816505908966064,0.2423371970653534,0.04535258188843727,0.8032449469932074,0.806537221200117,0.7996084266894361,-0.9181581735610962,-0.9219557046890259
b070_parked/episode_019e2261-5abe-7ece-910d-8988dd12106a/random_walk,0,0.0,0.0,-2.785065174102783,-7.025854587554932,0.8466649055480957,0.09722155332565308,0.0060975621454417706,0.5476655135469395,,,,
b070_parked/episode_019e2261-5abe-7ece-910d-8988dd12106a/random_walk,45,1.5,0.0,-6.660131454467773,-28.608779907226562,0.7576696872711182,0.10440254956483841,0.005730246659368277,0.021041086396567585,0.044003622430094806,0.08728124567126788,-4.871877193450928,-3.0465564727783203
b070_parked/episode_019e2261-5abe-7ece-910d-8988dd12106a/random_walk,89,2.966666666666667,0.0,-6.324075698852539,-19.48061752319336,0.7296010851860046,0.3227863311767578,0.03676946833729744,0.06351981850472481,0.05844110719787333,0.05982371627451072,-6.545650482177734,-6.4119486808776855
b070_parked/episode_019e2261-5abe-7ece-910d-8988dd12106a/random_walk,134,4.466666666666667,0.0,-6.511727333068848,-20.04092025756836,0.654663622379303,0.2862359881401062,0.06465348601341248,0.0555897577017373,0.061452577512409796,0.06279317114726354,-6.272255897521973,-6.141879081726074
b070_parked/episode_019e2261-5abe-7ece-910d-8988dd12106a/random_walk,178,5.933333333333334,0.0,-6.447298049926758,-11.615358352661133,0.637009859085083,0.17067433893680573,0.02262919954955578,0.13277868947197283,0.14373053052368587,0.14565662193817472,-6.235515594482422,-6.121464729309082
b070_parked/episode_019e2261-5abe-7ece-910d-8988dd12106a/random_walk,223,7.433333333333334,0.0,-6.693732738494873,-7.881081581115723,0.6265609264373779,0.513404369354248,0.16451646387577057,0.17218492519522974,0.18588988600090453,0.21313243171063292,-6.479591369628906,-5.995486736297607
b070_parked/episode_019e2261-5abe-7ece-910d-8988dd12106a/random_walk,268,8.933333333333334,0.5,-6.46560525894165,-7.532020568847656,0.6381562352180481,0.45124250650405884,0.08882029354572296,0.19240644624447986,0.1908366256175973,0.19321347824895946,-6.493860721588135,-6.380860328674316
b070_parked/episode_019e2261-5abe-7ece-910d-8988dd12106a/random_walk,312,10.4,0.5,-6.4569621086120605,-9.917211532592773,0.6849751472473145,0.570588231086731,0.1980641782283783,0.15530267760884167,0.18459015547681015,0.20125568510011135,-5.96820592880249,-5.63430643081665
b070_parked/episode_019e2261-5abe-7ece-910d-8988dd12106a/random_walk,357,11.9,0.5,-6.225078105926514,-7.959053039550781,0.6641733646392822,0.6031725406646729,0.15921740233898163,0.20118396698593338,0.20781155562513137,0.21161734576976152,-6.129388809204102,-5.996665000915527
b070_parked/episode_019e2261-5abe-7ece-910d-8988dd12106a/random_walk,402,13.4,0.5,-6.348259925842285,-10.21131706237793,0.6907497644424438,0.3333316445350647,0.014957086183130741,0.15714240984476135,0.15799255419917216,0.16994383381319497,-6.3374786376953125,-6.052621364593506
b070_parked/episode_019e2261-5abe-7ece-910d-8988dd12106a/random_walk,446,14.866666666666667,0.5,-6.774096488952637,-11.04313850402832,0.5924453139305115,0.5499022603034973,0.1276526302099228,0.12423229143771525,0.15211493267059448,0.15748457602487476,-6.226841449737549,-6.051847457885742
b070_parked/episode_019e2261-5abe-7ece-910d-8988dd12106a/random_walk,457,15.233333333333333,0.5,-6.822233200073242,-8.42284870147705,0.6553934812545776,0.6253377199172974,0.24508501589298248,0.15646977708134324,0.19819583660583157,0.22644950361055233,-6.1495208740234375,-5.668051719665527
b070_parked/episode_019e2261-5abe-7ece-910d-8988dd12106a/random_walk,487,16.233333333333334,0.5,-6.99600076675415,-18.125415802001953,0.7838648557662964,0.5401631593704224,0.16026602685451508,0.05582743665630791,0.08993661792423373,0.09328196676350109,-5.794174671173096,-5.620438575744629
b070_parked/episode_019e2261-5abe-7ece-910d-8988dd12106a/random_walk,491,16.366666666666667,0.5,-6.882401466369629,-16.275291442871094,0.727288544178009,0.5320541858673096,0.14223189651966095,0.07071809100088916,0.09965488755636409,0.11040091130174591,-6.008047103881836,-5.657808780670166
b070_parked/episode_019e2261-5abe-7ece-910d-8988dd12106a/random_walk,536,17.866666666666667,1.0,-6.263936519622803,-16.956668853759766,0.7939919233322144,0.8338750600814819,0.5751108527183533,0.08416989891808267,0.09844289456977497,0.10188072334578005,-5.862346649169922,-5.693631649017334
b070_parked/episode_019e2261-5abe-7ece-910d-8988dd12106a/random_walk,580,19.333333333333332,1.0,-6.911153793334961,-21.211027145385742,0.5136127471923828,0.34923774003982544,0.048136770725250244,0.041811353909332376,0.0557681264554729,0.057841493528248335,-6.211665630340576,-6.043756484985352
b070_parked/episode_019e2261-5abe-7ece-910d-8988dd12106a/random_walk,625,20.833333333333332,1.0,-6.450902462005615,-13.557615280151367,0.7003614902496338,0.46989905834198,0.15304215252399445,0.10985938313823643,0.12988320288664898,0.15200011302256106,-6.007091522216797,-5.492741584777832
b070_parked/episode_019e2261-5abe-7ece-910d-8988dd12106a/random_walk,669,22.3,1.0,-6.682585716247559,-20.60085678100586,0.7729008793830872,0.710265040397644,0.38537469506263733,0.048932486164379646,0.07266314725652374,0.07362299954157994,-5.699159622192383,-5.5875678062438965
b070_parked/episode_019e2261-5abe-7ece-910d-8988dd12106a/random_walk,714,23.8,1.0,-6.05546236038208,-8.547901153564453,0.8026346564292908,0.7791920900344849,0.4736572504043579,0.20238545132856478,0.23058202430261726,0.2403399588293335,-5.659131050109863,-5.449922561645508
b070_parked/episode_019e2261-5abe-7ece-910d-8988dd12106a/random_walk,774,25.8,1.0,-1.5654263496398926,-5.124412536621094,0.976279616355896,0.20379208028316498,0.020964240655303,0.715246962111072,0.7171840722285634,0.7109787840847881,-1.477583408355713,-1.4520784616470337
b070_parked/episode_019e2261-5abe-7ece-910d-8988dd12106a/random_walk,834,27.8,1.0,-1.1864416599273682,-4.637706756591797,0.9772179126739502,0.29787275195121765,0.07585817575454712,0.7569983422923355,0.7538702537011966,0.7461693818665738,-1.1559168100357056,-1.154471755027771
b070_parked/episode_019e2261-5abe-7ece-910d-8988dd12106a/random_walk,894,29.8,1.0,-0.9443876147270203,-4.954183578491211,0.97796630859375,0.19541871547698975,0.020332353189587593,0.7693536023699236,0.7672868523102191,0.7594428391441203,-0.8980982899665833,-0.9012207984924316
b070_parked/episode_019e2261-5abe-7ece-910d-8988dd12106a/random_walk,954,31.8,1.0,-0.9140335321426392,-4.775796890258789,0.9773180484771729,0.14537252485752106,0.009708477184176445,0.7750884408559389,0.7702628522304236,0.7603484449585575,-0.904902458190918,-0.9361397624015808
b070_parked/episode_019e2261-5abe-7ece-910d-8988dd12106a/random_walk,1014,33.8,1.0,-0.8833968639373779,-4.617765426635742,0.9772111177444458,0.16257992386817932,0.012821214273571968,0.7803577418226916,0.7762961049623677,0.7667439856502728,-0.8643848896026611,-0.8930137157440186
b090_original/episode_019e2261-5abe-7ece-910d-8988dd12106a/replay_control,0,0.0,0.0,-2.785065174102783,-7.025854587554932,0.8466649055480957,0.09722155332565308,0.0060975621454417706,0.5476655135469395,,,,
b090_original/episode_019e2261-5abe-7ece-910d-8988dd12106a/replay_control,45,1.5,0.0,-6.660131454467773,-28.608779907226562,0.7576696872711182,0.10440254956483841,0.005730246659368277,0.021041086396567585,0.044003622430094806,0.08728124567126788,-4.871877193450928,-3.0465564727783203
b090_original/episode_019e2261-5abe-7ece-910d-8988dd12106a/replay_control,89,2.966666666666667,0.0,-6.324075698852539,-19.48061752319336,0.7296010851860046,0.3227863311767578,0.03676946833729744,0.06351981850472481,0.05844110719787333,0.05982371627451072,-6.545650482177734,-6.4119486808776855
b090_original/episode_019e2261-5abe-7ece-910d-8988dd12106a/replay_control,134,4.466666666666667,0.0,-6.511727333068848,-20.04092025756836,0.654663622379303,0.2862359881401062,0.06465348601341248,0.0555897577017373,0.061452577512409796,0.06279317114726354,-6.272255897521973,-6.141879081726074
b090_original/episode_019e2261-5abe-7ece-910d-8988dd12106a/replay_control,178,5.933333333333334,0.0,-6.447298049926758,-11.615358352661133,0.637009859085083,0.17067433893680573,0.02262919954955578,0.13277868947197283,0.14373053052368587,0.14565662193817472,-6.235515594482422,-6.121464729309082
b090_original/episode_019e2261-5abe-7ece-910d-8988dd12106a/replay_control,223,7.433333333333334,0.0,-6.693732738494873,-7.881081581115723,0.6265609264373779,0.513404369354248,0.16451646387577057,0.17218492519522974,0.18588988600090453,0.21313243171063292,-6.479591369628906,-5.995486736297607
b090_original/episode_019e2261-5abe-7ece-910d-8988dd12106a/replay_control,268,8.933333333333334,0.5,-6.46560525894165,-7.532020568847656,0.6381562352180481,0.45124250650405884,0.08882029354572296,0.19240644624447986,0.1908366256175973,0.19321347824895946,-6.493860721588135,-6.380860328674316
b090_original/episode_019e2261-5abe-7ece-910d-8988dd12106a/replay_control,312,10.4,0.5,-6.4569621086120605,-9.917211532592773,0.6849751472473145,0.570588231086731,0.1980641782283783,0.15530267760884167,0.18459015547681015,0.20125568510011135,-5.96820592880249,-5.63430643081665
b090_original/episode_019e2261-5abe-7ece-910d-8988dd12106a/replay_control,357,11.9,0.5,-6.225078105926514,-7.959053039550781,0.6641733646392822,0.6031725406646729,0.15921740233898163,0.20118396698593338,0.20781155562513137,0.21161734576976152,-6.129388809204102,-5.996665000915527
b090_original/episode_019e2261-5abe-7ece-910d-8988dd12106a/replay_control,402,13.4,0.5,-6.348259925842285,-10.21131706237793,0.6907497644424438,0.3333316445350647,0.014957086183130741,0.15714240984476135,0.15799255419917216,0.16994383381319497,-6.3374786376953125,-6.052621364593506
b090_original/episode_019e2261-5abe-7ece-910d-8988dd12106a/replay_control,446,14.866666666666667,0.5,-6.774096488952637,-11.04313850402832,0.5924453139305115,0.5499022603034973,0.1276526302099228,0.12423229143771525,0.15211493267059448,0.15748457602487476,-6.226841449737549,-6.051847457885742
b090_original/episode_019e2261-5abe-7ece-910d-8988dd12106a/replay_control,491,16.366666666666667,0.5,-6.275567054748535,-7.12739896774292,0.7097688913345337,0.39475780725479126,0.053403329104185104,0.21268752360022555,0.22861052936566797,0.22596525602123108,-6.056669235229492,-6.0142717361450195
b090_original/episode_019e2261-5abe-7ece-910d-8988dd12106a/replay_control,536,17.866666666666667,1.0,-6.216658115386963,-6.510085105895996,0.7385280132293701,0.8341254591941833,0.5688949227333069,0.22870324386567834,0.23433141888797596,0.23676022014170459,-6.141477584838867,-6.031198501586914
b090_original/episode_019e2261-5abe-7ece-910d-8988dd12106a/replay_control,580,19.333333333333332,1.0,-6.68548583984375,-9.720335006713867,0.7718799710273743,0.7394658923149109,0.35488009452819824,0.1456191044967234,0.20332094873854864,0.20786838124776505,-5.734685897827148,-5.588912487030029
b090_original/episode_019e2261-5abe-7ece-910d-8988dd12106a/replay_control,588,19.6,1.0,-6.2539520263671875,-5.5136823654174805,0.8201334476470947,0.5571028590202332,0.1755380779504776,0.2456858739705417,0.2983829282613652,0.3230708095849534,-5.61977481842041,-5.264088153839111
b090_original/episode_019e2261-5abe-7ece-910d-8988dd12106a/replay_control,618,20.6,1.0,-5.1502366065979,-3.2560129165649414,0.9303820133209229,0.7996468544006348,0.4701283872127533,0.40078779820475247,0.4347868752825831,0.45840727821979294,-4.800859451293945,-4.488437175750732
b090_original/episode_019e2261-5abe-7ece-910d-8988dd12106a/replay_control,625,20.833333333333332,1.0,-4.994174957275391,-2.627203941345215,0.9385501742362976,0.8606979250907898,0.5855752229690552,0.4338098237865044,0.47726642464536667,0.49346035876390115,-4.557846546173096,-4.3177032470703125
b090_original/episode_019e2261-5abe-7ece-910d-8988dd12106a/replay_control,669,22.3,1.0,-0.9768961668014526,-2.0404295921325684,0.9981488585472107,0.450217068195343,0.15102779865264893,0.8193403485606067,0.834562586207818,0.8336551374067204,-0.6484386324882507,-0.5620564818382263
b090_original/episode_019e2261-5abe-7ece-910d-8988dd12106a/replay_control,714,23.8,1.0,-1.6021867990493774,-1.9769326448440552,0.9950633645057678,0.3826816976070404,0.18242552876472473,0.7776748586795287,0.780954685677605,0.7797964463908114,-1.489952564239502,-1.407602071762085
b090_original/episode_019e2261-5abe-7ece-910d-8988dd12106a/hold,0,0.0,0.0,-2.785065174102783,-7.025854587554932,0.8466649055480957,0.09722155332565308,0.0060975621454417706,0.5476655135469395,,,,
b090_original/episode_019e2261-5abe-7ece-910d-8988dd12106a/hold,45,1.5,0.0,-6.660131454467773,-28.608779907226562,0.7576696872711182,0.10440254956483841,0.005730246659368277,0.021041086396567585,0.044003622430094806,0.08728124567126788,-4.871877193450928,-3.0465564727783203
b090_original/episode_019e2261-5abe-7ece-910d-8988dd12106a/hold,89,2.966666666666667,0.0,-6.324075698852539,-19.48061752319336,0.7296010851860046,0.3227863311767578,0.03676946833729744,0.06351981850472481,0.05844110719787333,0.05982371627451072,-6.545650482177734,-6.4119486808776855
b090_original/episode_019e2261-5abe-7ece-910d-8988dd12106a/hold,134,4.466666666666667,0.0,-6.511727333068848,-20.04092025756836,0.654663622379303,0.2862359881401062,0.06465348601341248,0.0555897577017373,0.061452577512409796,0.06279317114726354,-6.272255897521973,-6.141879081726074
b090_original/episode_019e2261-5abe-7ece-910d-8988dd12106a/hold,178,5.933333333333334,0.0,-6.447298049926758,-11.615358352661133,0.637009859085083,0.17067433893680573,0.02262919954955578,0.13277868947197283,0.14373053052368587,0.14565662193817472,-6.235515594482422,-6.121464729309082
b090_original/episode_019e2261-5abe-7ece-910d-8988dd12106a/hold,223,7.433333333333334,0.0,-6.693732738494873,-7.881081581115723,0.6265609264373779,0.513404369354248,0.16451646387577057,0.17218492519522974,0.18588988600090453,0.21313243171063292,-6.479591369628906,-5.995486736297607
b090_original/episode_019e2261-5abe-7ece-910d-8988dd12106a/hold,268,8.933333333333334,0.5,-6.46560525894165,-7.532020568847656,0.6381562352180481,0.45124250650405884,0.08882029354572296,0.19240644624447986,0.1908366256175973,0.19321347824895946,-6.493860721588135,-6.380860328674316
b090_original/episode_019e2261-5abe-7ece-910d-8988dd12106a/hold,312,10.4,0.5,-6.4569621086120605,-9.917211532592773,0.6849751472473145,0.570588231086731,0.1980641782283783,0.15530267760884167,0.18459015547681015,0.20125568510011135,-5.96820592880249,-5.63430643081665
b090_original/episode_019e2261-5abe-7ece-910d-8988dd12106a/hold,357,11.9,0.5,-6.225078105926514,-7.959053039550781,0.6641733646392822,0.6031725406646729,0.15921740233898163,0.20118396698593338,0.20781155562513137,0.21161734576976152,-6.129388809204102,-5.996665000915527
b090_original/episode_019e2261-5abe-7ece-910d-8988dd12106a/hold,402,13.4,0.5,-6.348259925842285,-10.21131706237793,0.6907497644424438,0.3333316445350647,0.014957086183130741,0.15714240984476135,0.15799255419917216,0.16994383381319497,-6.3374786376953125,-6.052621364593506
b090_original/episode_019e2261-5abe-7ece-910d-8988dd12106a/hold,446,14.866666666666667,0.5,-6.774096488952637,-11.04313850402832,0.5924453139305115,0.5499022603034973,0.1276526302099228,0.12423229143771525,0.15211493267059448,0.15748457602487476,-6.226841449737549,-6.051847457885742
b090_original/episode_019e2261-5abe-7ece-910d-8988dd12106a/hold,491,16.366666666666667,0.5,-6.275567054748535,-7.12739896774292,0.7097688913345337,0.39475780725479126,0.053403329104185104,0.21268752360022555,0.22861052936566797,0.22596525602123108,-6.056669235229492,-6.0142717361450195
b090_original/episode_019e2261-5abe-7ece-910d-8988dd12106a/hold,536,17.866666666666667,1.0,-6.216658115386963,-6.510085105895996,0.7385280132293701,0.8341254591941833,0.5688949227333069,0.22870324386567834,0.23433141888797596,0.23676022014170459,-6.141477584838867,-6.031198501586914
b090_original/episode_019e2261-5abe-7ece-910d-8988dd12106a/hold,580,19.333333333333332,1.0,-6.68548583984375,-9.720335006713867,0.7718799710273743,0.7394658923149109,0.35488009452819824,0.1456191044967234,0.20332094873854864,0.20786838124776505,-5.734685897827148,-5.588912487030029
b090_original/episode_019e2261-5abe-7ece-910d-8988dd12106a/hold,588,19.6,1.0,-6.2539520263671875,-5.5136823654174805,0.8201334476470947,0.5571028590202332,0.1755380779504776,0.2456858739705417,0.2983829282613652,0.3230708095849534,-5.61977481842041,-5.264088153839111
b090_original/episode_019e2261-5abe-7ece-910d-8988dd12106a/hold,618,20.6,1.0,-6.296499252319336,-5.332688808441162,0.8183141946792603,0.7117801308631897,0.3259495198726654,0.24601898241887046,0.2535332253516091,0.26122133350605753,-6.2014641761779785,-6.027440547943115
b090_original/episode_019e2261-5abe-7ece-910d-8988dd12106a/hold,625,20.833333333333332,1.0,-6.2587714195251465,-5.175099849700928,0.8167180418968201,0.7574722766876221,0.4059196412563324,0.2522779028586279,0.2545165059110087,0.2570807929913112,-6.230294704437256,-6.120230674743652
b090_original/episode_019e2261-5abe-7ece-910d-8988dd12106a/hold,669,22.3,1.0,-6.227720737457275,-5.368130683898926,0.8220589756965637,0.6328878998756409,0.2613309323787689,0.250766777161625,0.2523918528226684,0.25626779162939595,-6.206562042236328,-6.079796314239502
b090_original/episode_019e2261-5abe-7ece-910d-8988dd12106a/hold,714,23.8,1.0,-6.253720760345459,-5.567492485046387,0.8197733163833618,0.6950932741165161,0.3363310694694519,0.24460684110881376,0.24086790925486734,0.24717510419033972,-6.301921844482422,-6.142763137817383
b090_original/episode_019e2261-5abe-7ece-910d-8988dd12106a/random_walk,0,0.0,0.0,-2.785065174102783,-7.025854587554932,0.8466649055480957,0.09722155332565308,0.0060975621454417706,0.5476655135469395,,,,
b090_original/episode_019e2261-5abe-7ece-910d-8988dd12106a/random_walk,45,1.5,0.0,-6.660131454467773,-28.608779907226562,0.7576696872711182,0.10440254956483841,0.005730246659368277,0.021041086396567585,0.044003622430094806,0.08728124567126788,-4.871877193450928,-3.0465564727783203
b090_original/episode_019e2261-5abe-7ece-910d-8988dd12106a/random_walk,89,2.966666666666667,0.0,-6.324075698852539,-19.48061752319336,0.7296010851860046,0.3227863311767578,0.03676946833729744,0.06351981850472481,0.05844110719787333,0.05982371627451072,-6.545650482177734,-6.4119486808776855
b090_original/episode_019e2261-5abe-7ece-910d-8988dd12106a/random_walk,134,4.466666666666667,0.0,-6.511727333068848,-20.04092025756836,0.654663622379303,0.2862359881401062,0.06465348601341248,0.0555897577017373,0.061452577512409796,0.06279317114726354,-6.272255897521973,-6.141879081726074
b090_original/episode_019e2261-5abe-7ece-910d-8988dd12106a/random_walk,178,5.933333333333334,0.0,-6.447298049926758,-11.615358352661133,0.637009859085083,0.17067433893680573,0.02262919954955578,0.13277868947197283,0.14373053052368587,0.14565662193817472,-6.235515594482422,-6.121464729309082
b090_original/episode_019e2261-5abe-7ece-910d-8988dd12106a/random_walk,223,7.433333333333334,0.0,-6.693732738494873,-7.881081581115723,0.6265609264373779,0.513404369354248,0.16451646387577057,0.17218492519522974,0.18588988600090453,0.21313243171063292,-6.479591369628906,-5.995486736297607
b090_original/episode_019e2261-5abe-7ece-910d-8988dd12106a/random_walk,268,8.933333333333334,0.5,-6.46560525894165,-7.532020568847656,0.6381562352180481,0.45124250650405884,0.08882029354572296,0.19240644624447986,0.1908366256175973,0.19321347824895946,-6.493860721588135,-6.380860328674316
b090_original/episode_019e2261-5abe-7ece-910d-8988dd12106a/random_walk,312,10.4,0.5,-6.4569621086120605,-9.917211532592773,0.6849751472473145,0.570588231086731,0.1980641782283783,0.15530267760884167,0.18459015547681015,0.20125568510011135,-5.96820592880249,-5.63430643081665
b090_original/episode_019e2261-5abe-7ece-910d-8988dd12106a/random_walk,357,11.9,0.5,-6.225078105926514,-7.959053039550781,0.6641733646392822,0.6031725406646729,0.15921740233898163,0.20118396698593338,0.20781155562513137,0.21161734576976152,-6.129388809204102,-5.996665000915527
b090_original/episode_019e2261-5abe-7ece-910d-8988dd12106a/random_walk,402,13.4,0.5,-6.348259925842285,-10.21131706237793,0.6907497644424438,0.3333316445350647,0.014957086183130741,0.15714240984476135,0.15799255419917216,0.16994383381319497,-6.3374786376953125,-6.052621364593506
b090_original/episode_019e2261-5abe-7ece-910d-8988dd12106a/random_walk,446,14.866666666666667,0.5,-6.774096488952637,-11.04313850402832,0.5924453139305115,0.5499022603034973,0.1276526302099228,0.12423229143771525,0.15211493267059448,0.15748457602487476,-6.226841449737549,-6.051847457885742
b090_original/episode_019e2261-5abe-7ece-910d-8988dd12106a/random_walk,491,16.366666666666667,0.5,-6.275567054748535,-7.12739896774292,0.7097688913345337,0.39475780725479126,0.053403329104185104,0.21268752360022555,0.22861052936566797,0.22596525602123108,-6.056669235229492,-6.0142717361450195
b090_original/episode_019e2261-5abe-7ece-910d-8988dd12106a/random_walk,536,17.866666666666667,1.0,-6.216658115386963,-6.510085105895996,0.7385280132293701,0.8341254591941833,0.5688949227333069,0.22870324386567834,0.23433141888797596,0.23676022014170459,-6.141477584838867,-6.031198501586914
b090_original/episode_019e2261-5abe-7ece-910d-8988dd12106a/random_walk,580,19.333333333333332,1.0,-6.68548583984375,-9.720335006713867,0.7718799710273743,0.7394658923149109,0.35488009452819824,0.1456191044967234,0.20332094873854864,0.20786838124776505,-5.734685897827148,-5.588912487030029
b090_original/episode_019e2261-5abe-7ece-910d-8988dd12106a/random_walk,588,19.6,1.0,-6.2539520263671875,-5.5136823654174805,0.8201334476470947,0.5571028590202332,0.1755380779504776,0.2456858739705417,0.2983829282613652,0.3230708095849534,-5.61977481842041,-5.264088153839111
b090_original/episode_019e2261-5abe-7ece-910d-8988dd12106a/random_walk,618,20.6,1.0,-6.463289737701416,-6.602396488189697,0.8611622452735901,0.715896725654602,0.34334173798561096,0.20899075050643923,0.266816116084558,0.28040469796030254,-5.705761432647705,-5.4626288414001465
b090_original/episode_019e2261-5abe-7ece-910d-8988dd12106a/random_walk,625,20.833333333333332,1.0,-6.536452293395996,-7.080741882324219,0.7433616518974304,0.7116500735282898,0.35756751894950867,0.19545624031076925,0.2337823600613749,0.2673421145559744,-5.999696731567383,-5.4940290451049805
b090_original/episode_019e2261-5abe-7ece-910d-8988dd12106a/random_walk,669,22.3,1.0,-5.699035167694092,-5.598432540893555,0.7957543134689331,0.5672434568405151,0.25534364581108093,0.29020314928098573,0.3170250118175131,0.3170609956264347,-5.389590740203857,-5.307785987854004
b090_original/episode_019e2261-5abe-7ece-910d-8988dd12106a/random_walk,714,23.8,1.0,-6.296295166015625,-5.782005310058594,0.6619118452072144,0.8147427439689636,0.5348554849624634,0.23696623019055368,0.3004153965719787,0.33442999990609124,-5.526656627655029,-5.070871353149414
b090_parked/episode_019e2261-5abe-7ece-910d-8988dd12106a/replay_control,0,0.0,0.0,-2.785065174102783,-7.025854587554932,0.8466649055480957,0.09722155332565308,0.0060975621454417706,0.5476655135469395,,,,
b090_parked/episode_019e2261-5abe-7ece-910d-8988dd12106a/replay_control,45,1.5,0.0,-6.660131454467773,-28.608779907226562,0.7576696872711182,0.10440254956483841,0.005730246659368277,0.021041086396567585,0.044003622430094806,0.08728124567126788,-4.871877193450928,-3.0465564727783203
b090_parked/episode_019e2261-5abe-7ece-910d-8988dd12106a/replay_control,89,2.966666666666667,0.0,-6.324075698852539,-19.48061752319336,0.7296010851860046,0.3227863311767578,0.03676946833729744,0.06351981850472481,0.05844110719787333,0.05982371627451072,-6.545650482177734,-6.4119486808776855
b090_parked/episode_019e2261-5abe-7ece-910d-8988dd12106a/replay_control,134,4.466666666666667,0.0,-6.511727333068848,-20.04092025756836,0.654663622379303,0.2862359881401062,0.06465348601341248,0.0555897577017373,0.061452577512409796,0.06279317114726354,-6.272255897521973,-6.141879081726074
b090_parked/episode_019e2261-5abe-7ece-910d-8988dd12106a/replay_control,178,5.933333333333334,0.0,-6.447298049926758,-11.615358352661133,0.637009859085083,0.17067433893680573,0.02262919954955578,0.13277868947197283,0.14373053052368587,0.14565662193817472,-6.235515594482422,-6.121464729309082
b090_parked/episode_019e2261-5abe-7ece-910d-8988dd12106a/replay_control,223,7.433333333333334,0.0,-6.693732738494873,-7.881081581115723,0.6265609264373779,0.513404369354248,0.16451646387577057,0.17218492519522974,0.18588988600090453,0.21313243171063292,-6.479591369628906,-5.995486736297607
b090_parked/episode_019e2261-5abe-7ece-910d-8988dd12106a/replay_control,268,8.933333333333334,0.5,-6.46560525894165,-7.532020568847656,0.6381562352180481,0.45124250650405884,0.08882029354572296,0.19240644624447986,0.1908366256175973,0.19321347824895946,-6.493860721588135,-6.380860328674316
b090_parked/episode_019e2261-5abe-7ece-910d-8988dd12106a/replay_control,312,10.4,0.5,-6.4569621086120605,-9.917211532592773,0.6849751472473145,0.570588231086731,0.1980641782283783,0.15530267760884167,0.18459015547681015,0.20125568510011135,-5.96820592880249,-5.63430643081665
b090_parked/episode_019e2261-5abe-7ece-910d-8988dd12106a/replay_control,357,11.9,0.5,-6.225078105926514,-7.959053039550781,0.6641733646392822,0.6031725406646729,0.15921740233898163,0.20118396698593338,0.20781155562513137,0.21161734576976152,-6.129388809204102,-5.996665000915527
b090_parked/episode_019e2261-5abe-7ece-910d-8988dd12106a/replay_control,402,13.4,0.5,-6.348259925842285,-10.21131706237793,0.6907497644424438,0.3333316445350647,0.014957086183130741,0.15714240984476135,0.15799255419917216,0.16994383381319497,-6.3374786376953125,-6.052621364593506
b090_parked/episode_019e2261-5abe-7ece-910d-8988dd12106a/replay_control,446,14.866666666666667,0.5,-6.774096488952637,-11.04313850402832,0.5924453139305115,0.5499022603034973,0.1276526302099228,0.12423229143771525,0.15211493267059448,0.15748457602487476,-6.226841449737549,-6.051847457885742
b090_parked/episode_019e2261-5abe-7ece-910d-8988dd12106a/replay_control,491,16.366666666666667,0.5,-6.275567054748535,-7.12739896774292,0.7097688913345337,0.39475780725479126,0.053403329104185104,0.21268752360022555,0.22861052936566797,0.22596525602123108,-6.056669235229492,-6.0142717361450195
b090_parked/episode_019e2261-5abe-7ece-910d-8988dd12106a/replay_control,536,17.866666666666667,1.0,-6.216658115386963,-6.510085105895996,0.7385280132293701,0.8341254591941833,0.5688949227333069,0.22870324386567834,0.23433141888797596,0.23676022014170459,-6.141477584838867,-6.031198501586914
b090_parked/episode_019e2261-5abe-7ece-910d-8988dd12106a/replay_control,580,19.333333333333332,1.0,-6.68548583984375,-9.720335006713867,0.7718799710273743,0.7394658923149109,0.35488009452819824,0.1456191044967234,0.20332094873854864,0.20786838124776505,-5.734685897827148,-5.588912487030029
b090_parked/episode_019e2261-5abe-7ece-910d-8988dd12106a/replay_control,588,19.6,1.0,-6.2539520263671875,-5.5136823654174805,0.8201334476470947,0.5571028590202332,0.1755380779504776,0.2456858739705417,0.2983829282613652,0.3230708095849534,-5.61977481842041,-5.264088153839111
b090_parked/episode_019e2261-5abe-7ece-910d-8988dd12106a/replay_control,618,20.6,1.0,-5.1502366065979,-3.2560129165649414,0.9303820133209229,0.7996468544006348,0.4701283872127533,0.40078779820475247,0.4347868752825831,0.45840727821979294,-4.800859451293945,-4.488437175750732
b090_parked/episode_019e2261-5abe-7ece-910d-8988dd12106a/replay_control,625,20.833333333333332,1.0,-4.994174957275391,-2.627203941345215,0.9385501742362976,0.8606979250907898,0.5855752229690552,0.4338098237865044,0.47726642464536667,0.49346035876390115,-4.557846546173096,-4.3177032470703125
b090_parked/episode_019e2261-5abe-7ece-910d-8988dd12106a/replay_control,669,22.3,1.0,-0.9768961668014526,-2.0404295921325684,0.9981488585472107,0.450217068195343,0.15102779865264893,0.8193403485606067,0.834562586207818,0.8336551374067204,-0.6484386324882507,-0.5620564818382263
b090_parked/episode_019e2261-5abe-7ece-910d-8988dd12106a/replay_control,714,23.8,1.0,-1.6021867990493774,-1.9769326448440552,0.9950633645057678,0.3826816976070404,0.18242552876472473,0.7776748586795287,0.780954685677605,0.7797964463908114,-1.489952564239502,-1.407602071762085
b090_parked/episode_019e2261-5abe-7ece-910d-8988dd12106a/replay_control,774,25.8,1.0,-0.9631838798522949,-2.612994909286499,0.9989359974861145,0.7117210030555725,0.36296918988227844,0.81071131744008,0.8105131354462219,0.8082353491074831,-0.8909719586372375,-0.825289785861969
b090_parked/episode_019e2261-5abe-7ece-910d-8988dd12106a/replay_control,834,27.8,1.0,-0.4395506978034973,-2.3939669132232666,0.9995469450950623,0.36251944303512573,0.10087862610816956,0.8458124256846207,0.8438787392420543,0.8384600348971012,-0.3919481635093689,-0.38569504022598267
b090_parked/episode_019e2261-5abe-7ece-910d-8988dd12106a/replay_control,894,29.8,1.0,-0.5850708484649658,-2.158457040786743,0.9997459053993225,0.3092232048511505,0.05582314357161522,0.8410430379438625,0.8392770999106518,0.8334372531125571,-0.5355041027069092,-0.5348625183105469
b090_parked/episode_019e2261-5abe-7ece-910d-8988dd12106a/replay_control,954,31.8,1.0,-0.487095445394516,-2.2251455783843994,0.9996654391288757,0.36109039187431335,0.07807816565036774,0.8455936746437934,0.8432698155919717,0.8372954482193874,-0.4470135569572449,-0.45041680335998535
b090_parked/episode_019e2261-5abe-7ece-910d-8988dd12106a/replay_control,1014,33.8,1.0,-0.487095445394516,-2.2251455783843994,0.9996538758277893,0.27020421624183655,0.03308597952127457,0.8455936746437934,0.8432698155919717,0.836962230404964,-0.4470135569572449,-0.4562501609325409
b090_parked/episode_019e2261-5abe-7ece-910d-8988dd12106a/hold,0,0.0,0.0,-2.785065174102783,-7.025854587554932,0.8466649055480957,0.09722155332565308,0.0060975621454417706,0.5476655135469395,,,,
b090_parked/episode_019e2261-5abe-7ece-910d-8988dd12106a/hold,45,1.5,0.0,-6.660131454467773,-28.608779907226562,0.7576696872711182,0.10440254956483841,0.005730246659368277,0.021041086396567585,0.044003622430094806,0.08728124567126788,-4.871877193450928,-3.0465564727783203
b090_parked/episode_019e2261-5abe-7ece-910d-8988dd12106a/hold,89,2.966666666666667,0.0,-6.324075698852539,-19.48061752319336,0.7296010851860046,0.3227863311767578,0.03676946833729744,0.06351981850472481,0.05844110719787333,0.05982371627451072,-6.545650482177734,-6.4119486808776855
b090_parked/episode_019e2261-5abe-7ece-910d-8988dd12106a/hold,134,4.466666666666667,0.0,-6.511727333068848,-20.04092025756836,0.654663622379303,0.2862359881401062,0.06465348601341248,0.0555897577017373,0.061452577512409796,0.06279317114726354,-6.272255897521973,-6.141879081726074
b090_parked/episode_019e2261-5abe-7ece-910d-8988dd12106a/hold,178,5.933333333333334,0.0,-6.447298049926758,-11.615358352661133,0.637009859085083,0.17067433893680573,0.02262919954955578,0.13277868947197283,0.14373053052368587,0.14565662193817472,-6.235515594482422,-6.121464729309082
b090_parked/episode_019e2261-5abe-7ece-910d-8988dd12106a/hold,223,7.433333333333334,0.0,-6.693732738494873,-7.881081581115723,0.6265609264373779,0.513404369354248,0.16451646387577057,0.17218492519522974,0.18588988600090453,0.21313243171063292,-6.479591369628906,-5.995486736297607
b090_parked/episode_019e2261-5abe-7ece-910d-8988dd12106a/hold,268,8.933333333333334,0.5,-6.46560525894165,-7.532020568847656,0.6381562352180481,0.45124250650405884,0.08882029354572296,0.19240644624447986,0.1908366256175973,0.19321347824895946,-6.493860721588135,-6.380860328674316
b090_parked/episode_019e2261-5abe-7ece-910d-8988dd12106a/hold,312,10.4,0.5,-6.4569621086120605,-9.917211532592773,0.6849751472473145,0.570588231086731,0.1980641782283783,0.15530267760884167,0.18459015547681015,0.20125568510011135,-5.96820592880249,-5.63430643081665
b090_parked/episode_019e2261-5abe-7ece-910d-8988dd12106a/hold,357,11.9,0.5,-6.225078105926514,-7.959053039550781,0.6641733646392822,0.6031725406646729,0.15921740233898163,0.20118396698593338,0.20781155562513137,0.21161734576976152,-6.129388809204102,-5.996665000915527
b090_parked/episode_019e2261-5abe-7ece-910d-8988dd12106a/hold,402,13.4,0.5,-6.348259925842285,-10.21131706237793,0.6907497644424438,0.3333316445350647,0.014957086183130741,0.15714240984476135,0.15799255419917216,0.16994383381319497,-6.3374786376953125,-6.052621364593506
b090_parked/episode_019e2261-5abe-7ece-910d-8988dd12106a/hold,446,14.866666666666667,0.5,-6.774096488952637,-11.04313850402832,0.5924453139305115,0.5499022603034973,0.1276526302099228,0.12423229143771525,0.15211493267059448,0.15748457602487476,-6.226841449737549,-6.051847457885742
b090_parked/episode_019e2261-5abe-7ece-910d-8988dd12106a/hold,491,16.366666666666667,0.5,-6.275567054748535,-7.12739896774292,0.7097688913345337,0.39475780725479126,0.053403329104185104,0.21268752360022555,0.22861052936566797,0.22596525602123108,-6.056669235229492,-6.0142717361450195
b090_parked/episode_019e2261-5abe-7ece-910d-8988dd12106a/hold,536,17.866666666666667,1.0,-6.216658115386963,-6.510085105895996,0.7385280132293701,0.8341254591941833,0.5688949227333069,0.22870324386567834,0.23433141888797596,0.23676022014170459,-6.141477584838867,-6.031198501586914
b090_parked/episode_019e2261-5abe-7ece-910d-8988dd12106a/hold,580,19.333333333333332,1.0,-6.68548583984375,-9.720335006713867,0.7718799710273743,0.7394658923149109,0.35488009452819824,0.1456191044967234,0.20332094873854864,0.20786838124776505,-5.734685897827148,-5.588912487030029
b090_parked/episode_019e2261-5abe-7ece-910d-8988dd12106a/hold,588,19.6,1.0,-6.2539520263671875,-5.5136823654174805,0.8201334476470947,0.5571028590202332,0.1755380779504776,0.2456858739705417,0.2983829282613652,0.3230708095849534,-5.61977481842041,-5.264088153839111
b090_parked/episode_019e2261-5abe-7ece-910d-8988dd12106a/hold,618,20.6,1.0,-6.296499252319336,-5.332688808441162,0.8183141946792603,0.7117801308631897,0.3259495198726654,0.24601898241887046,0.2535332253516091,0.26122133350605753,-6.2014641761779785,-6.027440547943115
b090_parked/episode_019e2261-5abe-7ece-910d-8988dd12106a/hold,625,20.833333333333332,1.0,-6.2587714195251465,-5.175099849700928,0.8167180418968201,0.7574722766876221,0.4059196412563324,0.2522779028586279,0.2545165059110087,0.2570807929913112,-6.230294704437256,-6.120230674743652
b090_parked/episode_019e2261-5abe-7ece-910d-8988dd12106a/hold,669,22.3,1.0,-6.227720737457275,-5.368130683898926,0.8220589756965637,0.6328878998756409,0.2613309323787689,0.250766777161625,0.2523918528226684,0.25626779162939595,-6.206562042236328,-6.079796314239502
b090_parked/episode_019e2261-5abe-7ece-910d-8988dd12106a/hold,714,23.8,1.0,-6.253720760345459,-5.567492485046387,0.8197733163833618,0.6950932741165161,0.3363310694694519,0.24460684110881376,0.24086790925486734,0.24717510419033972,-6.301921844482422,-6.142763137817383
b090_parked/episode_019e2261-5abe-7ece-910d-8988dd12106a/hold,774,25.8,1.0,-2.329340696334839,-2.341301202774048,0.98638916015625,0.8232112526893616,0.5954925417900085,0.7113299301005253,0.7121426477067859,0.7143199680461935,-2.2633163928985596,-2.1427581310272217
b090_parked/episode_019e2261-5abe-7ece-910d-8988dd12106a/hold,834,27.8,1.0,-0.9483237266540527,-2.2043490409851074,0.9985737800598145,0.19763296842575073,0.023330770432949066,0.8184689445410055,0.8155971441780587,0.8155378283436642,-0.9182101488113403,-0.8182837963104248
b090_parked/episode_019e2261-5abe-7ece-910d-8988dd12106a/hold,894,29.8,1.0,-0.6515812873840332,-2.135770797729492,0.9990984797477722,0.28126561641693115,0.08756384253501892,0.8375539373165167,0.8348286649847875,0.8289486147786875,-0.6189513206481934,-0.6171707510948181
b090_parked/episode_019e2261-5abe-7ece-910d-8988dd12106a/hold,954,31.8,1.0,-0.5749962329864502,-2.1424360275268555,0.9993613958358765,0.4657517671585083,0.16559311747550964,0.8418518878240434,0.838778673847004,0.8323618925063775,-0.5484602451324463,-0.5575047731399536
b090_parked/episode_019e2261-5abe-7ece-910d-8988dd12106a/hold,1014,33.8,1.0,-0.5972431898117065,-2.217247486114502,0.999454140663147,0.17493878304958344,0.01798621006309986,0.8394765881654317,0.8379736037422071,0.8319568882190775,-0.54304039478302,-0.544813334941864
b090_parked/episode_019e2261-5abe-7ece-910d-8988dd12106a/random_walk,0,0.0,0.0,-2.785065174102783,-7.025854587554932,0.8466649055480957,0.09722155332565308,0.0060975621454417706,0.5476655135469395,,,,
b090_parked/episode_019e2261-5abe-7ece-910d-8988dd12106a/random_walk,45,1.5,0.0,-6.660131454467773,-28.608779907226562,0.7576696872711182,0.10440254956483841,0.005730246659368277,0.021041086396567585,0.044003622430094806,0.08728124567126788,-4.871877193450928,-3.0465564727783203
b090_parked/episode_019e2261-5abe-7ece-910d-8988dd12106a/random_walk,89,2.966666666666667,0.0,-6.324075698852539,-19.48061752319336,0.7296010851860046,0.3227863311767578,0.03676946833729744,0.06351981850472481,0.05844110719787333,0.05982371627451072,-6.545650482177734,-6.4119486808776855
b090_parked/episode_019e2261-5abe-7ece-910d-8988dd12106a/random_walk,134,4.466666666666667,0.0,-6.511727333068848,-20.04092025756836,0.654663622379303,0.2862359881401062,0.06465348601341248,0.0555897577017373,0.061452577512409796,0.06279317114726354,-6.272255897521973,-6.141879081726074
b090_parked/episode_019e2261-5abe-7ece-910d-8988dd12106a/random_walk,178,5.933333333333334,0.0,-6.447298049926758,-11.615358352661133,0.637009859085083,0.17067433893680573,0.02262919954955578,0.13277868947197283,0.14373053052368587,0.14565662193817472,-6.235515594482422,-6.121464729309082
b090_parked/episode_019e2261-5abe-7ece-910d-8988dd12106a/random_walk,223,7.433333333333334,0.0,-6.693732738494873,-7.881081581115723,0.6265609264373779,0.513404369354248,0.16451646387577057,0.17218492519522974,0.18588988600090453,0.21313243171063292,-6.479591369628906,-5.995486736297607
b090_parked/episode_019e2261-5abe-7ece-910d-8988dd12106a/random_walk,268,8.933333333333334,0.5,-6.46560525894165,-7.532020568847656,0.6381562352180481,0.45124250650405884,0.08882029354572296,0.19240644624447986,0.1908366256175973,0.19321347824895946,-6.493860721588135,-6.380860328674316
b090_parked/episode_019e2261-5abe-7ece-910d-8988dd12106a/random_walk,312,10.4,0.5,-6.4569621086120605,-9.917211532592773,0.6849751472473145,0.570588231086731,0.1980641782283783,0.15530267760884167,0.18459015547681015,0.20125568510011135,-5.96820592880249,-5.63430643081665
b090_parked/episode_019e2261-5abe-7ece-910d-8988dd12106a/random_walk,357,11.9,0.5,-6.225078105926514,-7.959053039550781,0.6641733646392822,0.6031725406646729,0.15921740233898163,0.20118396698593338,0.20781155562513137,0.21161734576976152,-6.129388809204102,-5.996665000915527
b090_parked/episode_019e2261-5abe-7ece-910d-8988dd12106a/random_walk,402,13.4,0.5,-6.348259925842285,-10.21131706237793,0.6907497644424438,0.3333316445350647,0.014957086183130741,0.15714240984476135,0.15799255419917216,0.16994383381319497,-6.3374786376953125,-6.052621364593506
b090_parked/episode_019e2261-5abe-7ece-910d-8988dd12106a/random_walk,446,14.866666666666667,0.5,-6.774096488952637,-11.04313850402832,0.5924453139305115,0.5499022603034973,0.1276526302099228,0.12423229143771525,0.15211493267059448,0.15748457602487476,-6.226841449737549,-6.051847457885742
b090_parked/episode_019e2261-5abe-7ece-910d-8988dd12106a/random_walk,491,16.366666666666667,0.5,-6.275567054748535,-7.12739896774292,0.7097688913345337,0.39475780725479126,0.053403329104185104,0.21268752360022555,0.22861052936566797,0.22596525602123108,-6.056669235229492,-6.0142717361450195
b090_parked/episode_019e2261-5abe-7ece-910d-8988dd12106a/random_walk,536,17.866666666666667,1.0,-6.216658115386963,-6.510085105895996,0.7385280132293701,0.8341254591941833,0.5688949227333069,0.22870324386567834,0.23433141888797596,0.23676022014170459,-6.141477584838867,-6.031198501586914
b090_parked/episode_019e2261-5abe-7ece-910d-8988dd12106a/random_walk,580,19.333333333333332,1.0,-6.68548583984375,-9.720335006713867,0.7718799710273743,0.7394658923149109,0.35488009452819824,0.1456191044967234,0.20332094873854864,0.20786838124776505,-5.734685897827148,-5.588912487030029
b090_parked/episode_019e2261-5abe-7ece-910d-8988dd12106a/random_walk,588,19.6,1.0,-6.2539520263671875,-5.5136823654174805,0.8201334476470947,0.5571028590202332,0.1755380779504776,0.2456858739705417,0.2983829282613652,0.3230708095849534,-5.61977481842041,-5.264088153839111
b090_parked/episode_019e2261-5abe-7ece-910d-8988dd12106a/random_walk,618,20.6,1.0,-6.463289737701416,-6.602396488189697,0.8611622452735901,0.715896725654602,0.34334173798561096,0.20899075050643923,0.266816116084558,0.28040469796030254,-5.705761432647705,-5.4626288414001465
b090_parked/episode_019e2261-5abe-7ece-910d-8988dd12106a/random_walk,625,20.833333333333332,1.0,-6.536452293395996,-7.080741882324219,0.7433616518974304,0.7116500735282898,0.35756751894950867,0.19545624031076925,0.2337823600613749,0.2673421145559744,-5.999696731567383,-5.4940290451049805
b090_parked/episode_019e2261-5abe-7ece-910d-8988dd12106a/random_walk,669,22.3,1.0,-5.699035167694092,-5.598432540893555,0.7957543134689331,0.5672434568405151,0.25534364581108093,0.29020314928098573,0.3170250118175131,0.3170609956264347,-5.389590740203857,-5.307785987854004
b090_parked/episode_019e2261-5abe-7ece-910d-8988dd12106a/random_walk,714,23.8,1.0,-6.296295166015625,-5.782005310058594,0.6619118452072144,0.8147427439689636,0.5348554849624634,0.23696623019055368,0.3004153965719787,0.33442999990609124,-5.526656627655029,-5.070871353149414
b090_parked/episode_019e2261-5abe-7ece-910d-8988dd12106a/random_walk,774,25.8,1.0,-1.3341963291168213,-1.8232308626174927,0.9966197609901428,0.19543269276618958,0.02517884224653244,0.7995388847035393,0.8076843882863107,0.8028104255412428,-1.140794038772583,-1.1149955987930298
b090_parked/episode_019e2261-5abe-7ece-910d-8988dd12106a/random_walk,834,27.8,1.0,-0.8785766363143921,-2.2010574340820312,0.9988276362419128,0.4360105097293854,0.1766715943813324,0.822900222289662,0.8246197198313905,0.8187911181775614,-0.7736864686012268,-0.7671723961830139
b090_parked/episode_019e2261-5abe-7ece-910d-8988dd12106a/random_walk,894,29.8,1.0,-0.5519142150878906,-2.4246397018432617,0.9995027780532837,0.3027419447898865,0.08509904146194458,0.8390018000890579,0.8404186548936985,0.8353617644670033,-0.4458026885986328,-0.4318355619907379
b090_parked/episode_019e2261-5abe-7ece-910d-8988dd12106a/random_walk,954,31.8,1.0,-0.2599865794181824,-2.24240779876709,0.9998726844787598,0.533356249332428,0.2186693549156189,0.8575906376359919,0.8591416565195412,0.8545195434687123,-0.14441236853599548,-0.1302134394645691
b090_parked/episode_019e2261-5abe-7ece-910d-8988dd12106a/random_walk,1014,33.8,1.0,-0.25178882479667664,-2.242910146713257,0.9997574090957642,0.22627347707748413,0.039048291742801666,0.8580104089929234,0.8573334572434748,0.8510139353236764,-0.17960546910762787,-0.19672735035419464
