episode_id,group_id,split,branch_percent,arm_condition,mode,success,completion,method,score,threshold,predicted_success
b050_original/episode_019e298a-84a1-7557-ae97-93326347b45c/replay_control,episode_019e298a-84a1-7557-ae97-93326347b45c,dev,50,original,replay_control,True,1.0,DINOv2,0.9917763471603394,0.8599722981452942,True
b050_original/episode_019e298a-84a1-7557-ae97-93326347b45c/hold,episode_019e298a-84a1-7557-ae97-93326347b45c,dev,50,original,hold,False,0.5,DINOv2,0.7079678773880005,0.8599722981452942,False
b050_original/episode_019e298a-84a1-7557-ae97-93326347b45c/random_walk,episode_019e298a-84a1-7557-ae97-93326347b45c,dev,50,original,random_walk,False,0.5,DINOv2,0.726413369178772,0.8599722981452942,False
b050_original/episode_019e3c90-fb67-765e-8e8e-12c56ddda3ba/replay_control,episode_019e3c90-fb67-765e-8e8e-12c56ddda3ba,dev,50,original,replay_control,True,1.0,DINOv2,0.9930462837219238,0.8599722981452942,True
b050_original/episode_019e3c90-fb67-765e-8e8e-12c56ddda3ba/hold,episode_019e3c90-fb67-765e-8e8e-12c56ddda3ba,dev,50,original,hold,False,0.5,DINOv2,0.7093908190727234,0.8599722981452942,False
b050_original/episode_019e3c90-fb67-765e-8e8e-12c56ddda3ba/random_walk,episode_019e3c90-fb67-765e-8e8e-12c56ddda3ba,dev,50,original,random_walk,False,0.5,DINOv2,0.728168249130249,0.8599722981452942,False
b050_original/episode_019e1e35-af9f-7d66-93b0-478d1c079799/replay_control,episode_019e1e35-af9f-7d66-93b0-478d1c079799,test,50,original,replay_control,True,1.0,DINOv2,0.9930294156074524,0.8599722981452942,True
b050_original/episode_019e1e35-af9f-7d66-93b0-478d1c079799/hold,episode_019e1e35-af9f-7d66-93b0-478d1c079799,test,50,original,hold,False,0.5,DINOv2,0.703416645526886,0.8599722981452942,False
b050_original/episode_019e1e35-af9f-7d66-93b0-478d1c079799/random_walk,episode_019e1e35-af9f-7d66-93b0-478d1c079799,test,50,original,random_walk,False,0.5,DINOv2,0.6626816391944885,0.8599722981452942,False
b050_original/episode_019e2d91-6e08-7f79-a3e4-c843c73a3ef2/replay_control,episode_019e2d91-6e08-7f79-a3e4-c843c73a3ef2,test,50,original,replay_control,True,1.0,DINOv2,0.9978718757629395,0.8599722981452942,True
b050_original/episode_019e2d91-6e08-7f79-a3e4-c843c73a3ef2/hold,episode_019e2d91-6e08-7f79-a3e4-c843c73a3ef2,test,50,original,hold,False,0.5,DINOv2,0.7627826929092407,0.8599722981452942,False
b050_original/episode_019e2d91-6e08-7f79-a3e4-c843c73a3ef2/random_walk,episode_019e2d91-6e08-7f79-a3e4-c843c73a3ef2,test,50,original,random_walk,False,0.5,DINOv2,0.6974966526031494,0.8599722981452942,False
b050_original/episode_019e3c25-a92e-7824-a264-f1da48b9bd3d/replay_control,episode_019e3c25-a92e-7824-a264-f1da48b9bd3d,test,50,original,replay_control,True,1.0,DINOv2,0.9932936429977417,0.8599722981452942,True
b050_original/episode_019e3c25-a92e-7824-a264-f1da48b9bd3d/hold,episode_019e3c25-a92e-7824-a264-f1da48b9bd3d,test,50,original,hold,False,0.5,DINOv2,0.7322099208831787,0.8599722981452942,False
b050_original/episode_019e3c25-a92e-7824-a264-f1da48b9bd3d/random_walk,episode_019e3c25-a92e-7824-a264-f1da48b9bd3d,test,50,original,random_walk,False,0.5,DINOv2,0.6595816612243652,0.8599722981452942,False
b050_original/episode_019e2261-5abe-7ece-910d-8988dd12106a/replay_control,episode_019e2261-5abe-7ece-910d-8988dd12106a,test,50,original,replay_control,True,1.0,DINOv2,0.9833273887634277,0.8599722981452942,True
b050_original/episode_019e2261-5abe-7ece-910d-8988dd12106a/hold,episode_019e2261-5abe-7ece-910d-8988dd12106a,test,50,original,hold,False,0.5,DINOv2,0.607895016670227,0.8599722981452942,False
b050_original/episode_019e2261-5abe-7ece-910d-8988dd12106a/random_walk,episode_019e2261-5abe-7ece-910d-8988dd12106a,test,50,original,random_walk,False,0.5,DINOv2,0.583622932434082,0.8599722981452942,False
b050_parked/episode_019e298a-84a1-7557-ae97-93326347b45c/replay_control,episode_019e298a-84a1-7557-ae97-93326347b45c,dev,50,parked,replay_control,True,1.0,DINOv2,0.9985211491584778,0.8599722981452942,True
b050_parked/episode_019e298a-84a1-7557-ae97-93326347b45c/hold,episode_019e298a-84a1-7557-ae97-93326347b45c,dev,50,parked,hold,False,0.5,DINOv2,0.9593223333358765,0.8599722981452942,True
b050_parked/episode_019e298a-84a1-7557-ae97-93326347b45c/random_walk,episode_019e298a-84a1-7557-ae97-93326347b45c,dev,50,parked,random_walk,False,0.5,DINOv2,0.9508763551712036,0.8599722981452942,True
b050_parked/episode_019e3c90-fb67-765e-8e8e-12c56ddda3ba/replay_control,episode_019e3c90-fb67-765e-8e8e-12c56ddda3ba,dev,50,parked,replay_control,True,1.0,DINOv2,0.9975061416625977,0.8599722981452942,True
b050_parked/episode_019e3c90-fb67-765e-8e8e-12c56ddda3ba/hold,episode_019e3c90-fb67-765e-8e8e-12c56ddda3ba,dev,50,parked,hold,False,0.5,DINOv2,0.9640138745307922,0.8599722981452942,True
b050_parked/episode_019e3c90-fb67-765e-8e8e-12c56ddda3ba/random_walk,episode_019e3c90-fb67-765e-8e8e-12c56ddda3ba,dev,50,parked,random_walk,False,0.5,DINOv2,0.9841651916503906,0.8599722981452942,True
b050_parked/episode_019e1e35-af9f-7d66-93b0-478d1c079799/replay_control,episode_019e1e35-af9f-7d66-93b0-478d1c079799,test,50,parked,replay_control,True,1.0,DINOv2,0.9988516569137573,0.8599722981452942,True
b050_parked/episode_019e1e35-af9f-7d66-93b0-478d1c079799/hold,episode_019e1e35-af9f-7d66-93b0-478d1c079799,test,50,parked,hold,False,0.5,DINOv2,0.9732474088668823,0.8599722981452942,True
b050_parked/episode_019e1e35-af9f-7d66-93b0-478d1c079799/random_walk,episode_019e1e35-af9f-7d66-93b0-478d1c079799,test,50,parked,random_walk,False,0.5,DINOv2,0.972966730594635,0.8599722981452942,True
b050_parked/episode_019e2d91-6e08-7f79-a3e4-c843c73a3ef2/replay_control,episode_019e2d91-6e08-7f79-a3e4-c843c73a3ef2,test,50,parked,replay_control,True,1.0,DINOv2,0.9994284510612488,0.8599722981452942,True
b050_parked/episode_019e2d91-6e08-7f79-a3e4-c843c73a3ef2/hold,episode_019e2d91-6e08-7f79-a3e4-c843c73a3ef2,test,50,parked,hold,False,0.5,DINOv2,0.9671774506568909,0.8599722981452942,True
b050_parked/episode_019e2d91-6e08-7f79-a3e4-c843c73a3ef2/random_walk,episode_019e2d91-6e08-7f79-a3e4-c843c73a3ef2,test,50,parked,random_walk,False,0.5,DINOv2,0.9705512523651123,0.8599722981452942,True
b050_parked/episode_019e3c25-a92e-7824-a264-f1da48b9bd3d/replay_control,episode_019e3c25-a92e-7824-a264-f1da48b9bd3d,test,50,parked,replay_control,True,1.0,DINOv2,0.9990666508674622,0.8599722981452942,True
b050_parked/episode_019e3c25-a92e-7824-a264-f1da48b9bd3d/hold,episode_019e3c25-a92e-7824-a264-f1da48b9bd3d,test,50,parked,hold,False,0.5,DINOv2,0.9724932909011841,0.8599722981452942,True
b050_parked/episode_019e3c25-a92e-7824-a264-f1da48b9bd3d/random_walk,episode_019e3c25-a92e-7824-a264-f1da48b9bd3d,test,50,parked,random_walk,False,0.5,DINOv2,0.9680466055870056,0.8599722981452942,True
b050_parked/episode_019e2261-5abe-7ece-910d-8988dd12106a/replay_control,episode_019e2261-5abe-7ece-910d-8988dd12106a,test,50,parked,replay_control,True,1.0,DINOv2,0.9978955388069153,0.8599722981452942,True
b050_parked/episode_019e2261-5abe-7ece-910d-8988dd12106a/hold,episode_019e2261-5abe-7ece-910d-8988dd12106a,test,50,parked,hold,False,0.5,DINOv2,0.97660231590271,0.8599722981452942,True
b050_parked/episode_019e2261-5abe-7ece-910d-8988dd12106a/random_walk,episode_019e2261-5abe-7ece-910d-8988dd12106a,test,50,parked,random_walk,False,0.5,DINOv2,0.974875271320343,0.8599722981452942,True
b070_original/episode_019e298a-84a1-7557-ae97-93326347b45c/replay_control,episode_019e298a-84a1-7557-ae97-93326347b45c,dev,70,original,replay_control,True,1.0,DINOv2,0.9927819967269897,0.8599722981452942,True
b070_original/episode_019e298a-84a1-7557-ae97-93326347b45c/hold,episode_019e298a-84a1-7557-ae97-93326347b45c,dev,70,original,hold,False,0.5,DINOv2,0.6303068399429321,0.8599722981452942,False
b070_original/episode_019e298a-84a1-7557-ae97-93326347b45c/random_walk,episode_019e298a-84a1-7557-ae97-93326347b45c,dev,70,original,random_walk,True,1.0,DINOv2,0.7511197328567505,0.8599722981452942,False
b070_original/episode_019e3c90-fb67-765e-8e8e-12c56ddda3ba/replay_control,episode_019e3c90-fb67-765e-8e8e-12c56ddda3ba,dev,70,original,replay_control,True,1.0,DINOv2,0.9918862581253052,0.8599722981452942,True
b070_original/episode_019e3c90-fb67-765e-8e8e-12c56ddda3ba/hold,episode_019e3c90-fb67-765e-8e8e-12c56ddda3ba,dev,70,original,hold,False,0.5,DINOv2,0.6886270046234131,0.8599722981452942,False
b070_original/episode_019e3c90-fb67-765e-8e8e-12c56ddda3ba/random_walk,episode_019e3c90-fb67-765e-8e8e-12c56ddda3ba,dev,70,original,random_walk,False,0.5,DINOv2,0.75310879945755,0.8599722981452942,False
b070_original/episode_019e1e35-af9f-7d66-93b0-478d1c079799/replay_control,episode_019e1e35-af9f-7d66-93b0-478d1c079799,test,70,original,replay_control,True,1.0,DINOv2,0.994167685508728,0.8599722981452942,True
b070_original/episode_019e1e35-af9f-7d66-93b0-478d1c079799/hold,episode_019e1e35-af9f-7d66-93b0-478d1c079799,test,70,original,hold,False,0.5,DINOv2,0.6688851714134216,0.8599722981452942,False
b070_original/episode_019e1e35-af9f-7d66-93b0-478d1c079799/random_walk,episode_019e1e35-af9f-7d66-93b0-478d1c079799,test,70,original,random_walk,False,0.5,DINOv2,0.632117509841919,0.8599722981452942,False
b070_original/episode_019e2d91-6e08-7f79-a3e4-c843c73a3ef2/replay_control,episode_019e2d91-6e08-7f79-a3e4-c843c73a3ef2,test,70,original,replay_control,True,1.0,DINOv2,0.997891902923584,0.8599722981452942,True
b070_original/episode_019e2d91-6e08-7f79-a3e4-c843c73a3ef2/hold,episode_019e2d91-6e08-7f79-a3e4-c843c73a3ef2,test,70,original,hold,False,0.5,DINOv2,0.7009755969047546,0.8599722981452942,False
b070_original/episode_019e2d91-6e08-7f79-a3e4-c843c73a3ef2/random_walk,episode_019e2d91-6e08-7f79-a3e4-c843c73a3ef2,test,70,original,random_walk,False,0.5,DINOv2,0.7371668815612793,0.8599722981452942,False
b070_original/episode_019e3c25-a92e-7824-a264-f1da48b9bd3d/replay_control,episode_019e3c25-a92e-7824-a264-f1da48b9bd3d,test,70,original,replay_control,True,1.0,DINOv2,0.993497371673584,0.8599722981452942,True
b070_original/episode_019e3c25-a92e-7824-a264-f1da48b9bd3d/hold,episode_019e3c25-a92e-7824-a264-f1da48b9bd3d,test,70,original,hold,False,0.5,DINOv2,0.6938470005989075,0.8599722981452942,False
b070_original/episode_019e3c25-a92e-7824-a264-f1da48b9bd3d/random_walk,episode_019e3c25-a92e-7824-a264-f1da48b9bd3d,test,70,original,random_walk,False,0.5,DINOv2,0.618897020816803,0.8599722981452942,False
b070_original/episode_019e2261-5abe-7ece-910d-8988dd12106a/replay_control,episode_019e2261-5abe-7ece-910d-8988dd12106a,test,70,original,replay_control,True,1.0,DINOv2,0.9844008684158325,0.8599722981452942,True
b070_original/episode_019e2261-5abe-7ece-910d-8988dd12106a/hold,episode_019e2261-5abe-7ece-910d-8988dd12106a,test,70,original,hold,False,0.5,DINOv2,0.6472022533416748,0.8599722981452942,False
b070_original/episode_019e2261-5abe-7ece-910d-8988dd12106a/random_walk,episode_019e2261-5abe-7ece-910d-8988dd12106a,test,70,original,random_walk,True,1.0,DINOv2,0.7245998382568359,0.8599722981452942,False
b070_parked/episode_019e298a-84a1-7557-ae97-93326347b45c/replay_control,episode_019e298a-84a1-7557-ae97-93326347b45c,dev,70,parked,replay_control,True,1.0,DINOv2,0.9991788864135742,0.8599722981452942,True
b070_parked/episode_019e298a-84a1-7557-ae97-93326347b45c/hold,episode_019e298a-84a1-7557-ae97-93326347b45c,dev,70,parked,hold,False,0.5,DINOv2,0.9693746566772461,0.8599722981452942,True
b070_parked/episode_019e298a-84a1-7557-ae97-93326347b45c/random_walk,episode_019e298a-84a1-7557-ae97-93326347b45c,dev,70,parked,random_walk,True,1.0,DINOv2,0.9730839729309082,0.8599722981452942,True
b070_parked/episode_019e3c90-fb67-765e-8e8e-12c56ddda3ba/replay_control,episode_019e3c90-fb67-765e-8e8e-12c56ddda3ba,dev,70,parked,replay_control,True,1.0,DINOv2,0.998735249042511,0.8599722981452942,True
b070_parked/episode_019e3c90-fb67-765e-8e8e-12c56ddda3ba/hold,episode_019e3c90-fb67-765e-8e8e-12c56ddda3ba,dev,70,parked,hold,False,0.5,DINOv2,0.9795515537261963,0.8599722981452942,True
b070_parked/episode_019e3c90-fb67-765e-8e8e-12c56ddda3ba/random_walk,episode_019e3c90-fb67-765e-8e8e-12c56ddda3ba,dev,70,parked,random_walk,False,0.5,DINOv2,0.949978768825531,0.8599722981452942,True
b070_parked/episode_019e1e35-af9f-7d66-93b0-478d1c079799/replay_control,episode_019e1e35-af9f-7d66-93b0-478d1c079799,test,70,parked,replay_control,True,1.0,DINOv2,0.999497652053833,0.8599722981452942,True
b070_parked/episode_019e1e35-af9f-7d66-93b0-478d1c079799/hold,episode_019e1e35-af9f-7d66-93b0-478d1c079799,test,70,parked,hold,True,1.0,DINOv2,0.9940124154090881,0.8599722981452942,True
b070_parked/episode_019e1e35-af9f-7d66-93b0-478d1c079799/random_walk,episode_019e1e35-af9f-7d66-93b0-478d1c079799,test,70,parked,random_walk,False,0.5,DINOv2,0.9801781177520752,0.8599722981452942,True
b070_parked/episode_019e2d91-6e08-7f79-a3e4-c843c73a3ef2/replay_control,episode_019e2d91-6e08-7f79-a3e4-c843c73a3ef2,test,70,parked,replay_control,True,1.0,DINOv2,0.9994730949401855,0.8599722981452942,True
b070_parked/episode_019e2d91-6e08-7f79-a3e4-c843c73a3ef2/hold,episode_019e2d91-6e08-7f79-a3e4-c843c73a3ef2,test,70,parked,hold,False,0.5,DINOv2,0.96953284740448,0.8599722981452942,True
b070_parked/episode_019e2d91-6e08-7f79-a3e4-c843c73a3ef2/random_walk,episode_019e2d91-6e08-7f79-a3e4-c843c73a3ef2,test,70,parked,random_walk,False,0.5,DINOv2,0.971114993095398,0.8599722981452942,True
b070_parked/episode_019e3c25-a92e-7824-a264-f1da48b9bd3d/replay_control,episode_019e3c25-a92e-7824-a264-f1da48b9bd3d,test,70,parked,replay_control,True,1.0,DINOv2,0.9990986585617065,0.8599722981452942,True
b070_parked/episode_019e3c25-a92e-7824-a264-f1da48b9bd3d/hold,episode_019e3c25-a92e-7824-a264-f1da48b9bd3d,test,70,parked,hold,False,0.5,DINOv2,0.9735133647918701,0.8599722981452942,True
b070_parked/episode_019e3c25-a92e-7824-a264-f1da48b9bd3d/random_walk,episode_019e3c25-a92e-7824-a264-f1da48b9bd3d,test,70,parked,random_walk,False,0.5,DINOv2,0.963134229183197,0.8599722981452942,True
b070_parked/episode_019e2261-5abe-7ece-910d-8988dd12106a/replay_control,episode_019e2261-5abe-7ece-910d-8988dd12106a,test,70,parked,replay_control,True,1.0,DINOv2,0.9976937770843506,0.8599722981452942,True
b070_parked/episode_019e2261-5abe-7ece-910d-8988dd12106a/hold,episode_019e2261-5abe-7ece-910d-8988dd12106a,test,70,parked,hold,False,0.5,DINOv2,0.9792554378509521,0.8599722981452942,True
b070_parked/episode_019e2261-5abe-7ece-910d-8988dd12106a/random_walk,episode_019e2261-5abe-7ece-910d-8988dd12106a,test,70,parked,random_walk,True,1.0,DINOv2,0.9712764024734497,0.8599722981452942,True
b090_original/episode_019e298a-84a1-7557-ae97-93326347b45c/replay_control,episode_019e298a-84a1-7557-ae97-93326347b45c,dev,90,original,replay_control,True,1.0,DINOv2,0.993577241897583,0.8599722981452942,True
b090_original/episode_019e298a-84a1-7557-ae97-93326347b45c/hold,episode_019e298a-84a1-7557-ae97-93326347b45c,dev,90,original,hold,True,1.0,DINOv2,0.6831929683685303,0.8599722981452942,False
b090_original/episode_019e298a-84a1-7557-ae97-93326347b45c/random_walk,episode_019e298a-84a1-7557-ae97-93326347b45c,dev,90,original,random_walk,True,1.0,DINOv2,0.7304511666297913,0.8599722981452942,False
b090_original/episode_019e3c90-fb67-765e-8e8e-12c56ddda3ba/replay_control,episode_019e3c90-fb67-765e-8e8e-12c56ddda3ba,dev,90,original,replay_control,True,1.0,DINOv2,0.9947980642318726,0.8599722981452942,True
b090_original/episode_019e3c90-fb67-765e-8e8e-12c56ddda3ba/hold,episode_019e3c90-fb67-765e-8e8e-12c56ddda3ba,dev,90,original,hold,True,1.0,DINOv2,0.7250757217407227,0.8599722981452942,False
b090_original/episode_019e3c90-fb67-765e-8e8e-12c56ddda3ba/random_walk,episode_019e3c90-fb67-765e-8e8e-12c56ddda3ba,dev,90,original,random_walk,True,1.0,DINOv2,0.7701326608657837,0.8599722981452942,False
b090_original/episode_019e1e35-af9f-7d66-93b0-478d1c079799/replay_control,episode_019e1e35-af9f-7d66-93b0-478d1c079799,test,90,original,replay_control,True,1.0,DINOv2,0.9941571354866028,0.8599722981452942,True
b090_original/episode_019e1e35-af9f-7d66-93b0-478d1c079799/hold,episode_019e1e35-af9f-7d66-93b0-478d1c079799,test,90,original,hold,True,1.0,DINOv2,0.8301196098327637,0.8599722981452942,False
b090_original/episode_019e1e35-af9f-7d66-93b0-478d1c079799/random_walk,episode_019e1e35-af9f-7d66-93b0-478d1c079799,test,90,original,random_walk,True,1.0,DINOv2,0.6695806980133057,0.8599722981452942,False
b090_original/episode_019e2d91-6e08-7f79-a3e4-c843c73a3ef2/replay_control,episode_019e2d91-6e08-7f79-a3e4-c843c73a3ef2,test,90,original,replay_control,True,1.0,DINOv2,0.9982748627662659,0.8599722981452942,True
b090_original/episode_019e2d91-6e08-7f79-a3e4-c843c73a3ef2/hold,episode_019e2d91-6e08-7f79-a3e4-c843c73a3ef2,test,90,original,hold,True,1.0,DINOv2,0.8315315246582031,0.8599722981452942,False
b090_original/episode_019e2d91-6e08-7f79-a3e4-c843c73a3ef2/random_walk,episode_019e2d91-6e08-7f79-a3e4-c843c73a3ef2,test,90,original,random_walk,True,1.0,DINOv2,0.7799292206764221,0.8599722981452942,False
b090_original/episode_019e3c25-a92e-7824-a264-f1da48b9bd3d/replay_control,episode_019e3c25-a92e-7824-a264-f1da48b9bd3d,test,90,original,replay_control,True,1.0,DINOv2,0.9935891628265381,0.8599722981452942,True
b090_original/episode_019e3c25-a92e-7824-a264-f1da48b9bd3d/hold,episode_019e3c25-a92e-7824-a264-f1da48b9bd3d,test,90,original,hold,True,1.0,DINOv2,0.7805290222167969,0.8599722981452942,False
b090_original/episode_019e3c25-a92e-7824-a264-f1da48b9bd3d/random_walk,episode_019e3c25-a92e-7824-a264-f1da48b9bd3d,test,90,original,random_walk,True,1.0,DINOv2,0.7965092658996582,0.8599722981452942,False
b090_original/episode_019e2261-5abe-7ece-910d-8988dd12106a/replay_control,episode_019e2261-5abe-7ece-910d-8988dd12106a,test,90,original,replay_control,True,1.0,DINOv2,0.984592616558075,0.8599722981452942,True
b090_original/episode_019e2261-5abe-7ece-910d-8988dd12106a/hold,episode_019e2261-5abe-7ece-910d-8988dd12106a,test,90,original,hold,True,1.0,DINOv2,0.805820107460022,0.8599722981452942,False
b090_original/episode_019e2261-5abe-7ece-910d-8988dd12106a/random_walk,episode_019e2261-5abe-7ece-910d-8988dd12106a,test,90,original,random_walk,True,1.0,DINOv2,0.5952630043029785,0.8599722981452942,False
b090_parked/episode_019e298a-84a1-7557-ae97-93326347b45c/replay_control,episode_019e298a-84a1-7557-ae97-93326347b45c,dev,90,parked,replay_control,True,1.0,DINOv2,0.9997280836105347,0.8599722981452942,True
b090_parked/episode_019e298a-84a1-7557-ae97-93326347b45c/hold,episode_019e298a-84a1-7557-ae97-93326347b45c,dev,90,parked,hold,True,1.0,DINOv2,0.9999502897262573,0.8599722981452942,True
b090_parked/episode_019e298a-84a1-7557-ae97-93326347b45c/random_walk,episode_019e298a-84a1-7557-ae97-93326347b45c,dev,90,parked,random_walk,True,1.0,DINOv2,0.9998668432235718,0.8599722981452942,True
b090_parked/episode_019e3c90-fb67-765e-8e8e-12c56ddda3ba/replay_control,episode_019e3c90-fb67-765e-8e8e-12c56ddda3ba,dev,90,parked,replay_control,True,1.0,DINOv2,0.9997541904449463,0.8599722981452942,True
b090_parked/episode_019e3c90-fb67-765e-8e8e-12c56ddda3ba/hold,episode_019e3c90-fb67-765e-8e8e-12c56ddda3ba,dev,90,parked,hold,True,1.0,DINOv2,0.9997848868370056,0.8599722981452942,True
b090_parked/episode_019e3c90-fb67-765e-8e8e-12c56ddda3ba/random_walk,episode_019e3c90-fb67-765e-8e8e-12c56ddda3ba,dev,90,parked,random_walk,True,1.0,DINOv2,0.9997599124908447,0.8599722981452942,True
b090_parked/episode_019e1e35-af9f-7d66-93b0-478d1c079799/replay_control,episode_019e1e35-af9f-7d66-93b0-478d1c079799,test,90,parked,replay_control,True,1.0,DINOv2,0.9994943141937256,0.8599722981452942,True
b090_parked/episode_019e1e35-af9f-7d66-93b0-478d1c079799/hold,episode_019e1e35-af9f-7d66-93b0-478d1c079799,test,90,parked,hold,True,1.0,DINOv2,0.9996315240859985,0.8599722981452942,True
b090_parked/episode_019e1e35-af9f-7d66-93b0-478d1c079799/random_walk,episode_019e1e35-af9f-7d66-93b0-478d1c079799,test,90,parked,random_walk,True,1.0,DINOv2,0.9998562335968018,0.8599722981452942,True
b090_parked/episode_019e2d91-6e08-7f79-a3e4-c843c73a3ef2/replay_control,episode_019e2d91-6e08-7f79-a3e4-c843c73a3ef2,test,90,parked,replay_control,True,1.0,DINOv2,0.9999475479125977,0.8599722981452942,True
b090_parked/episode_019e2d91-6e08-7f79-a3e4-c843c73a3ef2/hold,episode_019e2d91-6e08-7f79-a3e4-c843c73a3ef2,test,90,parked,hold,True,1.0,DINOv2,0.9998734593391418,0.8599722981452942,True
b090_parked/episode_019e2d91-6e08-7f79-a3e4-c843c73a3ef2/random_walk,episode_019e2d91-6e08-7f79-a3e4-c843c73a3ef2,test,90,parked,random_walk,True,1.0,DINOv2,0.9998723268508911,0.8599722981452942,True
b090_parked/episode_019e3c25-a92e-7824-a264-f1da48b9bd3d/replay_control,episode_019e3c25-a92e-7824-a264-f1da48b9bd3d,test,90,parked,replay_control,True,1.0,DINOv2,0.9992276430130005,0.8599722981452942,True
b090_parked/episode_019e3c25-a92e-7824-a264-f1da48b9bd3d/hold,episode_019e3c25-a92e-7824-a264-f1da48b9bd3d,test,90,parked,hold,True,1.0,DINOv2,0.9992796182632446,0.8599722981452942,True
b090_parked/episode_019e3c25-a92e-7824-a264-f1da48b9bd3d/random_walk,episode_019e3c25-a92e-7824-a264-f1da48b9bd3d,test,90,parked,random_walk,True,1.0,DINOv2,0.9990362524986267,0.8599722981452942,True
b090_parked/episode_019e2261-5abe-7ece-910d-8988dd12106a/replay_control,episode_019e2261-5abe-7ece-910d-8988dd12106a,test,90,parked,replay_control,True,1.0,DINOv2,0.9991087913513184,0.8599722981452942,True
b090_parked/episode_019e2261-5abe-7ece-910d-8988dd12106a/hold,episode_019e2261-5abe-7ece-910d-8988dd12106a,test,90,parked,hold,True,1.0,DINOv2,0.9979345202445984,0.8599722981452942,True
b090_parked/episode_019e2261-5abe-7ece-910d-8988dd12106a/random_walk,episode_019e2261-5abe-7ece-910d-8988dd12106a,test,90,parked,random_walk,True,1.0,DINOv2,0.9986395835876465,0.8599722981452942,True
b050_original/episode_019e298a-84a1-7557-ae97-93326347b45c/replay_control,episode_019e298a-84a1-7557-ae97-93326347b45c,dev,50,original,replay_control,True,1.0,DT,-2.051685333251953,-8.942145824432373,True
b050_original/episode_019e298a-84a1-7557-ae97-93326347b45c/hold,episode_019e298a-84a1-7557-ae97-93326347b45c,dev,50,original,hold,False,0.5,DT,-15.754497528076172,-8.942145824432373,False
b050_original/episode_019e298a-84a1-7557-ae97-93326347b45c/random_walk,episode_019e298a-84a1-7557-ae97-93326347b45c,dev,50,original,random_walk,False,0.5,DT,-20.020858764648438,-8.942145824432373,False
b050_original/episode_019e3c90-fb67-765e-8e8e-12c56ddda3ba/replay_control,episode_019e3c90-fb67-765e-8e8e-12c56ddda3ba,dev,50,original,replay_control,True,1.0,DT,-2.129794120788574,-8.942145824432373,True
b050_original/episode_019e3c90-fb67-765e-8e8e-12c56ddda3ba/hold,episode_019e3c90-fb67-765e-8e8e-12c56ddda3ba,dev,50,original,hold,False,0.5,DT,-18.78154182434082,-8.942145824432373,False
b050_original/episode_019e3c90-fb67-765e-8e8e-12c56ddda3ba/random_walk,episode_019e3c90-fb67-765e-8e8e-12c56ddda3ba,dev,50,original,random_walk,False,0.5,DT,-18.49923324584961,-8.942145824432373,False
b050_original/episode_019e1e35-af9f-7d66-93b0-478d1c079799/replay_control,episode_019e1e35-af9f-7d66-93b0-478d1c079799,test,50,original,replay_control,True,1.0,DT,-2.1928205490112305,-8.942145824432373,True
b050_original/episode_019e1e35-af9f-7d66-93b0-478d1c079799/hold,episode_019e1e35-af9f-7d66-93b0-478d1c079799,test,50,original,hold,False,0.5,DT,-40.79328155517578,-8.942145824432373,False
b050_original/episode_019e1e35-af9f-7d66-93b0-478d1c079799/random_walk,episode_019e1e35-af9f-7d66-93b0-478d1c079799,test,50,original,random_walk,False,0.5,DT,-22.700782775878906,-8.942145824432373,False
b050_original/episode_019e2d91-6e08-7f79-a3e4-c843c73a3ef2/replay_control,episode_019e2d91-6e08-7f79-a3e4-c843c73a3ef2,test,50,original,replay_control,True,1.0,DT,-2.0683722496032715,-8.942145824432373,True
b050_original/episode_019e2d91-6e08-7f79-a3e4-c843c73a3ef2/hold,episode_019e2d91-6e08-7f79-a3e4-c843c73a3ef2,test,50,original,hold,False,0.5,DT,-18.502601623535156,-8.942145824432373,False
b050_original/episode_019e2d91-6e08-7f79-a3e4-c843c73a3ef2/random_walk,episode_019e2d91-6e08-7f79-a3e4-c843c73a3ef2,test,50,original,random_walk,False,0.5,DT,-19.31224822998047,-8.942145824432373,False
b050_original/episode_019e3c25-a92e-7824-a264-f1da48b9bd3d/replay_control,episode_019e3c25-a92e-7824-a264-f1da48b9bd3d,test,50,original,replay_control,True,1.0,DT,-1.8384979963302612,-8.942145824432373,True
b050_original/episode_019e3c25-a92e-7824-a264-f1da48b9bd3d/hold,episode_019e3c25-a92e-7824-a264-f1da48b9bd3d,test,50,original,hold,False,0.5,DT,-28.366703033447266,-8.942145824432373,False
b050_original/episode_019e3c25-a92e-7824-a264-f1da48b9bd3d/random_walk,episode_019e3c25-a92e-7824-a264-f1da48b9bd3d,test,50,original,random_walk,False,0.5,DT,-17.512971878051758,-8.942145824432373,False
b050_original/episode_019e2261-5abe-7ece-910d-8988dd12106a/replay_control,episode_019e2261-5abe-7ece-910d-8988dd12106a,test,50,original,replay_control,True,1.0,DT,-2.3130221366882324,-8.942145824432373,True
b050_original/episode_019e2261-5abe-7ece-910d-8988dd12106a/hold,episode_019e2261-5abe-7ece-910d-8988dd12106a,test,50,original,hold,False,0.5,DT,-18.459720611572266,-8.942145824432373,False
b050_original/episode_019e2261-5abe-7ece-910d-8988dd12106a/random_walk,episode_019e2261-5abe-7ece-910d-8988dd12106a,test,50,original,random_walk,False,0.5,DT,-33.9699821472168,-8.942145824432373,False
b050_parked/episode_019e298a-84a1-7557-ae97-93326347b45c/replay_control,episode_019e298a-84a1-7557-ae97-93326347b45c,dev,50,parked,replay_control,True,1.0,DT,-2.378021001815796,-8.942145824432373,True
b050_parked/episode_019e298a-84a1-7557-ae97-93326347b45c/hold,episode_019e298a-84a1-7557-ae97-93326347b45c,dev,50,parked,hold,False,0.5,DT,-4.116419792175293,-8.942145824432373,True
b050_parked/episode_019e298a-84a1-7557-ae97-93326347b45c/random_walk,episode_019e298a-84a1-7557-ae97-93326347b45c,dev,50,parked,random_walk,False,0.5,DT,-4.8428544998168945,-8.942145824432373,True
b050_parked/episode_019e3c90-fb67-765e-8e8e-12c56ddda3ba/replay_control,episode_019e3c90-fb67-765e-8e8e-12c56ddda3ba,dev,50,parked,replay_control,True,1.0,DT,-2.097209930419922,-8.942145824432373,True
b050_parked/episode_019e3c90-fb67-765e-8e8e-12c56ddda3ba/hold,episode_019e3c90-fb67-765e-8e8e-12c56ddda3ba,dev,50,parked,hold,False,0.5,DT,-2.756870746612549,-8.942145824432373,True
b050_parked/episode_019e3c90-fb67-765e-8e8e-12c56ddda3ba/random_walk,episode_019e3c90-fb67-765e-8e8e-12c56ddda3ba,dev,50,parked,random_walk,False,0.5,DT,-4.066744804382324,-8.942145824432373,True
b050_parked/episode_019e1e35-af9f-7d66-93b0-478d1c079799/replay_control,episode_019e1e35-af9f-7d66-93b0-478d1c079799,test,50,parked,replay_control,True,1.0,DT,-2.329697608947754,-8.942145824432373,True
b050_parked/episode_019e1e35-af9f-7d66-93b0-478d1c079799/hold,episode_019e1e35-af9f-7d66-93b0-478d1c079799,test,50,parked,hold,False,0.5,DT,-10.020071029663086,-8.942145824432373,False
b050_parked/episode_019e1e35-af9f-7d66-93b0-478d1c079799/random_walk,episode_019e1e35-af9f-7d66-93b0-478d1c079799,test,50,parked,random_walk,False,0.5,DT,-8.484538078308105,-8.942145824432373,True
b050_parked/episode_019e2d91-6e08-7f79-a3e4-c843c73a3ef2/replay_control,episode_019e2d91-6e08-7f79-a3e4-c843c73a3ef2,test,50,parked,replay_control,True,1.0,DT,-2.395500659942627,-8.942145824432373,True
b050_parked/episode_019e2d91-6e08-7f79-a3e4-c843c73a3ef2/hold,episode_019e2d91-6e08-7f79-a3e4-c843c73a3ef2,test,50,parked,hold,False,0.5,DT,-4.248329162597656,-8.942145824432373,True
b050_parked/episode_019e2d91-6e08-7f79-a3e4-c843c73a3ef2/random_walk,episode_019e2d91-6e08-7f79-a3e4-c843c73a3ef2,test,50,parked,random_walk,False,0.5,DT,-5.151366233825684,-8.942145824432373,True
b050_parked/episode_019e3c25-a92e-7824-a264-f1da48b9bd3d/replay_control,episode_019e3c25-a92e-7824-a264-f1da48b9bd3d,test,50,parked,replay_control,True,1.0,DT,-2.3432397842407227,-8.942145824432373,True
b050_parked/episode_019e3c25-a92e-7824-a264-f1da48b9bd3d/hold,episode_019e3c25-a92e-7824-a264-f1da48b9bd3d,test,50,parked,hold,False,0.5,DT,-5.1819305419921875,-8.942145824432373,True
b050_parked/episode_019e3c25-a92e-7824-a264-f1da48b9bd3d/random_walk,episode_019e3c25-a92e-7824-a264-f1da48b9bd3d,test,50,parked,random_walk,False,0.5,DT,-4.322776794433594,-8.942145824432373,True
b050_parked/episode_019e2261-5abe-7ece-910d-8988dd12106a/replay_control,episode_019e2261-5abe-7ece-910d-8988dd12106a,test,50,parked,replay_control,True,1.0,DT,-2.4908928871154785,-8.942145824432373,True
b050_parked/episode_019e2261-5abe-7ece-910d-8988dd12106a/hold,episode_019e2261-5abe-7ece-910d-8988dd12106a,test,50,parked,hold,False,0.5,DT,-4.611778259277344,-8.942145824432373,True
b050_parked/episode_019e2261-5abe-7ece-910d-8988dd12106a/random_walk,episode_019e2261-5abe-7ece-910d-8988dd12106a,test,50,parked,random_walk,False,0.5,DT,-7.79142951965332,-8.942145824432373,True
b070_original/episode_019e298a-84a1-7557-ae97-93326347b45c/replay_control,episode_019e298a-84a1-7557-ae97-93326347b45c,dev,70,original,replay_control,True,1.0,DT,-2.051685333251953,-8.942145824432373,True
b070_original/episode_019e298a-84a1-7557-ae97-93326347b45c/hold,episode_019e298a-84a1-7557-ae97-93326347b45c,dev,70,original,hold,False,0.5,DT,-29.58881378173828,-8.942145824432373,False
b070_original/episode_019e298a-84a1-7557-ae97-93326347b45c/random_walk,episode_019e298a-84a1-7557-ae97-93326347b45c,dev,70,original,random_walk,True,1.0,DT,-22.896305084228516,-8.942145824432373,False
b070_original/episode_019e3c90-fb67-765e-8e8e-12c56ddda3ba/replay_control,episode_019e3c90-fb67-765e-8e8e-12c56ddda3ba,dev,70,original,replay_control,True,1.0,DT,-2.162837028503418,-8.942145824432373,True
b070_original/episode_019e3c90-fb67-765e-8e8e-12c56ddda3ba/hold,episode_019e3c90-fb67-765e-8e8e-12c56ddda3ba,dev,70,original,hold,False,0.5,DT,-25.289594650268555,-8.942145824432373,False
b070_original/episode_019e3c90-fb67-765e-8e8e-12c56ddda3ba/random_walk,episode_019e3c90-fb67-765e-8e8e-12c56ddda3ba,dev,70,original,random_walk,False,0.5,DT,-28.69928741455078,-8.942145824432373,False
b070_original/episode_019e1e35-af9f-7d66-93b0-478d1c079799/replay_control,episode_019e1e35-af9f-7d66-93b0-478d1c079799,test,70,original,replay_control,True,1.0,DT,-2.0108237266540527,-8.942145824432373,True
b070_original/episode_019e1e35-af9f-7d66-93b0-478d1c079799/hold,episode_019e1e35-af9f-7d66-93b0-478d1c079799,test,70,original,hold,False,0.5,DT,-28.62084197998047,-8.942145824432373,False
b070_original/episode_019e1e35-af9f-7d66-93b0-478d1c079799/random_walk,episode_019e1e35-af9f-7d66-93b0-478d1c079799,test,70,original,random_walk,False,0.5,DT,-17.246545791625977,-8.942145824432373,False
b070_original/episode_019e2d91-6e08-7f79-a3e4-c843c73a3ef2/replay_control,episode_019e2d91-6e08-7f79-a3e4-c843c73a3ef2,test,70,original,replay_control,True,1.0,DT,-2.2479195594787598,-8.942145824432373,True
b070_original/episode_019e2d91-6e08-7f79-a3e4-c843c73a3ef2/hold,episode_019e2d91-6e08-7f79-a3e4-c843c73a3ef2,test,70,original,hold,False,0.5,DT,-23.079769134521484,-8.942145824432373,False
b070_original/episode_019e2d91-6e08-7f79-a3e4-c843c73a3ef2/random_walk,episode_019e2d91-6e08-7f79-a3e4-c843c73a3ef2,test,70,original,random_walk,False,0.5,DT,-23.28949737548828,-8.942145824432373,False
b070_original/episode_019e3c25-a92e-7824-a264-f1da48b9bd3d/replay_control,episode_019e3c25-a92e-7824-a264-f1da48b9bd3d,test,70,original,replay_control,True,1.0,DT,-1.8384979963302612,-8.942145824432373,True
b070_original/episode_019e3c25-a92e-7824-a264-f1da48b9bd3d/hold,episode_019e3c25-a92e-7824-a264-f1da48b9bd3d,test,70,original,hold,False,0.5,DT,-21.14871597290039,-8.942145824432373,False
b070_original/episode_019e3c25-a92e-7824-a264-f1da48b9bd3d/random_walk,episode_019e3c25-a92e-7824-a264-f1da48b9bd3d,test,70,original,random_walk,False,0.5,DT,-19.81168556213379,-8.942145824432373,False
b070_original/episode_019e2261-5abe-7ece-910d-8988dd12106a/replay_control,episode_019e2261-5abe-7ece-910d-8988dd12106a,test,70,original,replay_control,True,1.0,DT,-2.181396245956421,-8.942145824432373,True
b070_original/episode_019e2261-5abe-7ece-910d-8988dd12106a/hold,episode_019e2261-5abe-7ece-910d-8988dd12106a,test,70,original,hold,False,0.5,DT,-15.53302001953125,-8.942145824432373,False
b070_original/episode_019e2261-5abe-7ece-910d-8988dd12106a/random_walk,episode_019e2261-5abe-7ece-910d-8988dd12106a,test,70,original,random_walk,True,1.0,DT,-43.18489456176758,-8.942145824432373,False
b070_parked/episode_019e298a-84a1-7557-ae97-93326347b45c/replay_control,episode_019e298a-84a1-7557-ae97-93326347b45c,dev,70,parked,replay_control,True,1.0,DT,-2.378021001815796,-8.942145824432373,True
b070_parked/episode_019e298a-84a1-7557-ae97-93326347b45c/hold,episode_019e298a-84a1-7557-ae97-93326347b45c,dev,70,parked,hold,False,0.5,DT,-3.983462333679199,-8.942145824432373,True
b070_parked/episode_019e298a-84a1-7557-ae97-93326347b45c/random_walk,episode_019e298a-84a1-7557-ae97-93326347b45c,dev,70,parked,random_walk,True,1.0,DT,-6.265198707580566,-8.942145824432373,True
b070_parked/episode_019e3c90-fb67-765e-8e8e-12c56ddda3ba/replay_control,episode_019e3c90-fb67-765e-8e8e-12c56ddda3ba,dev,70,parked,replay_control,True,1.0,DT,-2.102736711502075,-8.942145824432373,True
b070_parked/episode_019e3c90-fb67-765e-8e8e-12c56ddda3ba/hold,episode_019e3c90-fb67-765e-8e8e-12c56ddda3ba,dev,70,parked,hold,False,0.5,DT,-2.80271053314209,-8.942145824432373,True
b070_parked/episode_019e3c90-fb67-765e-8e8e-12c56ddda3ba/random_walk,episode_019e3c90-fb67-765e-8e8e-12c56ddda3ba,dev,70,parked,random_walk,False,0.5,DT,-3.826699733734131,-8.942145824432373,True
b070_parked/episode_019e1e35-af9f-7d66-93b0-478d1c079799/replay_control,episode_019e1e35-af9f-7d66-93b0-478d1c079799,test,70,parked,replay_control,True,1.0,DT,-2.1717824935913086,-8.942145824432373,True
b070_parked/episode_019e1e35-af9f-7d66-93b0-478d1c079799/hold,episode_019e1e35-af9f-7d66-93b0-478d1c079799,test,70,parked,hold,True,1.0,DT,-3.4436545372009277,-8.942145824432373,True
b070_parked/episode_019e1e35-af9f-7d66-93b0-478d1c079799/random_walk,episode_019e1e35-af9f-7d66-93b0-478d1c079799,test,70,parked,random_walk,False,0.5,DT,-6.157776832580566,-8.942145824432373,True
b070_parked/episode_019e2d91-6e08-7f79-a3e4-c843c73a3ef2/replay_control,episode_019e2d91-6e08-7f79-a3e4-c843c73a3ef2,test,70,parked,replay_control,True,1.0,DT,-2.5247344970703125,-8.942145824432373,True
b070_parked/episode_019e2d91-6e08-7f79-a3e4-c843c73a3ef2/hold,episode_019e2d91-6e08-7f79-a3e4-c843c73a3ef2,test,70,parked,hold,False,0.5,DT,-3.8282740116119385,-8.942145824432373,True
b070_parked/episode_019e2d91-6e08-7f79-a3e4-c843c73a3ef2/random_walk,episode_019e2d91-6e08-7f79-a3e4-c843c73a3ef2,test,70,parked,random_walk,False,0.5,DT,-3.791001558303833,-8.942145824432373,True
b070_parked/episode_019e3c25-a92e-7824-a264-f1da48b9bd3d/replay_control,episode_019e3c25-a92e-7824-a264-f1da48b9bd3d,test,70,parked,replay_control,True,1.0,DT,-2.3432397842407227,-8.942145824432373,True
b070_parked/episode_019e3c25-a92e-7824-a264-f1da48b9bd3d/hold,episode_019e3c25-a92e-7824-a264-f1da48b9bd3d,test,70,parked,hold,False,0.5,DT,-2.417527914047241,-8.942145824432373,True
b070_parked/episode_019e3c25-a92e-7824-a264-f1da48b9bd3d/random_walk,episode_019e3c25-a92e-7824-a264-f1da48b9bd3d,test,70,parked,random_walk,False,0.5,DT,-2.3426475524902344,-8.942145824432373,True
b070_parked/episode_019e2261-5abe-7ece-910d-8988dd12106a/replay_control,episode_019e2261-5abe-7ece-910d-8988dd12106a,test,70,parked,replay_control,True,1.0,DT,-2.418776750564575,-8.942145824432373,True
b070_parked/episode_019e2261-5abe-7ece-910d-8988dd12106a/hold,episode_019e2261-5abe-7ece-910d-8988dd12106a,test,70,parked,hold,False,0.5,DT,-2.963505506515503,-8.942145824432373,True
b070_parked/episode_019e2261-5abe-7ece-910d-8988dd12106a/random_walk,episode_019e2261-5abe-7ece-910d-8988dd12106a,test,70,parked,random_walk,True,1.0,DT,-6.263511657714844,-8.942145824432373,True
b090_original/episode_019e298a-84a1-7557-ae97-93326347b45c/replay_control,episode_019e298a-84a1-7557-ae97-93326347b45c,dev,90,original,replay_control,True,1.0,DT,-2.051685333251953,-8.942145824432373,True
b090_original/episode_019e298a-84a1-7557-ae97-93326347b45c/hold,episode_019e298a-84a1-7557-ae97-93326347b45c,dev,90,original,hold,True,1.0,DT,-17.310108184814453,-8.942145824432373,False
b090_original/episode_019e298a-84a1-7557-ae97-93326347b45c/random_walk,episode_019e298a-84a1-7557-ae97-93326347b45c,dev,90,original,random_walk,True,1.0,DT,-18.321727752685547,-8.942145824432373,False
b090_original/episode_019e3c90-fb67-765e-8e8e-12c56ddda3ba/replay_control,episode_019e3c90-fb67-765e-8e8e-12c56ddda3ba,dev,90,original,replay_control,True,1.0,DT,-2.0125768184661865,-8.942145824432373,True
b090_original/episode_019e3c90-fb67-765e-8e8e-12c56ddda3ba/hold,episode_019e3c90-fb67-765e-8e8e-12c56ddda3ba,dev,90,original,hold,True,1.0,DT,-14.055171966552734,-8.942145824432373,False
b090_original/episode_019e3c90-fb67-765e-8e8e-12c56ddda3ba/random_walk,episode_019e3c90-fb67-765e-8e8e-12c56ddda3ba,dev,90,original,random_walk,True,1.0,DT,-15.098932266235352,-8.942145824432373,False
b090_original/episode_019e1e35-af9f-7d66-93b0-478d1c079799/replay_control,episode_019e1e35-af9f-7d66-93b0-478d1c079799,test,90,original,replay_control,True,1.0,DT,-2.0108237266540527,-8.942145824432373,True
b090_original/episode_019e1e35-af9f-7d66-93b0-478d1c079799/hold,episode_019e1e35-af9f-7d66-93b0-478d1c079799,test,90,original,hold,True,1.0,DT,-10.571185111999512,-8.942145824432373,False
b090_original/episode_019e1e35-af9f-7d66-93b0-478d1c079799/random_walk,episode_019e1e35-af9f-7d66-93b0-478d1c079799,test,90,original,random_walk,True,1.0,DT,-12.066499710083008,-8.942145824432373,False
b090_original/episode_019e2d91-6e08-7f79-a3e4-c843c73a3ef2/replay_control,episode_019e2d91-6e08-7f79-a3e4-c843c73a3ef2,test,90,original,replay_control,True,1.0,DT,-2.0683722496032715,-8.942145824432373,True
b090_original/episode_019e2d91-6e08-7f79-a3e4-c843c73a3ef2/hold,episode_019e2d91-6e08-7f79-a3e4-c843c73a3ef2,test,90,original,hold,True,1.0,DT,-16.32294464111328,-8.942145824432373,False
b090_original/episode_019e2d91-6e08-7f79-a3e4-c843c73a3ef2/random_walk,episode_019e2d91-6e08-7f79-a3e4-c843c73a3ef2,test,90,original,random_walk,True,1.0,DT,-14.92334270477295,-8.942145824432373,False
b090_original/episode_019e3c25-a92e-7824-a264-f1da48b9bd3d/replay_control,episode_019e3c25-a92e-7824-a264-f1da48b9bd3d,test,90,original,replay_control,True,1.0,DT,-1.8061916828155518,-8.942145824432373,True
b090_original/episode_019e3c25-a92e-7824-a264-f1da48b9bd3d/hold,episode_019e3c25-a92e-7824-a264-f1da48b9bd3d,test,90,original,hold,True,1.0,DT,-14.895065307617188,-8.942145824432373,False
b090_original/episode_019e3c25-a92e-7824-a264-f1da48b9bd3d/random_walk,episode_019e3c25-a92e-7824-a264-f1da48b9bd3d,test,90,original,random_walk,True,1.0,DT,-13.06082534790039,-8.942145824432373,False
b090_original/episode_019e2261-5abe-7ece-910d-8988dd12106a/replay_control,episode_019e2261-5abe-7ece-910d-8988dd12106a,test,90,original,replay_control,True,1.0,DT,-2.1669921875,-8.942145824432373,True
b090_original/episode_019e2261-5abe-7ece-910d-8988dd12106a/hold,episode_019e2261-5abe-7ece-910d-8988dd12106a,test,90,original,hold,True,1.0,DT,-11.273937225341797,-8.942145824432373,False
b090_original/episode_019e2261-5abe-7ece-910d-8988dd12106a/random_walk,episode_019e2261-5abe-7ece-910d-8988dd12106a,test,90,original,random_walk,True,1.0,DT,-10.820125579833984,-8.942145824432373,False
b090_parked/episode_019e298a-84a1-7557-ae97-93326347b45c/replay_control,episode_019e298a-84a1-7557-ae97-93326347b45c,dev,90,parked,replay_control,True,1.0,DT,-2.378021001815796,-8.942145824432373,True
b090_parked/episode_019e298a-84a1-7557-ae97-93326347b45c/hold,episode_019e298a-84a1-7557-ae97-93326347b45c,dev,90,parked,hold,True,1.0,DT,-2.251619815826416,-8.942145824432373,True
b090_parked/episode_019e298a-84a1-7557-ae97-93326347b45c/random_walk,episode_019e298a-84a1-7557-ae97-93326347b45c,dev,90,parked,random_walk,True,1.0,DT,-2.378021001815796,-8.942145824432373,True
b090_parked/episode_019e3c90-fb67-765e-8e8e-12c56ddda3ba/replay_control,episode_019e3c90-fb67-765e-8e8e-12c56ddda3ba,dev,90,parked,replay_control,True,1.0,DT,-2.0728721618652344,-8.942145824432373,True
b090_parked/episode_019e3c90-fb67-765e-8e8e-12c56ddda3ba/hold,episode_019e3c90-fb67-765e-8e8e-12c56ddda3ba,dev,90,parked,hold,True,1.0,DT,-2.0728721618652344,-8.942145824432373,True
b090_parked/episode_019e3c90-fb67-765e-8e8e-12c56ddda3ba/random_walk,episode_019e3c90-fb67-765e-8e8e-12c56ddda3ba,dev,90,parked,random_walk,True,1.0,DT,-2.0728721618652344,-8.942145824432373,True
b090_parked/episode_019e1e35-af9f-7d66-93b0-478d1c079799/replay_control,episode_019e1e35-af9f-7d66-93b0-478d1c079799,test,90,parked,replay_control,True,1.0,DT,-2.1717824935913086,-8.942145824432373,True
b090_parked/episode_019e1e35-af9f-7d66-93b0-478d1c079799/hold,episode_019e1e35-af9f-7d66-93b0-478d1c079799,test,90,parked,hold,True,1.0,DT,-2.0890278816223145,-8.942145824432373,True
b090_parked/episode_019e1e35-af9f-7d66-93b0-478d1c079799/random_walk,episode_019e1e35-af9f-7d66-93b0-478d1c079799,test,90,parked,random_walk,True,1.0,DT,-2.1360220909118652,-8.942145824432373,True
b090_parked/episode_019e2d91-6e08-7f79-a3e4-c843c73a3ef2/replay_control,episode_019e2d91-6e08-7f79-a3e4-c843c73a3ef2,test,90,parked,replay_control,True,1.0,DT,-2.395500659942627,-8.942145824432373,True
b090_parked/episode_019e2d91-6e08-7f79-a3e4-c843c73a3ef2/hold,episode_019e2d91-6e08-7f79-a3e4-c843c73a3ef2,test,90,parked,hold,True,1.0,DT,-2.09316349029541,-8.942145824432373,True
b090_parked/episode_019e2d91-6e08-7f79-a3e4-c843c73a3ef2/random_walk,episode_019e2d91-6e08-7f79-a3e4-c843c73a3ef2,test,90,parked,random_walk,True,1.0,DT,-2.09316349029541,-8.942145824432373,True
b090_parked/episode_019e3c25-a92e-7824-a264-f1da48b9bd3d/replay_control,episode_019e3c25-a92e-7824-a264-f1da48b9bd3d,test,90,parked,replay_control,True,1.0,DT,-2.3432397842407227,-8.942145824432373,True
b090_parked/episode_019e3c25-a92e-7824-a264-f1da48b9bd3d/hold,episode_019e3c25-a92e-7824-a264-f1da48b9bd3d,test,90,parked,hold,True,1.0,DT,-2.252753734588623,-8.942145824432373,True
b090_parked/episode_019e3c25-a92e-7824-a264-f1da48b9bd3d/random_walk,episode_019e3c25-a92e-7824-a264-f1da48b9bd3d,test,90,parked,random_walk,True,1.0,DT,-2.252753734588623,-8.942145824432373,True
b090_parked/episode_019e2261-5abe-7ece-910d-8988dd12106a/replay_control,episode_019e2261-5abe-7ece-910d-8988dd12106a,test,90,parked,replay_control,True,1.0,DT,-2.3309545516967773,-8.942145824432373,True
b090_parked/episode_019e2261-5abe-7ece-910d-8988dd12106a/hold,episode_019e2261-5abe-7ece-910d-8988dd12106a,test,90,parked,hold,True,1.0,DT,-2.0628671646118164,-8.942145824432373,True
b090_parked/episode_019e2261-5abe-7ece-910d-8988dd12106a/random_walk,episode_019e2261-5abe-7ece-910d-8988dd12106a,test,90,parked,random_walk,True,1.0,DT,-2.09391713142395,-8.942145824432373,True
b050_original/episode_019e298a-84a1-7557-ae97-93326347b45c/replay_control,episode_019e298a-84a1-7557-ae97-93326347b45c,dev,50,original,replay_control,True,1.0,Elapsed time,34.43333333333333,34.43333333333334,False
b050_original/episode_019e298a-84a1-7557-ae97-93326347b45c/hold,episode_019e298a-84a1-7557-ae97-93326347b45c,dev,50,original,hold,False,0.5,Elapsed time,34.43333333333333,34.43333333333334,False
b050_original/episode_019e298a-84a1-7557-ae97-93326347b45c/random_walk,episode_019e298a-84a1-7557-ae97-93326347b45c,dev,50,original,random_walk,False,0.5,Elapsed time,34.43333333333333,34.43333333333334,False
b050_original/episode_019e3c90-fb67-765e-8e8e-12c56ddda3ba/replay_control,episode_019e3c90-fb67-765e-8e8e-12c56ddda3ba,dev,50,original,replay_control,True,1.0,Elapsed time,27.266666666666666,34.43333333333334,False
b050_original/episode_019e3c90-fb67-765e-8e8e-12c56ddda3ba/hold,episode_019e3c90-fb67-765e-8e8e-12c56ddda3ba,dev,50,original,hold,False,0.5,Elapsed time,27.266666666666666,34.43333333333334,False
b050_original/episode_019e3c90-fb67-765e-8e8e-12c56ddda3ba/random_walk,episode_019e3c90-fb67-765e-8e8e-12c56ddda3ba,dev,50,original,random_walk,False,0.5,Elapsed time,27.266666666666666,34.43333333333334,False
b050_original/episode_019e1e35-af9f-7d66-93b0-478d1c079799/replay_control,episode_019e1e35-af9f-7d66-93b0-478d1c079799,test,50,original,replay_control,True,1.0,Elapsed time,26.433333333333334,34.43333333333334,False
b050_original/episode_019e1e35-af9f-7d66-93b0-478d1c079799/hold,episode_019e1e35-af9f-7d66-93b0-478d1c079799,test,50,original,hold,False,0.5,Elapsed time,26.433333333333334,34.43333333333334,False
b050_original/episode_019e1e35-af9f-7d66-93b0-478d1c079799/random_walk,episode_019e1e35-af9f-7d66-93b0-478d1c079799,test,50,original,random_walk,False,0.5,Elapsed time,26.433333333333334,34.43333333333334,False
b050_original/episode_019e2d91-6e08-7f79-a3e4-c843c73a3ef2/replay_control,episode_019e2d91-6e08-7f79-a3e4-c843c73a3ef2,test,50,original,replay_control,True,1.0,Elapsed time,25.033333333333335,34.43333333333334,False
b050_original/episode_019e2d91-6e08-7f79-a3e4-c843c73a3ef2/hold,episode_019e2d91-6e08-7f79-a3e4-c843c73a3ef2,test,50,original,hold,False,0.5,Elapsed time,25.033333333333335,34.43333333333334,False
b050_original/episode_019e2d91-6e08-7f79-a3e4-c843c73a3ef2/random_walk,episode_019e2d91-6e08-7f79-a3e4-c843c73a3ef2,test,50,original,random_walk,False,0.5,Elapsed time,25.033333333333335,34.43333333333334,False
b050_original/episode_019e3c25-a92e-7824-a264-f1da48b9bd3d/replay_control,episode_019e3c25-a92e-7824-a264-f1da48b9bd3d,test,50,original,replay_control,True,1.0,Elapsed time,29.566666666666666,34.43333333333334,False
b050_original/episode_019e3c25-a92e-7824-a264-f1da48b9bd3d/hold,episode_019e3c25-a92e-7824-a264-f1da48b9bd3d,test,50,original,hold,False,0.5,Elapsed time,29.566666666666666,34.43333333333334,False
b050_original/episode_019e3c25-a92e-7824-a264-f1da48b9bd3d/random_walk,episode_019e3c25-a92e-7824-a264-f1da48b9bd3d,test,50,original,random_walk,False,0.5,Elapsed time,29.566666666666666,34.43333333333334,False
b050_original/episode_019e2261-5abe-7ece-910d-8988dd12106a/replay_control,episode_019e2261-5abe-7ece-910d-8988dd12106a,test,50,original,replay_control,True,1.0,Elapsed time,23.8,34.43333333333334,False
b050_original/episode_019e2261-5abe-7ece-910d-8988dd12106a/hold,episode_019e2261-5abe-7ece-910d-8988dd12106a,test,50,original,hold,False,0.5,Elapsed time,23.8,34.43333333333334,False
b050_original/episode_019e2261-5abe-7ece-910d-8988dd12106a/random_walk,episode_019e2261-5abe-7ece-910d-8988dd12106a,test,50,original,random_walk,False,0.5,Elapsed time,23.8,34.43333333333334,False
b050_parked/episode_019e298a-84a1-7557-ae97-93326347b45c/replay_control,episode_019e298a-84a1-7557-ae97-93326347b45c,dev,50,parked,replay_control,True,1.0,Elapsed time,44.43333333333333,34.43333333333334,True
b050_parked/episode_019e298a-84a1-7557-ae97-93326347b45c/hold,episode_019e298a-84a1-7557-ae97-93326347b45c,dev,50,parked,hold,False,0.5,Elapsed time,44.43333333333333,34.43333333333334,True
b050_parked/episode_019e298a-84a1-7557-ae97-93326347b45c/random_walk,episode_019e298a-84a1-7557-ae97-93326347b45c,dev,50,parked,random_walk,False,0.5,Elapsed time,44.43333333333333,34.43333333333334,True
b050_parked/episode_019e3c90-fb67-765e-8e8e-12c56ddda3ba/replay_control,episode_019e3c90-fb67-765e-8e8e-12c56ddda3ba,dev,50,parked,replay_control,True,1.0,Elapsed time,37.266666666666666,34.43333333333334,True
b050_parked/episode_019e3c90-fb67-765e-8e8e-12c56ddda3ba/hold,episode_019e3c90-fb67-765e-8e8e-12c56ddda3ba,dev,50,parked,hold,False,0.5,Elapsed time,37.266666666666666,34.43333333333334,True
b050_parked/episode_019e3c90-fb67-765e-8e8e-12c56ddda3ba/random_walk,episode_019e3c90-fb67-765e-8e8e-12c56ddda3ba,dev,50,parked,random_walk,False,0.5,Elapsed time,37.266666666666666,34.43333333333334,True
b050_parked/episode_019e1e35-af9f-7d66-93b0-478d1c079799/replay_control,episode_019e1e35-af9f-7d66-93b0-478d1c079799,test,50,parked,replay_control,True,1.0,Elapsed time,36.43333333333333,34.43333333333334,True
b050_parked/episode_019e1e35-af9f-7d66-93b0-478d1c079799/hold,episode_019e1e35-af9f-7d66-93b0-478d1c079799,test,50,parked,hold,False,0.5,Elapsed time,36.43333333333333,34.43333333333334,True
b050_parked/episode_019e1e35-af9f-7d66-93b0-478d1c079799/random_walk,episode_019e1e35-af9f-7d66-93b0-478d1c079799,test,50,parked,random_walk,False,0.5,Elapsed time,36.43333333333333,34.43333333333334,True
b050_parked/episode_019e2d91-6e08-7f79-a3e4-c843c73a3ef2/replay_control,episode_019e2d91-6e08-7f79-a3e4-c843c73a3ef2,test,50,parked,replay_control,True,1.0,Elapsed time,35.03333333333333,34.43333333333334,True
b050_parked/episode_019e2d91-6e08-7f79-a3e4-c843c73a3ef2/hold,episode_019e2d91-6e08-7f79-a3e4-c843c73a3ef2,test,50,parked,hold,False,0.5,Elapsed time,35.03333333333333,34.43333333333334,True
b050_parked/episode_019e2d91-6e08-7f79-a3e4-c843c73a3ef2/random_walk,episode_019e2d91-6e08-7f79-a3e4-c843c73a3ef2,test,50,parked,random_walk,False,0.5,Elapsed time,35.03333333333333,34.43333333333334,True
b050_parked/episode_019e3c25-a92e-7824-a264-f1da48b9bd3d/replay_control,episode_019e3c25-a92e-7824-a264-f1da48b9bd3d,test,50,parked,replay_control,True,1.0,Elapsed time,39.56666666666667,34.43333333333334,True
b050_parked/episode_019e3c25-a92e-7824-a264-f1da48b9bd3d/hold,episode_019e3c25-a92e-7824-a264-f1da48b9bd3d,test,50,parked,hold,False,0.5,Elapsed time,39.56666666666667,34.43333333333334,True
b050_parked/episode_019e3c25-a92e-7824-a264-f1da48b9bd3d/random_walk,episode_019e3c25-a92e-7824-a264-f1da48b9bd3d,test,50,parked,random_walk,False,0.5,Elapsed time,39.56666666666667,34.43333333333334,True
b050_parked/episode_019e2261-5abe-7ece-910d-8988dd12106a/replay_control,episode_019e2261-5abe-7ece-910d-8988dd12106a,test,50,parked,replay_control,True,1.0,Elapsed time,33.8,34.43333333333334,False
b050_parked/episode_019e2261-5abe-7ece-910d-8988dd12106a/hold,episode_019e2261-5abe-7ece-910d-8988dd12106a,test,50,parked,hold,False,0.5,Elapsed time,33.8,34.43333333333334,False
b050_parked/episode_019e2261-5abe-7ece-910d-8988dd12106a/random_walk,episode_019e2261-5abe-7ece-910d-8988dd12106a,test,50,parked,random_walk,False,0.5,Elapsed time,33.8,34.43333333333334,False
b070_original/episode_019e298a-84a1-7557-ae97-93326347b45c/replay_control,episode_019e298a-84a1-7557-ae97-93326347b45c,dev,70,original,replay_control,True,1.0,Elapsed time,34.43333333333333,34.43333333333334,False
b070_original/episode_019e298a-84a1-7557-ae97-93326347b45c/hold,episode_019e298a-84a1-7557-ae97-93326347b45c,dev,70,original,hold,False,0.5,Elapsed time,34.43333333333333,34.43333333333334,False
b070_original/episode_019e298a-84a1-7557-ae97-93326347b45c/random_walk,episode_019e298a-84a1-7557-ae97-93326347b45c,dev,70,original,random_walk,True,1.0,Elapsed time,34.43333333333333,34.43333333333334,False
b070_original/episode_019e3c90-fb67-765e-8e8e-12c56ddda3ba/replay_control,episode_019e3c90-fb67-765e-8e8e-12c56ddda3ba,dev,70,original,replay_control,True,1.0,Elapsed time,27.266666666666666,34.43333333333334,False
b070_original/episode_019e3c90-fb67-765e-8e8e-12c56ddda3ba/hold,episode_019e3c90-fb67-765e-8e8e-12c56ddda3ba,dev,70,original,hold,False,0.5,Elapsed time,27.266666666666666,34.43333333333334,False
b070_original/episode_019e3c90-fb67-765e-8e8e-12c56ddda3ba/random_walk,episode_019e3c90-fb67-765e-8e8e-12c56ddda3ba,dev,70,original,random_walk,False,0.5,Elapsed time,27.266666666666666,34.43333333333334,False
b070_original/episode_019e1e35-af9f-7d66-93b0-478d1c079799/replay_control,episode_019e1e35-af9f-7d66-93b0-478d1c079799,test,70,original,replay_control,True,1.0,Elapsed time,26.433333333333334,34.43333333333334,False
b070_original/episode_019e1e35-af9f-7d66-93b0-478d1c079799/hold,episode_019e1e35-af9f-7d66-93b0-478d1c079799,test,70,original,hold,False,0.5,Elapsed time,26.433333333333334,34.43333333333334,False
b070_original/episode_019e1e35-af9f-7d66-93b0-478d1c079799/random_walk,episode_019e1e35-af9f-7d66-93b0-478d1c079799,test,70,original,random_walk,False,0.5,Elapsed time,26.433333333333334,34.43333333333334,False
b070_original/episode_019e2d91-6e08-7f79-a3e4-c843c73a3ef2/replay_control,episode_019e2d91-6e08-7f79-a3e4-c843c73a3ef2,test,70,original,replay_control,True,1.0,Elapsed time,25.033333333333335,34.43333333333334,False
b070_original/episode_019e2d91-6e08-7f79-a3e4-c843c73a3ef2/hold,episode_019e2d91-6e08-7f79-a3e4-c843c73a3ef2,test,70,original,hold,False,0.5,Elapsed time,25.033333333333335,34.43333333333334,False
b070_original/episode_019e2d91-6e08-7f79-a3e4-c843c73a3ef2/random_walk,episode_019e2d91-6e08-7f79-a3e4-c843c73a3ef2,test,70,original,random_walk,False,0.5,Elapsed time,25.033333333333335,34.43333333333334,False
b070_original/episode_019e3c25-a92e-7824-a264-f1da48b9bd3d/replay_control,episode_019e3c25-a92e-7824-a264-f1da48b9bd3d,test,70,original,replay_control,True,1.0,Elapsed time,29.566666666666666,34.43333333333334,False
b070_original/episode_019e3c25-a92e-7824-a264-f1da48b9bd3d/hold,episode_019e3c25-a92e-7824-a264-f1da48b9bd3d,test,70,original,hold,False,0.5,Elapsed time,29.566666666666666,34.43333333333334,False
b070_original/episode_019e3c25-a92e-7824-a264-f1da48b9bd3d/random_walk,episode_019e3c25-a92e-7824-a264-f1da48b9bd3d,test,70,original,random_walk,False,0.5,Elapsed time,29.566666666666666,34.43333333333334,False
b070_original/episode_019e2261-5abe-7ece-910d-8988dd12106a/replay_control,episode_019e2261-5abe-7ece-910d-8988dd12106a,test,70,original,replay_control,True,1.0,Elapsed time,23.8,34.43333333333334,False
b070_original/episode_019e2261-5abe-7ece-910d-8988dd12106a/hold,episode_019e2261-5abe-7ece-910d-8988dd12106a,test,70,original,hold,False,0.5,Elapsed time,23.8,34.43333333333334,False
b070_original/episode_019e2261-5abe-7ece-910d-8988dd12106a/random_walk,episode_019e2261-5abe-7ece-910d-8988dd12106a,test,70,original,random_walk,True,1.0,Elapsed time,23.8,34.43333333333334,False
b070_parked/episode_019e298a-84a1-7557-ae97-93326347b45c/replay_control,episode_019e298a-84a1-7557-ae97-93326347b45c,dev,70,parked,replay_control,True,1.0,Elapsed time,44.43333333333333,34.43333333333334,True
b070_parked/episode_019e298a-84a1-7557-ae97-93326347b45c/hold,episode_019e298a-84a1-7557-ae97-93326347b45c,dev,70,parked,hold,False,0.5,Elapsed time,44.43333333333333,34.43333333333334,True
b070_parked/episode_019e298a-84a1-7557-ae97-93326347b45c/random_walk,episode_019e298a-84a1-7557-ae97-93326347b45c,dev,70,parked,random_walk,True,1.0,Elapsed time,44.43333333333333,34.43333333333334,True
b070_parked/episode_019e3c90-fb67-765e-8e8e-12c56ddda3ba/replay_control,episode_019e3c90-fb67-765e-8e8e-12c56ddda3ba,dev,70,parked,replay_control,True,1.0,Elapsed time,37.266666666666666,34.43333333333334,True
b070_parked/episode_019e3c90-fb67-765e-8e8e-12c56ddda3ba/hold,episode_019e3c90-fb67-765e-8e8e-12c56ddda3ba,dev,70,parked,hold,False,0.5,Elapsed time,37.266666666666666,34.43333333333334,True
b070_parked/episode_019e3c90-fb67-765e-8e8e-12c56ddda3ba/random_walk,episode_019e3c90-fb67-765e-8e8e-12c56ddda3ba,dev,70,parked,random_walk,False,0.5,Elapsed time,37.266666666666666,34.43333333333334,True
b070_parked/episode_019e1e35-af9f-7d66-93b0-478d1c079799/replay_control,episode_019e1e35-af9f-7d66-93b0-478d1c079799,test,70,parked,replay_control,True,1.0,Elapsed time,36.43333333333333,34.43333333333334,True
b070_parked/episode_019e1e35-af9f-7d66-93b0-478d1c079799/hold,episode_019e1e35-af9f-7d66-93b0-478d1c079799,test,70,parked,hold,True,1.0,Elapsed time,36.43333333333333,34.43333333333334,True
b070_parked/episode_019e1e35-af9f-7d66-93b0-478d1c079799/random_walk,episode_019e1e35-af9f-7d66-93b0-478d1c079799,test,70,parked,random_walk,False,0.5,Elapsed time,36.43333333333333,34.43333333333334,True
b070_parked/episode_019e2d91-6e08-7f79-a3e4-c843c73a3ef2/replay_control,episode_019e2d91-6e08-7f79-a3e4-c843c73a3ef2,test,70,parked,replay_control,True,1.0,Elapsed time,35.03333333333333,34.43333333333334,True
b070_parked/episode_019e2d91-6e08-7f79-a3e4-c843c73a3ef2/hold,episode_019e2d91-6e08-7f79-a3e4-c843c73a3ef2,test,70,parked,hold,False,0.5,Elapsed time,35.03333333333333,34.43333333333334,True
b070_parked/episode_019e2d91-6e08-7f79-a3e4-c843c73a3ef2/random_walk,episode_019e2d91-6e08-7f79-a3e4-c843c73a3ef2,test,70,parked,random_walk,False,0.5,Elapsed time,35.03333333333333,34.43333333333334,True
b070_parked/episode_019e3c25-a92e-7824-a264-f1da48b9bd3d/replay_control,episode_019e3c25-a92e-7824-a264-f1da48b9bd3d,test,70,parked,replay_control,True,1.0,Elapsed time,39.56666666666667,34.43333333333334,True
b070_parked/episode_019e3c25-a92e-7824-a264-f1da48b9bd3d/hold,episode_019e3c25-a92e-7824-a264-f1da48b9bd3d,test,70,parked,hold,False,0.5,Elapsed time,39.56666666666667,34.43333333333334,True
b070_parked/episode_019e3c25-a92e-7824-a264-f1da48b9bd3d/random_walk,episode_019e3c25-a92e-7824-a264-f1da48b9bd3d,test,70,parked,random_walk,False,0.5,Elapsed time,39.56666666666667,34.43333333333334,True
b070_parked/episode_019e2261-5abe-7ece-910d-8988dd12106a/replay_control,episode_019e2261-5abe-7ece-910d-8988dd12106a,test,70,parked,replay_control,True,1.0,Elapsed time,33.8,34.43333333333334,False
b070_parked/episode_019e2261-5abe-7ece-910d-8988dd12106a/hold,episode_019e2261-5abe-7ece-910d-8988dd12106a,test,70,parked,hold,False,0.5,Elapsed time,33.8,34.43333333333334,False
b070_parked/episode_019e2261-5abe-7ece-910d-8988dd12106a/random_walk,episode_019e2261-5abe-7ece-910d-8988dd12106a,test,70,parked,random_walk,True,1.0,Elapsed time,33.8,34.43333333333334,False
b090_original/episode_019e298a-84a1-7557-ae97-93326347b45c/replay_control,episode_019e298a-84a1-7557-ae97-93326347b45c,dev,90,original,replay_control,True,1.0,Elapsed time,34.43333333333333,34.43333333333334,False
b090_original/episode_019e298a-84a1-7557-ae97-93326347b45c/hold,episode_019e298a-84a1-7557-ae97-93326347b45c,dev,90,original,hold,True,1.0,Elapsed time,34.43333333333333,34.43333333333334,False
b090_original/episode_019e298a-84a1-7557-ae97-93326347b45c/random_walk,episode_019e298a-84a1-7557-ae97-93326347b45c,dev,90,original,random_walk,True,1.0,Elapsed time,34.43333333333333,34.43333333333334,False
b090_original/episode_019e3c90-fb67-765e-8e8e-12c56ddda3ba/replay_control,episode_019e3c90-fb67-765e-8e8e-12c56ddda3ba,dev,90,original,replay_control,True,1.0,Elapsed time,27.266666666666666,34.43333333333334,False
b090_original/episode_019e3c90-fb67-765e-8e8e-12c56ddda3ba/hold,episode_019e3c90-fb67-765e-8e8e-12c56ddda3ba,dev,90,original,hold,True,1.0,Elapsed time,27.266666666666666,34.43333333333334,False
b090_original/episode_019e3c90-fb67-765e-8e8e-12c56ddda3ba/random_walk,episode_019e3c90-fb67-765e-8e8e-12c56ddda3ba,dev,90,original,random_walk,True,1.0,Elapsed time,27.266666666666666,34.43333333333334,False
b090_original/episode_019e1e35-af9f-7d66-93b0-478d1c079799/replay_control,episode_019e1e35-af9f-7d66-93b0-478d1c079799,test,90,original,replay_control,True,1.0,Elapsed time,26.433333333333334,34.43333333333334,False
b090_original/episode_019e1e35-af9f-7d66-93b0-478d1c079799/hold,episode_019e1e35-af9f-7d66-93b0-478d1c079799,test,90,original,hold,True,1.0,Elapsed time,26.433333333333334,34.43333333333334,False
b090_original/episode_019e1e35-af9f-7d66-93b0-478d1c079799/random_walk,episode_019e1e35-af9f-7d66-93b0-478d1c079799,test,90,original,random_walk,True,1.0,Elapsed time,26.433333333333334,34.43333333333334,False
b090_original/episode_019e2d91-6e08-7f79-a3e4-c843c73a3ef2/replay_control,episode_019e2d91-6e08-7f79-a3e4-c843c73a3ef2,test,90,original,replay_control,True,1.0,Elapsed time,25.033333333333335,34.43333333333334,False
b090_original/episode_019e2d91-6e08-7f79-a3e4-c843c73a3ef2/hold,episode_019e2d91-6e08-7f79-a3e4-c843c73a3ef2,test,90,original,hold,True,1.0,Elapsed time,25.033333333333335,34.43333333333334,False
b090_original/episode_019e2d91-6e08-7f79-a3e4-c843c73a3ef2/random_walk,episode_019e2d91-6e08-7f79-a3e4-c843c73a3ef2,test,90,original,random_walk,True,1.0,Elapsed time,25.033333333333335,34.43333333333334,False
b090_original/episode_019e3c25-a92e-7824-a264-f1da48b9bd3d/replay_control,episode_019e3c25-a92e-7824-a264-f1da48b9bd3d,test,90,original,replay_control,True,1.0,Elapsed time,29.566666666666666,34.43333333333334,False
b090_original/episode_019e3c25-a92e-7824-a264-f1da48b9bd3d/hold,episode_019e3c25-a92e-7824-a264-f1da48b9bd3d,test,90,original,hold,True,1.0,Elapsed time,29.566666666666666,34.43333333333334,False
b090_original/episode_019e3c25-a92e-7824-a264-f1da48b9bd3d/random_walk,episode_019e3c25-a92e-7824-a264-f1da48b9bd3d,test,90,original,random_walk,True,1.0,Elapsed time,29.566666666666666,34.43333333333334,False
b090_original/episode_019e2261-5abe-7ece-910d-8988dd12106a/replay_control,episode_019e2261-5abe-7ece-910d-8988dd12106a,test,90,original,replay_control,True,1.0,Elapsed time,23.8,34.43333333333334,False
b090_original/episode_019e2261-5abe-7ece-910d-8988dd12106a/hold,episode_019e2261-5abe-7ece-910d-8988dd12106a,test,90,original,hold,True,1.0,Elapsed time,23.8,34.43333333333334,False
b090_original/episode_019e2261-5abe-7ece-910d-8988dd12106a/random_walk,episode_019e2261-5abe-7ece-910d-8988dd12106a,test,90,original,random_walk,True,1.0,Elapsed time,23.8,34.43333333333334,False
b090_parked/episode_019e298a-84a1-7557-ae97-93326347b45c/replay_control,episode_019e298a-84a1-7557-ae97-93326347b45c,dev,90,parked,replay_control,True,1.0,Elapsed time,44.43333333333333,34.43333333333334,True
b090_parked/episode_019e298a-84a1-7557-ae97-93326347b45c/hold,episode_019e298a-84a1-7557-ae97-93326347b45c,dev,90,parked,hold,True,1.0,Elapsed time,44.43333333333333,34.43333333333334,True
b090_parked/episode_019e298a-84a1-7557-ae97-93326347b45c/random_walk,episode_019e298a-84a1-7557-ae97-93326347b45c,dev,90,parked,random_walk,True,1.0,Elapsed time,44.43333333333333,34.43333333333334,True
b090_parked/episode_019e3c90-fb67-765e-8e8e-12c56ddda3ba/replay_control,episode_019e3c90-fb67-765e-8e8e-12c56ddda3ba,dev,90,parked,replay_control,True,1.0,Elapsed time,37.266666666666666,34.43333333333334,True
b090_parked/episode_019e3c90-fb67-765e-8e8e-12c56ddda3ba/hold,episode_019e3c90-fb67-765e-8e8e-12c56ddda3ba,dev,90,parked,hold,True,1.0,Elapsed time,37.266666666666666,34.43333333333334,True
b090_parked/episode_019e3c90-fb67-765e-8e8e-12c56ddda3ba/random_walk,episode_019e3c90-fb67-765e-8e8e-12c56ddda3ba,dev,90,parked,random_walk,True,1.0,Elapsed time,37.266666666666666,34.43333333333334,True
b090_parked/episode_019e1e35-af9f-7d66-93b0-478d1c079799/replay_control,episode_019e1e35-af9f-7d66-93b0-478d1c079799,test,90,parked,replay_control,True,1.0,Elapsed time,36.43333333333333,34.43333333333334,True
b090_parked/episode_019e1e35-af9f-7d66-93b0-478d1c079799/hold,episode_019e1e35-af9f-7d66-93b0-478d1c079799,test,90,parked,hold,True,1.0,Elapsed time,36.43333333333333,34.43333333333334,True
b090_parked/episode_019e1e35-af9f-7d66-93b0-478d1c079799/random_walk,episode_019e1e35-af9f-7d66-93b0-478d1c079799,test,90,parked,random_walk,True,1.0,Elapsed time,36.43333333333333,34.43333333333334,True
b090_parked/episode_019e2d91-6e08-7f79-a3e4-c843c73a3ef2/replay_control,episode_019e2d91-6e08-7f79-a3e4-c843c73a3ef2,test,90,parked,replay_control,True,1.0,Elapsed time,35.03333333333333,34.43333333333334,True
b090_parked/episode_019e2d91-6e08-7f79-a3e4-c843c73a3ef2/hold,episode_019e2d91-6e08-7f79-a3e4-c843c73a3ef2,test,90,parked,hold,True,1.0,Elapsed time,35.03333333333333,34.43333333333334,True
b090_parked/episode_019e2d91-6e08-7f79-a3e4-c843c73a3ef2/random_walk,episode_019e2d91-6e08-7f79-a3e4-c843c73a3ef2,test,90,parked,random_walk,True,1.0,Elapsed time,35.03333333333333,34.43333333333334,True
b090_parked/episode_019e3c25-a92e-7824-a264-f1da48b9bd3d/replay_control,episode_019e3c25-a92e-7824-a264-f1da48b9bd3d,test,90,parked,replay_control,True,1.0,Elapsed time,39.56666666666667,34.43333333333334,True
b090_parked/episode_019e3c25-a92e-7824-a264-f1da48b9bd3d/hold,episode_019e3c25-a92e-7824-a264-f1da48b9bd3d,test,90,parked,hold,True,1.0,Elapsed time,39.56666666666667,34.43333333333334,True
b090_parked/episode_019e3c25-a92e-7824-a264-f1da48b9bd3d/random_walk,episode_019e3c25-a92e-7824-a264-f1da48b9bd3d,test,90,parked,random_walk,True,1.0,Elapsed time,39.56666666666667,34.43333333333334,True
b090_parked/episode_019e2261-5abe-7ece-910d-8988dd12106a/replay_control,episode_019e2261-5abe-7ece-910d-8988dd12106a,test,90,parked,replay_control,True,1.0,Elapsed time,33.8,34.43333333333334,False
b090_parked/episode_019e2261-5abe-7ece-910d-8988dd12106a/hold,episode_019e2261-5abe-7ece-910d-8988dd12106a,test,90,parked,hold,True,1.0,Elapsed time,33.8,34.43333333333334,False
b090_parked/episode_019e2261-5abe-7ece-910d-8988dd12106a/random_walk,episode_019e2261-5abe-7ece-910d-8988dd12106a,test,90,parked,random_walk,True,1.0,Elapsed time,33.8,34.43333333333334,False
b050_original/episode_019e298a-84a1-7557-ae97-93326347b45c/replay_control,episode_019e298a-84a1-7557-ae97-93326347b45c,dev,50,original,replay_control,True,1.0,S1,-1.5910629034042358,-3.272519528865814,True
b050_original/episode_019e298a-84a1-7557-ae97-93326347b45c/hold,episode_019e298a-84a1-7557-ae97-93326347b45c,dev,50,original,hold,False,0.5,S1,-5.949413299560547,-3.272519528865814,False
b050_original/episode_019e298a-84a1-7557-ae97-93326347b45c/random_walk,episode_019e298a-84a1-7557-ae97-93326347b45c,dev,50,original,random_walk,False,0.5,S1,-5.713229179382324,-3.272519528865814,False
b050_original/episode_019e3c90-fb67-765e-8e8e-12c56ddda3ba/replay_control,episode_019e3c90-fb67-765e-8e8e-12c56ddda3ba,dev,50,original,replay_control,True,1.0,S1,-1.0557889938354492,-3.272519528865814,True
b050_original/episode_019e3c90-fb67-765e-8e8e-12c56ddda3ba/hold,episode_019e3c90-fb67-765e-8e8e-12c56ddda3ba,dev,50,original,hold,False,0.5,S1,-5.169395446777344,-3.272519528865814,False
b050_original/episode_019e3c90-fb67-765e-8e8e-12c56ddda3ba/random_walk,episode_019e3c90-fb67-765e-8e8e-12c56ddda3ba,dev,50,original,random_walk,False,0.5,S1,-4.953976154327393,-3.272519528865814,False
b050_original/episode_019e1e35-af9f-7d66-93b0-478d1c079799/replay_control,episode_019e1e35-af9f-7d66-93b0-478d1c079799,test,50,original,replay_control,True,1.0,S1,-1.4238965511322021,-3.272519528865814,True
b050_original/episode_019e1e35-af9f-7d66-93b0-478d1c079799/hold,episode_019e1e35-af9f-7d66-93b0-478d1c079799,test,50,original,hold,False,0.5,S1,-5.897188663482666,-3.272519528865814,False
b050_original/episode_019e1e35-af9f-7d66-93b0-478d1c079799/random_walk,episode_019e1e35-af9f-7d66-93b0-478d1c079799,test,50,original,random_walk,False,0.5,S1,-6.108412742614746,-3.272519528865814,False
b050_original/episode_019e2d91-6e08-7f79-a3e4-c843c73a3ef2/replay_control,episode_019e2d91-6e08-7f79-a3e4-c843c73a3ef2,test,50,original,replay_control,True,1.0,S1,-0.9455946683883667,-3.272519528865814,True
b050_original/episode_019e2d91-6e08-7f79-a3e4-c843c73a3ef2/hold,episode_019e2d91-6e08-7f79-a3e4-c843c73a3ef2,test,50,original,hold,False,0.5,S1,-5.358786582946777,-3.272519528865814,False
b050_original/episode_019e2d91-6e08-7f79-a3e4-c843c73a3ef2/random_walk,episode_019e2d91-6e08-7f79-a3e4-c843c73a3ef2,test,50,original,random_walk,False,0.5,S1,-5.142997741699219,-3.272519528865814,False
b050_original/episode_019e3c25-a92e-7824-a264-f1da48b9bd3d/replay_control,episode_019e3c25-a92e-7824-a264-f1da48b9bd3d,test,50,original,replay_control,True,1.0,S1,-1.4018906354904175,-3.272519528865814,True
b050_original/episode_019e3c25-a92e-7824-a264-f1da48b9bd3d/hold,episode_019e3c25-a92e-7824-a264-f1da48b9bd3d,test,50,original,hold,False,0.5,S1,-5.36187744140625,-3.272519528865814,False
b050_original/episode_019e3c25-a92e-7824-a264-f1da48b9bd3d/random_walk,episode_019e3c25-a92e-7824-a264-f1da48b9bd3d,test,50,original,random_walk,False,0.5,S1,-5.218265533447266,-3.272519528865814,False
b050_original/episode_019e2261-5abe-7ece-910d-8988dd12106a/replay_control,episode_019e2261-5abe-7ece-910d-8988dd12106a,test,50,original,replay_control,True,1.0,S1,-2.5138607025146484,-3.272519528865814,True
b050_original/episode_019e2261-5abe-7ece-910d-8988dd12106a/hold,episode_019e2261-5abe-7ece-910d-8988dd12106a,test,50,original,hold,False,0.5,S1,-5.818654537200928,-3.272519528865814,False
b050_original/episode_019e2261-5abe-7ece-910d-8988dd12106a/random_walk,episode_019e2261-5abe-7ece-910d-8988dd12106a,test,50,original,random_walk,False,0.5,S1,-6.158592700958252,-3.272519528865814,False
b050_parked/episode_019e298a-84a1-7557-ae97-93326347b45c/replay_control,episode_019e298a-84a1-7557-ae97-93326347b45c,dev,50,parked,replay_control,True,1.0,S1,-0.2621053457260132,-3.272519528865814,True
b050_parked/episode_019e298a-84a1-7557-ae97-93326347b45c/hold,episode_019e298a-84a1-7557-ae97-93326347b45c,dev,50,parked,hold,False,0.5,S1,-0.6386337280273438,-3.272519528865814,True
b050_parked/episode_019e298a-84a1-7557-ae97-93326347b45c/random_walk,episode_019e298a-84a1-7557-ae97-93326347b45c,dev,50,parked,random_walk,False,0.5,S1,-1.0520573854446411,-3.272519528865814,True
b050_parked/episode_019e3c90-fb67-765e-8e8e-12c56ddda3ba/replay_control,episode_019e3c90-fb67-765e-8e8e-12c56ddda3ba,dev,50,parked,replay_control,True,1.0,S1,-0.2500198781490326,-3.272519528865814,True
b050_parked/episode_019e3c90-fb67-765e-8e8e-12c56ddda3ba/hold,episode_019e3c90-fb67-765e-8e8e-12c56ddda3ba,dev,50,parked,hold,False,0.5,S1,-0.4576444923877716,-3.272519528865814,True
b050_parked/episode_019e3c90-fb67-765e-8e8e-12c56ddda3ba/random_walk,episode_019e3c90-fb67-765e-8e8e-12c56ddda3ba,dev,50,parked,random_walk,False,0.5,S1,-0.7269378900527954,-3.272519528865814,True
b050_parked/episode_019e1e35-af9f-7d66-93b0-478d1c079799/replay_control,episode_019e1e35-af9f-7d66-93b0-478d1c079799,test,50,parked,replay_control,True,1.0,S1,-0.41327881813049316,-3.272519528865814,True
b050_parked/episode_019e1e35-af9f-7d66-93b0-478d1c079799/hold,episode_019e1e35-af9f-7d66-93b0-478d1c079799,test,50,parked,hold,False,0.5,S1,-1.082229495048523,-3.272519528865814,True
b050_parked/episode_019e1e35-af9f-7d66-93b0-478d1c079799/random_walk,episode_019e1e35-af9f-7d66-93b0-478d1c079799,test,50,parked,random_walk,False,0.5,S1,-1.1465346813201904,-3.272519528865814,True
b050_parked/episode_019e2d91-6e08-7f79-a3e4-c843c73a3ef2/replay_control,episode_019e2d91-6e08-7f79-a3e4-c843c73a3ef2,test,50,parked,replay_control,True,1.0,S1,-0.36496520042419434,-3.272519528865814,True
b050_parked/episode_019e2d91-6e08-7f79-a3e4-c843c73a3ef2/hold,episode_019e2d91-6e08-7f79-a3e4-c843c73a3ef2,test,50,parked,hold,False,0.5,S1,-0.7413225173950195,-3.272519528865814,True
b050_parked/episode_019e2d91-6e08-7f79-a3e4-c843c73a3ef2/random_walk,episode_019e2d91-6e08-7f79-a3e4-c843c73a3ef2,test,50,parked,random_walk,False,0.5,S1,-1.1633832454681396,-3.272519528865814,True
b050_parked/episode_019e3c25-a92e-7824-a264-f1da48b9bd3d/replay_control,episode_019e3c25-a92e-7824-a264-f1da48b9bd3d,test,50,parked,replay_control,True,1.0,S1,-0.31011974811553955,-3.272519528865814,True
b050_parked/episode_019e3c25-a92e-7824-a264-f1da48b9bd3d/hold,episode_019e3c25-a92e-7824-a264-f1da48b9bd3d,test,50,parked,hold,False,0.5,S1,-0.7294214963912964,-3.272519528865814,True
b050_parked/episode_019e3c25-a92e-7824-a264-f1da48b9bd3d/random_walk,episode_019e3c25-a92e-7824-a264-f1da48b9bd3d,test,50,parked,random_walk,False,0.5,S1,-0.6152946352958679,-3.272519528865814,True
b050_parked/episode_019e2261-5abe-7ece-910d-8988dd12106a/replay_control,episode_019e2261-5abe-7ece-910d-8988dd12106a,test,50,parked,replay_control,True,1.0,S1,-0.8180030584335327,-3.272519528865814,True
b050_parked/episode_019e2261-5abe-7ece-910d-8988dd12106a/hold,episode_019e2261-5abe-7ece-910d-8988dd12106a,test,50,parked,hold,False,0.5,S1,-1.1601284742355347,-3.272519528865814,True
b050_parked/episode_019e2261-5abe-7ece-910d-8988dd12106a/random_walk,episode_019e2261-5abe-7ece-910d-8988dd12106a,test,50,parked,random_walk,False,0.5,S1,-1.997541904449463,-3.272519528865814,True
b070_original/episode_019e298a-84a1-7557-ae97-93326347b45c/replay_control,episode_019e298a-84a1-7557-ae97-93326347b45c,dev,70,original,replay_control,True,1.0,S1,-1.5910629034042358,-3.272519528865814,True
b070_original/episode_019e298a-84a1-7557-ae97-93326347b45c/hold,episode_019e298a-84a1-7557-ae97-93326347b45c,dev,70,original,hold,False,0.5,S1,-6.290345668792725,-3.272519528865814,False
b070_original/episode_019e298a-84a1-7557-ae97-93326347b45c/random_walk,episode_019e298a-84a1-7557-ae97-93326347b45c,dev,70,original,random_walk,True,1.0,S1,-5.729393005371094,-3.272519528865814,False
b070_original/episode_019e3c90-fb67-765e-8e8e-12c56ddda3ba/replay_control,episode_019e3c90-fb67-765e-8e8e-12c56ddda3ba,dev,70,original,replay_control,True,1.0,S1,-1.0667023658752441,-3.272519528865814,True
b070_original/episode_019e3c90-fb67-765e-8e8e-12c56ddda3ba/hold,episode_019e3c90-fb67-765e-8e8e-12c56ddda3ba,dev,70,original,hold,False,0.5,S1,-5.410959243774414,-3.272519528865814,False
b070_original/episode_019e3c90-fb67-765e-8e8e-12c56ddda3ba/random_walk,episode_019e3c90-fb67-765e-8e8e-12c56ddda3ba,dev,70,original,random_walk,False,0.5,S1,-5.556684494018555,-3.272519528865814,False
b070_original/episode_019e1e35-af9f-7d66-93b0-478d1c079799/replay_control,episode_019e1e35-af9f-7d66-93b0-478d1c079799,test,70,original,replay_control,True,1.0,S1,-1.3452444076538086,-3.272519528865814,True
b070_original/episode_019e1e35-af9f-7d66-93b0-478d1c079799/hold,episode_019e1e35-af9f-7d66-93b0-478d1c079799,test,70,original,hold,False,0.5,S1,-6.054318904876709,-3.272519528865814,False
b070_original/episode_019e1e35-af9f-7d66-93b0-478d1c079799/random_walk,episode_019e1e35-af9f-7d66-93b0-478d1c079799,test,70,original,random_walk,False,0.5,S1,-5.947660446166992,-3.272519528865814,False
b070_original/episode_019e2d91-6e08-7f79-a3e4-c843c73a3ef2/replay_control,episode_019e2d91-6e08-7f79-a3e4-c843c73a3ef2,test,70,original,replay_control,True,1.0,S1,-1.0343104600906372,-3.272519528865814,True
b070_original/episode_019e2d91-6e08-7f79-a3e4-c843c73a3ef2/hold,episode_019e2d91-6e08-7f79-a3e4-c843c73a3ef2,test,70,original,hold,False,0.5,S1,-5.649234771728516,-3.272519528865814,False
b070_original/episode_019e2d91-6e08-7f79-a3e4-c843c73a3ef2/random_walk,episode_019e2d91-6e08-7f79-a3e4-c843c73a3ef2,test,70,original,random_walk,False,0.5,S1,-5.417368412017822,-3.272519528865814,False
b070_original/episode_019e3c25-a92e-7824-a264-f1da48b9bd3d/replay_control,episode_019e3c25-a92e-7824-a264-f1da48b9bd3d,test,70,original,replay_control,True,1.0,S1,-1.4018906354904175,-3.272519528865814,True
b070_original/episode_019e3c25-a92e-7824-a264-f1da48b9bd3d/hold,episode_019e3c25-a92e-7824-a264-f1da48b9bd3d,test,70,original,hold,False,0.5,S1,-5.702642440795898,-3.272519528865814,False
b070_original/episode_019e3c25-a92e-7824-a264-f1da48b9bd3d/random_walk,episode_019e3c25-a92e-7824-a264-f1da48b9bd3d,test,70,original,random_walk,False,0.5,S1,-5.609743595123291,-3.272519528865814,False
b070_original/episode_019e2261-5abe-7ece-910d-8988dd12106a/replay_control,episode_019e2261-5abe-7ece-910d-8988dd12106a,test,70,original,replay_control,True,1.0,S1,-2.4619619846343994,-3.272519528865814,True
b070_original/episode_019e2261-5abe-7ece-910d-8988dd12106a/hold,episode_019e2261-5abe-7ece-910d-8988dd12106a,test,70,original,hold,False,0.5,S1,-5.771546363830566,-3.272519528865814,False
b070_original/episode_019e2261-5abe-7ece-910d-8988dd12106a/random_walk,episode_019e2261-5abe-7ece-910d-8988dd12106a,test,70,original,random_walk,True,1.0,S1,-5.591759204864502,-3.272519528865814,False
b070_parked/episode_019e298a-84a1-7557-ae97-93326347b45c/replay_control,episode_019e298a-84a1-7557-ae97-93326347b45c,dev,70,parked,replay_control,True,1.0,S1,-0.2621053457260132,-3.272519528865814,True
b070_parked/episode_019e298a-84a1-7557-ae97-93326347b45c/hold,episode_019e298a-84a1-7557-ae97-93326347b45c,dev,70,parked,hold,False,0.5,S1,-0.5408937931060791,-3.272519528865814,True
b070_parked/episode_019e298a-84a1-7557-ae97-93326347b45c/random_walk,episode_019e298a-84a1-7557-ae97-93326347b45c,dev,70,parked,random_walk,True,1.0,S1,-0.6291561126708984,-3.272519528865814,True
b070_parked/episode_019e3c90-fb67-765e-8e8e-12c56ddda3ba/replay_control,episode_019e3c90-fb67-765e-8e8e-12c56ddda3ba,dev,70,parked,replay_control,True,1.0,S1,-0.26552286744117737,-3.272519528865814,True
b070_parked/episode_019e3c90-fb67-765e-8e8e-12c56ddda3ba/hold,episode_019e3c90-fb67-765e-8e8e-12c56ddda3ba,dev,70,parked,hold,False,0.5,S1,-1.0968939065933228,-3.272519528865814,True
b070_parked/episode_019e3c90-fb67-765e-8e8e-12c56ddda3ba/random_walk,episode_019e3c90-fb67-765e-8e8e-12c56ddda3ba,dev,70,parked,random_walk,False,0.5,S1,-0.7234620451927185,-3.272519528865814,True
b070_parked/episode_019e1e35-af9f-7d66-93b0-478d1c079799/replay_control,episode_019e1e35-af9f-7d66-93b0-478d1c079799,test,70,parked,replay_control,True,1.0,S1,-0.3320672810077667,-3.272519528865814,True
b070_parked/episode_019e1e35-af9f-7d66-93b0-478d1c079799/hold,episode_019e1e35-af9f-7d66-93b0-478d1c079799,test,70,parked,hold,True,1.0,S1,-0.7231016755104065,-3.272519528865814,True
b070_parked/episode_019e1e35-af9f-7d66-93b0-478d1c079799/random_walk,episode_019e1e35-af9f-7d66-93b0-478d1c079799,test,70,parked,random_walk,False,0.5,S1,-0.8855238556861877,-3.272519528865814,True
b070_parked/episode_019e2d91-6e08-7f79-a3e4-c843c73a3ef2/replay_control,episode_019e2d91-6e08-7f79-a3e4-c843c73a3ef2,test,70,parked,replay_control,True,1.0,S1,-0.46389126777648926,-3.272519528865814,True
b070_parked/episode_019e2d91-6e08-7f79-a3e4-c843c73a3ef2/hold,episode_019e2d91-6e08-7f79-a3e4-c843c73a3ef2,test,70,parked,hold,False,0.5,S1,-1.9218285083770752,-3.272519528865814,True
b070_parked/episode_019e2d91-6e08-7f79-a3e4-c843c73a3ef2/random_walk,episode_019e2d91-6e08-7f79-a3e4-c843c73a3ef2,test,70,parked,random_walk,False,0.5,S1,-1.955453872680664,-3.272519528865814,True
b070_parked/episode_019e3c25-a92e-7824-a264-f1da48b9bd3d/replay_control,episode_019e3c25-a92e-7824-a264-f1da48b9bd3d,test,70,parked,replay_control,True,1.0,S1,-0.31011974811553955,-3.272519528865814,True
b070_parked/episode_019e3c25-a92e-7824-a264-f1da48b9bd3d/hold,episode_019e3c25-a92e-7824-a264-f1da48b9bd3d,test,70,parked,hold,False,0.5,S1,-1.5447957515716553,-3.272519528865814,True
b070_parked/episode_019e3c25-a92e-7824-a264-f1da48b9bd3d/random_walk,episode_019e3c25-a92e-7824-a264-f1da48b9bd3d,test,70,parked,random_walk,False,0.5,S1,-1.5646631717681885,-3.272519528865814,True
b070_parked/episode_019e2261-5abe-7ece-910d-8988dd12106a/replay_control,episode_019e2261-5abe-7ece-910d-8988dd12106a,test,70,parked,replay_control,True,1.0,S1,-0.7715547680854797,-3.272519528865814,True
b070_parked/episode_019e2261-5abe-7ece-910d-8988dd12106a/hold,episode_019e2261-5abe-7ece-910d-8988dd12106a,test,70,parked,hold,False,0.5,S1,-1.565420389175415,-3.272519528865814,True
b070_parked/episode_019e2261-5abe-7ece-910d-8988dd12106a/random_walk,episode_019e2261-5abe-7ece-910d-8988dd12106a,test,70,parked,random_walk,True,1.0,S1,-1.1108131408691406,-3.272519528865814,True
b090_original/episode_019e298a-84a1-7557-ae97-93326347b45c/replay_control,episode_019e298a-84a1-7557-ae97-93326347b45c,dev,90,original,replay_control,True,1.0,S1,-1.5910629034042358,-3.272519528865814,True
b090_original/episode_019e298a-84a1-7557-ae97-93326347b45c/hold,episode_019e298a-84a1-7557-ae97-93326347b45c,dev,90,original,hold,True,1.0,S1,-5.8057098388671875,-3.272519528865814,False
b090_original/episode_019e298a-84a1-7557-ae97-93326347b45c/random_walk,episode_019e298a-84a1-7557-ae97-93326347b45c,dev,90,original,random_walk,True,1.0,S1,-5.67458438873291,-3.272519528865814,False
b090_original/episode_019e3c90-fb67-765e-8e8e-12c56ddda3ba/replay_control,episode_019e3c90-fb67-765e-8e8e-12c56ddda3ba,dev,90,original,replay_control,True,1.0,S1,-1.0189845561981201,-3.272519528865814,True
b090_original/episode_019e3c90-fb67-765e-8e8e-12c56ddda3ba/hold,episode_019e3c90-fb67-765e-8e8e-12c56ddda3ba,dev,90,original,hold,True,1.0,S1,-5.063523292541504,-3.272519528865814,False
b090_original/episode_019e3c90-fb67-765e-8e8e-12c56ddda3ba/random_walk,episode_019e3c90-fb67-765e-8e8e-12c56ddda3ba,dev,90,original,random_walk,True,1.0,S1,-4.889484405517578,-3.272519528865814,False
b090_original/episode_019e1e35-af9f-7d66-93b0-478d1c079799/replay_control,episode_019e1e35-af9f-7d66-93b0-478d1c079799,test,90,original,replay_control,True,1.0,S1,-1.3452444076538086,-3.272519528865814,True
b090_original/episode_019e1e35-af9f-7d66-93b0-478d1c079799/hold,episode_019e1e35-af9f-7d66-93b0-478d1c079799,test,90,original,hold,True,1.0,S1,-5.286355972290039,-3.272519528865814,False
b090_original/episode_019e1e35-af9f-7d66-93b0-478d1c079799/random_walk,episode_019e1e35-af9f-7d66-93b0-478d1c079799,test,90,original,random_walk,True,1.0,S1,-5.58227014541626,-3.272519528865814,False
b090_original/episode_019e2d91-6e08-7f79-a3e4-c843c73a3ef2/replay_control,episode_019e2d91-6e08-7f79-a3e4-c843c73a3ef2,test,90,original,replay_control,True,1.0,S1,-0.9455946683883667,-3.272519528865814,True
b090_original/episode_019e2d91-6e08-7f79-a3e4-c843c73a3ef2/hold,episode_019e2d91-6e08-7f79-a3e4-c843c73a3ef2,test,90,original,hold,True,1.0,S1,-5.257083892822266,-3.272519528865814,False
b090_original/episode_019e2d91-6e08-7f79-a3e4-c843c73a3ef2/random_walk,episode_019e2d91-6e08-7f79-a3e4-c843c73a3ef2,test,90,original,random_walk,True,1.0,S1,-5.195958614349365,-3.272519528865814,False
b090_original/episode_019e3c25-a92e-7824-a264-f1da48b9bd3d/replay_control,episode_019e3c25-a92e-7824-a264-f1da48b9bd3d,test,90,original,replay_control,True,1.0,S1,-1.4052317142486572,-3.272519528865814,True
b090_original/episode_019e3c25-a92e-7824-a264-f1da48b9bd3d/hold,episode_019e3c25-a92e-7824-a264-f1da48b9bd3d,test,90,original,hold,True,1.0,S1,-5.689328670501709,-3.272519528865814,False
b090_original/episode_019e3c25-a92e-7824-a264-f1da48b9bd3d/random_walk,episode_019e3c25-a92e-7824-a264-f1da48b9bd3d,test,90,original,random_walk,True,1.0,S1,-5.206188678741455,-3.272519528865814,False
b090_original/episode_019e2261-5abe-7ece-910d-8988dd12106a/replay_control,episode_019e2261-5abe-7ece-910d-8988dd12106a,test,90,original,replay_control,True,1.0,S1,-2.4517242908477783,-3.272519528865814,True
b090_original/episode_019e2261-5abe-7ece-910d-8988dd12106a/hold,episode_019e2261-5abe-7ece-910d-8988dd12106a,test,90,original,hold,True,1.0,S1,-5.71699857711792,-3.272519528865814,False
b090_original/episode_019e2261-5abe-7ece-910d-8988dd12106a/random_walk,episode_019e2261-5abe-7ece-910d-8988dd12106a,test,90,original,random_walk,True,1.0,S1,-5.5729660987854,-3.272519528865814,False
b090_parked/episode_019e298a-84a1-7557-ae97-93326347b45c/replay_control,episode_019e298a-84a1-7557-ae97-93326347b45c,dev,90,parked,replay_control,True,1.0,S1,-0.2621053457260132,-3.272519528865814,True
b090_parked/episode_019e298a-84a1-7557-ae97-93326347b45c/hold,episode_019e298a-84a1-7557-ae97-93326347b45c,dev,90,parked,hold,True,1.0,S1,-0.15627261996269226,-3.272519528865814,True
b090_parked/episode_019e298a-84a1-7557-ae97-93326347b45c/random_walk,episode_019e298a-84a1-7557-ae97-93326347b45c,dev,90,parked,random_walk,True,1.0,S1,-0.2621053457260132,-3.272519528865814,True
b090_parked/episode_019e3c90-fb67-765e-8e8e-12c56ddda3ba/replay_control,episode_019e3c90-fb67-765e-8e8e-12c56ddda3ba,dev,90,parked,replay_control,True,1.0,S1,-0.2112313210964203,-3.272519528865814,True
b090_parked/episode_019e3c90-fb67-765e-8e8e-12c56ddda3ba/hold,episode_019e3c90-fb67-765e-8e8e-12c56ddda3ba,dev,90,parked,hold,True,1.0,S1,-0.2112313210964203,-3.272519528865814,True
b090_parked/episode_019e3c90-fb67-765e-8e8e-12c56ddda3ba/random_walk,episode_019e3c90-fb67-765e-8e8e-12c56ddda3ba,dev,90,parked,random_walk,True,1.0,S1,-0.2112313210964203,-3.272519528865814,True
b090_parked/episode_019e1e35-af9f-7d66-93b0-478d1c079799/replay_control,episode_019e1e35-af9f-7d66-93b0-478d1c079799,test,90,parked,replay_control,True,1.0,S1,-0.3320672810077667,-3.272519528865814,True
b090_parked/episode_019e1e35-af9f-7d66-93b0-478d1c079799/hold,episode_019e1e35-af9f-7d66-93b0-478d1c079799,test,90,parked,hold,True,1.0,S1,-0.336474746465683,-3.272519528865814,True
b090_parked/episode_019e1e35-af9f-7d66-93b0-478d1c079799/random_walk,episode_019e1e35-af9f-7d66-93b0-478d1c079799,test,90,parked,random_walk,True,1.0,S1,-0.24992482364177704,-3.272519528865814,True
b090_parked/episode_019e2d91-6e08-7f79-a3e4-c843c73a3ef2/replay_control,episode_019e2d91-6e08-7f79-a3e4-c843c73a3ef2,test,90,parked,replay_control,True,1.0,S1,-0.36496520042419434,-3.272519528865814,True
b090_parked/episode_019e2d91-6e08-7f79-a3e4-c843c73a3ef2/hold,episode_019e2d91-6e08-7f79-a3e4-c843c73a3ef2,test,90,parked,hold,True,1.0,S1,-0.37453410029411316,-3.272519528865814,True
b090_parked/episode_019e2d91-6e08-7f79-a3e4-c843c73a3ef2/random_walk,episode_019e2d91-6e08-7f79-a3e4-c843c73a3ef2,test,90,parked,random_walk,True,1.0,S1,-0.37453410029411316,-3.272519528865814,True
b090_parked/episode_019e3c25-a92e-7824-a264-f1da48b9bd3d/replay_control,episode_019e3c25-a92e-7824-a264-f1da48b9bd3d,test,90,parked,replay_control,True,1.0,S1,-0.31011974811553955,-3.272519528865814,True
b090_parked/episode_019e3c25-a92e-7824-a264-f1da48b9bd3d/hold,episode_019e3c25-a92e-7824-a264-f1da48b9bd3d,test,90,parked,hold,True,1.0,S1,-0.21687623858451843,-3.272519528865814,True
b090_parked/episode_019e3c25-a92e-7824-a264-f1da48b9bd3d/random_walk,episode_019e3c25-a92e-7824-a264-f1da48b9bd3d,test,90,parked,random_walk,True,1.0,S1,-0.21687623858451843,-3.272519528865814,True
b090_parked/episode_019e2261-5abe-7ece-910d-8988dd12106a/replay_control,episode_019e2261-5abe-7ece-910d-8988dd12106a,test,90,parked,replay_control,True,1.0,S1,-0.7197230458259583,-3.272519528865814,True
b090_parked/episode_019e2261-5abe-7ece-910d-8988dd12106a/hold,episode_019e2261-5abe-7ece-910d-8988dd12106a,test,90,parked,hold,True,1.0,S1,-0.8259503245353699,-3.272519528865814,True
b090_parked/episode_019e2261-5abe-7ece-910d-8988dd12106a/random_walk,episode_019e2261-5abe-7ece-910d-8988dd12106a,test,90,parked,random_walk,True,1.0,S1,-0.6323197484016418,-3.272519528865814,True
b050_original/episode_019e298a-84a1-7557-ae97-93326347b45c/replay_control,episode_019e298a-84a1-7557-ae97-93326347b45c,dev,50,original,replay_control,True,1.0,S3,-1.4625929594039917,-3.2162272334098816,True
b050_original/episode_019e298a-84a1-7557-ae97-93326347b45c/hold,episode_019e298a-84a1-7557-ae97-93326347b45c,dev,50,original,hold,False,0.5,S3,-5.990391254425049,-3.2162272334098816,False
b050_original/episode_019e298a-84a1-7557-ae97-93326347b45c/random_walk,episode_019e298a-84a1-7557-ae97-93326347b45c,dev,50,original,random_walk,False,0.5,S3,-5.614799499511719,-3.2162272334098816,False
b050_original/episode_019e3c90-fb67-765e-8e8e-12c56ddda3ba/replay_control,episode_019e3c90-fb67-765e-8e8e-12c56ddda3ba,dev,50,original,replay_control,True,1.0,S3,-1.0261049270629883,-3.2162272334098816,True
b050_original/episode_019e3c90-fb67-765e-8e8e-12c56ddda3ba/hold,episode_019e3c90-fb67-765e-8e8e-12c56ddda3ba,dev,50,original,hold,False,0.5,S3,-5.214030742645264,-3.2162272334098816,False
b050_original/episode_019e3c90-fb67-765e-8e8e-12c56ddda3ba/random_walk,episode_019e3c90-fb67-765e-8e8e-12c56ddda3ba,dev,50,original,random_walk,False,0.5,S3,-4.9698615074157715,-3.2162272334098816,False
b050_original/episode_019e1e35-af9f-7d66-93b0-478d1c079799/replay_control,episode_019e1e35-af9f-7d66-93b0-478d1c079799,test,50,original,replay_control,True,1.0,S3,-1.351012945175171,-3.2162272334098816,True
b050_original/episode_019e1e35-af9f-7d66-93b0-478d1c079799/hold,episode_019e1e35-af9f-7d66-93b0-478d1c079799,test,50,original,hold,False,0.5,S3,-6.119126319885254,-3.2162272334098816,False
b050_original/episode_019e1e35-af9f-7d66-93b0-478d1c079799/random_walk,episode_019e1e35-af9f-7d66-93b0-478d1c079799,test,50,original,random_walk,False,0.5,S3,-5.886356830596924,-3.2162272334098816,False
b050_original/episode_019e2d91-6e08-7f79-a3e4-c843c73a3ef2/replay_control,episode_019e2d91-6e08-7f79-a3e4-c843c73a3ef2,test,50,original,replay_control,True,1.0,S3,-0.6890887022018433,-3.2162272334098816,True
b050_original/episode_019e2d91-6e08-7f79-a3e4-c843c73a3ef2/hold,episode_019e2d91-6e08-7f79-a3e4-c843c73a3ef2,test,50,original,hold,False,0.5,S3,-5.3669538497924805,-3.2162272334098816,False
b050_original/episode_019e2d91-6e08-7f79-a3e4-c843c73a3ef2/random_walk,episode_019e2d91-6e08-7f79-a3e4-c843c73a3ef2,test,50,original,random_walk,False,0.5,S3,-5.127117156982422,-3.2162272334098816,False
b050_original/episode_019e3c25-a92e-7824-a264-f1da48b9bd3d/replay_control,episode_019e3c25-a92e-7824-a264-f1da48b9bd3d,test,50,original,replay_control,True,1.0,S3,-1.2436871528625488,-3.2162272334098816,True
b050_original/episode_019e3c25-a92e-7824-a264-f1da48b9bd3d/hold,episode_019e3c25-a92e-7824-a264-f1da48b9bd3d,test,50,original,hold,False,0.5,S3,-5.47298002243042,-3.2162272334098816,False
b050_original/episode_019e3c25-a92e-7824-a264-f1da48b9bd3d/random_walk,episode_019e3c25-a92e-7824-a264-f1da48b9bd3d,test,50,original,random_walk,False,0.5,S3,-4.950935363769531,-3.2162272334098816,False
b050_original/episode_019e2261-5abe-7ece-910d-8988dd12106a/replay_control,episode_019e2261-5abe-7ece-910d-8988dd12106a,test,50,original,replay_control,True,1.0,S3,-2.3856911659240723,-3.2162272334098816,True
b050_original/episode_019e2261-5abe-7ece-910d-8988dd12106a/hold,episode_019e2261-5abe-7ece-910d-8988dd12106a,test,50,original,hold,False,0.5,S3,-5.943408489227295,-3.2162272334098816,False
b050_original/episode_019e2261-5abe-7ece-910d-8988dd12106a/random_walk,episode_019e2261-5abe-7ece-910d-8988dd12106a,test,50,original,random_walk,False,0.5,S3,-6.1735687255859375,-3.2162272334098816,False
b050_parked/episode_019e298a-84a1-7557-ae97-93326347b45c/replay_control,episode_019e298a-84a1-7557-ae97-93326347b45c,dev,50,parked,replay_control,True,1.0,S3,-0.12156828492879868,-3.2162272334098816,True
b050_parked/episode_019e298a-84a1-7557-ae97-93326347b45c/hold,episode_019e298a-84a1-7557-ae97-93326347b45c,dev,50,parked,hold,False,0.5,S3,-0.5484108924865723,-3.2162272334098816,True
b050_parked/episode_019e298a-84a1-7557-ae97-93326347b45c/random_walk,episode_019e298a-84a1-7557-ae97-93326347b45c,dev,50,parked,random_walk,False,0.5,S3,-0.9707940816879272,-3.2162272334098816,True
b050_parked/episode_019e3c90-fb67-765e-8e8e-12c56ddda3ba/replay_control,episode_019e3c90-fb67-765e-8e8e-12c56ddda3ba,dev,50,parked,replay_control,True,1.0,S3,-0.16620004177093506,-3.2162272334098816,True
b050_parked/episode_019e3c90-fb67-765e-8e8e-12c56ddda3ba/hold,episode_019e3c90-fb67-765e-8e8e-12c56ddda3ba,dev,50,parked,hold,False,0.5,S3,-0.4251003861427307,-3.2162272334098816,True
b050_parked/episode_019e3c90-fb67-765e-8e8e-12c56ddda3ba/random_walk,episode_019e3c90-fb67-765e-8e8e-12c56ddda3ba,dev,50,parked,random_walk,False,0.5,S3,-0.6757344007492065,-3.2162272334098816,True
b050_parked/episode_019e1e35-af9f-7d66-93b0-478d1c079799/replay_control,episode_019e1e35-af9f-7d66-93b0-478d1c079799,test,50,parked,replay_control,True,1.0,S3,-0.3249707818031311,-3.2162272334098816,True
b050_parked/episode_019e1e35-af9f-7d66-93b0-478d1c079799/hold,episode_019e1e35-af9f-7d66-93b0-478d1c079799,test,50,parked,hold,False,0.5,S3,-1.0508179664611816,-3.2162272334098816,True
b050_parked/episode_019e1e35-af9f-7d66-93b0-478d1c079799/random_walk,episode_019e1e35-af9f-7d66-93b0-478d1c079799,test,50,parked,random_walk,False,0.5,S3,-1.1561040878295898,-3.2162272334098816,True
b050_parked/episode_019e2d91-6e08-7f79-a3e4-c843c73a3ef2/replay_control,episode_019e2d91-6e08-7f79-a3e4-c843c73a3ef2,test,50,parked,replay_control,True,1.0,S3,-0.277386337518692,-3.2162272334098816,True
b050_parked/episode_019e2d91-6e08-7f79-a3e4-c843c73a3ef2/hold,episode_019e2d91-6e08-7f79-a3e4-c843c73a3ef2,test,50,parked,hold,False,0.5,S3,-0.7190048694610596,-3.2162272334098816,True
b050_parked/episode_019e2d91-6e08-7f79-a3e4-c843c73a3ef2/random_walk,episode_019e2d91-6e08-7f79-a3e4-c843c73a3ef2,test,50,parked,random_walk,False,0.5,S3,-1.1319236755371094,-3.2162272334098816,True
b050_parked/episode_019e3c25-a92e-7824-a264-f1da48b9bd3d/replay_control,episode_019e3c25-a92e-7824-a264-f1da48b9bd3d,test,50,parked,replay_control,True,1.0,S3,-0.20081627368927002,-3.2162272334098816,True
b050_parked/episode_019e3c25-a92e-7824-a264-f1da48b9bd3d/hold,episode_019e3c25-a92e-7824-a264-f1da48b9bd3d,test,50,parked,hold,False,0.5,S3,-0.5950376987457275,-3.2162272334098816,True
b050_parked/episode_019e3c25-a92e-7824-a264-f1da48b9bd3d/random_walk,episode_019e3c25-a92e-7824-a264-f1da48b9bd3d,test,50,parked,random_walk,False,0.5,S3,-0.5149158239364624,-3.2162272334098816,True
b050_parked/episode_019e2261-5abe-7ece-910d-8988dd12106a/replay_control,episode_019e2261-5abe-7ece-910d-8988dd12106a,test,50,parked,replay_control,True,1.0,S3,-0.7171173095703125,-3.2162272334098816,True
b050_parked/episode_019e2261-5abe-7ece-910d-8988dd12106a/hold,episode_019e2261-5abe-7ece-910d-8988dd12106a,test,50,parked,hold,False,0.5,S3,-1.0359420776367188,-3.2162272334098816,True
b050_parked/episode_019e2261-5abe-7ece-910d-8988dd12106a/random_walk,episode_019e2261-5abe-7ece-910d-8988dd12106a,test,50,parked,random_walk,False,0.5,S3,-1.9514384269714355,-3.2162272334098816,True
b070_original/episode_019e298a-84a1-7557-ae97-93326347b45c/replay_control,episode_019e298a-84a1-7557-ae97-93326347b45c,dev,70,original,replay_control,True,1.0,S3,-1.4625929594039917,-3.2162272334098816,True
b070_original/episode_019e298a-84a1-7557-ae97-93326347b45c/hold,episode_019e298a-84a1-7557-ae97-93326347b45c,dev,70,original,hold,False,0.5,S3,-6.27992057800293,-3.2162272334098816,False
b070_original/episode_019e298a-84a1-7557-ae97-93326347b45c/random_walk,episode_019e298a-84a1-7557-ae97-93326347b45c,dev,70,original,random_walk,True,1.0,S3,-5.43513298034668,-3.2162272334098816,False
b070_original/episode_019e3c90-fb67-765e-8e8e-12c56ddda3ba/replay_control,episode_019e3c90-fb67-765e-8e8e-12c56ddda3ba,dev,70,original,replay_control,True,1.0,S3,-1.0347234010696411,-3.2162272334098816,True
b070_original/episode_019e3c90-fb67-765e-8e8e-12c56ddda3ba/hold,episode_019e3c90-fb67-765e-8e8e-12c56ddda3ba,dev,70,original,hold,False,0.5,S3,-5.366623401641846,-3.2162272334098816,False
b070_original/episode_019e3c90-fb67-765e-8e8e-12c56ddda3ba/random_walk,episode_019e3c90-fb67-765e-8e8e-12c56ddda3ba,dev,70,original,random_walk,False,0.5,S3,-5.279913902282715,-3.2162272334098816,False
b070_original/episode_019e1e35-af9f-7d66-93b0-478d1c079799/replay_control,episode_019e1e35-af9f-7d66-93b0-478d1c079799,test,70,original,replay_control,True,1.0,S3,-1.2616333961486816,-3.2162272334098816,True
b070_original/episode_019e1e35-af9f-7d66-93b0-478d1c079799/hold,episode_019e1e35-af9f-7d66-93b0-478d1c079799,test,70,original,hold,False,0.5,S3,-6.133950710296631,-3.2162272334098816,False
b070_original/episode_019e1e35-af9f-7d66-93b0-478d1c079799/random_walk,episode_019e1e35-af9f-7d66-93b0-478d1c079799,test,70,original,random_walk,False,0.5,S3,-5.7208099365234375,-3.2162272334098816,False
b070_original/episode_019e2d91-6e08-7f79-a3e4-c843c73a3ef2/replay_control,episode_019e2d91-6e08-7f79-a3e4-c843c73a3ef2,test,70,original,replay_control,True,1.0,S3,-0.8155971765518188,-3.2162272334098816,True
b070_original/episode_019e2d91-6e08-7f79-a3e4-c843c73a3ef2/hold,episode_019e2d91-6e08-7f79-a3e4-c843c73a3ef2,test,70,original,hold,False,0.5,S3,-5.654873371124268,-3.2162272334098816,False
b070_original/episode_019e2d91-6e08-7f79-a3e4-c843c73a3ef2/random_walk,episode_019e2d91-6e08-7f79-a3e4-c843c73a3ef2,test,70,original,random_walk,False,0.5,S3,-5.331010341644287,-3.2162272334098816,False
b070_original/episode_019e3c25-a92e-7824-a264-f1da48b9bd3d/replay_control,episode_019e3c25-a92e-7824-a264-f1da48b9bd3d,test,70,original,replay_control,True,1.0,S3,-1.2436871528625488,-3.2162272334098816,True
b070_original/episode_019e3c25-a92e-7824-a264-f1da48b9bd3d/hold,episode_019e3c25-a92e-7824-a264-f1da48b9bd3d,test,70,original,hold,False,0.5,S3,-5.832940578460693,-3.2162272334098816,False
b070_original/episode_019e3c25-a92e-7824-a264-f1da48b9bd3d/random_walk,episode_019e3c25-a92e-7824-a264-f1da48b9bd3d,test,70,original,random_walk,False,0.5,S3,-5.4193220138549805,-3.2162272334098816,False
b070_original/episode_019e2261-5abe-7ece-910d-8988dd12106a/replay_control,episode_019e2261-5abe-7ece-910d-8988dd12106a,test,70,original,replay_control,True,1.0,S3,-2.32556414604187,-3.2162272334098816,True
b070_original/episode_019e2261-5abe-7ece-910d-8988dd12106a/hold,episode_019e2261-5abe-7ece-910d-8988dd12106a,test,70,original,hold,False,0.5,S3,-5.779798984527588,-3.2162272334098816,False
b070_original/episode_019e2261-5abe-7ece-910d-8988dd12106a/random_walk,episode_019e2261-5abe-7ece-910d-8988dd12106a,test,70,original,random_walk,True,1.0,S3,-5.346447467803955,-3.2162272334098816,False
b070_parked/episode_019e298a-84a1-7557-ae97-93326347b45c/replay_control,episode_019e298a-84a1-7557-ae97-93326347b45c,dev,70,parked,replay_control,True,1.0,S3,-0.12156828492879868,-3.2162272334098816,True
b070_parked/episode_019e298a-84a1-7557-ae97-93326347b45c/hold,episode_019e298a-84a1-7557-ae97-93326347b45c,dev,70,parked,hold,False,0.5,S3,-0.4409712851047516,-3.2162272334098816,True
b070_parked/episode_019e298a-84a1-7557-ae97-93326347b45c/random_walk,episode_019e298a-84a1-7557-ae97-93326347b45c,dev,70,parked,random_walk,True,1.0,S3,-0.5449091196060181,-3.2162272334098816,True
b070_parked/episode_019e3c90-fb67-765e-8e8e-12c56ddda3ba/replay_control,episode_019e3c90-fb67-765e-8e8e-12c56ddda3ba,dev,70,parked,replay_control,True,1.0,S3,-0.17803329229354858,-3.2162272334098816,True
b070_parked/episode_019e3c90-fb67-765e-8e8e-12c56ddda3ba/hold,episode_019e3c90-fb67-765e-8e8e-12c56ddda3ba,dev,70,parked,hold,False,0.5,S3,-1.0551600456237793,-3.2162272334098816,True
b070_parked/episode_019e3c90-fb67-765e-8e8e-12c56ddda3ba/random_walk,episode_019e3c90-fb67-765e-8e8e-12c56ddda3ba,dev,70,parked,random_walk,False,0.5,S3,-0.6378046274185181,-3.2162272334098816,True
b070_parked/episode_019e1e35-af9f-7d66-93b0-478d1c079799/replay_control,episode_019e1e35-af9f-7d66-93b0-478d1c079799,test,70,parked,replay_control,True,1.0,S3,-0.2359866499900818,-3.2162272334098816,True
b070_parked/episode_019e1e35-af9f-7d66-93b0-478d1c079799/hold,episode_019e1e35-af9f-7d66-93b0-478d1c079799,test,70,parked,hold,True,1.0,S3,-0.6056941747665405,-3.2162272334098816,True
b070_parked/episode_019e1e35-af9f-7d66-93b0-478d1c079799/random_walk,episode_019e1e35-af9f-7d66-93b0-478d1c079799,test,70,parked,random_walk,False,0.5,S3,-0.8230293989181519,-3.2162272334098816,True
b070_parked/episode_019e2d91-6e08-7f79-a3e4-c843c73a3ef2/replay_control,episode_019e2d91-6e08-7f79-a3e4-c843c73a3ef2,test,70,parked,replay_control,True,1.0,S3,-0.40171927213668823,-3.2162272334098816,True
b070_parked/episode_019e2d91-6e08-7f79-a3e4-c843c73a3ef2/hold,episode_019e2d91-6e08-7f79-a3e4-c843c73a3ef2,test,70,parked,hold,False,0.5,S3,-1.8900322914123535,-3.2162272334098816,True
b070_parked/episode_019e2d91-6e08-7f79-a3e4-c843c73a3ef2/random_walk,episode_019e2d91-6e08-7f79-a3e4-c843c73a3ef2,test,70,parked,random_walk,False,0.5,S3,-1.9349802732467651,-3.2162272334098816,True
b070_parked/episode_019e3c25-a92e-7824-a264-f1da48b9bd3d/replay_control,episode_019e3c25-a92e-7824-a264-f1da48b9bd3d,test,70,parked,replay_control,True,1.0,S3,-0.20081627368927002,-3.2162272334098816,True
b070_parked/episode_019e3c25-a92e-7824-a264-f1da48b9bd3d/hold,episode_019e3c25-a92e-7824-a264-f1da48b9bd3d,test,70,parked,hold,False,0.5,S3,-1.4701266288757324,-3.2162272334098816,True
b070_parked/episode_019e3c25-a92e-7824-a264-f1da48b9bd3d/random_walk,episode_019e3c25-a92e-7824-a264-f1da48b9bd3d,test,70,parked,random_walk,False,0.5,S3,-1.480650782585144,-3.2162272334098816,True
b070_parked/episode_019e2261-5abe-7ece-910d-8988dd12106a/replay_control,episode_019e2261-5abe-7ece-910d-8988dd12106a,test,70,parked,replay_control,True,1.0,S3,-0.6556862592697144,-3.2162272334098816,True
b070_parked/episode_019e2261-5abe-7ece-910d-8988dd12106a/hold,episode_019e2261-5abe-7ece-910d-8988dd12106a,test,70,parked,hold,False,0.5,S3,-1.384594202041626,-3.2162272334098816,True
b070_parked/episode_019e2261-5abe-7ece-910d-8988dd12106a/random_walk,episode_019e2261-5abe-7ece-910d-8988dd12106a,test,70,parked,random_walk,True,1.0,S3,-1.0381755828857422,-3.2162272334098816,True
b090_original/episode_019e298a-84a1-7557-ae97-93326347b45c/replay_control,episode_019e298a-84a1-7557-ae97-93326347b45c,dev,90,original,replay_control,True,1.0,S3,-1.4625929594039917,-3.2162272334098816,True
b090_original/episode_019e298a-84a1-7557-ae97-93326347b45c/hold,episode_019e298a-84a1-7557-ae97-93326347b45c,dev,90,original,hold,True,1.0,S3,-5.961451053619385,-3.2162272334098816,False
b090_original/episode_019e298a-84a1-7557-ae97-93326347b45c/random_walk,episode_019e298a-84a1-7557-ae97-93326347b45c,dev,90,original,random_walk,True,1.0,S3,-5.454680442810059,-3.2162272334098816,False
b090_original/episode_019e3c90-fb67-765e-8e8e-12c56ddda3ba/replay_control,episode_019e3c90-fb67-765e-8e8e-12c56ddda3ba,dev,90,original,replay_control,True,1.0,S3,-0.9902745485305786,-3.2162272334098816,True
b090_original/episode_019e3c90-fb67-765e-8e8e-12c56ddda3ba/hold,episode_019e3c90-fb67-765e-8e8e-12c56ddda3ba,dev,90,original,hold,True,1.0,S3,-5.074460983276367,-3.2162272334098816,False
b090_original/episode_019e3c90-fb67-765e-8e8e-12c56ddda3ba/random_walk,episode_019e3c90-fb67-765e-8e8e-12c56ddda3ba,dev,90,original,random_walk,True,1.0,S3,-4.650376319885254,-3.2162272334098816,False
b090_original/episode_019e1e35-af9f-7d66-93b0-478d1c079799/replay_control,episode_019e1e35-af9f-7d66-93b0-478d1c079799,test,90,original,replay_control,True,1.0,S3,-1.2616333961486816,-3.2162272334098816,True
b090_original/episode_019e1e35-af9f-7d66-93b0-478d1c079799/hold,episode_019e1e35-af9f-7d66-93b0-478d1c079799,test,90,original,hold,True,1.0,S3,-5.272632122039795,-3.2162272334098816,False
b090_original/episode_019e1e35-af9f-7d66-93b0-478d1c079799/random_walk,episode_019e1e35-af9f-7d66-93b0-478d1c079799,test,90,original,random_walk,True,1.0,S3,-5.190346717834473,-3.2162272334098816,False
b090_original/episode_019e2d91-6e08-7f79-a3e4-c843c73a3ef2/replay_control,episode_019e2d91-6e08-7f79-a3e4-c843c73a3ef2,test,90,original,replay_control,True,1.0,S3,-0.6890887022018433,-3.2162272334098816,True
b090_original/episode_019e2d91-6e08-7f79-a3e4-c843c73a3ef2/hold,episode_019e2d91-6e08-7f79-a3e4-c843c73a3ef2,test,90,original,hold,True,1.0,S3,-5.3130669593811035,-3.2162272334098816,False
b090_original/episode_019e2d91-6e08-7f79-a3e4-c843c73a3ef2/random_walk,episode_019e2d91-6e08-7f79-a3e4-c843c73a3ef2,test,90,original,random_walk,True,1.0,S3,-5.301980018615723,-3.2162272334098816,False
b090_original/episode_019e3c25-a92e-7824-a264-f1da48b9bd3d/replay_control,episode_019e3c25-a92e-7824-a264-f1da48b9bd3d,test,90,original,replay_control,True,1.0,S3,-1.260720133781433,-3.2162272334098816,True
b090_original/episode_019e3c25-a92e-7824-a264-f1da48b9bd3d/hold,episode_019e3c25-a92e-7824-a264-f1da48b9bd3d,test,90,original,hold,True,1.0,S3,-5.865355491638184,-3.2162272334098816,False
b090_original/episode_019e3c25-a92e-7824-a264-f1da48b9bd3d/random_walk,episode_019e3c25-a92e-7824-a264-f1da48b9bd3d,test,90,original,random_walk,True,1.0,S3,-4.830411911010742,-3.2162272334098816,False
b090_original/episode_019e2261-5abe-7ece-910d-8988dd12106a/replay_control,episode_019e2261-5abe-7ece-910d-8988dd12106a,test,90,original,replay_control,True,1.0,S3,-2.298426866531372,-3.2162272334098816,True
b090_original/episode_019e2261-5abe-7ece-910d-8988dd12106a/hold,episode_019e2261-5abe-7ece-910d-8988dd12106a,test,90,original,hold,True,1.0,S3,-5.899053573608398,-3.2162272334098816,False
b090_original/episode_019e2261-5abe-7ece-910d-8988dd12106a/random_walk,episode_019e2261-5abe-7ece-910d-8988dd12106a,test,90,original,random_walk,True,1.0,S3,-5.222632884979248,-3.2162272334098816,False
b090_parked/episode_019e298a-84a1-7557-ae97-93326347b45c/replay_control,episode_019e298a-84a1-7557-ae97-93326347b45c,dev,90,parked,replay_control,True,1.0,S3,-0.12156828492879868,-3.2162272334098816,True
b090_parked/episode_019e298a-84a1-7557-ae97-93326347b45c/hold,episode_019e298a-84a1-7557-ae97-93326347b45c,dev,90,parked,hold,True,1.0,S3,-0.026325877755880356,-3.2162272334098816,True
b090_parked/episode_019e298a-84a1-7557-ae97-93326347b45c/random_walk,episode_019e298a-84a1-7557-ae97-93326347b45c,dev,90,parked,random_walk,True,1.0,S3,-0.1552952229976654,-3.2162272334098816,True
b090_parked/episode_019e3c90-fb67-765e-8e8e-12c56ddda3ba/replay_control,episode_019e3c90-fb67-765e-8e8e-12c56ddda3ba,dev,90,parked,replay_control,True,1.0,S3,-0.11112289130687714,-3.2162272334098816,True
b090_parked/episode_019e3c90-fb67-765e-8e8e-12c56ddda3ba/hold,episode_019e3c90-fb67-765e-8e8e-12c56ddda3ba,dev,90,parked,hold,True,1.0,S3,-0.11112289130687714,-3.2162272334098816,True
b090_parked/episode_019e3c90-fb67-765e-8e8e-12c56ddda3ba/random_walk,episode_019e3c90-fb67-765e-8e8e-12c56ddda3ba,dev,90,parked,random_walk,True,1.0,S3,-0.11112289130687714,-3.2162272334098816,True
b090_parked/episode_019e1e35-af9f-7d66-93b0-478d1c079799/replay_control,episode_019e1e35-af9f-7d66-93b0-478d1c079799,test,90,parked,replay_control,True,1.0,S3,-0.2359866499900818,-3.2162272334098816,True
b090_parked/episode_019e1e35-af9f-7d66-93b0-478d1c079799/hold,episode_019e1e35-af9f-7d66-93b0-478d1c079799,test,90,parked,hold,True,1.0,S3,-0.22862952947616577,-3.2162272334098816,True
b090_parked/episode_019e1e35-af9f-7d66-93b0-478d1c079799/random_walk,episode_019e1e35-af9f-7d66-93b0-478d1c079799,test,90,parked,random_walk,True,1.0,S3,-0.12724286317825317,-3.2162272334098816,True
b090_parked/episode_019e2d91-6e08-7f79-a3e4-c843c73a3ef2/replay_control,episode_019e2d91-6e08-7f79-a3e4-c843c73a3ef2,test,90,parked,replay_control,True,1.0,S3,-0.277386337518692,-3.2162272334098816,True
b090_parked/episode_019e2d91-6e08-7f79-a3e4-c843c73a3ef2/hold,episode_019e2d91-6e08-7f79-a3e4-c843c73a3ef2,test,90,parked,hold,True,1.0,S3,-0.28153112530708313,-3.2162272334098816,True
b090_parked/episode_019e2d91-6e08-7f79-a3e4-c843c73a3ef2/random_walk,episode_019e2d91-6e08-7f79-a3e4-c843c73a3ef2,test,90,parked,random_walk,True,1.0,S3,-0.31236812472343445,-3.2162272334098816,True
b090_parked/episode_019e3c25-a92e-7824-a264-f1da48b9bd3d/replay_control,episode_019e3c25-a92e-7824-a264-f1da48b9bd3d,test,90,parked,replay_control,True,1.0,S3,-0.20081627368927002,-3.2162272334098816,True
b090_parked/episode_019e3c25-a92e-7824-a264-f1da48b9bd3d/hold,episode_019e3c25-a92e-7824-a264-f1da48b9bd3d,test,90,parked,hold,True,1.0,S3,-0.08559266477823257,-3.2162272334098816,True
b090_parked/episode_019e3c25-a92e-7824-a264-f1da48b9bd3d/random_walk,episode_019e3c25-a92e-7824-a264-f1da48b9bd3d,test,90,parked,random_walk,True,1.0,S3,-0.08559266477823257,-3.2162272334098816,True
b090_parked/episode_019e2261-5abe-7ece-910d-8988dd12106a/replay_control,episode_019e2261-5abe-7ece-910d-8988dd12106a,test,90,parked,replay_control,True,1.0,S3,-0.5989046096801758,-3.2162272334098816,True
b090_parked/episode_019e2261-5abe-7ece-910d-8988dd12106a/hold,episode_019e2261-5abe-7ece-910d-8988dd12106a,test,90,parked,hold,True,1.0,S3,-0.688602864742279,-3.2162272334098816,True
b090_parked/episode_019e2261-5abe-7ece-910d-8988dd12106a/random_walk,episode_019e2261-5abe-7ece-910d-8988dd12106a,test,90,parked,random_walk,True,1.0,S3,-0.4658631384372711,-3.2162272334098816,True
b050_original/episode_019e298a-84a1-7557-ae97-93326347b45c/replay_control,episode_019e298a-84a1-7557-ae97-93326347b45c,dev,50,original,replay_control,True,1.0,S5,-1.3469423055648804,-3.123962104320526,True
b050_original/episode_019e298a-84a1-7557-ae97-93326347b45c/hold,episode_019e298a-84a1-7557-ae97-93326347b45c,dev,50,original,hold,False,0.5,S5,-5.941647052764893,-3.123962104320526,False
b050_original/episode_019e298a-84a1-7557-ae97-93326347b45c/random_walk,episode_019e298a-84a1-7557-ae97-93326347b45c,dev,50,original,random_walk,False,0.5,S5,-5.458690643310547,-3.123962104320526,False
b050_original/episode_019e3c90-fb67-765e-8e8e-12c56ddda3ba/replay_control,episode_019e3c90-fb67-765e-8e8e-12c56ddda3ba,dev,50,original,replay_control,True,1.0,S5,-0.9349380135536194,-3.123962104320526,True
b050_original/episode_019e3c90-fb67-765e-8e8e-12c56ddda3ba/hold,episode_019e3c90-fb67-765e-8e8e-12c56ddda3ba,dev,50,original,hold,False,0.5,S5,-5.169167518615723,-3.123962104320526,False
b050_original/episode_019e3c90-fb67-765e-8e8e-12c56ddda3ba/random_walk,episode_019e3c90-fb67-765e-8e8e-12c56ddda3ba,dev,50,original,random_walk,False,0.5,S5,-4.900981903076172,-3.123962104320526,False
b050_original/episode_019e1e35-af9f-7d66-93b0-478d1c079799/replay_control,episode_019e1e35-af9f-7d66-93b0-478d1c079799,test,50,original,replay_control,True,1.0,S5,-1.3093634843826294,-3.123962104320526,True
b050_original/episode_019e1e35-af9f-7d66-93b0-478d1c079799/hold,episode_019e1e35-af9f-7d66-93b0-478d1c079799,test,50,original,hold,False,0.5,S5,-6.11904239654541,-3.123962104320526,False
b050_original/episode_019e1e35-af9f-7d66-93b0-478d1c079799/random_walk,episode_019e1e35-af9f-7d66-93b0-478d1c079799,test,50,original,random_walk,False,0.5,S5,-5.613373279571533,-3.123962104320526,False
b050_original/episode_019e2d91-6e08-7f79-a3e4-c843c73a3ef2/replay_control,episode_019e2d91-6e08-7f79-a3e4-c843c73a3ef2,test,50,original,replay_control,True,1.0,S5,-0.6387216448783875,-3.123962104320526,True
b050_original/episode_019e2d91-6e08-7f79-a3e4-c843c73a3ef2/hold,episode_019e2d91-6e08-7f79-a3e4-c843c73a3ef2,test,50,original,hold,False,0.5,S5,-5.252087116241455,-3.123962104320526,False
b050_original/episode_019e2d91-6e08-7f79-a3e4-c843c73a3ef2/random_walk,episode_019e2d91-6e08-7f79-a3e4-c843c73a3ef2,test,50,original,random_walk,False,0.5,S5,-5.093485355377197,-3.123962104320526,False
b050_original/episode_019e3c25-a92e-7824-a264-f1da48b9bd3d/replay_control,episode_019e3c25-a92e-7824-a264-f1da48b9bd3d,test,50,original,replay_control,True,1.0,S5,-1.2378467321395874,-3.123962104320526,True
b050_original/episode_019e3c25-a92e-7824-a264-f1da48b9bd3d/hold,episode_019e3c25-a92e-7824-a264-f1da48b9bd3d,test,50,original,hold,False,0.5,S5,-5.409443378448486,-3.123962104320526,False
b050_original/episode_019e3c25-a92e-7824-a264-f1da48b9bd3d/random_walk,episode_019e3c25-a92e-7824-a264-f1da48b9bd3d,test,50,original,random_walk,False,0.5,S5,-4.987171173095703,-3.123962104320526,False
b050_original/episode_019e2261-5abe-7ece-910d-8988dd12106a/replay_control,episode_019e2261-5abe-7ece-910d-8988dd12106a,test,50,original,replay_control,True,1.0,S5,-2.3576560020446777,-3.123962104320526,True
b050_original/episode_019e2261-5abe-7ece-910d-8988dd12106a/hold,episode_019e2261-5abe-7ece-910d-8988dd12106a,test,50,original,hold,False,0.5,S5,-5.978389739990234,-3.123962104320526,False
b050_original/episode_019e2261-5abe-7ece-910d-8988dd12106a/random_walk,episode_019e2261-5abe-7ece-910d-8988dd12106a,test,50,original,random_walk,False,0.5,S5,-5.786611557006836,-3.123962104320526,False
b050_parked/episode_019e298a-84a1-7557-ae97-93326347b45c/replay_control,episode_019e298a-84a1-7557-ae97-93326347b45c,dev,50,parked,replay_control,True,1.0,S5,-0.1255853921175003,-3.123962104320526,True
b050_parked/episode_019e298a-84a1-7557-ae97-93326347b45c/hold,episode_019e298a-84a1-7557-ae97-93326347b45c,dev,50,parked,hold,False,0.5,S5,-0.5900806784629822,-3.123962104320526,True
b050_parked/episode_019e298a-84a1-7557-ae97-93326347b45c/random_walk,episode_019e298a-84a1-7557-ae97-93326347b45c,dev,50,parked,random_walk,False,0.5,S5,-0.9908486604690552,-3.123962104320526,True
b050_parked/episode_019e3c90-fb67-765e-8e8e-12c56ddda3ba/replay_control,episode_019e3c90-fb67-765e-8e8e-12c56ddda3ba,dev,50,parked,replay_control,True,1.0,S5,-0.16049042344093323,-3.123962104320526,True
b050_parked/episode_019e3c90-fb67-765e-8e8e-12c56ddda3ba/hold,episode_019e3c90-fb67-765e-8e8e-12c56ddda3ba,dev,50,parked,hold,False,0.5,S5,-0.4189258813858032,-3.123962104320526,True
b050_parked/episode_019e3c90-fb67-765e-8e8e-12c56ddda3ba/random_walk,episode_019e3c90-fb67-765e-8e8e-12c56ddda3ba,dev,50,parked,random_walk,False,0.5,S5,-0.7004740834236145,-3.123962104320526,True
b050_parked/episode_019e1e35-af9f-7d66-93b0-478d1c079799/replay_control,episode_019e1e35-af9f-7d66-93b0-478d1c079799,test,50,parked,replay_control,True,1.0,S5,-0.3570753037929535,-3.123962104320526,True
b050_parked/episode_019e1e35-af9f-7d66-93b0-478d1c079799/hold,episode_019e1e35-af9f-7d66-93b0-478d1c079799,test,50,parked,hold,False,0.5,S5,-1.0960290431976318,-3.123962104320526,True
b050_parked/episode_019e1e35-af9f-7d66-93b0-478d1c079799/random_walk,episode_019e1e35-af9f-7d66-93b0-478d1c079799,test,50,parked,random_walk,False,0.5,S5,-1.1988277435302734,-3.123962104320526,True
b050_parked/episode_019e2d91-6e08-7f79-a3e4-c843c73a3ef2/replay_control,episode_019e2d91-6e08-7f79-a3e4-c843c73a3ef2,test,50,parked,replay_control,True,1.0,S5,-0.2925136089324951,-3.123962104320526,True
b050_parked/episode_019e2d91-6e08-7f79-a3e4-c843c73a3ef2/hold,episode_019e2d91-6e08-7f79-a3e4-c843c73a3ef2,test,50,parked,hold,False,0.5,S5,-0.7493655681610107,-3.123962104320526,True
b050_parked/episode_019e2d91-6e08-7f79-a3e4-c843c73a3ef2/random_walk,episode_019e2d91-6e08-7f79-a3e4-c843c73a3ef2,test,50,parked,random_walk,False,0.5,S5,-1.1643202304840088,-3.123962104320526,True
b050_parked/episode_019e3c25-a92e-7824-a264-f1da48b9bd3d/replay_control,episode_019e3c25-a92e-7824-a264-f1da48b9bd3d,test,50,parked,replay_control,True,1.0,S5,-0.22768765687942505,-3.123962104320526,True
b050_parked/episode_019e3c25-a92e-7824-a264-f1da48b9bd3d/hold,episode_019e3c25-a92e-7824-a264-f1da48b9bd3d,test,50,parked,hold,False,0.5,S5,-0.5747003555297852,-3.123962104320526,True
b050_parked/episode_019e3c25-a92e-7824-a264-f1da48b9bd3d/random_walk,episode_019e3c25-a92e-7824-a264-f1da48b9bd3d,test,50,parked,random_walk,False,0.5,S5,-0.5308153033256531,-3.123962104320526,True
b050_parked/episode_019e2261-5abe-7ece-910d-8988dd12106a/replay_control,episode_019e2261-5abe-7ece-910d-8988dd12106a,test,50,parked,replay_control,True,1.0,S5,-0.7362948656082153,-3.123962104320526,True
b050_parked/episode_019e2261-5abe-7ece-910d-8988dd12106a/hold,episode_019e2261-5abe-7ece-910d-8988dd12106a,test,50,parked,hold,False,0.5,S5,-0.9996641874313354,-3.123962104320526,True
b050_parked/episode_019e2261-5abe-7ece-910d-8988dd12106a/random_walk,episode_019e2261-5abe-7ece-910d-8988dd12106a,test,50,parked,random_walk,False,0.5,S5,-1.9959421157836914,-3.123962104320526,True
b070_original/episode_019e298a-84a1-7557-ae97-93326347b45c/replay_control,episode_019e298a-84a1-7557-ae97-93326347b45c,dev,70,original,replay_control,True,1.0,S5,-1.3469423055648804,-3.123962104320526,True
b070_original/episode_019e298a-84a1-7557-ae97-93326347b45c/hold,episode_019e298a-84a1-7557-ae97-93326347b45c,dev,70,original,hold,False,0.5,S5,-6.270147800445557,-3.123962104320526,False
b070_original/episode_019e298a-84a1-7557-ae97-93326347b45c/random_walk,episode_019e298a-84a1-7557-ae97-93326347b45c,dev,70,original,random_walk,True,1.0,S5,-5.54792594909668,-3.123962104320526,False
b070_original/episode_019e3c90-fb67-765e-8e8e-12c56ddda3ba/replay_control,episode_019e3c90-fb67-765e-8e8e-12c56ddda3ba,dev,70,original,replay_control,True,1.0,S5,-0.9382595419883728,-3.123962104320526,True
b070_original/episode_019e3c90-fb67-765e-8e8e-12c56ddda3ba/hold,episode_019e3c90-fb67-765e-8e8e-12c56ddda3ba,dev,70,original,hold,False,0.5,S5,-5.341717720031738,-3.123962104320526,False
b070_original/episode_019e3c90-fb67-765e-8e8e-12c56ddda3ba/random_walk,episode_019e3c90-fb67-765e-8e8e-12c56ddda3ba,dev,70,original,random_walk,False,0.5,S5,-5.064682960510254,-3.123962104320526,False
b070_original/episode_019e1e35-af9f-7d66-93b0-478d1c079799/replay_control,episode_019e1e35-af9f-7d66-93b0-478d1c079799,test,70,original,replay_control,True,1.0,S5,-1.2221713066101074,-3.123962104320526,True
b070_original/episode_019e1e35-af9f-7d66-93b0-478d1c079799/hold,episode_019e1e35-af9f-7d66-93b0-478d1c079799,test,70,original,hold,False,0.5,S5,-6.125420570373535,-3.123962104320526,False
b070_original/episode_019e1e35-af9f-7d66-93b0-478d1c079799/random_walk,episode_019e1e35-af9f-7d66-93b0-478d1c079799,test,70,original,random_walk,False,0.5,S5,-5.335742950439453,-3.123962104320526,False
b070_original/episode_019e2d91-6e08-7f79-a3e4-c843c73a3ef2/replay_control,episode_019e2d91-6e08-7f79-a3e4-c843c73a3ef2,test,70,original,replay_control,True,1.0,S5,-0.7590364217758179,-3.123962104320526,True
b070_original/episode_019e2d91-6e08-7f79-a3e4-c843c73a3ef2/hold,episode_019e2d91-6e08-7f79-a3e4-c843c73a3ef2,test,70,original,hold,False,0.5,S5,-5.652529716491699,-3.123962104320526,False
b070_original/episode_019e2d91-6e08-7f79-a3e4-c843c73a3ef2/random_walk,episode_019e2d91-6e08-7f79-a3e4-c843c73a3ef2,test,70,original,random_walk,False,0.5,S5,-5.248483657836914,-3.123962104320526,False
b070_original/episode_019e3c25-a92e-7824-a264-f1da48b9bd3d/replay_control,episode_019e3c25-a92e-7824-a264-f1da48b9bd3d,test,70,original,replay_control,True,1.0,S5,-1.2378467321395874,-3.123962104320526,True
b070_original/episode_019e3c25-a92e-7824-a264-f1da48b9bd3d/hold,episode_019e3c25-a92e-7824-a264-f1da48b9bd3d,test,70,original,hold,False,0.5,S5,-5.797577381134033,-3.123962104320526,False
b070_original/episode_019e3c25-a92e-7824-a264-f1da48b9bd3d/random_walk,episode_019e3c25-a92e-7824-a264-f1da48b9bd3d,test,70,original,random_walk,False,0.5,S5,-5.2051100730896,-3.123962104320526,False
b070_original/episode_019e2261-5abe-7ece-910d-8988dd12106a/replay_control,episode_019e2261-5abe-7ece-910d-8988dd12106a,test,70,original,replay_control,True,1.0,S5,-2.2884438037872314,-3.123962104320526,True
b070_original/episode_019e2261-5abe-7ece-910d-8988dd12106a/hold,episode_019e2261-5abe-7ece-910d-8988dd12106a,test,70,original,hold,False,0.5,S5,-5.751369476318359,-3.123962104320526,False
b070_original/episode_019e2261-5abe-7ece-910d-8988dd12106a/random_walk,episode_019e2261-5abe-7ece-910d-8988dd12106a,test,70,original,random_walk,True,1.0,S5,-5.219841003417969,-3.123962104320526,False
b070_parked/episode_019e298a-84a1-7557-ae97-93326347b45c/replay_control,episode_019e298a-84a1-7557-ae97-93326347b45c,dev,70,parked,replay_control,True,1.0,S5,-0.1255853921175003,-3.123962104320526,True
b070_parked/episode_019e298a-84a1-7557-ae97-93326347b45c/hold,episode_019e298a-84a1-7557-ae97-93326347b45c,dev,70,parked,hold,False,0.5,S5,-0.442937970161438,-3.123962104320526,True
b070_parked/episode_019e298a-84a1-7557-ae97-93326347b45c/random_walk,episode_019e298a-84a1-7557-ae97-93326347b45c,dev,70,parked,random_walk,True,1.0,S5,-0.5489811897277832,-3.123962104320526,True
b070_parked/episode_019e3c90-fb67-765e-8e8e-12c56ddda3ba/replay_control,episode_019e3c90-fb67-765e-8e8e-12c56ddda3ba,dev,70,parked,replay_control,True,1.0,S5,-0.17187164723873138,-3.123962104320526,True
b070_parked/episode_019e3c90-fb67-765e-8e8e-12c56ddda3ba/hold,episode_019e3c90-fb67-765e-8e8e-12c56ddda3ba,dev,70,parked,hold,False,0.5,S5,-1.039078950881958,-3.123962104320526,True
b070_parked/episode_019e3c90-fb67-765e-8e8e-12c56ddda3ba/random_walk,episode_019e3c90-fb67-765e-8e8e-12c56ddda3ba,dev,70,parked,random_walk,False,0.5,S5,-0.6442562341690063,-3.123962104320526,True
b070_parked/episode_019e1e35-af9f-7d66-93b0-478d1c079799/replay_control,episode_019e1e35-af9f-7d66-93b0-478d1c079799,test,70,parked,replay_control,True,1.0,S5,-0.2531225383281708,-3.123962104320526,True
b070_parked/episode_019e1e35-af9f-7d66-93b0-478d1c079799/hold,episode_019e1e35-af9f-7d66-93b0-478d1c079799,test,70,parked,hold,True,1.0,S5,-0.621024489402771,-3.123962104320526,True
b070_parked/episode_019e1e35-af9f-7d66-93b0-478d1c079799/random_walk,episode_019e1e35-af9f-7d66-93b0-478d1c079799,test,70,parked,random_walk,False,0.5,S5,-0.8713220953941345,-3.123962104320526,True
b070_parked/episode_019e2d91-6e08-7f79-a3e4-c843c73a3ef2/replay_control,episode_019e2d91-6e08-7f79-a3e4-c843c73a3ef2,test,70,parked,replay_control,True,1.0,S5,-0.41484785079956055,-3.123962104320526,True
b070_parked/episode_019e2d91-6e08-7f79-a3e4-c843c73a3ef2/hold,episode_019e2d91-6e08-7f79-a3e4-c843c73a3ef2,test,70,parked,hold,False,0.5,S5,-1.9273548126220703,-3.123962104320526,True
b070_parked/episode_019e2d91-6e08-7f79-a3e4-c843c73a3ef2/random_walk,episode_019e2d91-6e08-7f79-a3e4-c843c73a3ef2,test,70,parked,random_walk,False,0.5,S5,-1.9683582782745361,-3.123962104320526,True
b070_parked/episode_019e3c25-a92e-7824-a264-f1da48b9bd3d/replay_control,episode_019e3c25-a92e-7824-a264-f1da48b9bd3d,test,70,parked,replay_control,True,1.0,S5,-0.22768765687942505,-3.123962104320526,True
b070_parked/episode_019e3c25-a92e-7824-a264-f1da48b9bd3d/hold,episode_019e3c25-a92e-7824-a264-f1da48b9bd3d,test,70,parked,hold,False,0.5,S5,-1.4717700481414795,-3.123962104320526,True
b070_parked/episode_019e3c25-a92e-7824-a264-f1da48b9bd3d/random_walk,episode_019e3c25-a92e-7824-a264-f1da48b9bd3d,test,70,parked,random_walk,False,0.5,S5,-1.4597063064575195,-3.123962104320526,True
b070_parked/episode_019e2261-5abe-7ece-910d-8988dd12106a/replay_control,episode_019e2261-5abe-7ece-910d-8988dd12106a,test,70,parked,replay_control,True,1.0,S5,-0.6766175031661987,-3.123962104320526,True
b070_parked/episode_019e2261-5abe-7ece-910d-8988dd12106a/hold,episode_019e2261-5abe-7ece-910d-8988dd12106a,test,70,parked,hold,False,0.5,S5,-1.388938069343567,-3.123962104320526,True
b070_parked/episode_019e2261-5abe-7ece-910d-8988dd12106a/random_walk,episode_019e2261-5abe-7ece-910d-8988dd12106a,test,70,parked,random_walk,True,1.0,S5,-1.080296277999878,-3.123962104320526,True
b090_original/episode_019e298a-84a1-7557-ae97-93326347b45c/replay_control,episode_019e298a-84a1-7557-ae97-93326347b45c,dev,90,original,replay_control,True,1.0,S5,-1.3462886810302734,-3.123962104320526,True
b090_original/episode_019e298a-84a1-7557-ae97-93326347b45c/hold,episode_019e298a-84a1-7557-ae97-93326347b45c,dev,90,original,hold,True,1.0,S5,-6.1071343421936035,-3.123962104320526,False
b090_original/episode_019e298a-84a1-7557-ae97-93326347b45c/random_walk,episode_019e298a-84a1-7557-ae97-93326347b45c,dev,90,original,random_walk,True,1.0,S5,-5.230219841003418,-3.123962104320526,False
b090_original/episode_019e3c90-fb67-765e-8e8e-12c56ddda3ba/replay_control,episode_019e3c90-fb67-765e-8e8e-12c56ddda3ba,dev,90,original,replay_control,True,1.0,S5,-0.8936181664466858,-3.123962104320526,True
b090_original/episode_019e3c90-fb67-765e-8e8e-12c56ddda3ba/hold,episode_019e3c90-fb67-765e-8e8e-12c56ddda3ba,dev,90,original,hold,True,1.0,S5,-5.056656837463379,-3.123962104320526,False
b090_original/episode_019e3c90-fb67-765e-8e8e-12c56ddda3ba/random_walk,episode_019e3c90-fb67-765e-8e8e-12c56ddda3ba,dev,90,original,random_walk,True,1.0,S5,-4.545084476470947,-3.123962104320526,False
b090_original/episode_019e1e35-af9f-7d66-93b0-478d1c079799/replay_control,episode_019e1e35-af9f-7d66-93b0-478d1c079799,test,90,original,replay_control,True,1.0,S5,-1.2221713066101074,-3.123962104320526,True
b090_original/episode_019e1e35-af9f-7d66-93b0-478d1c079799/hold,episode_019e1e35-af9f-7d66-93b0-478d1c079799,test,90,original,hold,True,1.0,S5,-5.131824493408203,-3.123962104320526,False
b090_original/episode_019e1e35-af9f-7d66-93b0-478d1c079799/random_walk,episode_019e1e35-af9f-7d66-93b0-478d1c079799,test,90,original,random_walk,True,1.0,S5,-5.068678855895996,-3.123962104320526,False
b090_original/episode_019e2d91-6e08-7f79-a3e4-c843c73a3ef2/replay_control,episode_019e2d91-6e08-7f79-a3e4-c843c73a3ef2,test,90,original,replay_control,True,1.0,S5,-0.6387216448783875,-3.123962104320526,True
b090_original/episode_019e2d91-6e08-7f79-a3e4-c843c73a3ef2/hold,episode_019e2d91-6e08-7f79-a3e4-c843c73a3ef2,test,90,original,hold,True,1.0,S5,-5.408238410949707,-3.123962104320526,False
b090_original/episode_019e2d91-6e08-7f79-a3e4-c843c73a3ef2/random_walk,episode_019e2d91-6e08-7f79-a3e4-c843c73a3ef2,test,90,original,random_walk,True,1.0,S5,-5.147857189178467,-3.123962104320526,False
b090_original/episode_019e3c25-a92e-7824-a264-f1da48b9bd3d/replay_control,episode_019e3c25-a92e-7824-a264-f1da48b9bd3d,test,90,original,replay_control,True,1.0,S5,-1.251325249671936,-3.123962104320526,True
b090_original/episode_019e3c25-a92e-7824-a264-f1da48b9bd3d/hold,episode_019e3c25-a92e-7824-a264-f1da48b9bd3d,test,90,original,hold,True,1.0,S5,-5.928818225860596,-3.123962104320526,False
b090_original/episode_019e3c25-a92e-7824-a264-f1da48b9bd3d/random_walk,episode_019e3c25-a92e-7824-a264-f1da48b9bd3d,test,90,original,random_walk,True,1.0,S5,-4.729759216308594,-3.123962104320526,False
b090_original/episode_019e2261-5abe-7ece-910d-8988dd12106a/replay_control,episode_019e2261-5abe-7ece-910d-8988dd12106a,test,90,original,replay_control,True,1.0,S5,-2.245563507080078,-3.123962104320526,True
b090_original/episode_019e2261-5abe-7ece-910d-8988dd12106a/hold,episode_019e2261-5abe-7ece-910d-8988dd12106a,test,90,original,hold,True,1.0,S5,-5.901856899261475,-3.123962104320526,False
b090_original/episode_019e2261-5abe-7ece-910d-8988dd12106a/random_walk,episode_019e2261-5abe-7ece-910d-8988dd12106a,test,90,original,random_walk,True,1.0,S5,-4.97316312789917,-3.123962104320526,False
b090_parked/episode_019e298a-84a1-7557-ae97-93326347b45c/replay_control,episode_019e298a-84a1-7557-ae97-93326347b45c,dev,90,parked,replay_control,True,1.0,S5,-0.1255853921175003,-3.123962104320526,True
b090_parked/episode_019e298a-84a1-7557-ae97-93326347b45c/hold,episode_019e298a-84a1-7557-ae97-93326347b45c,dev,90,parked,hold,True,1.0,S5,-0.0252657663077116,-3.123962104320526,True
b090_parked/episode_019e298a-84a1-7557-ae97-93326347b45c/random_walk,episode_019e298a-84a1-7557-ae97-93326347b45c,dev,90,parked,random_walk,True,1.0,S5,-0.1683199256658554,-3.123962104320526,True
b090_parked/episode_019e3c90-fb67-765e-8e8e-12c56ddda3ba/replay_control,episode_019e3c90-fb67-765e-8e8e-12c56ddda3ba,dev,90,parked,replay_control,True,1.0,S5,-0.10149287432432175,-3.123962104320526,True
b090_parked/episode_019e3c90-fb67-765e-8e8e-12c56ddda3ba/hold,episode_019e3c90-fb67-765e-8e8e-12c56ddda3ba,dev,90,parked,hold,True,1.0,S5,-0.10149287432432175,-3.123962104320526,True
b090_parked/episode_019e3c90-fb67-765e-8e8e-12c56ddda3ba/random_walk,episode_019e3c90-fb67-765e-8e8e-12c56ddda3ba,dev,90,parked,random_walk,True,1.0,S5,-0.10149287432432175,-3.123962104320526,True
b090_parked/episode_019e1e35-af9f-7d66-93b0-478d1c079799/replay_control,episode_019e1e35-af9f-7d66-93b0-478d1c079799,test,90,parked,replay_control,True,1.0,S5,-0.2531225383281708,-3.123962104320526,True
b090_parked/episode_019e1e35-af9f-7d66-93b0-478d1c079799/hold,episode_019e1e35-af9f-7d66-93b0-478d1c079799,test,90,parked,hold,True,1.0,S5,-0.22972577810287476,-3.123962104320526,True
b090_parked/episode_019e1e35-af9f-7d66-93b0-478d1c079799/random_walk,episode_019e1e35-af9f-7d66-93b0-478d1c079799,test,90,parked,random_walk,True,1.0,S5,-0.12044357508420944,-3.123962104320526,True
b090_parked/episode_019e2d91-6e08-7f79-a3e4-c843c73a3ef2/replay_control,episode_019e2d91-6e08-7f79-a3e4-c843c73a3ef2,test,90,parked,replay_control,True,1.0,S5,-0.2925136089324951,-3.123962104320526,True
b090_parked/episode_019e2d91-6e08-7f79-a3e4-c843c73a3ef2/hold,episode_019e2d91-6e08-7f79-a3e4-c843c73a3ef2,test,90,parked,hold,True,1.0,S5,-0.29230767488479614,-3.123962104320526,True
b090_parked/episode_019e2d91-6e08-7f79-a3e4-c843c73a3ef2/random_walk,episode_019e2d91-6e08-7f79-a3e4-c843c73a3ef2,test,90,parked,random_walk,True,1.0,S5,-0.35974445939064026,-3.123962104320526,True
b090_parked/episode_019e3c25-a92e-7824-a264-f1da48b9bd3d/replay_control,episode_019e3c25-a92e-7824-a264-f1da48b9bd3d,test,90,parked,replay_control,True,1.0,S5,-0.22768765687942505,-3.123962104320526,True
b090_parked/episode_019e3c25-a92e-7824-a264-f1da48b9bd3d/hold,episode_019e3c25-a92e-7824-a264-f1da48b9bd3d,test,90,parked,hold,True,1.0,S5,-0.0801357701420784,-3.123962104320526,True
b090_parked/episode_019e3c25-a92e-7824-a264-f1da48b9bd3d/random_walk,episode_019e3c25-a92e-7824-a264-f1da48b9bd3d,test,90,parked,random_walk,True,1.0,S5,-0.0801357701420784,-3.123962104320526,True
b090_parked/episode_019e2261-5abe-7ece-910d-8988dd12106a/replay_control,episode_019e2261-5abe-7ece-910d-8988dd12106a,test,90,parked,replay_control,True,1.0,S5,-0.6091124415397644,-3.123962104320526,True
b090_parked/episode_019e2261-5abe-7ece-910d-8988dd12106a/hold,episode_019e2261-5abe-7ece-910d-8988dd12106a,test,90,parked,hold,True,1.0,S5,-0.7151270508766174,-3.123962104320526,True
b090_parked/episode_019e2261-5abe-7ece-910d-8988dd12106a/random_walk,episode_019e2261-5abe-7ece-910d-8988dd12106a,test,90,parked,random_walk,True,1.0,S5,-0.47534334659576416,-3.123962104320526,True
b050_original/episode_019e298a-84a1-7557-ae97-93326347b45c/replay_control,episode_019e298a-84a1-7557-ae97-93326347b45c,dev,50,original,replay_control,True,1.0,DT + S1,0.7770704028526265,0.448230025164487,True
b050_original/episode_019e298a-84a1-7557-ae97-93326347b45c/hold,episode_019e298a-84a1-7557-ae97-93326347b45c,dev,50,original,hold,False,0.5,DT + S1,0.10713362507382783,0.448230025164487,False
b050_original/episode_019e298a-84a1-7557-ae97-93326347b45c/random_walk,episode_019e298a-84a1-7557-ae97-93326347b45c,dev,50,original,random_walk,False,0.5,DT + S1,0.07657944737151777,0.448230025164487,False
b050_original/episode_019e3c90-fb67-765e-8e8e-12c56ddda3ba/replay_control,episode_019e3c90-fb67-765e-8e8e-12c56ddda3ba,dev,50,original,replay_control,True,1.0,DT + S1,0.8128118976228733,0.448230025164487,True
b050_original/episode_019e3c90-fb67-765e-8e8e-12c56ddda3ba/hold,episode_019e3c90-fb67-765e-8e8e-12c56ddda3ba,dev,50,original,hold,False,0.5,DT + S1,0.10705157153123669,0.448230025164487,False
b050_original/episode_019e3c90-fb67-765e-8e8e-12c56ddda3ba/random_walk,episode_019e3c90-fb67-765e-8e8e-12c56ddda3ba,dev,50,original,random_walk,False,0.5,DT + S1,0.11938964747634749,0.448230025164487,False
b050_original/episode_019e1e35-af9f-7d66-93b0-478d1c079799/replay_control,episode_019e1e35-af9f-7d66-93b0-478d1c079799,test,50,original,replay_control,True,1.0,DT + S1,0.7865789591093494,0.448230025164487,True
b050_original/episode_019e1e35-af9f-7d66-93b0-478d1c079799/hold,episode_019e1e35-af9f-7d66-93b0-478d1c079799,test,50,original,hold,False,0.5,DT + S1,0.0077116943898069504,0.448230025164487,False
b050_original/episode_019e1e35-af9f-7d66-93b0-478d1c079799/random_walk,episode_019e1e35-af9f-7d66-93b0-478d1c079799,test,50,original,random_walk,False,0.5,DT + S1,0.04956484078830791,0.448230025164487,False
b050_original/episode_019e2d91-6e08-7f79-a3e4-c843c73a3ef2/replay_control,episode_019e2d91-6e08-7f79-a3e4-c843c73a3ef2,test,50,original,replay_control,True,1.0,DT + S1,0.8208558860338556,0.448230025164487,True
b050_original/episode_019e2d91-6e08-7f79-a3e4-c843c73a3ef2/hold,episode_019e2d91-6e08-7f79-a3e4-c843c73a3ef2,test,50,original,hold,False,0.5,DT + S1,0.10236087429512905,0.448230025164487,False
b050_original/episode_019e2d91-6e08-7f79-a3e4-c843c73a3ef2/random_walk,episode_019e2d91-6e08-7f79-a3e4-c843c73a3ef2,test,50,original,random_walk,False,0.5,DT + S1,0.10262056333292122,0.448230025164487,False
b050_original/episode_019e3c25-a92e-7824-a264-f1da48b9bd3d/replay_control,episode_019e3c25-a92e-7824-a264-f1da48b9bd3d,test,50,original,replay_control,True,1.0,DT + S1,0.794596460836694,0.448230025164487,True
b050_original/episode_019e3c25-a92e-7824-a264-f1da48b9bd3d/hold,episode_019e3c25-a92e-7824-a264-f1da48b9bd3d,test,50,original,hold,False,0.5,DT + S1,0.03698439424671676,0.448230025164487,False
b050_original/episode_019e3c25-a92e-7824-a264-f1da48b9bd3d/random_walk,episode_019e3c25-a92e-7824-a264-f1da48b9bd3d,test,50,original,random_walk,False,0.5,DT + S1,0.11896467200559853,0.448230025164487,False
b050_original/episode_019e2261-5abe-7ece-910d-8988dd12106a/replay_control,episode_019e2261-5abe-7ece-910d-8988dd12106a,test,50,original,replay_control,True,1.0,DT + S1,0.6955640186445826,0.448230025164487,True
b050_original/episode_019e2261-5abe-7ece-910d-8988dd12106a/hold,episode_019e2261-5abe-7ece-910d-8988dd12106a,test,50,original,hold,False,0.5,DT + S1,0.08606219155245075,0.448230025164487,False
b050_original/episode_019e2261-5abe-7ece-910d-8988dd12106a/random_walk,episode_019e2261-5abe-7ece-910d-8988dd12106a,test,50,original,random_walk,False,0.5,DT + S1,0.014530461279977331,0.448230025164487,False
b050_parked/episode_019e298a-84a1-7557-ae97-93326347b45c/replay_control,episode_019e298a-84a1-7557-ae97-93326347b45c,dev,50,parked,replay_control,True,1.0,DT + S1,0.8556441631274518,0.448230025164487,True
b050_parked/episode_019e298a-84a1-7557-ae97-93326347b45c/hold,episode_019e298a-84a1-7557-ae97-93326347b45c,dev,50,parked,hold,False,0.5,DT + S1,0.8064960896338769,0.448230025164487,True
b050_parked/episode_019e298a-84a1-7557-ae97-93326347b45c/random_walk,episode_019e298a-84a1-7557-ae97-93326347b45c,dev,50,parked,random_walk,False,0.5,DT + S1,0.7633269969807767,0.448230025164487,True
b050_parked/episode_019e3c90-fb67-765e-8e8e-12c56ddda3ba/replay_control,episode_019e3c90-fb67-765e-8e8e-12c56ddda3ba,dev,50,parked,replay_control,True,1.0,DT + S1,0.8600460746371169,0.448230025164487,True
b050_parked/episode_019e3c90-fb67-765e-8e8e-12c56ddda3ba/hold,episode_019e3c90-fb67-765e-8e8e-12c56ddda3ba,dev,50,parked,hold,False,0.5,DT + S1,0.8394874131400126,0.448230025164487,True
b050_parked/episode_019e3c90-fb67-765e-8e8e-12c56ddda3ba/random_walk,episode_019e3c90-fb67-765e-8e8e-12c56ddda3ba,dev,50,parked,random_walk,False,0.5,DT + S1,0.8014226399975664,0.448230025164487,True
b050_parked/episode_019e1e35-af9f-7d66-93b0-478d1c079799/replay_control,episode_019e1e35-af9f-7d66-93b0-478d1c079799,test,50,parked,replay_control,True,1.0,DT + S1,0.8481824287299131,0.448230025164487,True
b050_parked/episode_019e1e35-af9f-7d66-93b0-478d1c079799/hold,episode_019e1e35-af9f-7d66-93b0-478d1c079799,test,50,parked,hold,False,0.5,DT + S1,0.6428200324757878,0.448230025164487,True
b050_parked/episode_019e1e35-af9f-7d66-93b0-478d1c079799/random_walk,episode_019e1e35-af9f-7d66-93b0-478d1c079799,test,50,parked,random_walk,False,0.5,DT + S1,0.6746750650483336,0.448230025164487,True
b050_parked/episode_019e2d91-6e08-7f79-a3e4-c843c73a3ef2/replay_control,episode_019e2d91-6e08-7f79-a3e4-c843c73a3ef2,test,50,parked,replay_control,True,1.0,DT + S1,0.8498943608975128,0.448230025164487,True
b050_parked/episode_019e2d91-6e08-7f79-a3e4-c843c73a3ef2/hold,episode_019e2d91-6e08-7f79-a3e4-c843c73a3ef2,test,50,parked,hold,False,0.5,DT + S1,0.7972288895347823,0.448230025164487,True
b050_parked/episode_019e2d91-6e08-7f79-a3e4-c843c73a3ef2/random_walk,episode_019e2d91-6e08-7f79-a3e4-c843c73a3ef2,test,50,parked,random_walk,False,0.5,DT + S1,0.7482921990380313,0.448230025164487,True
b050_parked/episode_019e3c25-a92e-7824-a264-f1da48b9bd3d/replay_control,episode_019e3c25-a92e-7824-a264-f1da48b9bd3d,test,50,parked,replay_control,True,1.0,DT + S1,0.853575711458335,0.448230025164487,True
b050_parked/episode_019e3c25-a92e-7824-a264-f1da48b9bd3d/hold,episode_019e3c25-a92e-7824-a264-f1da48b9bd3d,test,50,parked,hold,False,0.5,DT + S1,0.7809584523685478,0.448230025164487,True
b050_parked/episode_019e3c25-a92e-7824-a264-f1da48b9bd3d/random_walk,episode_019e3c25-a92e-7824-a264-f1da48b9bd3d,test,50,parked,random_walk,False,0.5,DT + S1,0.8044930853042915,0.448230025164487,True
b050_parked/episode_019e2261-5abe-7ece-910d-8988dd12106a/replay_control,episode_019e2261-5abe-7ece-910d-8988dd12106a,test,50,parked,replay_control,True,1.0,DT + S1,0.8220092510807577,0.448230025164487,True
b050_parked/episode_019e2261-5abe-7ece-910d-8988dd12106a/hold,episode_019e2261-5abe-7ece-910d-8988dd12106a,test,50,parked,hold,False,0.5,DT + S1,0.7595791820938157,0.448230025164487,True
b050_parked/episode_019e2261-5abe-7ece-910d-8988dd12106a/random_walk,episode_019e2261-5abe-7ece-910d-8988dd12106a,test,50,parked,random_walk,False,0.5,DT + S1,0.6089242531980912,0.448230025164487,True
b070_original/episode_019e298a-84a1-7557-ae97-93326347b45c/replay_control,episode_019e298a-84a1-7557-ae97-93326347b45c,dev,70,original,replay_control,True,1.0,DT + S1,0.7770704028526265,0.448230025164487,True
b070_original/episode_019e298a-84a1-7557-ae97-93326347b45c/hold,episode_019e298a-84a1-7557-ae97-93326347b45c,dev,70,original,hold,False,0.5,DT + S1,0.02209029200024326,0.448230025164487,False
b070_original/episode_019e298a-84a1-7557-ae97-93326347b45c/random_walk,episode_019e298a-84a1-7557-ae97-93326347b45c,dev,70,original,random_walk,True,1.0,DT + S1,0.05659818497382742,0.448230025164487,False
b070_original/episode_019e3c90-fb67-765e-8e8e-12c56ddda3ba/replay_control,episode_019e3c90-fb67-765e-8e8e-12c56ddda3ba,dev,70,original,replay_control,True,1.0,DT + S1,0.8115463555845575,0.448230025164487,True
b070_original/episode_019e3c90-fb67-765e-8e8e-12c56ddda3ba/hold,episode_019e3c90-fb67-765e-8e8e-12c56ddda3ba,dev,70,original,hold,False,0.5,DT + S1,0.050143506395315215,0.448230025164487,False
b070_original/episode_019e3c90-fb67-765e-8e8e-12c56ddda3ba/random_walk,episode_019e3c90-fb67-765e-8e8e-12c56ddda3ba,dev,70,original,random_walk,False,0.5,DT + S1,0.03294814555361281,0.448230025164487,False
b070_original/episode_019e1e35-af9f-7d66-93b0-478d1c079799/replay_control,episode_019e1e35-af9f-7d66-93b0-478d1c079799,test,70,original,replay_control,True,1.0,DT + S1,0.795439377455923,0.448230025164487,True
b070_original/episode_019e1e35-af9f-7d66-93b0-478d1c079799/hold,episode_019e1e35-af9f-7d66-93b0-478d1c079799,test,70,original,hold,False,0.5,DT + S1,0.0270423634050659,0.448230025164487,False
b070_original/episode_019e1e35-af9f-7d66-93b0-478d1c079799/random_walk,episode_019e1e35-af9f-7d66-93b0-478d1c079799,test,70,original,random_walk,False,0.5,DT + S1,0.09245415361790887,0.448230025164487,False
b070_original/episode_019e2d91-6e08-7f79-a3e4-c843c73a3ef2/replay_control,episode_019e2d91-6e08-7f79-a3e4-c843c73a3ef2,test,70,original,replay_control,True,1.0,DT + S1,0.8122245826149413,0.448230025164487,True
b070_original/episode_019e2d91-6e08-7f79-a3e4-c843c73a3ef2/hold,episode_019e2d91-6e08-7f79-a3e4-c843c73a3ef2,test,70,original,hold,False,0.5,DT + S1,0.05734895919821304,0.448230025164487,False
b070_original/episode_019e2d91-6e08-7f79-a3e4-c843c73a3ef2/random_walk,episode_019e2d91-6e08-7f79-a3e4-c843c73a3ef2,test,70,original,random_walk,False,0.5,DT + S1,0.06158629563002261,0.448230025164487,False
b070_original/episode_019e3c25-a92e-7824-a264-f1da48b9bd3d/replay_control,episode_019e3c25-a92e-7824-a264-f1da48b9bd3d,test,70,original,replay_control,True,1.0,DT + S1,0.794596460836694,0.448230025164487,True
b070_original/episode_019e3c25-a92e-7824-a264-f1da48b9bd3d/hold,episode_019e3c25-a92e-7824-a264-f1da48b9bd3d,test,70,original,hold,False,0.5,DT + S1,0.06852782269666804,0.448230025164487,False
b070_original/episode_019e3c25-a92e-7824-a264-f1da48b9bd3d/random_walk,episode_019e3c25-a92e-7824-a264-f1da48b9bd3d,test,70,original,random_walk,False,0.5,DT + S1,0.08146813467862729,0.448230025164487,False
b070_original/episode_019e2261-5abe-7ece-910d-8988dd12106a/replay_control,episode_019e2261-5abe-7ece-910d-8988dd12106a,test,70,original,replay_control,True,1.0,DT + S1,0.703267042716099,0.448230025164487,True
b070_original/episode_019e2261-5abe-7ece-910d-8988dd12106a/hold,episode_019e2261-5abe-7ece-910d-8988dd12106a,test,70,original,hold,False,0.5,DT + S1,0.11711011905185542,0.448230025164487,False
b070_original/episode_019e2261-5abe-7ece-910d-8988dd12106a/random_walk,episode_019e2261-5abe-7ece-910d-8988dd12106a,test,70,original,random_walk,True,1.0,DT + S1,0.006756006123878124,0.448230025164487,False
b070_parked/episode_019e298a-84a1-7557-ae97-93326347b45c/replay_control,episode_019e298a-84a1-7557-ae97-93326347b45c,dev,70,parked,replay_control,True,1.0,DT + S1,0.8556441631274518,0.448230025164487,True
b070_parked/episode_019e298a-84a1-7557-ae97-93326347b45c/hold,episode_019e298a-84a1-7557-ae97-93326347b45c,dev,70,parked,hold,False,0.5,DT + S1,0.8151373074923215,0.448230025164487,True
b070_parked/episode_019e298a-84a1-7557-ae97-93326347b45c/random_walk,episode_019e298a-84a1-7557-ae97-93326347b45c,dev,70,parked,random_walk,True,1.0,DT + S1,0.7675726742213408,0.448230025164487,True
b070_parked/episode_019e3c90-fb67-765e-8e8e-12c56ddda3ba/replay_control,episode_019e3c90-fb67-765e-8e8e-12c56ddda3ba,dev,70,parked,replay_control,True,1.0,DT + S1,0.8591745536124319,0.448230025164487,True
b070_parked/episode_019e3c90-fb67-765e-8e8e-12c56ddda3ba/hold,episode_019e3c90-fb67-765e-8e8e-12c56ddda3ba,dev,70,parked,hold,False,0.5,DT + S1,0.798460395316469,0.448230025164487,True
b070_parked/episode_019e3c90-fb67-765e-8e8e-12c56ddda3ba/random_walk,episode_019e3c90-fb67-765e-8e8e-12c56ddda3ba,dev,70,parked,random_walk,False,0.5,DT + S1,0.8058308988317285,0.448230025164487,True
b070_parked/episode_019e1e35-af9f-7d66-93b0-478d1c079799/replay_control,episode_019e1e35-af9f-7d66-93b0-478d1c079799,test,70,parked,replay_control,True,1.0,DT + S1,0.8547631041275352,0.448230025164487,True
b070_parked/episode_019e1e35-af9f-7d66-93b0-478d1c079799/hold,episode_019e1e35-af9f-7d66-93b0-478d1c079799,test,70,parked,hold,True,1.0,DT + S1,0.8123737431221631,0.448230025164487,True
b070_parked/episode_019e1e35-af9f-7d66-93b0-478d1c079799/random_walk,episode_019e1e35-af9f-7d66-93b0-478d1c079799,test,70,parked,random_walk,False,0.5,DT + S1,0.7497240082006347,0.448230025164487,True
b070_parked/episode_019e2d91-6e08-7f79-a3e4-c843c73a3ef2/replay_control,episode_019e2d91-6e08-7f79-a3e4-c843c73a3ef2,test,70,parked,replay_control,True,1.0,DT + S1,0.8425513513457787,0.448230025164487,True
b070_parked/episode_019e2d91-6e08-7f79-a3e4-c843c73a3ef2/hold,episode_019e2d91-6e08-7f79-a3e4-c843c73a3ef2,test,70,parked,hold,False,0.5,DT + S1,0.7133713168209607,0.448230025164487,True
b070_parked/episode_019e2d91-6e08-7f79-a3e4-c843c73a3ef2/random_walk,episode_019e2d91-6e08-7f79-a3e4-c843c73a3ef2,test,70,parked,random_walk,False,0.5,DT + S1,0.7112738928660757,0.448230025164487,True
b070_parked/episode_019e3c25-a92e-7824-a264-f1da48b9bd3d/replay_control,episode_019e3c25-a92e-7824-a264-f1da48b9bd3d,test,70,parked,replay_control,True,1.0,DT + S1,0.853575711458335,0.448230025164487,True
b070_parked/episode_019e3c25-a92e-7824-a264-f1da48b9bd3d/hold,episode_019e3c25-a92e-7824-a264-f1da48b9bd3d,test,70,parked,hold,False,0.5,DT + S1,0.7734850306373423,0.448230025164487,True
b070_parked/episode_019e3c25-a92e-7824-a264-f1da48b9bd3d/random_walk,episode_019e3c25-a92e-7824-a264-f1da48b9bd3d,test,70,parked,random_walk,False,0.5,DT + S1,0.7734459981480364,0.448230025164487,True
b070_parked/episode_019e2261-5abe-7ece-910d-8988dd12106a/replay_control,episode_019e2261-5abe-7ece-910d-8988dd12106a,test,70,parked,replay_control,True,1.0,DT + S1,0.8260344650747907,0.448230025164487,True
b070_parked/episode_019e2261-5abe-7ece-910d-8988dd12106a/hold,episode_019e2261-5abe-7ece-910d-8988dd12106a,test,70,parked,hold,False,0.5,DT + S1,0.7611751445458317,0.448230025164487,True
b070_parked/episode_019e2261-5abe-7ece-910d-8988dd12106a/random_walk,episode_019e2261-5abe-7ece-910d-8988dd12106a,test,70,parked,random_walk,True,1.0,DT + S1,0.728968082017307,0.448230025164487,True
b090_original/episode_019e298a-84a1-7557-ae97-93326347b45c/replay_control,episode_019e298a-84a1-7557-ae97-93326347b45c,dev,90,original,replay_control,True,1.0,DT + S1,0.7770704028526265,0.448230025164487,True
b090_original/episode_019e298a-84a1-7557-ae97-93326347b45c/hold,episode_019e298a-84a1-7557-ae97-93326347b45c,dev,90,original,hold,True,1.0,DT + S1,0.0970459291062737,0.448230025164487,False
b090_original/episode_019e298a-84a1-7557-ae97-93326347b45c/random_walk,episode_019e298a-84a1-7557-ae97-93326347b45c,dev,90,original,random_walk,True,1.0,DT + S1,0.09228627184326105,0.448230025164487,False
b090_original/episode_019e3c90-fb67-765e-8e8e-12c56ddda3ba/replay_control,episode_019e3c90-fb67-765e-8e8e-12c56ddda3ba,dev,90,original,replay_control,True,1.0,DT + S1,0.817126819359206,0.448230025164487,True
b090_original/episode_019e3c90-fb67-765e-8e8e-12c56ddda3ba/hold,episode_019e3c90-fb67-765e-8e8e-12c56ddda3ba,dev,90,original,hold,True,1.0,DT + S1,0.17433239199600567,0.448230025164487,False
b090_original/episode_019e3c90-fb67-765e-8e8e-12c56ddda3ba/random_walk,episode_019e3c90-fb67-765e-8e8e-12c56ddda3ba,dev,90,original,random_walk,True,1.0,DT + S1,0.16853971016691402,0.448230025164487,False
b090_original/episode_019e1e35-af9f-7d66-93b0-478d1c079799/replay_control,episode_019e1e35-af9f-7d66-93b0-478d1c079799,test,90,original,replay_control,True,1.0,DT + S1,0.795439377455923,0.448230025164487,True
b090_original/episode_019e1e35-af9f-7d66-93b0-478d1c079799/hold,episode_019e1e35-af9f-7d66-93b0-478d1c079799,test,90,original,hold,True,1.0,DT + S1,0.21988226256990834,0.448230025164487,False
b090_original/episode_019e1e35-af9f-7d66-93b0-478d1c079799/random_walk,episode_019e1e35-af9f-7d66-93b0-478d1c079799,test,90,original,random_walk,True,1.0,DT + S1,0.17402695731495368,0.448230025164487,False
b090_original/episode_019e2d91-6e08-7f79-a3e4-c843c73a3ef2/replay_control,episode_019e2d91-6e08-7f79-a3e4-c843c73a3ef2,test,90,original,replay_control,True,1.0,DT + S1,0.8208558860338556,0.448230025164487,True
b090_original/episode_019e2d91-6e08-7f79-a3e4-c843c73a3ef2/hold,episode_019e2d91-6e08-7f79-a3e4-c843c73a3ef2,test,90,original,hold,True,1.0,DT + S1,0.13150787216060056,0.448230025164487,False
b090_original/episode_019e2d91-6e08-7f79-a3e4-c843c73a3ef2/random_walk,episode_019e2d91-6e08-7f79-a3e4-c843c73a3ef2,test,90,original,random_walk,True,1.0,DT + S1,0.15350286059436175,0.448230025164487,False
b090_original/episode_019e3c25-a92e-7824-a264-f1da48b9bd3d/replay_control,episode_019e3c25-a92e-7824-a264-f1da48b9bd3d,test,90,original,replay_control,True,1.0,DT + S1,0.7949446900630143,0.448230025164487,True
b090_original/episode_019e3c25-a92e-7824-a264-f1da48b9bd3d/hold,episode_019e3c25-a92e-7824-a264-f1da48b9bd3d,test,90,original,hold,True,1.0,DT + S1,0.12845198428170734,0.448230025164487,False
b090_original/episode_019e3c25-a92e-7824-a264-f1da48b9bd3d/random_walk,episode_019e3c25-a92e-7824-a264-f1da48b9bd3d,test,90,original,random_walk,True,1.0,DT + S1,0.18145689972905446,0.448230025164487,False
b090_original/episode_019e2261-5abe-7ece-910d-8988dd12106a/replay_control,episode_019e2261-5abe-7ece-910d-8988dd12106a,test,90,original,replay_control,True,1.0,DT + S1,0.7045080559366548,0.448230025164487,True
b090_original/episode_019e2261-5abe-7ece-910d-8988dd12106a/hold,episode_019e2261-5abe-7ece-910d-8988dd12106a,test,90,original,hold,True,1.0,DT + S1,0.17836242760007312,0.448230025164487,False
b090_original/episode_019e2261-5abe-7ece-910d-8988dd12106a/random_walk,episode_019e2261-5abe-7ece-910d-8988dd12106a,test,90,original,random_walk,True,1.0,DT + S1,0.1952836098284353,0.448230025164487,False
b090_parked/episode_019e298a-84a1-7557-ae97-93326347b45c/replay_control,episode_019e298a-84a1-7557-ae97-93326347b45c,dev,90,parked,replay_control,True,1.0,DT + S1,0.8556441631274518,0.448230025164487,True
b090_parked/episode_019e298a-84a1-7557-ae97-93326347b45c/hold,episode_019e298a-84a1-7557-ae97-93326347b45c,dev,90,parked,hold,True,1.0,DT + S1,0.8627883285167938,0.448230025164487,True
b090_parked/episode_019e298a-84a1-7557-ae97-93326347b45c/random_walk,episode_019e298a-84a1-7557-ae97-93326347b45c,dev,90,parked,random_walk,True,1.0,DT + S1,0.8556441631274518,0.448230025164487,True
b090_parked/episode_019e3c90-fb67-765e-8e8e-12c56ddda3ba/replay_control,episode_019e3c90-fb67-765e-8e8e-12c56ddda3ba,dev,90,parked,replay_control,True,1.0,DT + S1,0.8623443846523187,0.448230025164487,True
b090_parked/episode_019e3c90-fb67-765e-8e8e-12c56ddda3ba/hold,episode_019e3c90-fb67-765e-8e8e-12c56ddda3ba,dev,90,parked,hold,True,1.0,DT + S1,0.8623443846523187,0.448230025164487,True
b090_parked/episode_019e3c90-fb67-765e-8e8e-12c56ddda3ba/random_walk,episode_019e3c90-fb67-765e-8e8e-12c56ddda3ba,dev,90,parked,random_walk,True,1.0,DT + S1,0.8623443846523187,0.448230025164487,True
b090_parked/episode_019e1e35-af9f-7d66-93b0-478d1c079799/replay_control,episode_019e1e35-af9f-7d66-93b0-478d1c079799,test,90,parked,replay_control,True,1.0,DT + S1,0.8547631041275352,0.448230025164487,True
b090_parked/episode_019e1e35-af9f-7d66-93b0-478d1c079799/hold,episode_019e1e35-af9f-7d66-93b0-478d1c079799,test,90,parked,hold,True,1.0,DT + S1,0.8556595083254451,0.448230025164487,True
b090_parked/episode_019e1e35-af9f-7d66-93b0-478d1c079799/random_walk,episode_019e1e35-af9f-7d66-93b0-478d1c079799,test,90,parked,random_walk,True,1.0,DT + S1,0.8595353710630795,0.448230025164487,True
b090_parked/episode_019e2d91-6e08-7f79-a3e4-c843c73a3ef2/replay_control,episode_019e2d91-6e08-7f79-a3e4-c843c73a3ef2,test,90,parked,replay_control,True,1.0,DT + S1,0.8498943608975128,0.448230025164487,True
b090_parked/episode_019e2d91-6e08-7f79-a3e4-c843c73a3ef2/hold,episode_019e2d91-6e08-7f79-a3e4-c843c73a3ef2,test,90,parked,hold,True,1.0,DT + S1,0.8535859604441632,0.448230025164487,True
b090_parked/episode_019e2d91-6e08-7f79-a3e4-c843c73a3ef2/random_walk,episode_019e2d91-6e08-7f79-a3e4-c843c73a3ef2,test,90,parked,random_walk,True,1.0,DT + S1,0.8535859604441632,0.448230025164487,True
b090_parked/episode_019e3c25-a92e-7824-a264-f1da48b9bd3d/replay_control,episode_019e3c25-a92e-7824-a264-f1da48b9bd3d,test,90,parked,replay_control,True,1.0,DT + S1,0.853575711458335,0.448230025164487,True
b090_parked/episode_019e3c25-a92e-7824-a264-f1da48b9bd3d/hold,episode_019e3c25-a92e-7824-a264-f1da48b9bd3d,test,90,parked,hold,True,1.0,DT + S1,0.8596842000951996,0.448230025164487,True
b090_parked/episode_019e3c25-a92e-7824-a264-f1da48b9bd3d/random_walk,episode_019e3c25-a92e-7824-a264-f1da48b9bd3d,test,90,parked,random_walk,True,1.0,DT + S1,0.8596842000951996,0.448230025164487,True
b090_parked/episode_019e2261-5abe-7ece-910d-8988dd12106a/replay_control,episode_019e2261-5abe-7ece-910d-8988dd12106a,test,90,parked,replay_control,True,1.0,DT + S1,0.8305549693073236,0.448230025164487,True
b090_parked/episode_019e2261-5abe-7ece-910d-8988dd12106a/hold,episode_019e2261-5abe-7ece-910d-8988dd12106a,test,90,parked,hold,True,1.0,DT + S1,0.8283242614124041,0.448230025164487,True
b090_parked/episode_019e2261-5abe-7ece-910d-8988dd12106a/random_walk,episode_019e2261-5abe-7ece-910d-8988dd12106a,test,90,parked,random_walk,True,1.0,DT + S1,0.8392917373545546,0.448230025164487,True
b050_original/episode_019e298a-84a1-7557-ae97-93326347b45c/replay_control,episode_019e298a-84a1-7557-ae97-93326347b45c,dev,50,original,replay_control,True,1.0,DT + S3,0.7815179696263663,0.4499065998983014,True
b050_original/episode_019e298a-84a1-7557-ae97-93326347b45c/hold,episode_019e298a-84a1-7557-ae97-93326347b45c,dev,50,original,hold,False,0.5,DT + S3,0.10560879231881835,0.4499065998983014,False
b050_original/episode_019e298a-84a1-7557-ae97-93326347b45c/random_walk,episode_019e298a-84a1-7557-ae97-93326347b45c,dev,50,original,random_walk,False,0.5,DT + S3,0.07964004611195491,0.4499065998983014,False
b050_original/episode_019e3c90-fb67-765e-8e8e-12c56ddda3ba/replay_control,episode_019e3c90-fb67-765e-8e8e-12c56ddda3ba,dev,50,original,replay_control,True,1.0,DT + S3,0.809936273441573,0.4499065998983014,True
b050_original/episode_019e3c90-fb67-765e-8e8e-12c56ddda3ba/hold,episode_019e3c90-fb67-765e-8e8e-12c56ddda3ba,dev,50,original,hold,False,0.5,DT + S3,0.10504073433997578,0.4499065998983014,False
b050_original/episode_019e3c90-fb67-765e-8e8e-12c56ddda3ba/random_walk,episode_019e3c90-fb67-765e-8e8e-12c56ddda3ba,dev,50,original,random_walk,False,0.5,DT + S3,0.11829523017023617,0.4499065998983014,False
b050_original/episode_019e1e35-af9f-7d66-93b0-478d1c079799/replay_control,episode_019e1e35-af9f-7d66-93b0-478d1c079799,test,50,original,replay_control,True,1.0,DT + S3,0.7868378974413496,0.4499065998983014,True
b050_original/episode_019e1e35-af9f-7d66-93b0-478d1c079799/hold,episode_019e1e35-af9f-7d66-93b0-478d1c079799,test,50,original,hold,False,0.5,DT + S3,0.007087470566342854,0.4499065998983014,False
b050_original/episode_019e1e35-af9f-7d66-93b0-478d1c079799/random_walk,episode_019e1e35-af9f-7d66-93b0-478d1c079799,test,50,original,random_walk,False,0.5,DT + S3,0.054370776010207934,0.4499065998983014,False
b050_original/episode_019e2d91-6e08-7f79-a3e4-c843c73a3ef2/replay_control,episode_019e2d91-6e08-7f79-a3e4-c843c73a3ef2,test,50,original,replay_control,True,1.0,DT + S3,0.8317584010952102,0.4499065998983014,True
b050_original/episode_019e2d91-6e08-7f79-a3e4-c843c73a3ef2/hold,episode_019e2d91-6e08-7f79-a3e4-c843c73a3ef2,test,50,original,hold,False,0.5,DT + S3,0.10191599255876543,0.4499065998983014,False
b050_original/episode_019e2d91-6e08-7f79-a3e4-c843c73a3ef2/random_walk,episode_019e2d91-6e08-7f79-a3e4-c843c73a3ef2,test,50,original,random_walk,False,0.5,DT + S3,0.103012949013444,0.4499065998983014,False
b050_original/episode_019e3c25-a92e-7824-a264-f1da48b9bd3d/replay_control,episode_019e3c25-a92e-7824-a264-f1da48b9bd3d,test,50,original,replay_control,True,1.0,DT + S3,0.8006026090457147,0.4499065998983014,True
b050_original/episode_019e3c25-a92e-7824-a264-f1da48b9bd3d/hold,episode_019e3c25-a92e-7824-a264-f1da48b9bd3d,test,50,original,hold,False,0.5,DT + S3,0.03540746203028002,0.4499065998983014,False
b050_original/episode_019e3c25-a92e-7824-a264-f1da48b9bd3d/random_walk,episode_019e3c25-a92e-7824-a264-f1da48b9bd3d,test,50,original,random_walk,False,0.5,DT + S3,0.1309800197336101,0.4499065998983014,False
b050_original/episode_019e2261-5abe-7ece-910d-8988dd12106a/replay_control,episode_019e2261-5abe-7ece-910d-8988dd12106a,test,50,original,replay_control,True,1.0,DT + S3,0.7021241941887649,0.4499065998983014,True
b050_original/episode_019e2261-5abe-7ece-910d-8988dd12106a/hold,episode_019e2261-5abe-7ece-910d-8988dd12106a,test,50,original,hold,False,0.5,DT + S3,0.08211609220260827,0.4499065998983014,False
b050_original/episode_019e2261-5abe-7ece-910d-8988dd12106a/random_walk,episode_019e2261-5abe-7ece-910d-8988dd12106a,test,50,original,random_walk,False,0.5,DT + S3,0.014552358465128977,0.4499065998983014,False
b050_parked/episode_019e298a-84a1-7557-ae97-93326347b45c/replay_control,episode_019e298a-84a1-7557-ae97-93326347b45c,dev,50,parked,replay_control,True,1.0,DT + S3,0.8584999534104988,0.4499065998983014,True
b050_parked/episode_019e298a-84a1-7557-ae97-93326347b45c/hold,episode_019e298a-84a1-7557-ae97-93326347b45c,dev,50,parked,hold,False,0.5,DT + S3,0.8072516117966542,0.4499065998983014,True
b050_parked/episode_019e298a-84a1-7557-ae97-93326347b45c/random_walk,episode_019e298a-84a1-7557-ae97-93326347b45c,dev,50,parked,random_walk,False,0.5,DT + S3,0.7639941394415147,0.4499065998983014,True
b050_parked/episode_019e3c90-fb67-765e-8e8e-12c56ddda3ba/replay_control,episode_019e3c90-fb67-765e-8e8e-12c56ddda3ba,dev,50,parked,replay_control,True,1.0,DT + S3,0.8599614010784822,0.4499065998983014,True
b050_parked/episode_019e3c90-fb67-765e-8e8e-12c56ddda3ba/hold,episode_019e3c90-fb67-765e-8e8e-12c56ddda3ba,dev,50,parked,hold,False,0.5,DT + S3,0.8366546276987229,0.4499065998983014,True
b050_parked/episode_019e3c90-fb67-765e-8e8e-12c56ddda3ba/random_walk,episode_019e3c90-fb67-765e-8e8e-12c56ddda3ba,dev,50,parked,random_walk,False,0.5,DT + S3,0.7996550033875424,0.4499065998983014,True
b050_parked/episode_019e1e35-af9f-7d66-93b0-478d1c079799/replay_control,episode_019e1e35-af9f-7d66-93b0-478d1c079799,test,50,parked,replay_control,True,1.0,DT + S3,0.8484658338759133,0.4499065998983014,True
b050_parked/episode_019e1e35-af9f-7d66-93b0-478d1c079799/hold,episode_019e1e35-af9f-7d66-93b0-478d1c079799,test,50,parked,hold,False,0.5,DT + S3,0.6392386668425594,0.4499065998983014,True
b050_parked/episode_019e1e35-af9f-7d66-93b0-478d1c079799/random_walk,episode_019e1e35-af9f-7d66-93b0-478d1c079799,test,50,parked,random_walk,False,0.5,DT + S3,0.6674153043876508,0.4499065998983014,True
b050_parked/episode_019e2d91-6e08-7f79-a3e4-c843c73a3ef2/replay_control,episode_019e2d91-6e08-7f79-a3e4-c843c73a3ef2,test,50,parked,replay_control,True,1.0,DT + S3,0.8501027838297329,0.4499065998983014,True
b050_parked/episode_019e2d91-6e08-7f79-a3e4-c843c73a3ef2/hold,episode_019e2d91-6e08-7f79-a3e4-c843c73a3ef2,test,50,parked,hold,False,0.5,DT + S3,0.7934713173470822,0.4499065998983014,True
b050_parked/episode_019e2d91-6e08-7f79-a3e4-c843c73a3ef2/random_walk,episode_019e2d91-6e08-7f79-a3e4-c843c73a3ef2,test,50,parked,random_walk,False,0.5,DT + S3,0.745168022219854,0.4499065998983014,True
b050_parked/episode_019e3c25-a92e-7824-a264-f1da48b9bd3d/replay_control,episode_019e3c25-a92e-7824-a264-f1da48b9bd3d,test,50,parked,replay_control,True,1.0,DT + S3,0.8548758407733533,0.4499065998983014,True
b050_parked/episode_019e3c25-a92e-7824-a264-f1da48b9bd3d/hold,episode_019e3c25-a92e-7824-a264-f1da48b9bd3d,test,50,parked,hold,False,0.5,DT + S3,0.7850822599904931,0.4499065998983014,True
b050_parked/episode_019e3c25-a92e-7824-a264-f1da48b9bd3d/random_walk,episode_019e3c25-a92e-7824-a264-f1da48b9bd3d,test,50,parked,random_walk,False,0.5,DT + S3,0.8059121400982201,0.4499065998983014,True
b050_parked/episode_019e2261-5abe-7ece-910d-8988dd12106a/replay_control,episode_019e2261-5abe-7ece-910d-8988dd12106a,test,50,parked,replay_control,True,1.0,DT + S3,0.8234521597079342,0.4499065998983014,True
b050_parked/episode_019e2261-5abe-7ece-910d-8988dd12106a/hold,episode_019e2261-5abe-7ece-910d-8988dd12106a,test,50,parked,hold,False,0.5,DT + S3,0.7636306452446825,0.4499065998983014,True
b050_parked/episode_019e2261-5abe-7ece-910d-8988dd12106a/random_walk,episode_019e2261-5abe-7ece-910d-8988dd12106a,test,50,parked,random_walk,False,0.5,DT + S3,0.6077978703333696,0.4499065998983014,True
b070_original/episode_019e298a-84a1-7557-ae97-93326347b45c/replay_control,episode_019e298a-84a1-7557-ae97-93326347b45c,dev,70,original,replay_control,True,1.0,DT + S3,0.7815179696263663,0.4499065998983014,True
b070_original/episode_019e298a-84a1-7557-ae97-93326347b45c/hold,episode_019e298a-84a1-7557-ae97-93326347b45c,dev,70,original,hold,False,0.5,DT + S3,0.022343982950415828,0.4499065998983014,False
b070_original/episode_019e298a-84a1-7557-ae97-93326347b45c/random_walk,episode_019e298a-84a1-7557-ae97-93326347b45c,dev,70,original,random_walk,True,1.0,DT + S3,0.06370510556890681,0.4499065998983014,False
b070_original/episode_019e3c90-fb67-765e-8e8e-12c56ddda3ba/replay_control,episode_019e3c90-fb67-765e-8e8e-12c56ddda3ba,dev,70,original,replay_control,True,1.0,DT + S3,0.8088165447002404,0.4499065998983014,True
b070_original/episode_019e3c90-fb67-765e-8e8e-12c56ddda3ba/hold,episode_019e3c90-fb67-765e-8e8e-12c56ddda3ba,dev,70,original,hold,False,0.5,DT + S3,0.051083336502353895,0.4499065998983014,False
b070_original/episode_019e3c90-fb67-765e-8e8e-12c56ddda3ba/random_walk,episode_019e3c90-fb67-765e-8e8e-12c56ddda3ba,dev,70,original,random_walk,False,0.5,DT + S3,0.036965495772190174,0.4499065998983014,False
b070_original/episode_019e1e35-af9f-7d66-93b0-478d1c079799/replay_control,episode_019e1e35-af9f-7d66-93b0-478d1c079799,test,70,original,replay_control,True,1.0,DT + S3,0.796340245880223,0.4499065998983014,True
b070_original/episode_019e1e35-af9f-7d66-93b0-478d1c079799/hold,episode_019e1e35-af9f-7d66-93b0-478d1c079799,test,70,original,hold,False,0.5,DT + S3,0.026318642577357373,0.4499065998983014,False
b070_original/episode_019e1e35-af9f-7d66-93b0-478d1c079799/random_walk,episode_019e1e35-af9f-7d66-93b0-478d1c079799,test,70,original,random_walk,False,0.5,DT + S3,0.10092810279648202,0.4499065998983014,False
b070_original/episode_019e2d91-6e08-7f79-a3e4-c843c73a3ef2/replay_control,episode_019e2d91-6e08-7f79-a3e4-c843c73a3ef2,test,70,original,replay_control,True,1.0,DT + S3,0.8213003267099973,0.4499065998983014,True
b070_original/episode_019e2d91-6e08-7f79-a3e4-c843c73a3ef2/hold,episode_019e2d91-6e08-7f79-a3e4-c843c73a3ef2,test,70,original,hold,False,0.5,DT + S3,0.05730899845645434,0.4499065998983014,False
b070_original/episode_019e2d91-6e08-7f79-a3e4-c843c73a3ef2/random_walk,episode_019e2d91-6e08-7f79-a3e4-c843c73a3ef2,test,70,original,random_walk,False,0.5,DT + S3,0.06374069046604529,0.4499065998983014,False
b070_original/episode_019e3c25-a92e-7824-a264-f1da48b9bd3d/replay_control,episode_019e3c25-a92e-7824-a264-f1da48b9bd3d,test,70,original,replay_control,True,1.0,DT + S3,0.8006026090457147,0.4499065998983014,True
b070_original/episode_019e3c25-a92e-7824-a264-f1da48b9bd3d/hold,episode_019e3c25-a92e-7824-a264-f1da48b9bd3d,test,70,original,hold,False,0.5,DT + S3,0.065193588502764,0.4499065998983014,False
b070_original/episode_019e3c25-a92e-7824-a264-f1da48b9bd3d/random_walk,episode_019e3c25-a92e-7824-a264-f1da48b9bd3d,test,70,original,random_walk,False,0.5,DT + S3,0.08770251891840558,0.4499065998983014,False
b070_original/episode_019e2261-5abe-7ece-910d-8988dd12106a/replay_control,episode_019e2261-5abe-7ece-910d-8988dd12106a,test,70,original,replay_control,True,1.0,DT + S3,0.7103731105565387,0.4499065998983014,True
b070_original/episode_019e2261-5abe-7ece-910d-8988dd12106a/hold,episode_019e2261-5abe-7ece-910d-8988dd12106a,test,70,original,hold,False,0.5,DT + S3,0.11676192043931179,0.4499065998983014,False
b070_original/episode_019e2261-5abe-7ece-910d-8988dd12106a/random_walk,episode_019e2261-5abe-7ece-910d-8988dd12106a,test,70,original,random_walk,True,1.0,DT + S3,0.007539301762492584,0.4499065998983014,False
b070_parked/episode_019e298a-84a1-7557-ae97-93326347b45c/replay_control,episode_019e298a-84a1-7557-ae97-93326347b45c,dev,70,parked,replay_control,True,1.0,DT + S3,0.8584999534104988,0.4499065998983014,True
b070_parked/episode_019e298a-84a1-7557-ae97-93326347b45c/hold,episode_019e298a-84a1-7557-ae97-93326347b45c,dev,70,parked,hold,False,0.5,DT + S3,0.8163880661126307,0.4499065998983014,True
b070_parked/episode_019e298a-84a1-7557-ae97-93326347b45c/random_walk,episode_019e298a-84a1-7557-ae97-93326347b45c,dev,70,parked,random_walk,True,1.0,DT + S3,0.7680928264848422,0.4499065998983014,True
b070_parked/episode_019e3c90-fb67-765e-8e8e-12c56ddda3ba/replay_control,episode_019e3c90-fb67-765e-8e8e-12c56ddda3ba,dev,70,parked,replay_control,True,1.0,DT + S3,0.8592873310986139,0.4499065998983014,True
b070_parked/episode_019e3c90-fb67-765e-8e8e-12c56ddda3ba/hold,episode_019e3c90-fb67-765e-8e8e-12c56ddda3ba,dev,70,parked,hold,False,0.5,DT + S3,0.796314729144818,0.4499065998983014,True
b070_parked/episode_019e3c90-fb67-765e-8e8e-12c56ddda3ba/random_walk,episode_019e3c90-fb67-765e-8e8e-12c56ddda3ba,dev,70,parked,random_walk,False,0.5,DT + S3,0.806352070102947,0.4499065998983014,True
b070_parked/episode_019e1e35-af9f-7d66-93b0-478d1c079799/replay_control,episode_019e1e35-af9f-7d66-93b0-478d1c079799,test,70,parked,replay_control,True,1.0,DT + S3,0.8553770363884484,0.4499065998983014,True
b070_parked/episode_019e1e35-af9f-7d66-93b0-478d1c079799/hold,episode_019e1e35-af9f-7d66-93b0-478d1c079799,test,70,parked,hold,True,1.0,DT + S3,0.8148873319555431,0.4499065998983014,True
b070_parked/episode_019e1e35-af9f-7d66-93b0-478d1c079799/random_walk,episode_019e1e35-af9f-7d66-93b0-478d1c079799,test,70,parked,random_walk,False,0.5,DT + S3,0.748826621262437,0.4499065998983014,True
b070_parked/episode_019e2d91-6e08-7f79-a3e4-c843c73a3ef2/replay_control,episode_019e2d91-6e08-7f79-a3e4-c843c73a3ef2,test,70,parked,replay_control,True,1.0,DT + S3,0.8414282342226205,0.4499065998983014,True
b070_parked/episode_019e2d91-6e08-7f79-a3e4-c843c73a3ef2/hold,episode_019e2d91-6e08-7f79-a3e4-c843c73a3ef2,test,70,parked,hold,False,0.5,DT + S3,0.7108363488170926,0.4499065998983014,True
b070_parked/episode_019e2d91-6e08-7f79-a3e4-c843c73a3ef2/random_walk,episode_019e2d91-6e08-7f79-a3e4-c843c73a3ef2,test,70,parked,random_walk,False,0.5,DT + S3,0.7077816739813398,0.4499065998983014,True
b070_parked/episode_019e3c25-a92e-7824-a264-f1da48b9bd3d/replay_control,episode_019e3c25-a92e-7824-a264-f1da48b9bd3d,test,70,parked,replay_control,True,1.0,DT + S3,0.8548758407733533,0.4499065998983014,True
b070_parked/episode_019e3c25-a92e-7824-a264-f1da48b9bd3d/hold,episode_019e3c25-a92e-7824-a264-f1da48b9bd3d,test,70,parked,hold,False,0.5,DT + S3,0.7740213249212503,0.4499065998983014,True
b070_parked/episode_019e3c25-a92e-7824-a264-f1da48b9bd3d/random_walk,episode_019e3c25-a92e-7824-a264-f1da48b9bd3d,test,70,parked,random_walk,False,0.5,DT + S3,0.7746855490733384,0.4499065998983014,True
b070_parked/episode_019e2261-5abe-7ece-910d-8988dd12106a/replay_control,episode_019e2261-5abe-7ece-910d-8988dd12106a,test,70,parked,replay_control,True,1.0,DT + S3,0.8283083419743299,0.4499065998983014,True
b070_parked/episode_019e2261-5abe-7ece-910d-8988dd12106a/hold,episode_019e2261-5abe-7ece-910d-8988dd12106a,test,70,parked,hold,False,0.5,DT + S3,0.7697929828154259,0.4499065998983014,True
b070_parked/episode_019e2261-5abe-7ece-910d-8988dd12106a/random_walk,episode_019e2261-5abe-7ece-910d-8988dd12106a,test,70,parked,random_walk,True,1.0,DT + S3,0.7291322124487997,0.4499065998983014,True
b090_original/episode_019e298a-84a1-7557-ae97-93326347b45c/replay_control,episode_019e298a-84a1-7557-ae97-93326347b45c,dev,90,original,replay_control,True,1.0,DT + S3,0.7815179696263663,0.4499065998983014,True
b090_original/episode_019e298a-84a1-7557-ae97-93326347b45c/hold,episode_019e298a-84a1-7557-ae97-93326347b45c,dev,90,original,hold,True,1.0,DT + S3,0.09152241794273143,0.4499065998983014,False
b090_original/episode_019e298a-84a1-7557-ae97-93326347b45c/random_walk,episode_019e298a-84a1-7557-ae97-93326347b45c,dev,90,original,random_walk,True,1.0,DT + S3,0.10036762903382081,0.4499065998983014,False
b090_original/episode_019e3c90-fb67-765e-8e8e-12c56ddda3ba/replay_control,episode_019e3c90-fb67-765e-8e8e-12c56ddda3ba,dev,90,original,replay_control,True,1.0,DT + S3,0.8142027476357414,0.4499065998983014,True
b090_original/episode_019e3c90-fb67-765e-8e8e-12c56ddda3ba/hold,episode_019e3c90-fb67-765e-8e8e-12c56ddda3ba,dev,90,original,hold,True,1.0,DT + S3,0.1730329894531785,0.4499065998983014,False
b090_original/episode_019e3c90-fb67-765e-8e8e-12c56ddda3ba/random_walk,episode_019e3c90-fb67-765e-8e8e-12c56ddda3ba,dev,90,original,random_walk,True,1.0,DT + S3,0.18234143809617837,0.4499065998983014,False
b090_original/episode_019e1e35-af9f-7d66-93b0-478d1c079799/replay_control,episode_019e1e35-af9f-7d66-93b0-478d1c079799,test,90,original,replay_control,True,1.0,DT + S3,0.796340245880223,0.4499065998983014,True
b090_original/episode_019e1e35-af9f-7d66-93b0-478d1c079799/hold,episode_019e1e35-af9f-7d66-93b0-478d1c079799,test,90,original,hold,True,1.0,DT + S3,0.220153544566571,0.4499065998983014,False
b090_original/episode_019e1e35-af9f-7d66-93b0-478d1c079799/random_walk,episode_019e1e35-af9f-7d66-93b0-478d1c079799,test,90,original,random_walk,True,1.0,DT + S3,0.198692601814945,0.4499065998983014,False
b090_original/episode_019e2d91-6e08-7f79-a3e4-c843c73a3ef2/replay_control,episode_019e2d91-6e08-7f79-a3e4-c843c73a3ef2,test,90,original,replay_control,True,1.0,DT + S3,0.8317584010952102,0.4499065998983014,True
b090_original/episode_019e2d91-6e08-7f79-a3e4-c843c73a3ef2/hold,episode_019e2d91-6e08-7f79-a3e4-c843c73a3ef2,test,90,original,hold,True,1.0,DT + S3,0.1285433985929054,0.4499065998983014,False
b090_original/episode_019e2d91-6e08-7f79-a3e4-c843c73a3ef2/random_walk,episode_019e2d91-6e08-7f79-a3e4-c843c73a3ef2,test,90,original,random_walk,True,1.0,DT + S3,0.1473649672941484,0.4499065998983014,False
b090_original/episode_019e3c25-a92e-7824-a264-f1da48b9bd3d/replay_control,episode_019e3c25-a92e-7824-a264-f1da48b9bd3d,test,90,original,replay_control,True,1.0,DT + S3,0.8000247417119853,0.4499065998983014,True
b090_original/episode_019e3c25-a92e-7824-a264-f1da48b9bd3d/hold,episode_019e3c25-a92e-7824-a264-f1da48b9bd3d,test,90,original,hold,True,1.0,DT + S3,0.12032632903288137,0.4499065998983014,False
b090_original/episode_019e3c25-a92e-7824-a264-f1da48b9bd3d/random_walk,episode_019e3c25-a92e-7824-a264-f1da48b9bd3d,test,90,original,random_walk,True,1.0,DT + S3,0.20549063197056566,0.4499065998983014,False
b090_original/episode_019e2261-5abe-7ece-910d-8988dd12106a/replay_control,episode_019e2261-5abe-7ece-910d-8988dd12106a,test,90,original,replay_control,True,1.0,DT + S3,0.7130405636287136,0.4499065998983014,True
b090_original/episode_019e2261-5abe-7ece-910d-8988dd12106a/hold,episode_019e2261-5abe-7ece-910d-8988dd12106a,test,90,original,hold,True,1.0,DT + S3,0.16720575717555378,0.4499065998983014,False
b090_original/episode_019e2261-5abe-7ece-910d-8988dd12106a/random_walk,episode_019e2261-5abe-7ece-910d-8988dd12106a,test,90,original,random_walk,True,1.0,DT + S3,0.21907006906258367,0.4499065998983014,False
b090_parked/episode_019e298a-84a1-7557-ae97-93326347b45c/replay_control,episode_019e298a-84a1-7557-ae97-93326347b45c,dev,90,parked,replay_control,True,1.0,DT + S3,0.8584999534104988,0.4499065998983014,True
b090_parked/episode_019e298a-84a1-7557-ae97-93326347b45c/hold,episode_019e298a-84a1-7557-ae97-93326347b45c,dev,90,parked,hold,True,1.0,DT + S3,0.8649293484021756,0.4499065998983014,True
b090_parked/episode_019e298a-84a1-7557-ae97-93326347b45c/random_walk,episode_019e298a-84a1-7557-ae97-93326347b45c,dev,90,parked,random_walk,True,1.0,DT + S3,0.8567673854121053,0.4499065998983014,True
b090_parked/episode_019e3c90-fb67-765e-8e8e-12c56ddda3ba/replay_control,episode_019e3c90-fb67-765e-8e8e-12c56ddda3ba,dev,90,parked,replay_control,True,1.0,DT + S3,0.8630453062739359,0.4499065998983014,True
b090_parked/episode_019e3c90-fb67-765e-8e8e-12c56ddda3ba/hold,episode_019e3c90-fb67-765e-8e8e-12c56ddda3ba,dev,90,parked,hold,True,1.0,DT + S3,0.8630453062739359,0.4499065998983014,True
b090_parked/episode_019e3c90-fb67-765e-8e8e-12c56ddda3ba/random_walk,episode_019e3c90-fb67-765e-8e8e-12c56ddda3ba,dev,90,parked,random_walk,True,1.0,DT + S3,0.8630453062739359,0.4499065998983014,True
b090_parked/episode_019e1e35-af9f-7d66-93b0-478d1c079799/replay_control,episode_019e1e35-af9f-7d66-93b0-478d1c079799,test,90,parked,replay_control,True,1.0,DT + S3,0.8553770363884484,0.4499065998983014,True
b090_parked/episode_019e1e35-af9f-7d66-93b0-478d1c079799/hold,episode_019e1e35-af9f-7d66-93b0-478d1c079799,test,90,parked,hold,True,1.0,DT + S3,0.8568785144164579,0.4499065998983014,True
b090_parked/episode_019e1e35-af9f-7d66-93b0-478d1c079799/random_walk,episode_019e1e35-af9f-7d66-93b0-478d1c079799,test,90,parked,random_walk,True,1.0,DT + S3,0.8614152514187569,0.4499065998983014,True
b090_parked/episode_019e2d91-6e08-7f79-a3e4-c843c73a3ef2/replay_control,episode_019e2d91-6e08-7f79-a3e4-c843c73a3ef2,test,90,parked,replay_control,True,1.0,DT + S3,0.8501027838297329,0.4499065998983014,True
b090_parked/episode_019e2d91-6e08-7f79-a3e4-c843c73a3ef2/hold,episode_019e2d91-6e08-7f79-a3e4-c843c73a3ef2,test,90,parked,hold,True,1.0,DT + S3,0.8540705189074643,0.4499065998983014,True
b090_parked/episode_019e2d91-6e08-7f79-a3e4-c843c73a3ef2/random_walk,episode_019e2d91-6e08-7f79-a3e4-c843c73a3ef2,test,90,parked,random_walk,True,1.0,DT + S3,0.8524460504183703,0.4499065998983014,True
b090_parked/episode_019e3c25-a92e-7824-a264-f1da48b9bd3d/replay_control,episode_019e3c25-a92e-7824-a264-f1da48b9bd3d,test,90,parked,replay_control,True,1.0,DT + S3,0.8548758407733533,0.4499065998983014,True
b090_parked/episode_019e3c25-a92e-7824-a264-f1da48b9bd3d/hold,episode_019e3c25-a92e-7824-a264-f1da48b9bd3d,test,90,parked,hold,True,1.0,DT + S3,0.8619747806987538,0.4499065998983014,True
b090_parked/episode_019e3c25-a92e-7824-a264-f1da48b9bd3d/random_walk,episode_019e3c25-a92e-7824-a264-f1da48b9bd3d,test,90,parked,random_walk,True,1.0,DT + S3,0.8619747806987538,0.4499065998983014,True
b090_parked/episode_019e2261-5abe-7ece-910d-8988dd12106a/replay_control,episode_019e2261-5abe-7ece-910d-8988dd12106a,test,90,parked,replay_control,True,1.0,DT + S3,0.8330260288417349,0.4499065998983014,True
b090_parked/episode_019e2261-5abe-7ece-910d-8988dd12106a/hold,episode_019e2261-5abe-7ece-910d-8988dd12106a,test,90,parked,hold,True,1.0,DT + S3,0.831871637251478,0.4499065998983014,True
b090_parked/episode_019e2261-5abe-7ece-910d-8988dd12106a/random_walk,episode_019e2261-5abe-7ece-910d-8988dd12106a,test,90,parked,random_walk,True,1.0,DT + S3,0.8441258271071579,0.4499065998983014,True
b050_original/episode_019e298a-84a1-7557-ae97-93326347b45c/replay_control,episode_019e298a-84a1-7557-ae97-93326347b45c,dev,50,original,replay_control,True,1.0,DT + S5,0.7827363168356455,0.4502469361783752,True
b050_original/episode_019e298a-84a1-7557-ae97-93326347b45c/hold,episode_019e298a-84a1-7557-ae97-93326347b45c,dev,50,original,hold,False,0.5,DT + S5,0.10448382056554557,0.4502469361783752,False
b050_original/episode_019e298a-84a1-7557-ae97-93326347b45c/random_walk,episode_019e298a-84a1-7557-ae97-93326347b45c,dev,50,original,random_walk,False,0.5,DT + S5,0.08206423456695083,0.4502469361783752,False
b050_original/episode_019e3c90-fb67-765e-8e8e-12c56ddda3ba/replay_control,episode_019e3c90-fb67-765e-8e8e-12c56ddda3ba,dev,50,original,replay_control,True,1.0,DT + S5,0.8093386517734267,0.4502469361783752,True
b050_original/episode_019e3c90-fb67-765e-8e8e-12c56ddda3ba/hold,episode_019e3c90-fb67-765e-8e8e-12c56ddda3ba,dev,50,original,hold,False,0.5,DT + S5,0.10365979909008255,0.4502469361783752,False
b050_original/episode_019e3c90-fb67-765e-8e8e-12c56ddda3ba/random_walk,episode_019e3c90-fb67-765e-8e8e-12c56ddda3ba,dev,50,original,random_walk,False,0.5,DT + S5,0.11775755552110512,0.4502469361783752,False
b050_original/episode_019e1e35-af9f-7d66-93b0-478d1c079799/replay_control,episode_019e1e35-af9f-7d66-93b0-478d1c079799,test,50,original,replay_control,True,1.0,DT + S5,0.7827775412848426,0.4502469361783752,True
b050_original/episode_019e1e35-af9f-7d66-93b0-478d1c079799/hold,episode_019e1e35-af9f-7d66-93b0-478d1c079799,test,50,original,hold,False,0.5,DT + S5,0.006875917267653827,0.4502469361783752,False
b050_original/episode_019e1e35-af9f-7d66-93b0-478d1c079799/random_walk,episode_019e1e35-af9f-7d66-93b0-478d1c079799,test,50,original,random_walk,False,0.5,DT + S5,0.05875754676090327,0.4502469361783752,False
b050_original/episode_019e2d91-6e08-7f79-a3e4-c843c73a3ef2/replay_control,episode_019e2d91-6e08-7f79-a3e4-c843c73a3ef2,test,50,original,replay_control,True,1.0,DT + S5,0.8287179021244911,0.4502469361783752,True
b050_original/episode_019e2d91-6e08-7f79-a3e4-c843c73a3ef2/hold,episode_019e2d91-6e08-7f79-a3e4-c843c73a3ef2,test,50,original,hold,False,0.5,DT + S5,0.10327922896159757,0.4502469361783752,False
b050_original/episode_019e2d91-6e08-7f79-a3e4-c843c73a3ef2/random_walk,episode_019e2d91-6e08-7f79-a3e4-c843c73a3ef2,test,50,original,random_walk,False,0.5,DT + S5,0.101215801756453,0.4502469361783752,False
b050_original/episode_019e3c25-a92e-7824-a264-f1da48b9bd3d/replay_control,episode_019e3c25-a92e-7824-a264-f1da48b9bd3d,test,50,original,replay_control,True,1.0,DT + S5,0.7942614284182674,0.4502469361783752,True
b050_original/episode_019e3c25-a92e-7824-a264-f1da48b9bd3d/hold,episode_019e3c25-a92e-7824-a264-f1da48b9bd3d,test,50,original,hold,False,0.5,DT + S5,0.03520728474152032,0.4502469361783752,False
b050_original/episode_019e3c25-a92e-7824-a264-f1da48b9bd3d/random_walk,episode_019e3c25-a92e-7824-a264-f1da48b9bd3d,test,50,original,random_walk,False,0.5,DT + S5,0.12546969833043717,0.4502469361783752,False
b050_original/episode_019e2261-5abe-7ece-910d-8988dd12106a/replay_control,episode_019e2261-5abe-7ece-910d-8988dd12106a,test,50,original,replay_control,True,1.0,DT + S5,0.6962557246300708,0.4502469361783752,True
b050_original/episode_019e2261-5abe-7ece-910d-8988dd12106a/hold,episode_019e2261-5abe-7ece-910d-8988dd12106a,test,50,original,hold,False,0.5,DT + S5,0.07864577797400821,0.4502469361783752,False
b050_original/episode_019e2261-5abe-7ece-910d-8988dd12106a/random_walk,episode_019e2261-5abe-7ece-910d-8988dd12106a,test,50,original,random_walk,False,0.5,DT + S5,0.016559187171322123,0.4502469361783752,False
b050_parked/episode_019e298a-84a1-7557-ae97-93326347b45c/replay_control,episode_019e298a-84a1-7557-ae97-93326347b45c,dev,50,parked,replay_control,True,1.0,DT + S5,0.8529014800364367,0.4502469361783752,True
b050_parked/episode_019e298a-84a1-7557-ae97-93326347b45c/hold,episode_019e298a-84a1-7557-ae97-93326347b45c,dev,50,parked,hold,False,0.5,DT + S5,0.7977028942275777,0.4502469361783752,True
b050_parked/episode_019e298a-84a1-7557-ae97-93326347b45c/random_walk,episode_019e298a-84a1-7557-ae97-93326347b45c,dev,50,parked,random_walk,False,0.5,DT + S5,0.754786307738728,0.4502469361783752,True
b050_parked/episode_019e3c90-fb67-765e-8e8e-12c56ddda3ba/replay_control,episode_019e3c90-fb67-765e-8e8e-12c56ddda3ba,dev,50,parked,replay_control,True,1.0,DT + S5,0.8549247143605768,0.4502469361783752,True
b050_parked/episode_019e3c90-fb67-765e-8e8e-12c56ddda3ba/hold,episode_019e3c90-fb67-765e-8e8e-12c56ddda3ba,dev,50,parked,hold,False,0.5,DT + S5,0.8310422986925281,0.4502469361783752,True
b050_parked/episode_019e3c90-fb67-765e-8e8e-12c56ddda3ba/random_walk,episode_019e3c90-fb67-765e-8e8e-12c56ddda3ba,dev,50,parked,random_walk,False,0.5,DT + S5,0.791039778283807,0.4502469361783752,True
b050_parked/episode_019e1e35-af9f-7d66-93b0-478d1c079799/replay_control,episode_019e1e35-af9f-7d66-93b0-478d1c079799,test,50,parked,replay_control,True,1.0,DT + S5,0.8410235951506085,0.4502469361783752,True
b050_parked/episode_019e1e35-af9f-7d66-93b0-478d1c079799/hold,episode_019e1e35-af9f-7d66-93b0-478d1c079799,test,50,parked,hold,False,0.5,DT + S5,0.6251808608332173,0.4502469361783752,True
b050_parked/episode_019e1e35-af9f-7d66-93b0-478d1c079799/random_walk,episode_019e1e35-af9f-7d66-93b0-478d1c079799,test,50,parked,random_walk,False,0.5,DT + S5,0.6541167107879018,0.4502469361783752,True
b050_parked/episode_019e2d91-6e08-7f79-a3e4-c843c73a3ef2/replay_control,episode_019e2d91-6e08-7f79-a3e4-c843c73a3ef2,test,50,parked,replay_control,True,1.0,DT + S5,0.8436558835641036,0.4502469361783752,True
b050_parked/episode_019e2d91-6e08-7f79-a3e4-c843c73a3ef2/hold,episode_019e2d91-6e08-7f79-a3e4-c843c73a3ef2,test,50,parked,hold,False,0.5,DT + S5,0.784278570188995,0.4502469361783752,True
b050_parked/episode_019e2d91-6e08-7f79-a3e4-c843c73a3ef2/random_walk,episode_019e2d91-6e08-7f79-a3e4-c843c73a3ef2,test,50,parked,random_walk,False,0.5,DT + S5,0.7345324192653819,0.4502469361783752,True
b050_parked/episode_019e3c25-a92e-7824-a264-f1da48b9bd3d/replay_control,episode_019e3c25-a92e-7824-a264-f1da48b9bd3d,test,50,parked,replay_control,True,1.0,DT + S5,0.8479464659596379,0.4502469361783752,True
b050_parked/episode_019e3c25-a92e-7824-a264-f1da48b9bd3d/hold,episode_019e3c25-a92e-7824-a264-f1da48b9bd3d,test,50,parked,hold,False,0.5,DT + S5,0.7792690627328128,0.4502469361783752,True
b050_parked/episode_019e3c25-a92e-7824-a264-f1da48b9bd3d/random_walk,episode_019e3c25-a92e-7824-a264-f1da48b9bd3d,test,50,parked,random_walk,False,0.5,DT + S5,0.7980519754987077,0.4502469361783752,True
b050_parked/episode_019e2261-5abe-7ece-910d-8988dd12106a/replay_control,episode_019e2261-5abe-7ece-910d-8988dd12106a,test,50,parked,replay_control,True,1.0,DT + S5,0.8159703183152978,0.4502469361783752,True
b050_parked/episode_019e2261-5abe-7ece-910d-8988dd12106a/hold,episode_019e2261-5abe-7ece-910d-8988dd12106a,test,50,parked,hold,False,0.5,DT + S5,0.7587780020744337,0.4502469361783752,True
b050_parked/episode_019e2261-5abe-7ece-910d-8988dd12106a/random_walk,episode_019e2261-5abe-7ece-910d-8988dd12106a,test,50,parked,random_walk,False,0.5,DT + S5,0.5937169409740093,0.4502469361783752,True
b070_original/episode_019e298a-84a1-7557-ae97-93326347b45c/replay_control,episode_019e298a-84a1-7557-ae97-93326347b45c,dev,70,original,replay_control,True,1.0,DT + S5,0.7827363168356455,0.4502469361783752,True
b070_original/episode_019e298a-84a1-7557-ae97-93326347b45c/hold,episode_019e298a-84a1-7557-ae97-93326347b45c,dev,70,original,hold,False,0.5,DT + S5,0.02176402853557694,0.4502469361783752,False
b070_original/episode_019e298a-84a1-7557-ae97-93326347b45c/random_walk,episode_019e298a-84a1-7557-ae97-93326347b45c,dev,70,original,random_walk,True,1.0,DT + S5,0.05908717805856087,0.4502469361783752,False
b070_original/episode_019e3c90-fb67-765e-8e8e-12c56ddda3ba/replay_control,episode_019e3c90-fb67-765e-8e8e-12c56ddda3ba,dev,70,original,replay_control,True,1.0,DT + S5,0.8085626804786813,0.4502469361783752,True
b070_original/episode_019e3c90-fb67-765e-8e8e-12c56ddda3ba/hold,episode_019e3c90-fb67-765e-8e8e-12c56ddda3ba,dev,70,original,hold,False,0.5,DT + S5,0.050006082227723236,0.4502469361783752,False
b070_original/episode_019e3c90-fb67-765e-8e8e-12c56ddda3ba/random_walk,episode_019e3c90-fb67-765e-8e8e-12c56ddda3ba,dev,70,original,random_walk,False,0.5,DT + S5,0.039062415504291084,0.4502469361783752,False
b070_original/episode_019e1e35-af9f-7d66-93b0-478d1c079799/replay_control,episode_019e1e35-af9f-7d66-93b0-478d1c079799,test,70,original,replay_control,True,1.0,DT + S5,0.792234322889096,0.4502469361783752,True
b070_original/episode_019e1e35-af9f-7d66-93b0-478d1c079799/hold,episode_019e1e35-af9f-7d66-93b0-478d1c079799,test,70,original,hold,False,0.5,DT + S5,0.025617207325421228,0.4502469361783752,False
b070_original/episode_019e1e35-af9f-7d66-93b0-478d1c079799/random_walk,episode_019e1e35-af9f-7d66-93b0-478d1c079799,test,70,original,random_walk,False,0.5,DT + S5,0.1132066015886671,0.4502469361783752,False
b070_original/episode_019e2d91-6e08-7f79-a3e4-c843c73a3ef2/replay_control,episode_019e2d91-6e08-7f79-a3e4-c843c73a3ef2,test,70,original,replay_control,True,1.0,DT + S5,0.818533036105886,0.4502469361783752,True
b070_original/episode_019e2d91-6e08-7f79-a3e4-c843c73a3ef2/hold,episode_019e2d91-6e08-7f79-a3e4-c843c73a3ef2,test,70,original,hold,False,0.5,DT + S5,0.05562911685748492,0.4502469361783752,False
b070_original/episode_019e2d91-6e08-7f79-a3e4-c843c73a3ef2/random_walk,episode_019e2d91-6e08-7f79-a3e4-c843c73a3ef2,test,70,original,random_walk,False,0.5,DT + S5,0.06383032338438725,0.4502469361783752,False
b070_original/episode_019e3c25-a92e-7824-a264-f1da48b9bd3d/replay_control,episode_019e3c25-a92e-7824-a264-f1da48b9bd3d,test,70,original,replay_control,True,1.0,DT + S5,0.7942614284182674,0.4502469361783752,True
b070_original/episode_019e3c25-a92e-7824-a264-f1da48b9bd3d/hold,episode_019e3c25-a92e-7824-a264-f1da48b9bd3d,test,70,original,hold,False,0.5,DT + S5,0.06413483157699953,0.4502469361783752,False
b070_original/episode_019e3c25-a92e-7824-a264-f1da48b9bd3d/random_walk,episode_019e3c25-a92e-7824-a264-f1da48b9bd3d,test,70,original,random_walk,False,0.5,DT + S5,0.09233850705079738,0.4502469361783752,False
b070_original/episode_019e2261-5abe-7ece-910d-8988dd12106a/replay_control,episode_019e2261-5abe-7ece-910d-8988dd12106a,test,70,original,replay_control,True,1.0,DT + S5,0.7053664792189317,0.4502469361783752,True
b070_original/episode_019e2261-5abe-7ece-910d-8988dd12106a/hold,episode_019e2261-5abe-7ece-910d-8988dd12106a,test,70,original,hold,False,0.5,DT + S5,0.11462724805735423,0.4502469361783752,False
b070_original/episode_019e2261-5abe-7ece-910d-8988dd12106a/random_walk,episode_019e2261-5abe-7ece-910d-8988dd12106a,test,70,original,random_walk,True,1.0,DT + S5,0.007700162113773089,0.4502469361783752,False
b070_parked/episode_019e298a-84a1-7557-ae97-93326347b45c/replay_control,episode_019e298a-84a1-7557-ae97-93326347b45c,dev,70,parked,replay_control,True,1.0,DT + S5,0.8529014800364367,0.4502469361783752,True
b070_parked/episode_019e298a-84a1-7557-ae97-93326347b45c/hold,episode_019e298a-84a1-7557-ae97-93326347b45c,dev,70,parked,hold,False,0.5,DT + S5,0.809728837630598,0.4502469361783752,True
b070_parked/episode_019e298a-84a1-7557-ae97-93326347b45c/random_walk,episode_019e298a-84a1-7557-ae97-93326347b45c,dev,70,parked,random_walk,True,1.0,DT + S5,0.7600960552181489,0.4502469361783752,True
b070_parked/episode_019e3c90-fb67-765e-8e8e-12c56ddda3ba/replay_control,episode_019e3c90-fb67-765e-8e8e-12c56ddda3ba,dev,70,parked,replay_control,True,1.0,DT + S5,0.8542567489644959,0.4502469361783752,True
b070_parked/episode_019e3c90-fb67-765e-8e8e-12c56ddda3ba/hold,episode_019e3c90-fb67-765e-8e8e-12c56ddda3ba,dev,70,parked,hold,False,0.5,DT + S5,0.7905390511210488,0.4502469361783752,True
b070_parked/episode_019e3c90-fb67-765e-8e8e-12c56ddda3ba/random_walk,episode_019e3c90-fb67-765e-8e8e-12c56ddda3ba,dev,70,parked,random_walk,False,0.5,DT + S5,0.7991712699997698,0.4502469361783752,True
b070_parked/episode_019e1e35-af9f-7d66-93b0-478d1c079799/replay_control,episode_019e1e35-af9f-7d66-93b0-478d1c079799,test,70,parked,replay_control,True,1.0,DT + S5,0.8489976072594886,0.4502469361783752,True
b070_parked/episode_019e1e35-af9f-7d66-93b0-478d1c079799/hold,episode_019e1e35-af9f-7d66-93b0-478d1c079799,test,70,parked,hold,True,1.0,DT + S5,0.8073571020781781,0.4502469361783752,True
b070_parked/episode_019e1e35-af9f-7d66-93b0-478d1c079799/random_walk,episode_019e1e35-af9f-7d66-93b0-478d1c079799,test,70,parked,random_walk,False,0.5,DT + S5,0.7369075106712261,0.4502469361783752,True
b070_parked/episode_019e2d91-6e08-7f79-a3e4-c843c73a3ef2/replay_control,episode_019e2d91-6e08-7f79-a3e4-c843c73a3ef2,test,70,parked,replay_control,True,1.0,DT + S5,0.8348278915487931,0.4502469361783752,True
b070_parked/episode_019e2d91-6e08-7f79-a3e4-c843c73a3ef2/hold,episode_019e2d91-6e08-7f79-a3e4-c843c73a3ef2,test,70,parked,hold,False,0.5,DT + S5,0.6991770434746853,0.4502469361783752,True
b070_parked/episode_019e2d91-6e08-7f79-a3e4-c843c73a3ef2/random_walk,episode_019e2d91-6e08-7f79-a3e4-c843c73a3ef2,test,70,parked,random_walk,False,0.5,DT + S5,0.6964177408128198,0.4502469361783752,True
b070_parked/episode_019e3c25-a92e-7824-a264-f1da48b9bd3d/replay_control,episode_019e3c25-a92e-7824-a264-f1da48b9bd3d,test,70,parked,replay_control,True,1.0,DT + S5,0.8479464659596379,0.4502469361783752,True
b070_parked/episode_019e3c25-a92e-7824-a264-f1da48b9bd3d/hold,episode_019e3c25-a92e-7824-a264-f1da48b9bd3d,test,70,parked,hold,False,0.5,DT + S5,0.7665986365189635,0.4502469361783752,True
b070_parked/episode_019e3c25-a92e-7824-a264-f1da48b9bd3d/random_walk,episode_019e3c25-a92e-7824-a264-f1da48b9bd3d,test,70,parked,random_walk,False,0.5,DT + S5,0.7689661206038205,0.4502469361783752,True
b070_parked/episode_019e2261-5abe-7ece-910d-8988dd12106a/replay_control,episode_019e2261-5abe-7ece-910d-8988dd12106a,test,70,parked,replay_control,True,1.0,DT + S5,0.8208628429901818,0.4502469361783752,True
b070_parked/episode_019e2261-5abe-7ece-910d-8988dd12106a/hold,episode_019e2261-5abe-7ece-910d-8988dd12106a,test,70,parked,hold,False,0.5,DT + S5,0.762047818782757,0.4502469361783752,True
b070_parked/episode_019e2261-5abe-7ece-910d-8988dd12106a/random_walk,episode_019e2261-5abe-7ece-910d-8988dd12106a,test,70,parked,random_walk,True,1.0,DT + S5,0.7172358113043872,0.4502469361783752,True
b090_original/episode_019e298a-84a1-7557-ae97-93326347b45c/replay_control,episode_019e298a-84a1-7557-ae97-93326347b45c,dev,90,original,replay_control,True,1.0,DT + S5,0.7827828830128384,0.4502469361783752,True
b090_original/episode_019e298a-84a1-7557-ae97-93326347b45c/hold,episode_019e298a-84a1-7557-ae97-93326347b45c,dev,90,original,hold,True,1.0,DT + S5,0.08404910151101314,0.4502469361783752,False
b090_original/episode_019e298a-84a1-7557-ae97-93326347b45c/random_walk,episode_019e298a-84a1-7557-ae97-93326347b45c,dev,90,original,random_walk,True,1.0,DT + S5,0.10599870111831033,0.4502469361783752,False
b090_original/episode_019e3c90-fb67-765e-8e8e-12c56ddda3ba/replay_control,episode_019e3c90-fb67-765e-8e8e-12c56ddda3ba,dev,90,original,replay_control,True,1.0,DT + S5,0.8139531987598471,0.4502469361783752,True
b090_original/episode_019e3c90-fb67-765e-8e8e-12c56ddda3ba/hold,episode_019e3c90-fb67-765e-8e8e-12c56ddda3ba,dev,90,original,hold,True,1.0,DT + S5,0.1692508230278754,0.4502469361783752,False
b090_original/episode_019e3c90-fb67-765e-8e8e-12c56ddda3ba/random_walk,episode_019e3c90-fb67-765e-8e8e-12c56ddda3ba,dev,90,original,random_walk,True,1.0,DT + S5,0.18373281713676928,0.4502469361783752,False
b090_original/episode_019e1e35-af9f-7d66-93b0-478d1c079799/replay_control,episode_019e1e35-af9f-7d66-93b0-478d1c079799,test,90,original,replay_control,True,1.0,DT + S5,0.792234322889096,0.4502469361783752,True
b090_original/episode_019e1e35-af9f-7d66-93b0-478d1c079799/hold,episode_019e1e35-af9f-7d66-93b0-478d1c079799,test,90,original,hold,True,1.0,DT + S5,0.2244753435658655,0.4502469361783752,False
b090_original/episode_019e1e35-af9f-7d66-93b0-478d1c079799/random_walk,episode_019e1e35-af9f-7d66-93b0-478d1c079799,test,90,original,random_walk,True,1.0,DT + S5,0.201401706893075,0.4502469361783752,False
b090_original/episode_019e2d91-6e08-7f79-a3e4-c843c73a3ef2/replay_control,episode_019e2d91-6e08-7f79-a3e4-c843c73a3ef2,test,90,original,replay_control,True,1.0,DT + S5,0.8287179021244911,0.4502469361783752,True
b090_original/episode_019e2d91-6e08-7f79-a3e4-c843c73a3ef2/hold,episode_019e2d91-6e08-7f79-a3e4-c843c73a3ef2,test,90,original,hold,True,1.0,DT + S5,0.12054000959108342,0.4502469361783752,False
b090_original/episode_019e2d91-6e08-7f79-a3e4-c843c73a3ef2/random_walk,episode_019e2d91-6e08-7f79-a3e4-c843c73a3ef2,test,90,original,random_walk,True,1.0,DT + S5,0.15129099930950787,0.4502469361783752,False
b090_original/episode_019e3c25-a92e-7824-a264-f1da48b9bd3d/replay_control,episode_019e3c25-a92e-7824-a264-f1da48b9bd3d,test,90,original,replay_control,True,1.0,DT + S5,0.7939182844704816,0.4502469361783752,True
b090_original/episode_019e3c25-a92e-7824-a264-f1da48b9bd3d/hold,episode_019e3c25-a92e-7824-a264-f1da48b9bd3d,test,90,original,hold,True,1.0,DT + S5,0.11419418908548948,0.4502469361783752,False
b090_original/episode_019e3c25-a92e-7824-a264-f1da48b9bd3d/random_walk,episode_019e3c25-a92e-7824-a264-f1da48b9bd3d,test,90,original,random_walk,True,1.0,DT + S5,0.20672597381306093,0.4502469361783752,False
b090_original/episode_019e2261-5abe-7ece-910d-8988dd12106a/replay_control,episode_019e2261-5abe-7ece-910d-8988dd12106a,test,90,original,replay_control,True,1.0,DT + S5,0.7094125038154042,0.4502469361783752,True
b090_original/episode_019e2261-5abe-7ece-910d-8988dd12106a/hold,episode_019e2261-5abe-7ece-910d-8988dd12106a,test,90,original,hold,True,1.0,DT + S5,0.16252301840273506,0.4502469361783752,False
b090_original/episode_019e2261-5abe-7ece-910d-8988dd12106a/random_walk,episode_019e2261-5abe-7ece-910d-8988dd12106a,test,90,original,random_walk,True,1.0,DT + S5,0.23136076676883677,0.4502469361783752,False
b090_parked/episode_019e298a-84a1-7557-ae97-93326347b45c/replay_control,episode_019e298a-84a1-7557-ae97-93326347b45c,dev,90,parked,replay_control,True,1.0,DT + S5,0.8529014800364367,0.4502469361783752,True
b090_parked/episode_019e298a-84a1-7557-ae97-93326347b45c/hold,episode_019e298a-84a1-7557-ae97-93326347b45c,dev,90,parked,hold,True,1.0,DT + S5,0.8597788948246075,0.4502469361783752,True
b090_parked/episode_019e298a-84a1-7557-ae97-93326347b45c/random_walk,episode_019e298a-84a1-7557-ae97-93326347b45c,dev,90,parked,random_walk,True,1.0,DT + S5,0.8506410011618167,0.4502469361783752,True
b090_parked/episode_019e3c90-fb67-765e-8e8e-12c56ddda3ba/replay_control,episode_019e3c90-fb67-765e-8e8e-12c56ddda3ba,dev,90,parked,replay_control,True,1.0,DT + S5,0.8582890351920702,0.4502469361783752,True
b090_parked/episode_019e3c90-fb67-765e-8e8e-12c56ddda3ba/hold,episode_019e3c90-fb67-765e-8e8e-12c56ddda3ba,dev,90,parked,hold,True,1.0,DT + S5,0.8582890351920702,0.4502469361783752,True
b090_parked/episode_019e3c90-fb67-765e-8e8e-12c56ddda3ba/random_walk,episode_019e3c90-fb67-765e-8e8e-12c56ddda3ba,dev,90,parked,random_walk,True,1.0,DT + S5,0.8582890351920702,0.4502469361783752,True
b090_parked/episode_019e1e35-af9f-7d66-93b0-478d1c079799/replay_control,episode_019e1e35-af9f-7d66-93b0-478d1c079799,test,90,parked,replay_control,True,1.0,DT + S5,0.8489976072594886,0.4502469361783752,True
b090_parked/episode_019e1e35-af9f-7d66-93b0-478d1c079799/hold,episode_019e1e35-af9f-7d66-93b0-478d1c079799,test,90,parked,hold,True,1.0,DT + S5,0.8514036005349147,0.4502469361783752,True
b090_parked/episode_019e1e35-af9f-7d66-93b0-478d1c079799/random_walk,episode_019e1e35-af9f-7d66-93b0-478d1c079799,test,90,parked,random_walk,True,1.0,DT + S5,0.8564700596832246,0.4502469361783752,True
b090_parked/episode_019e2d91-6e08-7f79-a3e4-c843c73a3ef2/replay_control,episode_019e2d91-6e08-7f79-a3e4-c843c73a3ef2,test,90,parked,replay_control,True,1.0,DT + S5,0.8436558835641036,0.4502469361783752,True
b090_parked/episode_019e2d91-6e08-7f79-a3e4-c843c73a3ef2/hold,episode_019e2d91-6e08-7f79-a3e4-c843c73a3ef2,test,90,parked,hold,True,1.0,DT + S5,0.8479972514964086,0.4502469361783752,True
b090_parked/episode_019e2d91-6e08-7f79-a3e4-c843c73a3ef2/random_walk,episode_019e2d91-6e08-7f79-a3e4-c843c73a3ef2,test,90,parked,random_walk,True,1.0,DT + S5,0.8443195374074203,0.4502469361783752,True
b090_parked/episode_019e3c25-a92e-7824-a264-f1da48b9bd3d/replay_control,episode_019e3c25-a92e-7824-a264-f1da48b9bd3d,test,90,parked,replay_control,True,1.0,DT + S5,0.8479464659596379,0.4502469361783752,True
b090_parked/episode_019e3c25-a92e-7824-a264-f1da48b9bd3d/hold,episode_019e3c25-a92e-7824-a264-f1da48b9bd3d,test,90,parked,hold,True,1.0,DT + S5,0.8569691820364279,0.4502469361783752,True
b090_parked/episode_019e3c25-a92e-7824-a264-f1da48b9bd3d/random_walk,episode_019e3c25-a92e-7824-a264-f1da48b9bd3d,test,90,parked,random_walk,True,1.0,DT + S5,0.8569691820364279,0.4502469361783752,True
b090_parked/episode_019e2261-5abe-7ece-910d-8988dd12106a/replay_control,episode_019e2261-5abe-7ece-910d-8988dd12106a,test,90,parked,replay_control,True,1.0,DT + S5,0.8263723247706332,0.4502469361783752,True
b090_parked/episode_019e2261-5abe-7ece-910d-8988dd12106a/hold,episode_019e2261-5abe-7ece-910d-8988dd12106a,test,90,parked,hold,True,1.0,DT + S5,0.8242138336740786,0.4502469361783752,True
b090_parked/episode_019e2261-5abe-7ece-910d-8988dd12106a/random_walk,episode_019e2261-5abe-7ece-910d-8988dd12106a,test,90,parked,random_walk,True,1.0,DT + S5,0.8378356006835485,0.4502469361783752,True
b050_original/episode_019e298a-84a1-7557-ae97-93326347b45c/replay_control,episode_019e298a-84a1-7557-ae97-93326347b45c,dev,50,original,replay_control,True,1.0,Always successful,1.0,0.5,True
b050_original/episode_019e298a-84a1-7557-ae97-93326347b45c/hold,episode_019e298a-84a1-7557-ae97-93326347b45c,dev,50,original,hold,False,0.5,Always successful,1.0,0.5,True
b050_original/episode_019e298a-84a1-7557-ae97-93326347b45c/random_walk,episode_019e298a-84a1-7557-ae97-93326347b45c,dev,50,original,random_walk,False,0.5,Always successful,1.0,0.5,True
b050_original/episode_019e3c90-fb67-765e-8e8e-12c56ddda3ba/replay_control,episode_019e3c90-fb67-765e-8e8e-12c56ddda3ba,dev,50,original,replay_control,True,1.0,Always successful,1.0,0.5,True
b050_original/episode_019e3c90-fb67-765e-8e8e-12c56ddda3ba/hold,episode_019e3c90-fb67-765e-8e8e-12c56ddda3ba,dev,50,original,hold,False,0.5,Always successful,1.0,0.5,True
b050_original/episode_019e3c90-fb67-765e-8e8e-12c56ddda3ba/random_walk,episode_019e3c90-fb67-765e-8e8e-12c56ddda3ba,dev,50,original,random_walk,False,0.5,Always successful,1.0,0.5,True
b050_original/episode_019e1e35-af9f-7d66-93b0-478d1c079799/replay_control,episode_019e1e35-af9f-7d66-93b0-478d1c079799,test,50,original,replay_control,True,1.0,Always successful,1.0,0.5,True
b050_original/episode_019e1e35-af9f-7d66-93b0-478d1c079799/hold,episode_019e1e35-af9f-7d66-93b0-478d1c079799,test,50,original,hold,False,0.5,Always successful,1.0,0.5,True
b050_original/episode_019e1e35-af9f-7d66-93b0-478d1c079799/random_walk,episode_019e1e35-af9f-7d66-93b0-478d1c079799,test,50,original,random_walk,False,0.5,Always successful,1.0,0.5,True
b050_original/episode_019e2d91-6e08-7f79-a3e4-c843c73a3ef2/replay_control,episode_019e2d91-6e08-7f79-a3e4-c843c73a3ef2,test,50,original,replay_control,True,1.0,Always successful,1.0,0.5,True
b050_original/episode_019e2d91-6e08-7f79-a3e4-c843c73a3ef2/hold,episode_019e2d91-6e08-7f79-a3e4-c843c73a3ef2,test,50,original,hold,False,0.5,Always successful,1.0,0.5,True
b050_original/episode_019e2d91-6e08-7f79-a3e4-c843c73a3ef2/random_walk,episode_019e2d91-6e08-7f79-a3e4-c843c73a3ef2,test,50,original,random_walk,False,0.5,Always successful,1.0,0.5,True
b050_original/episode_019e3c25-a92e-7824-a264-f1da48b9bd3d/replay_control,episode_019e3c25-a92e-7824-a264-f1da48b9bd3d,test,50,original,replay_control,True,1.0,Always successful,1.0,0.5,True
b050_original/episode_019e3c25-a92e-7824-a264-f1da48b9bd3d/hold,episode_019e3c25-a92e-7824-a264-f1da48b9bd3d,test,50,original,hold,False,0.5,Always successful,1.0,0.5,True
b050_original/episode_019e3c25-a92e-7824-a264-f1da48b9bd3d/random_walk,episode_019e3c25-a92e-7824-a264-f1da48b9bd3d,test,50,original,random_walk,False,0.5,Always successful,1.0,0.5,True
b050_original/episode_019e2261-5abe-7ece-910d-8988dd12106a/replay_control,episode_019e2261-5abe-7ece-910d-8988dd12106a,test,50,original,replay_control,True,1.0,Always successful,1.0,0.5,True
b050_original/episode_019e2261-5abe-7ece-910d-8988dd12106a/hold,episode_019e2261-5abe-7ece-910d-8988dd12106a,test,50,original,hold,False,0.5,Always successful,1.0,0.5,True
b050_original/episode_019e2261-5abe-7ece-910d-8988dd12106a/random_walk,episode_019e2261-5abe-7ece-910d-8988dd12106a,test,50,original,random_walk,False,0.5,Always successful,1.0,0.5,True
b050_parked/episode_019e298a-84a1-7557-ae97-93326347b45c/replay_control,episode_019e298a-84a1-7557-ae97-93326347b45c,dev,50,parked,replay_control,True,1.0,Always successful,1.0,0.5,True
b050_parked/episode_019e298a-84a1-7557-ae97-93326347b45c/hold,episode_019e298a-84a1-7557-ae97-93326347b45c,dev,50,parked,hold,False,0.5,Always successful,1.0,0.5,True
b050_parked/episode_019e298a-84a1-7557-ae97-93326347b45c/random_walk,episode_019e298a-84a1-7557-ae97-93326347b45c,dev,50,parked,random_walk,False,0.5,Always successful,1.0,0.5,True
b050_parked/episode_019e3c90-fb67-765e-8e8e-12c56ddda3ba/replay_control,episode_019e3c90-fb67-765e-8e8e-12c56ddda3ba,dev,50,parked,replay_control,True,1.0,Always successful,1.0,0.5,True
b050_parked/episode_019e3c90-fb67-765e-8e8e-12c56ddda3ba/hold,episode_019e3c90-fb67-765e-8e8e-12c56ddda3ba,dev,50,parked,hold,False,0.5,Always successful,1.0,0.5,True
b050_parked/episode_019e3c90-fb67-765e-8e8e-12c56ddda3ba/random_walk,episode_019e3c90-fb67-765e-8e8e-12c56ddda3ba,dev,50,parked,random_walk,False,0.5,Always successful,1.0,0.5,True
b050_parked/episode_019e1e35-af9f-7d66-93b0-478d1c079799/replay_control,episode_019e1e35-af9f-7d66-93b0-478d1c079799,test,50,parked,replay_control,True,1.0,Always successful,1.0,0.5,True
b050_parked/episode_019e1e35-af9f-7d66-93b0-478d1c079799/hold,episode_019e1e35-af9f-7d66-93b0-478d1c079799,test,50,parked,hold,False,0.5,Always successful,1.0,0.5,True
b050_parked/episode_019e1e35-af9f-7d66-93b0-478d1c079799/random_walk,episode_019e1e35-af9f-7d66-93b0-478d1c079799,test,50,parked,random_walk,False,0.5,Always successful,1.0,0.5,True
b050_parked/episode_019e2d91-6e08-7f79-a3e4-c843c73a3ef2/replay_control,episode_019e2d91-6e08-7f79-a3e4-c843c73a3ef2,test,50,parked,replay_control,True,1.0,Always successful,1.0,0.5,True
b050_parked/episode_019e2d91-6e08-7f79-a3e4-c843c73a3ef2/hold,episode_019e2d91-6e08-7f79-a3e4-c843c73a3ef2,test,50,parked,hold,False,0.5,Always successful,1.0,0.5,True
b050_parked/episode_019e2d91-6e08-7f79-a3e4-c843c73a3ef2/random_walk,episode_019e2d91-6e08-7f79-a3e4-c843c73a3ef2,test,50,parked,random_walk,False,0.5,Always successful,1.0,0.5,True
b050_parked/episode_019e3c25-a92e-7824-a264-f1da48b9bd3d/replay_control,episode_019e3c25-a92e-7824-a264-f1da48b9bd3d,test,50,parked,replay_control,True,1.0,Always successful,1.0,0.5,True
b050_parked/episode_019e3c25-a92e-7824-a264-f1da48b9bd3d/hold,episode_019e3c25-a92e-7824-a264-f1da48b9bd3d,test,50,parked,hold,False,0.5,Always successful,1.0,0.5,True
b050_parked/episode_019e3c25-a92e-7824-a264-f1da48b9bd3d/random_walk,episode_019e3c25-a92e-7824-a264-f1da48b9bd3d,test,50,parked,random_walk,False,0.5,Always successful,1.0,0.5,True
b050_parked/episode_019e2261-5abe-7ece-910d-8988dd12106a/replay_control,episode_019e2261-5abe-7ece-910d-8988dd12106a,test,50,parked,replay_control,True,1.0,Always successful,1.0,0.5,True
b050_parked/episode_019e2261-5abe-7ece-910d-8988dd12106a/hold,episode_019e2261-5abe-7ece-910d-8988dd12106a,test,50,parked,hold,False,0.5,Always successful,1.0,0.5,True
b050_parked/episode_019e2261-5abe-7ece-910d-8988dd12106a/random_walk,episode_019e2261-5abe-7ece-910d-8988dd12106a,test,50,parked,random_walk,False,0.5,Always successful,1.0,0.5,True
b070_original/episode_019e298a-84a1-7557-ae97-93326347b45c/replay_control,episode_019e298a-84a1-7557-ae97-93326347b45c,dev,70,original,replay_control,True,1.0,Always successful,1.0,0.5,True
b070_original/episode_019e298a-84a1-7557-ae97-93326347b45c/hold,episode_019e298a-84a1-7557-ae97-93326347b45c,dev,70,original,hold,False,0.5,Always successful,1.0,0.5,True
b070_original/episode_019e298a-84a1-7557-ae97-93326347b45c/random_walk,episode_019e298a-84a1-7557-ae97-93326347b45c,dev,70,original,random_walk,True,1.0,Always successful,1.0,0.5,True
b070_original/episode_019e3c90-fb67-765e-8e8e-12c56ddda3ba/replay_control,episode_019e3c90-fb67-765e-8e8e-12c56ddda3ba,dev,70,original,replay_control,True,1.0,Always successful,1.0,0.5,True
b070_original/episode_019e3c90-fb67-765e-8e8e-12c56ddda3ba/hold,episode_019e3c90-fb67-765e-8e8e-12c56ddda3ba,dev,70,original,hold,False,0.5,Always successful,1.0,0.5,True
b070_original/episode_019e3c90-fb67-765e-8e8e-12c56ddda3ba/random_walk,episode_019e3c90-fb67-765e-8e8e-12c56ddda3ba,dev,70,original,random_walk,False,0.5,Always successful,1.0,0.5,True
b070_original/episode_019e1e35-af9f-7d66-93b0-478d1c079799/replay_control,episode_019e1e35-af9f-7d66-93b0-478d1c079799,test,70,original,replay_control,True,1.0,Always successful,1.0,0.5,True
b070_original/episode_019e1e35-af9f-7d66-93b0-478d1c079799/hold,episode_019e1e35-af9f-7d66-93b0-478d1c079799,test,70,original,hold,False,0.5,Always successful,1.0,0.5,True
b070_original/episode_019e1e35-af9f-7d66-93b0-478d1c079799/random_walk,episode_019e1e35-af9f-7d66-93b0-478d1c079799,test,70,original,random_walk,False,0.5,Always successful,1.0,0.5,True
b070_original/episode_019e2d91-6e08-7f79-a3e4-c843c73a3ef2/replay_control,episode_019e2d91-6e08-7f79-a3e4-c843c73a3ef2,test,70,original,replay_control,True,1.0,Always successful,1.0,0.5,True
b070_original/episode_019e2d91-6e08-7f79-a3e4-c843c73a3ef2/hold,episode_019e2d91-6e08-7f79-a3e4-c843c73a3ef2,test,70,original,hold,False,0.5,Always successful,1.0,0.5,True
b070_original/episode_019e2d91-6e08-7f79-a3e4-c843c73a3ef2/random_walk,episode_019e2d91-6e08-7f79-a3e4-c843c73a3ef2,test,70,original,random_walk,False,0.5,Always successful,1.0,0.5,True
b070_original/episode_019e3c25-a92e-7824-a264-f1da48b9bd3d/replay_control,episode_019e3c25-a92e-7824-a264-f1da48b9bd3d,test,70,original,replay_control,True,1.0,Always successful,1.0,0.5,True
b070_original/episode_019e3c25-a92e-7824-a264-f1da48b9bd3d/hold,episode_019e3c25-a92e-7824-a264-f1da48b9bd3d,test,70,original,hold,False,0.5,Always successful,1.0,0.5,True
b070_original/episode_019e3c25-a92e-7824-a264-f1da48b9bd3d/random_walk,episode_019e3c25-a92e-7824-a264-f1da48b9bd3d,test,70,original,random_walk,False,0.5,Always successful,1.0,0.5,True
b070_original/episode_019e2261-5abe-7ece-910d-8988dd12106a/replay_control,episode_019e2261-5abe-7ece-910d-8988dd12106a,test,70,original,replay_control,True,1.0,Always successful,1.0,0.5,True
b070_original/episode_019e2261-5abe-7ece-910d-8988dd12106a/hold,episode_019e2261-5abe-7ece-910d-8988dd12106a,test,70,original,hold,False,0.5,Always successful,1.0,0.5,True
b070_original/episode_019e2261-5abe-7ece-910d-8988dd12106a/random_walk,episode_019e2261-5abe-7ece-910d-8988dd12106a,test,70,original,random_walk,True,1.0,Always successful,1.0,0.5,True
b070_parked/episode_019e298a-84a1-7557-ae97-93326347b45c/replay_control,episode_019e298a-84a1-7557-ae97-93326347b45c,dev,70,parked,replay_control,True,1.0,Always successful,1.0,0.5,True
b070_parked/episode_019e298a-84a1-7557-ae97-93326347b45c/hold,episode_019e298a-84a1-7557-ae97-93326347b45c,dev,70,parked,hold,False,0.5,Always successful,1.0,0.5,True
b070_parked/episode_019e298a-84a1-7557-ae97-93326347b45c/random_walk,episode_019e298a-84a1-7557-ae97-93326347b45c,dev,70,parked,random_walk,True,1.0,Always successful,1.0,0.5,True
b070_parked/episode_019e3c90-fb67-765e-8e8e-12c56ddda3ba/replay_control,episode_019e3c90-fb67-765e-8e8e-12c56ddda3ba,dev,70,parked,replay_control,True,1.0,Always successful,1.0,0.5,True
b070_parked/episode_019e3c90-fb67-765e-8e8e-12c56ddda3ba/hold,episode_019e3c90-fb67-765e-8e8e-12c56ddda3ba,dev,70,parked,hold,False,0.5,Always successful,1.0,0.5,True
b070_parked/episode_019e3c90-fb67-765e-8e8e-12c56ddda3ba/random_walk,episode_019e3c90-fb67-765e-8e8e-12c56ddda3ba,dev,70,parked,random_walk,False,0.5,Always successful,1.0,0.5,True
b070_parked/episode_019e1e35-af9f-7d66-93b0-478d1c079799/replay_control,episode_019e1e35-af9f-7d66-93b0-478d1c079799,test,70,parked,replay_control,True,1.0,Always successful,1.0,0.5,True
b070_parked/episode_019e1e35-af9f-7d66-93b0-478d1c079799/hold,episode_019e1e35-af9f-7d66-93b0-478d1c079799,test,70,parked,hold,True,1.0,Always successful,1.0,0.5,True
b070_parked/episode_019e1e35-af9f-7d66-93b0-478d1c079799/random_walk,episode_019e1e35-af9f-7d66-93b0-478d1c079799,test,70,parked,random_walk,False,0.5,Always successful,1.0,0.5,True
b070_parked/episode_019e2d91-6e08-7f79-a3e4-c843c73a3ef2/replay_control,episode_019e2d91-6e08-7f79-a3e4-c843c73a3ef2,test,70,parked,replay_control,True,1.0,Always successful,1.0,0.5,True
b070_parked/episode_019e2d91-6e08-7f79-a3e4-c843c73a3ef2/hold,episode_019e2d91-6e08-7f79-a3e4-c843c73a3ef2,test,70,parked,hold,False,0.5,Always successful,1.0,0.5,True
b070_parked/episode_019e2d91-6e08-7f79-a3e4-c843c73a3ef2/random_walk,episode_019e2d91-6e08-7f79-a3e4-c843c73a3ef2,test,70,parked,random_walk,False,0.5,Always successful,1.0,0.5,True
b070_parked/episode_019e3c25-a92e-7824-a264-f1da48b9bd3d/replay_control,episode_019e3c25-a92e-7824-a264-f1da48b9bd3d,test,70,parked,replay_control,True,1.0,Always successful,1.0,0.5,True
b070_parked/episode_019e3c25-a92e-7824-a264-f1da48b9bd3d/hold,episode_019e3c25-a92e-7824-a264-f1da48b9bd3d,test,70,parked,hold,False,0.5,Always successful,1.0,0.5,True
b070_parked/episode_019e3c25-a92e-7824-a264-f1da48b9bd3d/random_walk,episode_019e3c25-a92e-7824-a264-f1da48b9bd3d,test,70,parked,random_walk,False,0.5,Always successful,1.0,0.5,True
b070_parked/episode_019e2261-5abe-7ece-910d-8988dd12106a/replay_control,episode_019e2261-5abe-7ece-910d-8988dd12106a,test,70,parked,replay_control,True,1.0,Always successful,1.0,0.5,True
b070_parked/episode_019e2261-5abe-7ece-910d-8988dd12106a/hold,episode_019e2261-5abe-7ece-910d-8988dd12106a,test,70,parked,hold,False,0.5,Always successful,1.0,0.5,True
b070_parked/episode_019e2261-5abe-7ece-910d-8988dd12106a/random_walk,episode_019e2261-5abe-7ece-910d-8988dd12106a,test,70,parked,random_walk,True,1.0,Always successful,1.0,0.5,True
b090_original/episode_019e298a-84a1-7557-ae97-93326347b45c/replay_control,episode_019e298a-84a1-7557-ae97-93326347b45c,dev,90,original,replay_control,True,1.0,Always successful,1.0,0.5,True
b090_original/episode_019e298a-84a1-7557-ae97-93326347b45c/hold,episode_019e298a-84a1-7557-ae97-93326347b45c,dev,90,original,hold,True,1.0,Always successful,1.0,0.5,True
b090_original/episode_019e298a-84a1-7557-ae97-93326347b45c/random_walk,episode_019e298a-84a1-7557-ae97-93326347b45c,dev,90,original,random_walk,True,1.0,Always successful,1.0,0.5,True
b090_original/episode_019e3c90-fb67-765e-8e8e-12c56ddda3ba/replay_control,episode_019e3c90-fb67-765e-8e8e-12c56ddda3ba,dev,90,original,replay_control,True,1.0,Always successful,1.0,0.5,True
b090_original/episode_019e3c90-fb67-765e-8e8e-12c56ddda3ba/hold,episode_019e3c90-fb67-765e-8e8e-12c56ddda3ba,dev,90,original,hold,True,1.0,Always successful,1.0,0.5,True
b090_original/episode_019e3c90-fb67-765e-8e8e-12c56ddda3ba/random_walk,episode_019e3c90-fb67-765e-8e8e-12c56ddda3ba,dev,90,original,random_walk,True,1.0,Always successful,1.0,0.5,True
b090_original/episode_019e1e35-af9f-7d66-93b0-478d1c079799/replay_control,episode_019e1e35-af9f-7d66-93b0-478d1c079799,test,90,original,replay_control,True,1.0,Always successful,1.0,0.5,True
b090_original/episode_019e1e35-af9f-7d66-93b0-478d1c079799/hold,episode_019e1e35-af9f-7d66-93b0-478d1c079799,test,90,original,hold,True,1.0,Always successful,1.0,0.5,True
b090_original/episode_019e1e35-af9f-7d66-93b0-478d1c079799/random_walk,episode_019e1e35-af9f-7d66-93b0-478d1c079799,test,90,original,random_walk,True,1.0,Always successful,1.0,0.5,True
b090_original/episode_019e2d91-6e08-7f79-a3e4-c843c73a3ef2/replay_control,episode_019e2d91-6e08-7f79-a3e4-c843c73a3ef2,test,90,original,replay_control,True,1.0,Always successful,1.0,0.5,True
b090_original/episode_019e2d91-6e08-7f79-a3e4-c843c73a3ef2/hold,episode_019e2d91-6e08-7f79-a3e4-c843c73a3ef2,test,90,original,hold,True,1.0,Always successful,1.0,0.5,True
b090_original/episode_019e2d91-6e08-7f79-a3e4-c843c73a3ef2/random_walk,episode_019e2d91-6e08-7f79-a3e4-c843c73a3ef2,test,90,original,random_walk,True,1.0,Always successful,1.0,0.5,True
b090_original/episode_019e3c25-a92e-7824-a264-f1da48b9bd3d/replay_control,episode_019e3c25-a92e-7824-a264-f1da48b9bd3d,test,90,original,replay_control,True,1.0,Always successful,1.0,0.5,True
b090_original/episode_019e3c25-a92e-7824-a264-f1da48b9bd3d/hold,episode_019e3c25-a92e-7824-a264-f1da48b9bd3d,test,90,original,hold,True,1.0,Always successful,1.0,0.5,True
b090_original/episode_019e3c25-a92e-7824-a264-f1da48b9bd3d/random_walk,episode_019e3c25-a92e-7824-a264-f1da48b9bd3d,test,90,original,random_walk,True,1.0,Always successful,1.0,0.5,True
b090_original/episode_019e2261-5abe-7ece-910d-8988dd12106a/replay_control,episode_019e2261-5abe-7ece-910d-8988dd12106a,test,90,original,replay_control,True,1.0,Always successful,1.0,0.5,True
b090_original/episode_019e2261-5abe-7ece-910d-8988dd12106a/hold,episode_019e2261-5abe-7ece-910d-8988dd12106a,test,90,original,hold,True,1.0,Always successful,1.0,0.5,True
b090_original/episode_019e2261-5abe-7ece-910d-8988dd12106a/random_walk,episode_019e2261-5abe-7ece-910d-8988dd12106a,test,90,original,random_walk,True,1.0,Always successful,1.0,0.5,True
b090_parked/episode_019e298a-84a1-7557-ae97-93326347b45c/replay_control,episode_019e298a-84a1-7557-ae97-93326347b45c,dev,90,parked,replay_control,True,1.0,Always successful,1.0,0.5,True
b090_parked/episode_019e298a-84a1-7557-ae97-93326347b45c/hold,episode_019e298a-84a1-7557-ae97-93326347b45c,dev,90,parked,hold,True,1.0,Always successful,1.0,0.5,True
b090_parked/episode_019e298a-84a1-7557-ae97-93326347b45c/random_walk,episode_019e298a-84a1-7557-ae97-93326347b45c,dev,90,parked,random_walk,True,1.0,Always successful,1.0,0.5,True
b090_parked/episode_019e3c90-fb67-765e-8e8e-12c56ddda3ba/replay_control,episode_019e3c90-fb67-765e-8e8e-12c56ddda3ba,dev,90,parked,replay_control,True,1.0,Always successful,1.0,0.5,True
b090_parked/episode_019e3c90-fb67-765e-8e8e-12c56ddda3ba/hold,episode_019e3c90-fb67-765e-8e8e-12c56ddda3ba,dev,90,parked,hold,True,1.0,Always successful,1.0,0.5,True
b090_parked/episode_019e3c90-fb67-765e-8e8e-12c56ddda3ba/random_walk,episode_019e3c90-fb67-765e-8e8e-12c56ddda3ba,dev,90,parked,random_walk,True,1.0,Always successful,1.0,0.5,True
b090_parked/episode_019e1e35-af9f-7d66-93b0-478d1c079799/replay_control,episode_019e1e35-af9f-7d66-93b0-478d1c079799,test,90,parked,replay_control,True,1.0,Always successful,1.0,0.5,True
b090_parked/episode_019e1e35-af9f-7d66-93b0-478d1c079799/hold,episode_019e1e35-af9f-7d66-93b0-478d1c079799,test,90,parked,hold,True,1.0,Always successful,1.0,0.5,True
b090_parked/episode_019e1e35-af9f-7d66-93b0-478d1c079799/random_walk,episode_019e1e35-af9f-7d66-93b0-478d1c079799,test,90,parked,random_walk,True,1.0,Always successful,1.0,0.5,True
b090_parked/episode_019e2d91-6e08-7f79-a3e4-c843c73a3ef2/replay_control,episode_019e2d91-6e08-7f79-a3e4-c843c73a3ef2,test,90,parked,replay_control,True,1.0,Always successful,1.0,0.5,True
b090_parked/episode_019e2d91-6e08-7f79-a3e4-c843c73a3ef2/hold,episode_019e2d91-6e08-7f79-a3e4-c843c73a3ef2,test,90,parked,hold,True,1.0,Always successful,1.0,0.5,True
b090_parked/episode_019e2d91-6e08-7f79-a3e4-c843c73a3ef2/random_walk,episode_019e2d91-6e08-7f79-a3e4-c843c73a3ef2,test,90,parked,random_walk,True,1.0,Always successful,1.0,0.5,True
b090_parked/episode_019e3c25-a92e-7824-a264-f1da48b9bd3d/replay_control,episode_019e3c25-a92e-7824-a264-f1da48b9bd3d,test,90,parked,replay_control,True,1.0,Always successful,1.0,0.5,True
b090_parked/episode_019e3c25-a92e-7824-a264-f1da48b9bd3d/hold,episode_019e3c25-a92e-7824-a264-f1da48b9bd3d,test,90,parked,hold,True,1.0,Always successful,1.0,0.5,True
b090_parked/episode_019e3c25-a92e-7824-a264-f1da48b9bd3d/random_walk,episode_019e3c25-a92e-7824-a264-f1da48b9bd3d,test,90,parked,random_walk,True,1.0,Always successful,1.0,0.5,True
b090_parked/episode_019e2261-5abe-7ece-910d-8988dd12106a/replay_control,episode_019e2261-5abe-7ece-910d-8988dd12106a,test,90,parked,replay_control,True,1.0,Always successful,1.0,0.5,True
b090_parked/episode_019e2261-5abe-7ece-910d-8988dd12106a/hold,episode_019e2261-5abe-7ece-910d-8988dd12106a,test,90,parked,hold,True,1.0,Always successful,1.0,0.5,True
b090_parked/episode_019e2261-5abe-7ece-910d-8988dd12106a/random_walk,episode_019e2261-5abe-7ece-910d-8988dd12106a,test,90,parked,random_walk,True,1.0,Always successful,1.0,0.5,True
