episode_id,frame,seconds,method,score,used_in_auroc
b050_original/episode_019e1e35-af9f-7d66-93b0-478d1c079799/replay_control,0,0.0,DT,-10.509050369262695,False
b050_original/episode_019e1e35-af9f-7d66-93b0-478d1c079799/replay_control,0,0.0,DINOv2,0.8646734952926636,False
b050_original/episode_019e1e35-af9f-7d66-93b0-478d1c079799/replay_control,0,0.0,Robometer success,0.0034834241960197687,False
b050_original/episode_019e1e35-af9f-7d66-93b0-478d1c079799/replay_control,50,1.6666666666666667,DT,-43.35578918457031,False
b050_original/episode_019e1e35-af9f-7d66-93b0-478d1c079799/replay_control,50,1.6666666666666667,DINOv2,0.7144110202789307,False
b050_original/episode_019e1e35-af9f-7d66-93b0-478d1c079799/replay_control,50,1.6666666666666667,Robometer success,0.0035936026833951473,False
b050_original/episode_019e1e35-af9f-7d66-93b0-478d1c079799/replay_control,99,3.3,DT,-20.8155574798584,False
b050_original/episode_019e1e35-af9f-7d66-93b0-478d1c079799/replay_control,99,3.3,DINOv2,0.6365096569061279,False
b050_original/episode_019e1e35-af9f-7d66-93b0-478d1c079799/replay_control,99,3.3,Robometer success,0.10230471193790436,False
b050_original/episode_019e1e35-af9f-7d66-93b0-478d1c079799/replay_control,149,4.966666666666667,DT,-18.523164749145508,False
b050_original/episode_019e1e35-af9f-7d66-93b0-478d1c079799/replay_control,149,4.966666666666667,DINOv2,0.676638126373291,False
b050_original/episode_019e1e35-af9f-7d66-93b0-478d1c079799/replay_control,149,4.966666666666667,Robometer success,0.13939638435840607,False
b050_original/episode_019e1e35-af9f-7d66-93b0-478d1c079799/replay_control,198,6.6,DT,-18.703384399414062,False
b050_original/episode_019e1e35-af9f-7d66-93b0-478d1c079799/replay_control,198,6.6,DINOv2,0.6940902471542358,False
b050_original/episode_019e1e35-af9f-7d66-93b0-478d1c079799/replay_control,198,6.6,Robometer success,0.03963883966207504,False
b050_original/episode_019e1e35-af9f-7d66-93b0-478d1c079799/replay_control,248,8.266666666666667,DT,-17.42197608947754,False
b050_original/episode_019e1e35-af9f-7d66-93b0-478d1c079799/replay_control,248,8.266666666666667,DINOv2,0.5878485441207886,False
b050_original/episode_019e1e35-af9f-7d66-93b0-478d1c079799/replay_control,248,8.266666666666667,Robometer success,0.05582314357161522,False
b050_original/episode_019e1e35-af9f-7d66-93b0-478d1c079799/replay_control,297,9.9,DT,-23.5273494720459,False
b050_original/episode_019e1e35-af9f-7d66-93b0-478d1c079799/replay_control,297,9.9,DINOv2,0.6039211750030518,False
b050_original/episode_019e1e35-af9f-7d66-93b0-478d1c079799/replay_control,297,9.9,Robometer success,0.11124119907617569,False
b050_original/episode_019e1e35-af9f-7d66-93b0-478d1c079799/replay_control,347,11.566666666666666,DT,-21.473464965820312,False
b050_original/episode_019e1e35-af9f-7d66-93b0-478d1c079799/replay_control,347,11.566666666666666,DINOv2,0.6139867901802063,False
b050_original/episode_019e1e35-af9f-7d66-93b0-478d1c079799/replay_control,347,11.566666666666666,Robometer success,0.12168574333190918,False
b050_original/episode_019e1e35-af9f-7d66-93b0-478d1c079799/replay_control,366,12.2,DT,-19.860565185546875,False
b050_original/episode_019e1e35-af9f-7d66-93b0-478d1c079799/replay_control,366,12.2,DINOv2,0.6302874684333801,False
b050_original/episode_019e1e35-af9f-7d66-93b0-478d1c079799/replay_control,366,12.2,Robometer success,0.26435837149620056,False
b050_original/episode_019e1e35-af9f-7d66-93b0-478d1c079799/replay_control,396,13.2,DT,-21.98918914794922,False
b050_original/episode_019e1e35-af9f-7d66-93b0-478d1c079799/replay_control,396,13.2,DINOv2,0.636050820350647,False
b050_original/episode_019e1e35-af9f-7d66-93b0-478d1c079799/replay_control,396,13.2,Robometer success,0.0838903859257698,False
b050_original/episode_019e1e35-af9f-7d66-93b0-478d1c079799/replay_control,446,14.866666666666667,DT,-13.141714096069336,False
b050_original/episode_019e1e35-af9f-7d66-93b0-478d1c079799/replay_control,446,14.866666666666667,DINOv2,0.6901397705078125,False
b050_original/episode_019e1e35-af9f-7d66-93b0-478d1c079799/replay_control,446,14.866666666666667,Robometer success,0.09534945338964462,False
b050_original/episode_019e1e35-af9f-7d66-93b0-478d1c079799/replay_control,496,16.533333333333335,DT,-18.42816925048828,False
b050_original/episode_019e1e35-af9f-7d66-93b0-478d1c079799/replay_control,496,16.533333333333335,DINOv2,0.6940481662750244,False
b050_original/episode_019e1e35-af9f-7d66-93b0-478d1c079799/replay_control,496,16.533333333333335,Robometer success,0.055005285888910294,False
b050_original/episode_019e1e35-af9f-7d66-93b0-478d1c079799/replay_control,545,18.166666666666668,DT,-14.388401985168457,False
b050_original/episode_019e1e35-af9f-7d66-93b0-478d1c079799/replay_control,545,18.166666666666668,DINOv2,0.6475436687469482,False
b050_original/episode_019e1e35-af9f-7d66-93b0-478d1c079799/replay_control,545,18.166666666666668,Robometer success,0.08756384253501892,False
b050_original/episode_019e1e35-af9f-7d66-93b0-478d1c079799/replay_control,595,19.833333333333332,DT,-11.107965469360352,False
b050_original/episode_019e1e35-af9f-7d66-93b0-478d1c079799/replay_control,595,19.833333333333332,DINOv2,0.7114416360855103,False
b050_original/episode_019e1e35-af9f-7d66-93b0-478d1c079799/replay_control,595,19.833333333333332,Robometer success,0.03676946833729744,False
b050_original/episode_019e1e35-af9f-7d66-93b0-478d1c079799/replay_control,644,21.466666666666665,DT,-9.577903747558594,False
b050_original/episode_019e1e35-af9f-7d66-93b0-478d1c079799/replay_control,644,21.466666666666665,DINOv2,0.7346528768539429,False
b050_original/episode_019e1e35-af9f-7d66-93b0-478d1c079799/replay_control,644,21.466666666666665,Robometer success,0.22815649211406708,False
b050_original/episode_019e1e35-af9f-7d66-93b0-478d1c079799/replay_control,694,23.133333333333333,DT,-2.6405584812164307,False
b050_original/episode_019e1e35-af9f-7d66-93b0-478d1c079799/replay_control,694,23.133333333333333,DINOv2,0.9364436864852905,False
b050_original/episode_019e1e35-af9f-7d66-93b0-478d1c079799/replay_control,694,23.133333333333333,Robometer success,0.009708477184176445,False
b050_original/episode_019e1e35-af9f-7d66-93b0-478d1c079799/replay_control,743,24.766666666666666,DT,-1.97938072681427,False
b050_original/episode_019e1e35-af9f-7d66-93b0-478d1c079799/replay_control,743,24.766666666666666,DINOv2,0.9981577396392822,False
b050_original/episode_019e1e35-af9f-7d66-93b0-478d1c079799/replay_control,743,24.766666666666666,Robometer success,0.09947021305561066,False
b050_original/episode_019e1e35-af9f-7d66-93b0-478d1c079799/replay_control,793,26.433333333333334,DT,-2.1582741737365723,True
b050_original/episode_019e1e35-af9f-7d66-93b0-478d1c079799/replay_control,793,26.433333333333334,DINOv2,0.9969192743301392,True
b050_original/episode_019e1e35-af9f-7d66-93b0-478d1c079799/replay_control,793,26.433333333333334,Robometer success,0.04603390023112297,True
b050_original/episode_019e1e35-af9f-7d66-93b0-478d1c079799/hold,0,0.0,DT,-10.509050369262695,False
b050_original/episode_019e1e35-af9f-7d66-93b0-478d1c079799/hold,0,0.0,DINOv2,0.8646734952926636,False
b050_original/episode_019e1e35-af9f-7d66-93b0-478d1c079799/hold,0,0.0,Robometer success,0.0034834241960197687,False
b050_original/episode_019e1e35-af9f-7d66-93b0-478d1c079799/hold,50,1.6666666666666667,DT,-43.35578918457031,False
b050_original/episode_019e1e35-af9f-7d66-93b0-478d1c079799/hold,50,1.6666666666666667,DINOv2,0.7144110202789307,False
b050_original/episode_019e1e35-af9f-7d66-93b0-478d1c079799/hold,50,1.6666666666666667,Robometer success,0.0035936026833951473,False
b050_original/episode_019e1e35-af9f-7d66-93b0-478d1c079799/hold,99,3.3,DT,-20.8155574798584,False
b050_original/episode_019e1e35-af9f-7d66-93b0-478d1c079799/hold,99,3.3,DINOv2,0.6365096569061279,False
b050_original/episode_019e1e35-af9f-7d66-93b0-478d1c079799/hold,99,3.3,Robometer success,0.10230471193790436,False
b050_original/episode_019e1e35-af9f-7d66-93b0-478d1c079799/hold,149,4.966666666666667,DT,-18.523164749145508,False
b050_original/episode_019e1e35-af9f-7d66-93b0-478d1c079799/hold,149,4.966666666666667,DINOv2,0.676638126373291,False
b050_original/episode_019e1e35-af9f-7d66-93b0-478d1c079799/hold,149,4.966666666666667,Robometer success,0.13939638435840607,False
b050_original/episode_019e1e35-af9f-7d66-93b0-478d1c079799/hold,198,6.6,DT,-18.703384399414062,False
b050_original/episode_019e1e35-af9f-7d66-93b0-478d1c079799/hold,198,6.6,DINOv2,0.6940902471542358,False
b050_original/episode_019e1e35-af9f-7d66-93b0-478d1c079799/hold,198,6.6,Robometer success,0.03963883966207504,False
b050_original/episode_019e1e35-af9f-7d66-93b0-478d1c079799/hold,248,8.266666666666667,DT,-17.42197608947754,False
b050_original/episode_019e1e35-af9f-7d66-93b0-478d1c079799/hold,248,8.266666666666667,DINOv2,0.5878485441207886,False
b050_original/episode_019e1e35-af9f-7d66-93b0-478d1c079799/hold,248,8.266666666666667,Robometer success,0.05582314357161522,False
b050_original/episode_019e1e35-af9f-7d66-93b0-478d1c079799/hold,297,9.9,DT,-23.5273494720459,False
b050_original/episode_019e1e35-af9f-7d66-93b0-478d1c079799/hold,297,9.9,DINOv2,0.6039211750030518,False
b050_original/episode_019e1e35-af9f-7d66-93b0-478d1c079799/hold,297,9.9,Robometer success,0.11124119907617569,False
b050_original/episode_019e1e35-af9f-7d66-93b0-478d1c079799/hold,347,11.566666666666666,DT,-21.473464965820312,False
b050_original/episode_019e1e35-af9f-7d66-93b0-478d1c079799/hold,347,11.566666666666666,DINOv2,0.6139867901802063,False
b050_original/episode_019e1e35-af9f-7d66-93b0-478d1c079799/hold,347,11.566666666666666,Robometer success,0.12168574333190918,False
b050_original/episode_019e1e35-af9f-7d66-93b0-478d1c079799/hold,366,12.2,DT,-19.860565185546875,False
b050_original/episode_019e1e35-af9f-7d66-93b0-478d1c079799/hold,366,12.2,DINOv2,0.6302874684333801,False
b050_original/episode_019e1e35-af9f-7d66-93b0-478d1c079799/hold,366,12.2,Robometer success,0.26435837149620056,False
b050_original/episode_019e1e35-af9f-7d66-93b0-478d1c079799/hold,396,13.2,DT,-20.54668426513672,False
b050_original/episode_019e1e35-af9f-7d66-93b0-478d1c079799/hold,396,13.2,DINOv2,0.6244568824768066,False
b050_original/episode_019e1e35-af9f-7d66-93b0-478d1c079799/hold,396,13.2,Robometer success,0.18359363079071045,False
b050_original/episode_019e1e35-af9f-7d66-93b0-478d1c079799/hold,446,14.866666666666667,DT,-20.595882415771484,False
b050_original/episode_019e1e35-af9f-7d66-93b0-478d1c079799/hold,446,14.866666666666667,DINOv2,0.6316516399383545,False
b050_original/episode_019e1e35-af9f-7d66-93b0-478d1c079799/hold,446,14.866666666666667,Robometer success,0.39793843030929565,False
b050_original/episode_019e1e35-af9f-7d66-93b0-478d1c079799/hold,496,16.533333333333335,DT,-20.436870574951172,False
b050_original/episode_019e1e35-af9f-7d66-93b0-478d1c079799/hold,496,16.533333333333335,DINOv2,0.6309107542037964,False
b050_original/episode_019e1e35-af9f-7d66-93b0-478d1c079799/hold,496,16.533333333333335,Robometer success,0.4510846734046936,False
b050_original/episode_019e1e35-af9f-7d66-93b0-478d1c079799/hold,545,18.166666666666668,DT,-20.25714874267578,False
b050_original/episode_019e1e35-af9f-7d66-93b0-478d1c079799/hold,545,18.166666666666668,DINOv2,0.6309055685997009,False
b050_original/episode_019e1e35-af9f-7d66-93b0-478d1c079799/hold,545,18.166666666666668,Robometer success,0.3242354094982147,False
b050_original/episode_019e1e35-af9f-7d66-93b0-478d1c079799/hold,595,19.833333333333332,DT,-20.247005462646484,False
b050_original/episode_019e1e35-af9f-7d66-93b0-478d1c079799/hold,595,19.833333333333332,DINOv2,0.6278812289237976,False
b050_original/episode_019e1e35-af9f-7d66-93b0-478d1c079799/hold,595,19.833333333333332,Robometer success,0.3015677034854889,False
b050_original/episode_019e1e35-af9f-7d66-93b0-478d1c079799/hold,644,21.466666666666665,DT,-20.552568435668945,False
b050_original/episode_019e1e35-af9f-7d66-93b0-478d1c079799/hold,644,21.466666666666665,DINOv2,0.6260828971862793,False
b050_original/episode_019e1e35-af9f-7d66-93b0-478d1c079799/hold,644,21.466666666666665,Robometer success,0.19682618975639343,False
b050_original/episode_019e1e35-af9f-7d66-93b0-478d1c079799/hold,694,23.133333333333333,DT,-19.848278045654297,False
b050_original/episode_019e1e35-af9f-7d66-93b0-478d1c079799/hold,694,23.133333333333333,DINOv2,0.6265712976455688,False
b050_original/episode_019e1e35-af9f-7d66-93b0-478d1c079799/hold,694,23.133333333333333,Robometer success,0.27904197573661804,False
b050_original/episode_019e1e35-af9f-7d66-93b0-478d1c079799/hold,743,24.766666666666666,DT,-19.500869750976562,False
b050_original/episode_019e1e35-af9f-7d66-93b0-478d1c079799/hold,743,24.766666666666666,DINOv2,0.6263636946678162,False
b050_original/episode_019e1e35-af9f-7d66-93b0-478d1c079799/hold,743,24.766666666666666,Robometer success,0.2538610100746155,False
b050_original/episode_019e1e35-af9f-7d66-93b0-478d1c079799/hold,793,26.433333333333334,DT,-18.87069320678711,True
b050_original/episode_019e1e35-af9f-7d66-93b0-478d1c079799/hold,793,26.433333333333334,DINOv2,0.6266199946403503,True
b050_original/episode_019e1e35-af9f-7d66-93b0-478d1c079799/hold,793,26.433333333333334,Robometer success,0.1919327825307846,True
b050_original/episode_019e1e35-af9f-7d66-93b0-478d1c079799/random_walk,0,0.0,DT,-10.509050369262695,False
b050_original/episode_019e1e35-af9f-7d66-93b0-478d1c079799/random_walk,0,0.0,DINOv2,0.8646734952926636,False
b050_original/episode_019e1e35-af9f-7d66-93b0-478d1c079799/random_walk,0,0.0,Robometer success,0.0034834241960197687,False
b050_original/episode_019e1e35-af9f-7d66-93b0-478d1c079799/random_walk,50,1.6666666666666667,DT,-43.35578918457031,False
b050_original/episode_019e1e35-af9f-7d66-93b0-478d1c079799/random_walk,50,1.6666666666666667,DINOv2,0.7144110202789307,False
b050_original/episode_019e1e35-af9f-7d66-93b0-478d1c079799/random_walk,50,1.6666666666666667,Robometer success,0.0035936026833951473,False
b050_original/episode_019e1e35-af9f-7d66-93b0-478d1c079799/random_walk,99,3.3,DT,-20.8155574798584,False
b050_original/episode_019e1e35-af9f-7d66-93b0-478d1c079799/random_walk,99,3.3,DINOv2,0.6365096569061279,False
b050_original/episode_019e1e35-af9f-7d66-93b0-478d1c079799/random_walk,99,3.3,Robometer success,0.10230471193790436,False
b050_original/episode_019e1e35-af9f-7d66-93b0-478d1c079799/random_walk,149,4.966666666666667,DT,-18.523164749145508,False
b050_original/episode_019e1e35-af9f-7d66-93b0-478d1c079799/random_walk,149,4.966666666666667,DINOv2,0.676638126373291,False
b050_original/episode_019e1e35-af9f-7d66-93b0-478d1c079799/random_walk,149,4.966666666666667,Robometer success,0.13939638435840607,False
b050_original/episode_019e1e35-af9f-7d66-93b0-478d1c079799/random_walk,198,6.6,DT,-18.703384399414062,False
b050_original/episode_019e1e35-af9f-7d66-93b0-478d1c079799/random_walk,198,6.6,DINOv2,0.6940902471542358,False
b050_original/episode_019e1e35-af9f-7d66-93b0-478d1c079799/random_walk,198,6.6,Robometer success,0.03963883966207504,False
b050_original/episode_019e1e35-af9f-7d66-93b0-478d1c079799/random_walk,248,8.266666666666667,DT,-17.42197608947754,False
b050_original/episode_019e1e35-af9f-7d66-93b0-478d1c079799/random_walk,248,8.266666666666667,DINOv2,0.5878485441207886,False
b050_original/episode_019e1e35-af9f-7d66-93b0-478d1c079799/random_walk,248,8.266666666666667,Robometer success,0.05582314357161522,False
b050_original/episode_019e1e35-af9f-7d66-93b0-478d1c079799/random_walk,297,9.9,DT,-23.5273494720459,False
b050_original/episode_019e1e35-af9f-7d66-93b0-478d1c079799/random_walk,297,9.9,DINOv2,0.6039211750030518,False
b050_original/episode_019e1e35-af9f-7d66-93b0-478d1c079799/random_walk,297,9.9,Robometer success,0.11124119907617569,False
b050_original/episode_019e1e35-af9f-7d66-93b0-478d1c079799/random_walk,347,11.566666666666666,DT,-21.473464965820312,False
b050_original/episode_019e1e35-af9f-7d66-93b0-478d1c079799/random_walk,347,11.566666666666666,DINOv2,0.6139867901802063,False
b050_original/episode_019e1e35-af9f-7d66-93b0-478d1c079799/random_walk,347,11.566666666666666,Robometer success,0.12168574333190918,False
b050_original/episode_019e1e35-af9f-7d66-93b0-478d1c079799/random_walk,366,12.2,DT,-19.860565185546875,False
b050_original/episode_019e1e35-af9f-7d66-93b0-478d1c079799/random_walk,366,12.2,DINOv2,0.6302874684333801,False
b050_original/episode_019e1e35-af9f-7d66-93b0-478d1c079799/random_walk,366,12.2,Robometer success,0.26435837149620056,False
b050_original/episode_019e1e35-af9f-7d66-93b0-478d1c079799/random_walk,396,13.2,DT,-19.554210662841797,False
b050_original/episode_019e1e35-af9f-7d66-93b0-478d1c079799/random_walk,396,13.2,DINOv2,0.7062928676605225,False
b050_original/episode_019e1e35-af9f-7d66-93b0-478d1c079799/random_walk,396,13.2,Robometer success,0.08269733935594559,False
b050_original/episode_019e1e35-af9f-7d66-93b0-478d1c079799/random_walk,446,14.866666666666667,DT,-15.555787086486816,False
b050_original/episode_019e1e35-af9f-7d66-93b0-478d1c079799/random_walk,446,14.866666666666667,DINOv2,0.6724918484687805,False
b050_original/episode_019e1e35-af9f-7d66-93b0-478d1c079799/random_walk,446,14.866666666666667,Robometer success,0.09009299427270889,False
b050_original/episode_019e1e35-af9f-7d66-93b0-478d1c079799/random_walk,496,16.533333333333335,DT,-19.252763748168945,False
b050_original/episode_019e1e35-af9f-7d66-93b0-478d1c079799/random_walk,496,16.533333333333335,DINOv2,0.6352492570877075,False
b050_original/episode_019e1e35-af9f-7d66-93b0-478d1c079799/random_walk,496,16.533333333333335,Robometer success,0.17217184603214264,False
b050_original/episode_019e1e35-af9f-7d66-93b0-478d1c079799/random_walk,545,18.166666666666668,DT,-13.932528495788574,False
b050_original/episode_019e1e35-af9f-7d66-93b0-478d1c079799/random_walk,545,18.166666666666668,DINOv2,0.5435225963592529,False
b050_original/episode_019e1e35-af9f-7d66-93b0-478d1c079799/random_walk,545,18.166666666666668,Robometer success,0.11920291930437088,False
b050_original/episode_019e1e35-af9f-7d66-93b0-478d1c079799/random_walk,595,19.833333333333332,DT,-22.02423667907715,False
b050_original/episode_019e1e35-af9f-7d66-93b0-478d1c079799/random_walk,595,19.833333333333332,DINOv2,0.6698068380355835,False
b050_original/episode_019e1e35-af9f-7d66-93b0-478d1c079799/random_walk,595,19.833333333333332,Robometer success,0.048136770725250244,False
b050_original/episode_019e1e35-af9f-7d66-93b0-478d1c079799/random_walk,644,21.466666666666665,DT,-26.902135848999023,False
b050_original/episode_019e1e35-af9f-7d66-93b0-478d1c079799/random_walk,644,21.466666666666665,DINOv2,0.6051235795021057,False
b050_original/episode_019e1e35-af9f-7d66-93b0-478d1c079799/random_walk,644,21.466666666666665,Robometer success,0.06097517907619476,False
b050_original/episode_019e1e35-af9f-7d66-93b0-478d1c079799/random_walk,694,23.133333333333333,DT,-18.526165008544922,False
b050_original/episode_019e1e35-af9f-7d66-93b0-478d1c079799/random_walk,694,23.133333333333333,DINOv2,0.685625433921814,False
b050_original/episode_019e1e35-af9f-7d66-93b0-478d1c079799/random_walk,694,23.133333333333333,Robometer success,0.08151976019144058,False
b050_original/episode_019e1e35-af9f-7d66-93b0-478d1c079799/random_walk,743,24.766666666666666,DT,-14.519222259521484,False
b050_original/episode_019e1e35-af9f-7d66-93b0-478d1c079799/random_walk,743,24.766666666666666,DINOv2,0.6062357425689697,False
b050_original/episode_019e1e35-af9f-7d66-93b0-478d1c079799/random_walk,743,24.766666666666666,Robometer success,0.09138210862874985,False
b050_original/episode_019e1e35-af9f-7d66-93b0-478d1c079799/random_walk,793,26.433333333333334,DT,-13.086189270019531,True
b050_original/episode_019e1e35-af9f-7d66-93b0-478d1c079799/random_walk,793,26.433333333333334,DINOv2,0.6645723581314087,True
b050_original/episode_019e1e35-af9f-7d66-93b0-478d1c079799/random_walk,793,26.433333333333334,Robometer success,0.05921025574207306,True
b050_parked/episode_019e1e35-af9f-7d66-93b0-478d1c079799/replay_control,0,0.0,DT,-10.509050369262695,False
b050_parked/episode_019e1e35-af9f-7d66-93b0-478d1c079799/replay_control,0,0.0,DINOv2,0.8646734952926636,False
b050_parked/episode_019e1e35-af9f-7d66-93b0-478d1c079799/replay_control,0,0.0,Robometer success,0.0034834241960197687,False
b050_parked/episode_019e1e35-af9f-7d66-93b0-478d1c079799/replay_control,50,1.6666666666666667,DT,-43.35578918457031,False
b050_parked/episode_019e1e35-af9f-7d66-93b0-478d1c079799/replay_control,50,1.6666666666666667,DINOv2,0.7144110202789307,False
b050_parked/episode_019e1e35-af9f-7d66-93b0-478d1c079799/replay_control,50,1.6666666666666667,Robometer success,0.0035936026833951473,False
b050_parked/episode_019e1e35-af9f-7d66-93b0-478d1c079799/replay_control,99,3.3,DT,-20.8155574798584,False
b050_parked/episode_019e1e35-af9f-7d66-93b0-478d1c079799/replay_control,99,3.3,DINOv2,0.6365096569061279,False
b050_parked/episode_019e1e35-af9f-7d66-93b0-478d1c079799/replay_control,99,3.3,Robometer success,0.10230471193790436,False
b050_parked/episode_019e1e35-af9f-7d66-93b0-478d1c079799/replay_control,149,4.966666666666667,DT,-18.523164749145508,False
b050_parked/episode_019e1e35-af9f-7d66-93b0-478d1c079799/replay_control,149,4.966666666666667,DINOv2,0.676638126373291,False
b050_parked/episode_019e1e35-af9f-7d66-93b0-478d1c079799/replay_control,149,4.966666666666667,Robometer success,0.13939638435840607,False
b050_parked/episode_019e1e35-af9f-7d66-93b0-478d1c079799/replay_control,198,6.6,DT,-18.703384399414062,False
b050_parked/episode_019e1e35-af9f-7d66-93b0-478d1c079799/replay_control,198,6.6,DINOv2,0.6940902471542358,False
b050_parked/episode_019e1e35-af9f-7d66-93b0-478d1c079799/replay_control,198,6.6,Robometer success,0.03963883966207504,False
b050_parked/episode_019e1e35-af9f-7d66-93b0-478d1c079799/replay_control,248,8.266666666666667,DT,-17.42197608947754,False
b050_parked/episode_019e1e35-af9f-7d66-93b0-478d1c079799/replay_control,248,8.266666666666667,DINOv2,0.5878485441207886,False
b050_parked/episode_019e1e35-af9f-7d66-93b0-478d1c079799/replay_control,248,8.266666666666667,Robometer success,0.05582314357161522,False
b050_parked/episode_019e1e35-af9f-7d66-93b0-478d1c079799/replay_control,297,9.9,DT,-23.5273494720459,False
b050_parked/episode_019e1e35-af9f-7d66-93b0-478d1c079799/replay_control,297,9.9,DINOv2,0.6039211750030518,False
b050_parked/episode_019e1e35-af9f-7d66-93b0-478d1c079799/replay_control,297,9.9,Robometer success,0.11124119907617569,False
b050_parked/episode_019e1e35-af9f-7d66-93b0-478d1c079799/replay_control,347,11.566666666666666,DT,-21.473464965820312,False
b050_parked/episode_019e1e35-af9f-7d66-93b0-478d1c079799/replay_control,347,11.566666666666666,DINOv2,0.6139867901802063,False
b050_parked/episode_019e1e35-af9f-7d66-93b0-478d1c079799/replay_control,347,11.566666666666666,Robometer success,0.12168574333190918,False
b050_parked/episode_019e1e35-af9f-7d66-93b0-478d1c079799/replay_control,366,12.2,DT,-19.860565185546875,False
b050_parked/episode_019e1e35-af9f-7d66-93b0-478d1c079799/replay_control,366,12.2,DINOv2,0.6302874684333801,False
b050_parked/episode_019e1e35-af9f-7d66-93b0-478d1c079799/replay_control,366,12.2,Robometer success,0.26435837149620056,False
b050_parked/episode_019e1e35-af9f-7d66-93b0-478d1c079799/replay_control,396,13.2,DT,-21.98918914794922,False
b050_parked/episode_019e1e35-af9f-7d66-93b0-478d1c079799/replay_control,396,13.2,DINOv2,0.636050820350647,False
b050_parked/episode_019e1e35-af9f-7d66-93b0-478d1c079799/replay_control,396,13.2,Robometer success,0.0838903859257698,False
b050_parked/episode_019e1e35-af9f-7d66-93b0-478d1c079799/replay_control,446,14.866666666666667,DT,-13.141714096069336,False
b050_parked/episode_019e1e35-af9f-7d66-93b0-478d1c079799/replay_control,446,14.866666666666667,DINOv2,0.6901397705078125,False
b050_parked/episode_019e1e35-af9f-7d66-93b0-478d1c079799/replay_control,446,14.866666666666667,Robometer success,0.09534945338964462,False
b050_parked/episode_019e1e35-af9f-7d66-93b0-478d1c079799/replay_control,496,16.533333333333335,DT,-18.42816925048828,False
b050_parked/episode_019e1e35-af9f-7d66-93b0-478d1c079799/replay_control,496,16.533333333333335,DINOv2,0.6940481662750244,False
b050_parked/episode_019e1e35-af9f-7d66-93b0-478d1c079799/replay_control,496,16.533333333333335,Robometer success,0.055005285888910294,False
b050_parked/episode_019e1e35-af9f-7d66-93b0-478d1c079799/replay_control,545,18.166666666666668,DT,-14.388401985168457,False
b050_parked/episode_019e1e35-af9f-7d66-93b0-478d1c079799/replay_control,545,18.166666666666668,DINOv2,0.6475436687469482,False
b050_parked/episode_019e1e35-af9f-7d66-93b0-478d1c079799/replay_control,545,18.166666666666668,Robometer success,0.08756384253501892,False
b050_parked/episode_019e1e35-af9f-7d66-93b0-478d1c079799/replay_control,595,19.833333333333332,DT,-11.107965469360352,False
b050_parked/episode_019e1e35-af9f-7d66-93b0-478d1c079799/replay_control,595,19.833333333333332,DINOv2,0.7114416360855103,False
b050_parked/episode_019e1e35-af9f-7d66-93b0-478d1c079799/replay_control,595,19.833333333333332,Robometer success,0.03676946833729744,False
b050_parked/episode_019e1e35-af9f-7d66-93b0-478d1c079799/replay_control,644,21.466666666666665,DT,-9.577903747558594,False
b050_parked/episode_019e1e35-af9f-7d66-93b0-478d1c079799/replay_control,644,21.466666666666665,DINOv2,0.7346528768539429,False
b050_parked/episode_019e1e35-af9f-7d66-93b0-478d1c079799/replay_control,644,21.466666666666665,Robometer success,0.22815649211406708,False
b050_parked/episode_019e1e35-af9f-7d66-93b0-478d1c079799/replay_control,694,23.133333333333333,DT,-2.6405584812164307,False
b050_parked/episode_019e1e35-af9f-7d66-93b0-478d1c079799/replay_control,694,23.133333333333333,DINOv2,0.9364436864852905,False
b050_parked/episode_019e1e35-af9f-7d66-93b0-478d1c079799/replay_control,694,23.133333333333333,Robometer success,0.009708477184176445,False
b050_parked/episode_019e1e35-af9f-7d66-93b0-478d1c079799/replay_control,743,24.766666666666666,DT,-1.97938072681427,False
b050_parked/episode_019e1e35-af9f-7d66-93b0-478d1c079799/replay_control,743,24.766666666666666,DINOv2,0.9981577396392822,False
b050_parked/episode_019e1e35-af9f-7d66-93b0-478d1c079799/replay_control,743,24.766666666666666,Robometer success,0.09947021305561066,False
b050_parked/episode_019e1e35-af9f-7d66-93b0-478d1c079799/replay_control,793,26.433333333333334,DT,-2.1582741737365723,False
b050_parked/episode_019e1e35-af9f-7d66-93b0-478d1c079799/replay_control,793,26.433333333333334,DINOv2,0.9969192743301392,False
b050_parked/episode_019e1e35-af9f-7d66-93b0-478d1c079799/replay_control,793,26.433333333333334,Robometer success,0.04603390023112297,False
b050_parked/episode_019e1e35-af9f-7d66-93b0-478d1c079799/replay_control,853,28.433333333333334,DT,-1.9688029289245605,False
b050_parked/episode_019e1e35-af9f-7d66-93b0-478d1c079799/replay_control,853,28.433333333333334,DINOv2,0.9991313219070435,False
b050_parked/episode_019e1e35-af9f-7d66-93b0-478d1c079799/replay_control,853,28.433333333333334,Robometer success,0.04742587357759476,False
b050_parked/episode_019e1e35-af9f-7d66-93b0-478d1c079799/replay_control,913,30.433333333333334,DT,-1.9537842273712158,False
b050_parked/episode_019e1e35-af9f-7d66-93b0-478d1c079799/replay_control,913,30.433333333333334,DINOv2,0.9984194040298462,False
b050_parked/episode_019e1e35-af9f-7d66-93b0-478d1c079799/replay_control,913,30.433333333333334,Robometer success,0.24944725632667542,False
b050_parked/episode_019e1e35-af9f-7d66-93b0-478d1c079799/replay_control,973,32.43333333333333,DT,-1.9043715000152588,False
b050_parked/episode_019e1e35-af9f-7d66-93b0-478d1c079799/replay_control,973,32.43333333333333,DINOv2,0.9987756013870239,False
b050_parked/episode_019e1e35-af9f-7d66-93b0-478d1c079799/replay_control,973,32.43333333333333,Robometer success,0.47475293278694153,False
b050_parked/episode_019e1e35-af9f-7d66-93b0-478d1c079799/replay_control,1033,34.43333333333333,DT,-1.9887738227844238,False
b050_parked/episode_019e1e35-af9f-7d66-93b0-478d1c079799/replay_control,1033,34.43333333333333,DINOv2,0.9990662336349487,False
b050_parked/episode_019e1e35-af9f-7d66-93b0-478d1c079799/replay_control,1033,34.43333333333333,Robometer success,0.1225232183933258,False
b050_parked/episode_019e1e35-af9f-7d66-93b0-478d1c079799/replay_control,1093,36.43333333333333,DT,-1.992868185043335,True
b050_parked/episode_019e1e35-af9f-7d66-93b0-478d1c079799/replay_control,1093,36.43333333333333,DINOv2,0.9992449879646301,True
b050_parked/episode_019e1e35-af9f-7d66-93b0-478d1c079799/replay_control,1093,36.43333333333333,Robometer success,0.1233656257390976,True
b050_parked/episode_019e1e35-af9f-7d66-93b0-478d1c079799/hold,0,0.0,DT,-10.509050369262695,False
b050_parked/episode_019e1e35-af9f-7d66-93b0-478d1c079799/hold,0,0.0,DINOv2,0.8646734952926636,False
b050_parked/episode_019e1e35-af9f-7d66-93b0-478d1c079799/hold,0,0.0,Robometer success,0.0034834241960197687,False
b050_parked/episode_019e1e35-af9f-7d66-93b0-478d1c079799/hold,50,1.6666666666666667,DT,-43.35578918457031,False
b050_parked/episode_019e1e35-af9f-7d66-93b0-478d1c079799/hold,50,1.6666666666666667,DINOv2,0.7144110202789307,False
b050_parked/episode_019e1e35-af9f-7d66-93b0-478d1c079799/hold,50,1.6666666666666667,Robometer success,0.0035936026833951473,False
b050_parked/episode_019e1e35-af9f-7d66-93b0-478d1c079799/hold,99,3.3,DT,-20.8155574798584,False
b050_parked/episode_019e1e35-af9f-7d66-93b0-478d1c079799/hold,99,3.3,DINOv2,0.6365096569061279,False
b050_parked/episode_019e1e35-af9f-7d66-93b0-478d1c079799/hold,99,3.3,Robometer success,0.10230471193790436,False
b050_parked/episode_019e1e35-af9f-7d66-93b0-478d1c079799/hold,149,4.966666666666667,DT,-18.523164749145508,False
b050_parked/episode_019e1e35-af9f-7d66-93b0-478d1c079799/hold,149,4.966666666666667,DINOv2,0.676638126373291,False
b050_parked/episode_019e1e35-af9f-7d66-93b0-478d1c079799/hold,149,4.966666666666667,Robometer success,0.13939638435840607,False
b050_parked/episode_019e1e35-af9f-7d66-93b0-478d1c079799/hold,198,6.6,DT,-18.703384399414062,False
b050_parked/episode_019e1e35-af9f-7d66-93b0-478d1c079799/hold,198,6.6,DINOv2,0.6940902471542358,False
b050_parked/episode_019e1e35-af9f-7d66-93b0-478d1c079799/hold,198,6.6,Robometer success,0.03963883966207504,False
b050_parked/episode_019e1e35-af9f-7d66-93b0-478d1c079799/hold,248,8.266666666666667,DT,-17.42197608947754,False
b050_parked/episode_019e1e35-af9f-7d66-93b0-478d1c079799/hold,248,8.266666666666667,DINOv2,0.5878485441207886,False
b050_parked/episode_019e1e35-af9f-7d66-93b0-478d1c079799/hold,248,8.266666666666667,Robometer success,0.05582314357161522,False
b050_parked/episode_019e1e35-af9f-7d66-93b0-478d1c079799/hold,297,9.9,DT,-23.5273494720459,False
b050_parked/episode_019e1e35-af9f-7d66-93b0-478d1c079799/hold,297,9.9,DINOv2,0.6039211750030518,False
b050_parked/episode_019e1e35-af9f-7d66-93b0-478d1c079799/hold,297,9.9,Robometer success,0.11124119907617569,False
b050_parked/episode_019e1e35-af9f-7d66-93b0-478d1c079799/hold,347,11.566666666666666,DT,-21.473464965820312,False
b050_parked/episode_019e1e35-af9f-7d66-93b0-478d1c079799/hold,347,11.566666666666666,DINOv2,0.6139867901802063,False
b050_parked/episode_019e1e35-af9f-7d66-93b0-478d1c079799/hold,347,11.566666666666666,Robometer success,0.12168574333190918,False
b050_parked/episode_019e1e35-af9f-7d66-93b0-478d1c079799/hold,366,12.2,DT,-19.860565185546875,False
b050_parked/episode_019e1e35-af9f-7d66-93b0-478d1c079799/hold,366,12.2,DINOv2,0.6302874684333801,False
b050_parked/episode_019e1e35-af9f-7d66-93b0-478d1c079799/hold,366,12.2,Robometer success,0.26435837149620056,False
b050_parked/episode_019e1e35-af9f-7d66-93b0-478d1c079799/hold,396,13.2,DT,-20.54668426513672,False
b050_parked/episode_019e1e35-af9f-7d66-93b0-478d1c079799/hold,396,13.2,DINOv2,0.6244568824768066,False
b050_parked/episode_019e1e35-af9f-7d66-93b0-478d1c079799/hold,396,13.2,Robometer success,0.18359363079071045,False
b050_parked/episode_019e1e35-af9f-7d66-93b0-478d1c079799/hold,446,14.866666666666667,DT,-20.595882415771484,False
b050_parked/episode_019e1e35-af9f-7d66-93b0-478d1c079799/hold,446,14.866666666666667,DINOv2,0.6316516399383545,False
b050_parked/episode_019e1e35-af9f-7d66-93b0-478d1c079799/hold,446,14.866666666666667,Robometer success,0.39793843030929565,False
b050_parked/episode_019e1e35-af9f-7d66-93b0-478d1c079799/hold,496,16.533333333333335,DT,-20.436870574951172,False
b050_parked/episode_019e1e35-af9f-7d66-93b0-478d1c079799/hold,496,16.533333333333335,DINOv2,0.6309107542037964,False
b050_parked/episode_019e1e35-af9f-7d66-93b0-478d1c079799/hold,496,16.533333333333335,Robometer success,0.4510846734046936,False
b050_parked/episode_019e1e35-af9f-7d66-93b0-478d1c079799/hold,545,18.166666666666668,DT,-20.25714874267578,False
b050_parked/episode_019e1e35-af9f-7d66-93b0-478d1c079799/hold,545,18.166666666666668,DINOv2,0.6309055685997009,False
b050_parked/episode_019e1e35-af9f-7d66-93b0-478d1c079799/hold,545,18.166666666666668,Robometer success,0.3242354094982147,False
b050_parked/episode_019e1e35-af9f-7d66-93b0-478d1c079799/hold,595,19.833333333333332,DT,-20.247005462646484,False
b050_parked/episode_019e1e35-af9f-7d66-93b0-478d1c079799/hold,595,19.833333333333332,DINOv2,0.6278812289237976,False
b050_parked/episode_019e1e35-af9f-7d66-93b0-478d1c079799/hold,595,19.833333333333332,Robometer success,0.3015677034854889,False
b050_parked/episode_019e1e35-af9f-7d66-93b0-478d1c079799/hold,644,21.466666666666665,DT,-20.552568435668945,False
b050_parked/episode_019e1e35-af9f-7d66-93b0-478d1c079799/hold,644,21.466666666666665,DINOv2,0.6260828971862793,False
b050_parked/episode_019e1e35-af9f-7d66-93b0-478d1c079799/hold,644,21.466666666666665,Robometer success,0.19682618975639343,False
b050_parked/episode_019e1e35-af9f-7d66-93b0-478d1c079799/hold,694,23.133333333333333,DT,-19.848278045654297,False
b050_parked/episode_019e1e35-af9f-7d66-93b0-478d1c079799/hold,694,23.133333333333333,DINOv2,0.6265712976455688,False
b050_parked/episode_019e1e35-af9f-7d66-93b0-478d1c079799/hold,694,23.133333333333333,Robometer success,0.27904197573661804,False
b050_parked/episode_019e1e35-af9f-7d66-93b0-478d1c079799/hold,743,24.766666666666666,DT,-19.500869750976562,False
b050_parked/episode_019e1e35-af9f-7d66-93b0-478d1c079799/hold,743,24.766666666666666,DINOv2,0.6263636946678162,False
b050_parked/episode_019e1e35-af9f-7d66-93b0-478d1c079799/hold,743,24.766666666666666,Robometer success,0.2538610100746155,False
b050_parked/episode_019e1e35-af9f-7d66-93b0-478d1c079799/hold,793,26.433333333333334,DT,-18.87069320678711,False
b050_parked/episode_019e1e35-af9f-7d66-93b0-478d1c079799/hold,793,26.433333333333334,DINOv2,0.6266199946403503,False
b050_parked/episode_019e1e35-af9f-7d66-93b0-478d1c079799/hold,793,26.433333333333334,Robometer success,0.1919327825307846,False
b050_parked/episode_019e1e35-af9f-7d66-93b0-478d1c079799/hold,853,28.433333333333334,DT,-9.7047119140625,False
b050_parked/episode_019e1e35-af9f-7d66-93b0-478d1c079799/hold,853,28.433333333333334,DINOv2,0.9194191098213196,False
b050_parked/episode_019e1e35-af9f-7d66-93b0-478d1c079799/hold,853,28.433333333333334,Robometer success,0.11436853557825089,False
b050_parked/episode_019e1e35-af9f-7d66-93b0-478d1c079799/hold,913,30.433333333333334,DT,-7.537350654602051,False
b050_parked/episode_019e1e35-af9f-7d66-93b0-478d1c079799/hold,913,30.433333333333334,DINOv2,0.9527831077575684,False
b050_parked/episode_019e1e35-af9f-7d66-93b0-478d1c079799/hold,913,30.433333333333334,Robometer success,0.06465348601341248,False
b050_parked/episode_019e1e35-af9f-7d66-93b0-478d1c079799/hold,973,32.43333333333333,DT,-6.323046684265137,False
b050_parked/episode_019e1e35-af9f-7d66-93b0-478d1c079799/hold,973,32.43333333333333,DINOv2,0.953671395778656,False
b050_parked/episode_019e1e35-af9f-7d66-93b0-478d1c079799/hold,973,32.43333333333333,Robometer success,0.0838903859257698,False
b050_parked/episode_019e1e35-af9f-7d66-93b0-478d1c079799/hold,1033,34.43333333333333,DT,-5.1153178215026855,False
b050_parked/episode_019e1e35-af9f-7d66-93b0-478d1c079799/hold,1033,34.43333333333333,DINOv2,0.952048659324646,False
b050_parked/episode_019e1e35-af9f-7d66-93b0-478d1c079799/hold,1033,34.43333333333333,Robometer success,0.1200256198644638,False
b050_parked/episode_019e1e35-af9f-7d66-93b0-478d1c079799/hold,1093,36.43333333333333,DT,-5.3358306884765625,True
b050_parked/episode_019e1e35-af9f-7d66-93b0-478d1c079799/hold,1093,36.43333333333333,DINOv2,0.9513710737228394,True
b050_parked/episode_019e1e35-af9f-7d66-93b0-478d1c079799/hold,1093,36.43333333333333,Robometer success,0.1550784707069397,True
b050_parked/episode_019e1e35-af9f-7d66-93b0-478d1c079799/random_walk,0,0.0,DT,-10.509050369262695,False
b050_parked/episode_019e1e35-af9f-7d66-93b0-478d1c079799/random_walk,0,0.0,DINOv2,0.8646734952926636,False
b050_parked/episode_019e1e35-af9f-7d66-93b0-478d1c079799/random_walk,0,0.0,Robometer success,0.0034834241960197687,False
b050_parked/episode_019e1e35-af9f-7d66-93b0-478d1c079799/random_walk,50,1.6666666666666667,DT,-43.35578918457031,False
b050_parked/episode_019e1e35-af9f-7d66-93b0-478d1c079799/random_walk,50,1.6666666666666667,DINOv2,0.7144110202789307,False
b050_parked/episode_019e1e35-af9f-7d66-93b0-478d1c079799/random_walk,50,1.6666666666666667,Robometer success,0.0035936026833951473,False
b050_parked/episode_019e1e35-af9f-7d66-93b0-478d1c079799/random_walk,99,3.3,DT,-20.8155574798584,False
b050_parked/episode_019e1e35-af9f-7d66-93b0-478d1c079799/random_walk,99,3.3,DINOv2,0.6365096569061279,False
b050_parked/episode_019e1e35-af9f-7d66-93b0-478d1c079799/random_walk,99,3.3,Robometer success,0.10230471193790436,False
b050_parked/episode_019e1e35-af9f-7d66-93b0-478d1c079799/random_walk,149,4.966666666666667,DT,-18.523164749145508,False
b050_parked/episode_019e1e35-af9f-7d66-93b0-478d1c079799/random_walk,149,4.966666666666667,DINOv2,0.676638126373291,False
b050_parked/episode_019e1e35-af9f-7d66-93b0-478d1c079799/random_walk,149,4.966666666666667,Robometer success,0.13939638435840607,False
b050_parked/episode_019e1e35-af9f-7d66-93b0-478d1c079799/random_walk,198,6.6,DT,-18.703384399414062,False
b050_parked/episode_019e1e35-af9f-7d66-93b0-478d1c079799/random_walk,198,6.6,DINOv2,0.6940902471542358,False
b050_parked/episode_019e1e35-af9f-7d66-93b0-478d1c079799/random_walk,198,6.6,Robometer success,0.03963883966207504,False
b050_parked/episode_019e1e35-af9f-7d66-93b0-478d1c079799/random_walk,248,8.266666666666667,DT,-17.42197608947754,False
b050_parked/episode_019e1e35-af9f-7d66-93b0-478d1c079799/random_walk,248,8.266666666666667,DINOv2,0.5878485441207886,False
b050_parked/episode_019e1e35-af9f-7d66-93b0-478d1c079799/random_walk,248,8.266666666666667,Robometer success,0.05582314357161522,False
b050_parked/episode_019e1e35-af9f-7d66-93b0-478d1c079799/random_walk,297,9.9,DT,-23.5273494720459,False
b050_parked/episode_019e1e35-af9f-7d66-93b0-478d1c079799/random_walk,297,9.9,DINOv2,0.6039211750030518,False
b050_parked/episode_019e1e35-af9f-7d66-93b0-478d1c079799/random_walk,297,9.9,Robometer success,0.11124119907617569,False
b050_parked/episode_019e1e35-af9f-7d66-93b0-478d1c079799/random_walk,347,11.566666666666666,DT,-21.473464965820312,False
b050_parked/episode_019e1e35-af9f-7d66-93b0-478d1c079799/random_walk,347,11.566666666666666,DINOv2,0.6139867901802063,False
b050_parked/episode_019e1e35-af9f-7d66-93b0-478d1c079799/random_walk,347,11.566666666666666,Robometer success,0.12168574333190918,False
b050_parked/episode_019e1e35-af9f-7d66-93b0-478d1c079799/random_walk,366,12.2,DT,-19.860565185546875,False
b050_parked/episode_019e1e35-af9f-7d66-93b0-478d1c079799/random_walk,366,12.2,DINOv2,0.6302874684333801,False
b050_parked/episode_019e1e35-af9f-7d66-93b0-478d1c079799/random_walk,366,12.2,Robometer success,0.26435837149620056,False
b050_parked/episode_019e1e35-af9f-7d66-93b0-478d1c079799/random_walk,396,13.2,DT,-19.554210662841797,False
b050_parked/episode_019e1e35-af9f-7d66-93b0-478d1c079799/random_walk,396,13.2,DINOv2,0.7062928676605225,False
b050_parked/episode_019e1e35-af9f-7d66-93b0-478d1c079799/random_walk,396,13.2,Robometer success,0.08269733935594559,False
b050_parked/episode_019e1e35-af9f-7d66-93b0-478d1c079799/random_walk,446,14.866666666666667,DT,-15.555787086486816,False
b050_parked/episode_019e1e35-af9f-7d66-93b0-478d1c079799/random_walk,446,14.866666666666667,DINOv2,0.6724918484687805,False
b050_parked/episode_019e1e35-af9f-7d66-93b0-478d1c079799/random_walk,446,14.866666666666667,Robometer success,0.09009299427270889,False
b050_parked/episode_019e1e35-af9f-7d66-93b0-478d1c079799/random_walk,496,16.533333333333335,DT,-19.252763748168945,False
b050_parked/episode_019e1e35-af9f-7d66-93b0-478d1c079799/random_walk,496,16.533333333333335,DINOv2,0.6352492570877075,False
b050_parked/episode_019e1e35-af9f-7d66-93b0-478d1c079799/random_walk,496,16.533333333333335,Robometer success,0.17217184603214264,False
b050_parked/episode_019e1e35-af9f-7d66-93b0-478d1c079799/random_walk,545,18.166666666666668,DT,-13.932528495788574,False
b050_parked/episode_019e1e35-af9f-7d66-93b0-478d1c079799/random_walk,545,18.166666666666668,DINOv2,0.5435225963592529,False
b050_parked/episode_019e1e35-af9f-7d66-93b0-478d1c079799/random_walk,545,18.166666666666668,Robometer success,0.11920291930437088,False
b050_parked/episode_019e1e35-af9f-7d66-93b0-478d1c079799/random_walk,595,19.833333333333332,DT,-22.02423667907715,False
b050_parked/episode_019e1e35-af9f-7d66-93b0-478d1c079799/random_walk,595,19.833333333333332,DINOv2,0.6698068380355835,False
b050_parked/episode_019e1e35-af9f-7d66-93b0-478d1c079799/random_walk,595,19.833333333333332,Robometer success,0.048136770725250244,False
b050_parked/episode_019e1e35-af9f-7d66-93b0-478d1c079799/random_walk,644,21.466666666666665,DT,-26.902135848999023,False
b050_parked/episode_019e1e35-af9f-7d66-93b0-478d1c079799/random_walk,644,21.466666666666665,DINOv2,0.6051235795021057,False
b050_parked/episode_019e1e35-af9f-7d66-93b0-478d1c079799/random_walk,644,21.466666666666665,Robometer success,0.06097517907619476,False
b050_parked/episode_019e1e35-af9f-7d66-93b0-478d1c079799/random_walk,694,23.133333333333333,DT,-18.526165008544922,False
b050_parked/episode_019e1e35-af9f-7d66-93b0-478d1c079799/random_walk,694,23.133333333333333,DINOv2,0.685625433921814,False
b050_parked/episode_019e1e35-af9f-7d66-93b0-478d1c079799/random_walk,694,23.133333333333333,Robometer success,0.08151976019144058,False
b050_parked/episode_019e1e35-af9f-7d66-93b0-478d1c079799/random_walk,743,24.766666666666666,DT,-14.519222259521484,False
b050_parked/episode_019e1e35-af9f-7d66-93b0-478d1c079799/random_walk,743,24.766666666666666,DINOv2,0.6062357425689697,False
b050_parked/episode_019e1e35-af9f-7d66-93b0-478d1c079799/random_walk,743,24.766666666666666,Robometer success,0.09138210862874985,False
b050_parked/episode_019e1e35-af9f-7d66-93b0-478d1c079799/random_walk,793,26.433333333333334,DT,-13.086189270019531,False
b050_parked/episode_019e1e35-af9f-7d66-93b0-478d1c079799/random_walk,793,26.433333333333334,DINOv2,0.6645723581314087,False
b050_parked/episode_019e1e35-af9f-7d66-93b0-478d1c079799/random_walk,793,26.433333333333334,Robometer success,0.05921025574207306,False
b050_parked/episode_019e1e35-af9f-7d66-93b0-478d1c079799/random_walk,853,28.433333333333334,DT,-5.532895088195801,False
b050_parked/episode_019e1e35-af9f-7d66-93b0-478d1c079799/random_walk,853,28.433333333333334,DINOv2,0.9148327112197876,False
b050_parked/episode_019e1e35-af9f-7d66-93b0-478d1c079799/random_walk,853,28.433333333333334,Robometer success,0.29828691482543945,False
b050_parked/episode_019e1e35-af9f-7d66-93b0-478d1c079799/random_walk,913,30.433333333333334,DT,-7.6492838859558105,False
b050_parked/episode_019e1e35-af9f-7d66-93b0-478d1c079799/random_walk,913,30.433333333333334,DINOv2,0.9537522196769714,False
b050_parked/episode_019e1e35-af9f-7d66-93b0-478d1c079799/random_walk,913,30.433333333333334,Robometer success,0.004755199886858463,False
b050_parked/episode_019e1e35-af9f-7d66-93b0-478d1c079799/random_walk,973,32.43333333333333,DT,-6.850077152252197,False
b050_parked/episode_019e1e35-af9f-7d66-93b0-478d1c079799/random_walk,973,32.43333333333333,DINOv2,0.9526148438453674,False
b050_parked/episode_019e1e35-af9f-7d66-93b0-478d1c079799/random_walk,973,32.43333333333333,Robometer success,0.007577241398394108,False
b050_parked/episode_019e1e35-af9f-7d66-93b0-478d1c079799/random_walk,1033,34.43333333333333,DT,-5.418578147888184,False
b050_parked/episode_019e1e35-af9f-7d66-93b0-478d1c079799/random_walk,1033,34.43333333333333,DINOv2,0.951736330986023,False
b050_parked/episode_019e1e35-af9f-7d66-93b0-478d1c079799/random_walk,1033,34.43333333333333,Robometer success,0.008577484637498856,False
b050_parked/episode_019e1e35-af9f-7d66-93b0-478d1c079799/random_walk,1093,36.43333333333333,DT,-5.540351867675781,True
b050_parked/episode_019e1e35-af9f-7d66-93b0-478d1c079799/random_walk,1093,36.43333333333333,DINOv2,0.9519320726394653,True
b050_parked/episode_019e1e35-af9f-7d66-93b0-478d1c079799/random_walk,1093,36.43333333333333,Robometer success,0.23370636999607086,True
b070_original/episode_019e1e35-af9f-7d66-93b0-478d1c079799/replay_control,0,0.0,DT,-10.509050369262695,False
b070_original/episode_019e1e35-af9f-7d66-93b0-478d1c079799/replay_control,0,0.0,DINOv2,0.8646734952926636,False
b070_original/episode_019e1e35-af9f-7d66-93b0-478d1c079799/replay_control,0,0.0,Robometer success,0.0034834241960197687,False
b070_original/episode_019e1e35-af9f-7d66-93b0-478d1c079799/replay_control,50,1.6666666666666667,DT,-43.35578918457031,False
b070_original/episode_019e1e35-af9f-7d66-93b0-478d1c079799/replay_control,50,1.6666666666666667,DINOv2,0.7144110202789307,False
b070_original/episode_019e1e35-af9f-7d66-93b0-478d1c079799/replay_control,50,1.6666666666666667,Robometer success,0.0035936026833951473,False
b070_original/episode_019e1e35-af9f-7d66-93b0-478d1c079799/replay_control,99,3.3,DT,-20.8155574798584,False
b070_original/episode_019e1e35-af9f-7d66-93b0-478d1c079799/replay_control,99,3.3,DINOv2,0.6365096569061279,False
b070_original/episode_019e1e35-af9f-7d66-93b0-478d1c079799/replay_control,99,3.3,Robometer success,0.10230471193790436,False
b070_original/episode_019e1e35-af9f-7d66-93b0-478d1c079799/replay_control,149,4.966666666666667,DT,-18.523164749145508,False
b070_original/episode_019e1e35-af9f-7d66-93b0-478d1c079799/replay_control,149,4.966666666666667,DINOv2,0.676638126373291,False
b070_original/episode_019e1e35-af9f-7d66-93b0-478d1c079799/replay_control,149,4.966666666666667,Robometer success,0.13939638435840607,False
b070_original/episode_019e1e35-af9f-7d66-93b0-478d1c079799/replay_control,198,6.6,DT,-18.703384399414062,False
b070_original/episode_019e1e35-af9f-7d66-93b0-478d1c079799/replay_control,198,6.6,DINOv2,0.6940902471542358,False
b070_original/episode_019e1e35-af9f-7d66-93b0-478d1c079799/replay_control,198,6.6,Robometer success,0.03963883966207504,False
b070_original/episode_019e1e35-af9f-7d66-93b0-478d1c079799/replay_control,248,8.266666666666667,DT,-17.42197608947754,False
b070_original/episode_019e1e35-af9f-7d66-93b0-478d1c079799/replay_control,248,8.266666666666667,DINOv2,0.5878485441207886,False
b070_original/episode_019e1e35-af9f-7d66-93b0-478d1c079799/replay_control,248,8.266666666666667,Robometer success,0.05582314357161522,False
b070_original/episode_019e1e35-af9f-7d66-93b0-478d1c079799/replay_control,297,9.9,DT,-23.5273494720459,False
b070_original/episode_019e1e35-af9f-7d66-93b0-478d1c079799/replay_control,297,9.9,DINOv2,0.6039211750030518,False
b070_original/episode_019e1e35-af9f-7d66-93b0-478d1c079799/replay_control,297,9.9,Robometer success,0.11124119907617569,False
b070_original/episode_019e1e35-af9f-7d66-93b0-478d1c079799/replay_control,347,11.566666666666666,DT,-21.473464965820312,False
b070_original/episode_019e1e35-af9f-7d66-93b0-478d1c079799/replay_control,347,11.566666666666666,DINOv2,0.6139867901802063,False
b070_original/episode_019e1e35-af9f-7d66-93b0-478d1c079799/replay_control,347,11.566666666666666,Robometer success,0.12168574333190918,False
b070_original/episode_019e1e35-af9f-7d66-93b0-478d1c079799/replay_control,396,13.2,DT,-24.08806610107422,False
b070_original/episode_019e1e35-af9f-7d66-93b0-478d1c079799/replay_control,396,13.2,DINOv2,0.6342836618423462,False
b070_original/episode_019e1e35-af9f-7d66-93b0-478d1c079799/replay_control,396,13.2,Robometer success,0.0838903859257698,False
b070_original/episode_019e1e35-af9f-7d66-93b0-478d1c079799/replay_control,446,14.866666666666667,DT,-13.666963577270508,False
b070_original/episode_019e1e35-af9f-7d66-93b0-478d1c079799/replay_control,446,14.866666666666667,DINOv2,0.6864508390426636,False
b070_original/episode_019e1e35-af9f-7d66-93b0-478d1c079799/replay_control,446,14.866666666666667,Robometer success,0.09947021305561066,False
b070_original/episode_019e1e35-af9f-7d66-93b0-478d1c079799/replay_control,496,16.533333333333335,DT,-17.56205940246582,False
b070_original/episode_019e1e35-af9f-7d66-93b0-478d1c079799/replay_control,496,16.533333333333335,DINOv2,0.6960687041282654,False
b070_original/episode_019e1e35-af9f-7d66-93b0-478d1c079799/replay_control,496,16.533333333333335,Robometer success,0.05665242671966553,False
b070_original/episode_019e1e35-af9f-7d66-93b0-478d1c079799/replay_control,513,17.1,DT,-19.46227264404297,False
b070_original/episode_019e1e35-af9f-7d66-93b0-478d1c079799/replay_control,513,17.1,DINOv2,0.689123272895813,False
b070_original/episode_019e1e35-af9f-7d66-93b0-478d1c079799/replay_control,513,17.1,Robometer success,0.12085322290658951,False
b070_original/episode_019e1e35-af9f-7d66-93b0-478d1c079799/replay_control,543,18.1,DT,-14.064592361450195,False
b070_original/episode_019e1e35-af9f-7d66-93b0-478d1c079799/replay_control,543,18.1,DINOv2,0.6370571851730347,False
b070_original/episode_019e1e35-af9f-7d66-93b0-478d1c079799/replay_control,543,18.1,Robometer success,0.07585817575454712,False
b070_original/episode_019e1e35-af9f-7d66-93b0-478d1c079799/replay_control,545,18.166666666666668,DT,-13.737953186035156,False
b070_original/episode_019e1e35-af9f-7d66-93b0-478d1c079799/replay_control,545,18.166666666666668,DINOv2,0.6515485048294067,False
b070_original/episode_019e1e35-af9f-7d66-93b0-478d1c079799/replay_control,545,18.166666666666668,Robometer success,0.08632347732782364,False
b070_original/episode_019e1e35-af9f-7d66-93b0-478d1c079799/replay_control,595,19.833333333333332,DT,-11.169139862060547,False
b070_original/episode_019e1e35-af9f-7d66-93b0-478d1c079799/replay_control,595,19.833333333333332,DINOv2,0.7118725776672363,False
b070_original/episode_019e1e35-af9f-7d66-93b0-478d1c079799/replay_control,595,19.833333333333332,Robometer success,0.04084571450948715,False
b070_original/episode_019e1e35-af9f-7d66-93b0-478d1c079799/replay_control,644,21.466666666666665,DT,-9.573396682739258,False
b070_original/episode_019e1e35-af9f-7d66-93b0-478d1c079799/replay_control,644,21.466666666666665,DINOv2,0.733796238899231,False
b070_original/episode_019e1e35-af9f-7d66-93b0-478d1c079799/replay_control,644,21.466666666666665,Robometer success,0.27904197573661804,False
b070_original/episode_019e1e35-af9f-7d66-93b0-478d1c079799/replay_control,694,23.133333333333333,DT,-2.434901475906372,False
b070_original/episode_019e1e35-af9f-7d66-93b0-478d1c079799/replay_control,694,23.133333333333333,DINOv2,0.9362112879753113,False
b070_original/episode_019e1e35-af9f-7d66-93b0-478d1c079799/replay_control,694,23.133333333333333,Robometer success,0.012431650422513485,False
b070_original/episode_019e1e35-af9f-7d66-93b0-478d1c079799/replay_control,743,24.766666666666666,DT,-1.77260160446167,False
b070_original/episode_019e1e35-af9f-7d66-93b0-478d1c079799/replay_control,743,24.766666666666666,DINOv2,0.9984234571456909,False
b070_original/episode_019e1e35-af9f-7d66-93b0-478d1c079799/replay_control,743,24.766666666666666,Robometer success,0.07585817575454712,False
b070_original/episode_019e1e35-af9f-7d66-93b0-478d1c079799/replay_control,793,26.433333333333334,DT,-1.9399687051773071,True
b070_original/episode_019e1e35-af9f-7d66-93b0-478d1c079799/replay_control,793,26.433333333333334,DINOv2,0.9972656965255737,True
b070_original/episode_019e1e35-af9f-7d66-93b0-478d1c079799/replay_control,793,26.433333333333334,Robometer success,0.04535258188843727,True
b070_original/episode_019e1e35-af9f-7d66-93b0-478d1c079799/hold,0,0.0,DT,-10.509050369262695,False
b070_original/episode_019e1e35-af9f-7d66-93b0-478d1c079799/hold,0,0.0,DINOv2,0.8646734952926636,False
b070_original/episode_019e1e35-af9f-7d66-93b0-478d1c079799/hold,0,0.0,Robometer success,0.0034834241960197687,False
b070_original/episode_019e1e35-af9f-7d66-93b0-478d1c079799/hold,50,1.6666666666666667,DT,-43.35578918457031,False
b070_original/episode_019e1e35-af9f-7d66-93b0-478d1c079799/hold,50,1.6666666666666667,DINOv2,0.7144110202789307,False
b070_original/episode_019e1e35-af9f-7d66-93b0-478d1c079799/hold,50,1.6666666666666667,Robometer success,0.0035936026833951473,False
b070_original/episode_019e1e35-af9f-7d66-93b0-478d1c079799/hold,99,3.3,DT,-20.8155574798584,False
b070_original/episode_019e1e35-af9f-7d66-93b0-478d1c079799/hold,99,3.3,DINOv2,0.6365096569061279,False
b070_original/episode_019e1e35-af9f-7d66-93b0-478d1c079799/hold,99,3.3,Robometer success,0.10230471193790436,False
b070_original/episode_019e1e35-af9f-7d66-93b0-478d1c079799/hold,149,4.966666666666667,DT,-18.523164749145508,False
b070_original/episode_019e1e35-af9f-7d66-93b0-478d1c079799/hold,149,4.966666666666667,DINOv2,0.676638126373291,False
b070_original/episode_019e1e35-af9f-7d66-93b0-478d1c079799/hold,149,4.966666666666667,Robometer success,0.13939638435840607,False
b070_original/episode_019e1e35-af9f-7d66-93b0-478d1c079799/hold,198,6.6,DT,-18.703384399414062,False
b070_original/episode_019e1e35-af9f-7d66-93b0-478d1c079799/hold,198,6.6,DINOv2,0.6940902471542358,False
b070_original/episode_019e1e35-af9f-7d66-93b0-478d1c079799/hold,198,6.6,Robometer success,0.03963883966207504,False
b070_original/episode_019e1e35-af9f-7d66-93b0-478d1c079799/hold,248,8.266666666666667,DT,-17.42197608947754,False
b070_original/episode_019e1e35-af9f-7d66-93b0-478d1c079799/hold,248,8.266666666666667,DINOv2,0.5878485441207886,False
b070_original/episode_019e1e35-af9f-7d66-93b0-478d1c079799/hold,248,8.266666666666667,Robometer success,0.05582314357161522,False
b070_original/episode_019e1e35-af9f-7d66-93b0-478d1c079799/hold,297,9.9,DT,-23.5273494720459,False
b070_original/episode_019e1e35-af9f-7d66-93b0-478d1c079799/hold,297,9.9,DINOv2,0.6039211750030518,False
b070_original/episode_019e1e35-af9f-7d66-93b0-478d1c079799/hold,297,9.9,Robometer success,0.11124119907617569,False
b070_original/episode_019e1e35-af9f-7d66-93b0-478d1c079799/hold,347,11.566666666666666,DT,-21.473464965820312,False
b070_original/episode_019e1e35-af9f-7d66-93b0-478d1c079799/hold,347,11.566666666666666,DINOv2,0.6139867901802063,False
b070_original/episode_019e1e35-af9f-7d66-93b0-478d1c079799/hold,347,11.566666666666666,Robometer success,0.12168574333190918,False
b070_original/episode_019e1e35-af9f-7d66-93b0-478d1c079799/hold,396,13.2,DT,-24.08806610107422,False
b070_original/episode_019e1e35-af9f-7d66-93b0-478d1c079799/hold,396,13.2,DINOv2,0.6342836618423462,False
b070_original/episode_019e1e35-af9f-7d66-93b0-478d1c079799/hold,396,13.2,Robometer success,0.0838903859257698,False
b070_original/episode_019e1e35-af9f-7d66-93b0-478d1c079799/hold,446,14.866666666666667,DT,-13.666963577270508,False
b070_original/episode_019e1e35-af9f-7d66-93b0-478d1c079799/hold,446,14.866666666666667,DINOv2,0.6864508390426636,False
b070_original/episode_019e1e35-af9f-7d66-93b0-478d1c079799/hold,446,14.866666666666667,Robometer success,0.09947021305561066,False
b070_original/episode_019e1e35-af9f-7d66-93b0-478d1c079799/hold,496,16.533333333333335,DT,-17.56205940246582,False
b070_original/episode_019e1e35-af9f-7d66-93b0-478d1c079799/hold,496,16.533333333333335,DINOv2,0.6960687041282654,False
b070_original/episode_019e1e35-af9f-7d66-93b0-478d1c079799/hold,496,16.533333333333335,Robometer success,0.05665242671966553,False
b070_original/episode_019e1e35-af9f-7d66-93b0-478d1c079799/hold,513,17.1,DT,-19.46227264404297,False
b070_original/episode_019e1e35-af9f-7d66-93b0-478d1c079799/hold,513,17.1,DINOv2,0.689123272895813,False
b070_original/episode_019e1e35-af9f-7d66-93b0-478d1c079799/hold,513,17.1,Robometer success,0.12085322290658951,False
b070_original/episode_019e1e35-af9f-7d66-93b0-478d1c079799/hold,543,18.1,DT,-18.114355087280273,False
b070_original/episode_019e1e35-af9f-7d66-93b0-478d1c079799/hold,543,18.1,DINOv2,0.6892179250717163,False
b070_original/episode_019e1e35-af9f-7d66-93b0-478d1c079799/hold,543,18.1,Robometer success,0.055005285888910294,False
b070_original/episode_019e1e35-af9f-7d66-93b0-478d1c079799/hold,545,18.166666666666668,DT,-17.954307556152344,False
b070_original/episode_019e1e35-af9f-7d66-93b0-478d1c079799/hold,545,18.166666666666668,DINOv2,0.6892207264900208,False
b070_original/episode_019e1e35-af9f-7d66-93b0-478d1c079799/hold,545,18.166666666666668,Robometer success,0.05033063143491745,False
b070_original/episode_019e1e35-af9f-7d66-93b0-478d1c079799/hold,595,19.833333333333332,DT,-16.972103118896484,False
b070_original/episode_019e1e35-af9f-7d66-93b0-478d1c079799/hold,595,19.833333333333332,DINOv2,0.685596227645874,False
b070_original/episode_019e1e35-af9f-7d66-93b0-478d1c079799/hold,595,19.833333333333332,Robometer success,0.07055959850549698,False
b070_original/episode_019e1e35-af9f-7d66-93b0-478d1c079799/hold,644,21.466666666666665,DT,-16.356830596923828,False
b070_original/episode_019e1e35-af9f-7d66-93b0-478d1c079799/hold,644,21.466666666666665,DINOv2,0.6853054761886597,False
b070_original/episode_019e1e35-af9f-7d66-93b0-478d1c079799/hold,644,21.466666666666665,Robometer success,0.09534945338964462,False
b070_original/episode_019e1e35-af9f-7d66-93b0-478d1c079799/hold,694,23.133333333333333,DT,-16.835384368896484,False
b070_original/episode_019e1e35-af9f-7d66-93b0-478d1c079799/hold,694,23.133333333333333,DINOv2,0.6875560283660889,False
b070_original/episode_019e1e35-af9f-7d66-93b0-478d1c079799/hold,694,23.133333333333333,Robometer success,0.055005285888910294,False
b070_original/episode_019e1e35-af9f-7d66-93b0-478d1c079799/hold,743,24.766666666666666,DT,-16.611915588378906,False
b070_original/episode_019e1e35-af9f-7d66-93b0-478d1c079799/hold,743,24.766666666666666,DINOv2,0.6893357634544373,False
b070_original/episode_019e1e35-af9f-7d66-93b0-478d1c079799/hold,743,24.766666666666666,Robometer success,0.04336579889059067,False
b070_original/episode_019e1e35-af9f-7d66-93b0-478d1c079799/hold,793,26.433333333333334,DT,-17.782352447509766,True
b070_original/episode_019e1e35-af9f-7d66-93b0-478d1c079799/hold,793,26.433333333333334,DINOv2,0.688987135887146,True
b070_original/episode_019e1e35-af9f-7d66-93b0-478d1c079799/hold,793,26.433333333333334,Robometer success,0.020645929500460625,True
b070_original/episode_019e1e35-af9f-7d66-93b0-478d1c079799/random_walk,0,0.0,DT,-10.509050369262695,False
b070_original/episode_019e1e35-af9f-7d66-93b0-478d1c079799/random_walk,0,0.0,DINOv2,0.8646734952926636,False
b070_original/episode_019e1e35-af9f-7d66-93b0-478d1c079799/random_walk,0,0.0,Robometer success,0.0034834241960197687,False
b070_original/episode_019e1e35-af9f-7d66-93b0-478d1c079799/random_walk,50,1.6666666666666667,DT,-43.35578918457031,False
b070_original/episode_019e1e35-af9f-7d66-93b0-478d1c079799/random_walk,50,1.6666666666666667,DINOv2,0.7144110202789307,False
b070_original/episode_019e1e35-af9f-7d66-93b0-478d1c079799/random_walk,50,1.6666666666666667,Robometer success,0.0035936026833951473,False
b070_original/episode_019e1e35-af9f-7d66-93b0-478d1c079799/random_walk,99,3.3,DT,-20.8155574798584,False
b070_original/episode_019e1e35-af9f-7d66-93b0-478d1c079799/random_walk,99,3.3,DINOv2,0.6365096569061279,False
b070_original/episode_019e1e35-af9f-7d66-93b0-478d1c079799/random_walk,99,3.3,Robometer success,0.10230471193790436,False
b070_original/episode_019e1e35-af9f-7d66-93b0-478d1c079799/random_walk,149,4.966666666666667,DT,-18.523164749145508,False
b070_original/episode_019e1e35-af9f-7d66-93b0-478d1c079799/random_walk,149,4.966666666666667,DINOv2,0.676638126373291,False
b070_original/episode_019e1e35-af9f-7d66-93b0-478d1c079799/random_walk,149,4.966666666666667,Robometer success,0.13939638435840607,False
b070_original/episode_019e1e35-af9f-7d66-93b0-478d1c079799/random_walk,198,6.6,DT,-18.703384399414062,False
b070_original/episode_019e1e35-af9f-7d66-93b0-478d1c079799/random_walk,198,6.6,DINOv2,0.6940902471542358,False
b070_original/episode_019e1e35-af9f-7d66-93b0-478d1c079799/random_walk,198,6.6,Robometer success,0.03963883966207504,False
b070_original/episode_019e1e35-af9f-7d66-93b0-478d1c079799/random_walk,248,8.266666666666667,DT,-17.42197608947754,False
b070_original/episode_019e1e35-af9f-7d66-93b0-478d1c079799/random_walk,248,8.266666666666667,DINOv2,0.5878485441207886,False
b070_original/episode_019e1e35-af9f-7d66-93b0-478d1c079799/random_walk,248,8.266666666666667,Robometer success,0.05582314357161522,False
b070_original/episode_019e1e35-af9f-7d66-93b0-478d1c079799/random_walk,297,9.9,DT,-23.5273494720459,False
b070_original/episode_019e1e35-af9f-7d66-93b0-478d1c079799/random_walk,297,9.9,DINOv2,0.6039211750030518,False
b070_original/episode_019e1e35-af9f-7d66-93b0-478d1c079799/random_walk,297,9.9,Robometer success,0.11124119907617569,False
b070_original/episode_019e1e35-af9f-7d66-93b0-478d1c079799/random_walk,347,11.566666666666666,DT,-21.473464965820312,False
b070_original/episode_019e1e35-af9f-7d66-93b0-478d1c079799/random_walk,347,11.566666666666666,DINOv2,0.6139867901802063,False
b070_original/episode_019e1e35-af9f-7d66-93b0-478d1c079799/random_walk,347,11.566666666666666,Robometer success,0.12168574333190918,False
b070_original/episode_019e1e35-af9f-7d66-93b0-478d1c079799/random_walk,396,13.2,DT,-24.08806610107422,False
b070_original/episode_019e1e35-af9f-7d66-93b0-478d1c079799/random_walk,396,13.2,DINOv2,0.6342836618423462,False
b070_original/episode_019e1e35-af9f-7d66-93b0-478d1c079799/random_walk,396,13.2,Robometer success,0.0838903859257698,False
b070_original/episode_019e1e35-af9f-7d66-93b0-478d1c079799/random_walk,446,14.866666666666667,DT,-13.666963577270508,False
b070_original/episode_019e1e35-af9f-7d66-93b0-478d1c079799/random_walk,446,14.866666666666667,DINOv2,0.6864508390426636,False
b070_original/episode_019e1e35-af9f-7d66-93b0-478d1c079799/random_walk,446,14.866666666666667,Robometer success,0.09947021305561066,False
b070_original/episode_019e1e35-af9f-7d66-93b0-478d1c079799/random_walk,496,16.533333333333335,DT,-17.56205940246582,False
b070_original/episode_019e1e35-af9f-7d66-93b0-478d1c079799/random_walk,496,16.533333333333335,DINOv2,0.6960687041282654,False
b070_original/episode_019e1e35-af9f-7d66-93b0-478d1c079799/random_walk,496,16.533333333333335,Robometer success,0.05665242671966553,False
b070_original/episode_019e1e35-af9f-7d66-93b0-478d1c079799/random_walk,513,17.1,DT,-19.46227264404297,False
b070_original/episode_019e1e35-af9f-7d66-93b0-478d1c079799/random_walk,513,17.1,DINOv2,0.689123272895813,False
b070_original/episode_019e1e35-af9f-7d66-93b0-478d1c079799/random_walk,513,17.1,Robometer success,0.12085322290658951,False
b070_original/episode_019e1e35-af9f-7d66-93b0-478d1c079799/random_walk,543,18.1,DT,-13.554866790771484,False
b070_original/episode_019e1e35-af9f-7d66-93b0-478d1c079799/random_walk,543,18.1,DINOv2,0.7655227780342102,False
b070_original/episode_019e1e35-af9f-7d66-93b0-478d1c079799/random_walk,543,18.1,Robometer success,0.09670579433441162,False
b070_original/episode_019e1e35-af9f-7d66-93b0-478d1c079799/random_walk,545,18.166666666666668,DT,-14.301652908325195,False
b070_original/episode_019e1e35-af9f-7d66-93b0-478d1c079799/random_walk,545,18.166666666666668,DINOv2,0.7683690786361694,False
b070_original/episode_019e1e35-af9f-7d66-93b0-478d1c079799/random_walk,545,18.166666666666668,Robometer success,0.2018132209777832,False
b070_original/episode_019e1e35-af9f-7d66-93b0-478d1c079799/random_walk,595,19.833333333333332,DT,-11.545841217041016,False
b070_original/episode_019e1e35-af9f-7d66-93b0-478d1c079799/random_walk,595,19.833333333333332,DINOv2,0.773602306842804,False
b070_original/episode_019e1e35-af9f-7d66-93b0-478d1c079799/random_walk,595,19.833333333333332,Robometer success,0.11124119907617569,False
b070_original/episode_019e1e35-af9f-7d66-93b0-478d1c079799/random_walk,644,21.466666666666665,DT,-10.832807540893555,False
b070_original/episode_019e1e35-af9f-7d66-93b0-478d1c079799/random_walk,644,21.466666666666665,DINOv2,0.6241134405136108,False
b070_original/episode_019e1e35-af9f-7d66-93b0-478d1c079799/random_walk,644,21.466666666666665,Robometer success,0.06754669547080994,False
b070_original/episode_019e1e35-af9f-7d66-93b0-478d1c079799/random_walk,694,23.133333333333333,DT,-10.230012893676758,False
b070_original/episode_019e1e35-af9f-7d66-93b0-478d1c079799/random_walk,694,23.133333333333333,DINOv2,0.6420409679412842,False
b070_original/episode_019e1e35-af9f-7d66-93b0-478d1c079799/random_walk,694,23.133333333333333,Robometer success,0.02931223064661026,False
b070_original/episode_019e1e35-af9f-7d66-93b0-478d1c079799/random_walk,743,24.766666666666666,DT,-10.291984558105469,False
b070_original/episode_019e1e35-af9f-7d66-93b0-478d1c079799/random_walk,743,24.766666666666666,DINOv2,0.7764057517051697,False
b070_original/episode_019e1e35-af9f-7d66-93b0-478d1c079799/random_walk,743,24.766666666666666,Robometer success,0.04885777831077576,False
b070_original/episode_019e1e35-af9f-7d66-93b0-478d1c079799/random_walk,793,26.433333333333334,DT,-12.218461990356445,True
b070_original/episode_019e1e35-af9f-7d66-93b0-478d1c079799/random_walk,793,26.433333333333334,DINOv2,0.6916966438293457,True
b070_original/episode_019e1e35-af9f-7d66-93b0-478d1c079799/random_walk,793,26.433333333333334,Robometer success,0.028870904818177223,True
b070_parked/episode_019e1e35-af9f-7d66-93b0-478d1c079799/replay_control,0,0.0,DT,-10.509050369262695,False
b070_parked/episode_019e1e35-af9f-7d66-93b0-478d1c079799/replay_control,0,0.0,DINOv2,0.8646734952926636,False
b070_parked/episode_019e1e35-af9f-7d66-93b0-478d1c079799/replay_control,0,0.0,Robometer success,0.0034834241960197687,False
b070_parked/episode_019e1e35-af9f-7d66-93b0-478d1c079799/replay_control,50,1.6666666666666667,DT,-43.35578918457031,False
b070_parked/episode_019e1e35-af9f-7d66-93b0-478d1c079799/replay_control,50,1.6666666666666667,DINOv2,0.7144110202789307,False
b070_parked/episode_019e1e35-af9f-7d66-93b0-478d1c079799/replay_control,50,1.6666666666666667,Robometer success,0.0035936026833951473,False
b070_parked/episode_019e1e35-af9f-7d66-93b0-478d1c079799/replay_control,99,3.3,DT,-20.8155574798584,False
b070_parked/episode_019e1e35-af9f-7d66-93b0-478d1c079799/replay_control,99,3.3,DINOv2,0.6365096569061279,False
b070_parked/episode_019e1e35-af9f-7d66-93b0-478d1c079799/replay_control,99,3.3,Robometer success,0.10230471193790436,False
b070_parked/episode_019e1e35-af9f-7d66-93b0-478d1c079799/replay_control,149,4.966666666666667,DT,-18.523164749145508,False
b070_parked/episode_019e1e35-af9f-7d66-93b0-478d1c079799/replay_control,149,4.966666666666667,DINOv2,0.676638126373291,False
b070_parked/episode_019e1e35-af9f-7d66-93b0-478d1c079799/replay_control,149,4.966666666666667,Robometer success,0.13939638435840607,False
b070_parked/episode_019e1e35-af9f-7d66-93b0-478d1c079799/replay_control,198,6.6,DT,-18.703384399414062,False
b070_parked/episode_019e1e35-af9f-7d66-93b0-478d1c079799/replay_control,198,6.6,DINOv2,0.6940902471542358,False
b070_parked/episode_019e1e35-af9f-7d66-93b0-478d1c079799/replay_control,198,6.6,Robometer success,0.03963883966207504,False
b070_parked/episode_019e1e35-af9f-7d66-93b0-478d1c079799/replay_control,248,8.266666666666667,DT,-17.42197608947754,False
b070_parked/episode_019e1e35-af9f-7d66-93b0-478d1c079799/replay_control,248,8.266666666666667,DINOv2,0.5878485441207886,False
b070_parked/episode_019e1e35-af9f-7d66-93b0-478d1c079799/replay_control,248,8.266666666666667,Robometer success,0.05582314357161522,False
b070_parked/episode_019e1e35-af9f-7d66-93b0-478d1c079799/replay_control,297,9.9,DT,-23.5273494720459,False
b070_parked/episode_019e1e35-af9f-7d66-93b0-478d1c079799/replay_control,297,9.9,DINOv2,0.6039211750030518,False
b070_parked/episode_019e1e35-af9f-7d66-93b0-478d1c079799/replay_control,297,9.9,Robometer success,0.11124119907617569,False
b070_parked/episode_019e1e35-af9f-7d66-93b0-478d1c079799/replay_control,347,11.566666666666666,DT,-21.473464965820312,False
b070_parked/episode_019e1e35-af9f-7d66-93b0-478d1c079799/replay_control,347,11.566666666666666,DINOv2,0.6139867901802063,False
b070_parked/episode_019e1e35-af9f-7d66-93b0-478d1c079799/replay_control,347,11.566666666666666,Robometer success,0.12168574333190918,False
b070_parked/episode_019e1e35-af9f-7d66-93b0-478d1c079799/replay_control,396,13.2,DT,-24.08806610107422,False
b070_parked/episode_019e1e35-af9f-7d66-93b0-478d1c079799/replay_control,396,13.2,DINOv2,0.6342836618423462,False
b070_parked/episode_019e1e35-af9f-7d66-93b0-478d1c079799/replay_control,396,13.2,Robometer success,0.0838903859257698,False
b070_parked/episode_019e1e35-af9f-7d66-93b0-478d1c079799/replay_control,446,14.866666666666667,DT,-13.666963577270508,False
b070_parked/episode_019e1e35-af9f-7d66-93b0-478d1c079799/replay_control,446,14.866666666666667,DINOv2,0.6864508390426636,False
b070_parked/episode_019e1e35-af9f-7d66-93b0-478d1c079799/replay_control,446,14.866666666666667,Robometer success,0.09947021305561066,False
b070_parked/episode_019e1e35-af9f-7d66-93b0-478d1c079799/replay_control,496,16.533333333333335,DT,-17.56205940246582,False
b070_parked/episode_019e1e35-af9f-7d66-93b0-478d1c079799/replay_control,496,16.533333333333335,DINOv2,0.6960687041282654,False
b070_parked/episode_019e1e35-af9f-7d66-93b0-478d1c079799/replay_control,496,16.533333333333335,Robometer success,0.05665242671966553,False
b070_parked/episode_019e1e35-af9f-7d66-93b0-478d1c079799/replay_control,513,17.1,DT,-19.46227264404297,False
b070_parked/episode_019e1e35-af9f-7d66-93b0-478d1c079799/replay_control,513,17.1,DINOv2,0.689123272895813,False
b070_parked/episode_019e1e35-af9f-7d66-93b0-478d1c079799/replay_control,513,17.1,Robometer success,0.12085322290658951,False
b070_parked/episode_019e1e35-af9f-7d66-93b0-478d1c079799/replay_control,543,18.1,DT,-14.064592361450195,False
b070_parked/episode_019e1e35-af9f-7d66-93b0-478d1c079799/replay_control,543,18.1,DINOv2,0.6370571851730347,False
b070_parked/episode_019e1e35-af9f-7d66-93b0-478d1c079799/replay_control,543,18.1,Robometer success,0.07585817575454712,False
b070_parked/episode_019e1e35-af9f-7d66-93b0-478d1c079799/replay_control,545,18.166666666666668,DT,-13.737953186035156,False
b070_parked/episode_019e1e35-af9f-7d66-93b0-478d1c079799/replay_control,545,18.166666666666668,DINOv2,0.6515485048294067,False
b070_parked/episode_019e1e35-af9f-7d66-93b0-478d1c079799/replay_control,545,18.166666666666668,Robometer success,0.08632347732782364,False
b070_parked/episode_019e1e35-af9f-7d66-93b0-478d1c079799/replay_control,595,19.833333333333332,DT,-11.169139862060547,False
b070_parked/episode_019e1e35-af9f-7d66-93b0-478d1c079799/replay_control,595,19.833333333333332,DINOv2,0.7118725776672363,False
b070_parked/episode_019e1e35-af9f-7d66-93b0-478d1c079799/replay_control,595,19.833333333333332,Robometer success,0.04084571450948715,False
b070_parked/episode_019e1e35-af9f-7d66-93b0-478d1c079799/replay_control,644,21.466666666666665,DT,-9.573396682739258,False
b070_parked/episode_019e1e35-af9f-7d66-93b0-478d1c079799/replay_control,644,21.466666666666665,DINOv2,0.733796238899231,False
b070_parked/episode_019e1e35-af9f-7d66-93b0-478d1c079799/replay_control,644,21.466666666666665,Robometer success,0.27904197573661804,False
b070_parked/episode_019e1e35-af9f-7d66-93b0-478d1c079799/replay_control,694,23.133333333333333,DT,-2.434901475906372,False
b070_parked/episode_019e1e35-af9f-7d66-93b0-478d1c079799/replay_control,694,23.133333333333333,DINOv2,0.9362112879753113,False
b070_parked/episode_019e1e35-af9f-7d66-93b0-478d1c079799/replay_control,694,23.133333333333333,Robometer success,0.012431650422513485,False
b070_parked/episode_019e1e35-af9f-7d66-93b0-478d1c079799/replay_control,743,24.766666666666666,DT,-1.77260160446167,False
b070_parked/episode_019e1e35-af9f-7d66-93b0-478d1c079799/replay_control,743,24.766666666666666,DINOv2,0.9984234571456909,False
b070_parked/episode_019e1e35-af9f-7d66-93b0-478d1c079799/replay_control,743,24.766666666666666,Robometer success,0.07585817575454712,False
b070_parked/episode_019e1e35-af9f-7d66-93b0-478d1c079799/replay_control,793,26.433333333333334,DT,-1.9399687051773071,False
b070_parked/episode_019e1e35-af9f-7d66-93b0-478d1c079799/replay_control,793,26.433333333333334,DINOv2,0.9972656965255737,False
b070_parked/episode_019e1e35-af9f-7d66-93b0-478d1c079799/replay_control,793,26.433333333333334,Robometer success,0.04535258188843727,False
b070_parked/episode_019e1e35-af9f-7d66-93b0-478d1c079799/replay_control,853,28.433333333333334,DT,-1.9883687496185303,False
b070_parked/episode_019e1e35-af9f-7d66-93b0-478d1c079799/replay_control,853,28.433333333333334,DINOv2,0.9992386102676392,False
b070_parked/episode_019e1e35-af9f-7d66-93b0-478d1c079799/replay_control,853,28.433333333333334,Robometer success,0.05184546485543251,False
b070_parked/episode_019e1e35-af9f-7d66-93b0-478d1c079799/replay_control,913,30.433333333333334,DT,-1.9111511707305908,False
b070_parked/episode_019e1e35-af9f-7d66-93b0-478d1c079799/replay_control,913,30.433333333333334,DINOv2,0.998579740524292,False
b070_parked/episode_019e1e35-af9f-7d66-93b0-478d1c079799/replay_control,913,30.433333333333334,Robometer success,0.23651622235774994,False
b070_parked/episode_019e1e35-af9f-7d66-93b0-478d1c079799/replay_control,973,32.43333333333333,DT,-1.8933491706848145,False
b070_parked/episode_019e1e35-af9f-7d66-93b0-478d1c079799/replay_control,973,32.43333333333333,DINOv2,0.998823881149292,False
b070_parked/episode_019e1e35-af9f-7d66-93b0-478d1c079799/replay_control,973,32.43333333333333,Robometer success,0.42919009923934937,False
b070_parked/episode_019e1e35-af9f-7d66-93b0-478d1c079799/replay_control,1033,34.43333333333333,DT,-1.8867948055267334,False
b070_parked/episode_019e1e35-af9f-7d66-93b0-478d1c079799/replay_control,1033,34.43333333333333,DINOv2,0.9990347027778625,False
b070_parked/episode_019e1e35-af9f-7d66-93b0-478d1c079799/replay_control,1033,34.43333333333333,Robometer success,0.11920291930437088,False
b070_parked/episode_019e1e35-af9f-7d66-93b0-478d1c079799/replay_control,1093,36.43333333333333,DT,-2.05474853515625,True
b070_parked/episode_019e1e35-af9f-7d66-93b0-478d1c079799/replay_control,1093,36.43333333333333,DINOv2,0.9992716312408447,True
b070_parked/episode_019e1e35-af9f-7d66-93b0-478d1c079799/replay_control,1093,36.43333333333333,Robometer success,0.12421301752328873,True
b070_parked/episode_019e1e35-af9f-7d66-93b0-478d1c079799/hold,0,0.0,DT,-10.509050369262695,False
b070_parked/episode_019e1e35-af9f-7d66-93b0-478d1c079799/hold,0,0.0,DINOv2,0.8646734952926636,False
b070_parked/episode_019e1e35-af9f-7d66-93b0-478d1c079799/hold,0,0.0,Robometer success,0.0034834241960197687,False
b070_parked/episode_019e1e35-af9f-7d66-93b0-478d1c079799/hold,50,1.6666666666666667,DT,-43.35578918457031,False
b070_parked/episode_019e1e35-af9f-7d66-93b0-478d1c079799/hold,50,1.6666666666666667,DINOv2,0.7144110202789307,False
b070_parked/episode_019e1e35-af9f-7d66-93b0-478d1c079799/hold,50,1.6666666666666667,Robometer success,0.0035936026833951473,False
b070_parked/episode_019e1e35-af9f-7d66-93b0-478d1c079799/hold,99,3.3,DT,-20.8155574798584,False
b070_parked/episode_019e1e35-af9f-7d66-93b0-478d1c079799/hold,99,3.3,DINOv2,0.6365096569061279,False
b070_parked/episode_019e1e35-af9f-7d66-93b0-478d1c079799/hold,99,3.3,Robometer success,0.10230471193790436,False
b070_parked/episode_019e1e35-af9f-7d66-93b0-478d1c079799/hold,149,4.966666666666667,DT,-18.523164749145508,False
b070_parked/episode_019e1e35-af9f-7d66-93b0-478d1c079799/hold,149,4.966666666666667,DINOv2,0.676638126373291,False
b070_parked/episode_019e1e35-af9f-7d66-93b0-478d1c079799/hold,149,4.966666666666667,Robometer success,0.13939638435840607,False
b070_parked/episode_019e1e35-af9f-7d66-93b0-478d1c079799/hold,198,6.6,DT,-18.703384399414062,False
b070_parked/episode_019e1e35-af9f-7d66-93b0-478d1c079799/hold,198,6.6,DINOv2,0.6940902471542358,False
b070_parked/episode_019e1e35-af9f-7d66-93b0-478d1c079799/hold,198,6.6,Robometer success,0.03963883966207504,False
b070_parked/episode_019e1e35-af9f-7d66-93b0-478d1c079799/hold,248,8.266666666666667,DT,-17.42197608947754,False
b070_parked/episode_019e1e35-af9f-7d66-93b0-478d1c079799/hold,248,8.266666666666667,DINOv2,0.5878485441207886,False
b070_parked/episode_019e1e35-af9f-7d66-93b0-478d1c079799/hold,248,8.266666666666667,Robometer success,0.05582314357161522,False
b070_parked/episode_019e1e35-af9f-7d66-93b0-478d1c079799/hold,297,9.9,DT,-23.5273494720459,False
b070_parked/episode_019e1e35-af9f-7d66-93b0-478d1c079799/hold,297,9.9,DINOv2,0.6039211750030518,False
b070_parked/episode_019e1e35-af9f-7d66-93b0-478d1c079799/hold,297,9.9,Robometer success,0.11124119907617569,False
b070_parked/episode_019e1e35-af9f-7d66-93b0-478d1c079799/hold,347,11.566666666666666,DT,-21.473464965820312,False
b070_parked/episode_019e1e35-af9f-7d66-93b0-478d1c079799/hold,347,11.566666666666666,DINOv2,0.6139867901802063,False
b070_parked/episode_019e1e35-af9f-7d66-93b0-478d1c079799/hold,347,11.566666666666666,Robometer success,0.12168574333190918,False
b070_parked/episode_019e1e35-af9f-7d66-93b0-478d1c079799/hold,396,13.2,DT,-24.08806610107422,False
b070_parked/episode_019e1e35-af9f-7d66-93b0-478d1c079799/hold,396,13.2,DINOv2,0.6342836618423462,False
b070_parked/episode_019e1e35-af9f-7d66-93b0-478d1c079799/hold,396,13.2,Robometer success,0.0838903859257698,False
b070_parked/episode_019e1e35-af9f-7d66-93b0-478d1c079799/hold,446,14.866666666666667,DT,-13.666963577270508,False
b070_parked/episode_019e1e35-af9f-7d66-93b0-478d1c079799/hold,446,14.866666666666667,DINOv2,0.6864508390426636,False
b070_parked/episode_019e1e35-af9f-7d66-93b0-478d1c079799/hold,446,14.866666666666667,Robometer success,0.09947021305561066,False
b070_parked/episode_019e1e35-af9f-7d66-93b0-478d1c079799/hold,496,16.533333333333335,DT,-17.56205940246582,False
b070_parked/episode_019e1e35-af9f-7d66-93b0-478d1c079799/hold,496,16.533333333333335,DINOv2,0.6960687041282654,False
b070_parked/episode_019e1e35-af9f-7d66-93b0-478d1c079799/hold,496,16.533333333333335,Robometer success,0.05665242671966553,False
b070_parked/episode_019e1e35-af9f-7d66-93b0-478d1c079799/hold,513,17.1,DT,-19.46227264404297,False
b070_parked/episode_019e1e35-af9f-7d66-93b0-478d1c079799/hold,513,17.1,DINOv2,0.689123272895813,False
b070_parked/episode_019e1e35-af9f-7d66-93b0-478d1c079799/hold,513,17.1,Robometer success,0.12085322290658951,False
b070_parked/episode_019e1e35-af9f-7d66-93b0-478d1c079799/hold,543,18.1,DT,-18.114355087280273,False
b070_parked/episode_019e1e35-af9f-7d66-93b0-478d1c079799/hold,543,18.1,DINOv2,0.6892179250717163,False
b070_parked/episode_019e1e35-af9f-7d66-93b0-478d1c079799/hold,543,18.1,Robometer success,0.055005285888910294,False
b070_parked/episode_019e1e35-af9f-7d66-93b0-478d1c079799/hold,545,18.166666666666668,DT,-17.954307556152344,False
b070_parked/episode_019e1e35-af9f-7d66-93b0-478d1c079799/hold,545,18.166666666666668,DINOv2,0.6892207264900208,False
b070_parked/episode_019e1e35-af9f-7d66-93b0-478d1c079799/hold,545,18.166666666666668,Robometer success,0.05033063143491745,False
b070_parked/episode_019e1e35-af9f-7d66-93b0-478d1c079799/hold,595,19.833333333333332,DT,-16.972103118896484,False
b070_parked/episode_019e1e35-af9f-7d66-93b0-478d1c079799/hold,595,19.833333333333332,DINOv2,0.685596227645874,False
b070_parked/episode_019e1e35-af9f-7d66-93b0-478d1c079799/hold,595,19.833333333333332,Robometer success,0.07055959850549698,False
b070_parked/episode_019e1e35-af9f-7d66-93b0-478d1c079799/hold,644,21.466666666666665,DT,-16.356830596923828,False
b070_parked/episode_019e1e35-af9f-7d66-93b0-478d1c079799/hold,644,21.466666666666665,DINOv2,0.6853054761886597,False
b070_parked/episode_019e1e35-af9f-7d66-93b0-478d1c079799/hold,644,21.466666666666665,Robometer success,0.09534945338964462,False
b070_parked/episode_019e1e35-af9f-7d66-93b0-478d1c079799/hold,694,23.133333333333333,DT,-16.835384368896484,False
b070_parked/episode_019e1e35-af9f-7d66-93b0-478d1c079799/hold,694,23.133333333333333,DINOv2,0.6875560283660889,False
b070_parked/episode_019e1e35-af9f-7d66-93b0-478d1c079799/hold,694,23.133333333333333,Robometer success,0.055005285888910294,False
b070_parked/episode_019e1e35-af9f-7d66-93b0-478d1c079799/hold,743,24.766666666666666,DT,-16.611915588378906,False
b070_parked/episode_019e1e35-af9f-7d66-93b0-478d1c079799/hold,743,24.766666666666666,DINOv2,0.6893357634544373,False
b070_parked/episode_019e1e35-af9f-7d66-93b0-478d1c079799/hold,743,24.766666666666666,Robometer success,0.04336579889059067,False
b070_parked/episode_019e1e35-af9f-7d66-93b0-478d1c079799/hold,793,26.433333333333334,DT,-17.782352447509766,False
b070_parked/episode_019e1e35-af9f-7d66-93b0-478d1c079799/hold,793,26.433333333333334,DINOv2,0.688987135887146,False
b070_parked/episode_019e1e35-af9f-7d66-93b0-478d1c079799/hold,793,26.433333333333334,Robometer success,0.020645929500460625,False
b070_parked/episode_019e1e35-af9f-7d66-93b0-478d1c079799/hold,853,28.433333333333334,DT,-3.463345527648926,False
b070_parked/episode_019e1e35-af9f-7d66-93b0-478d1c079799/hold,853,28.433333333333334,DINOv2,0.9831216931343079,False
b070_parked/episode_019e1e35-af9f-7d66-93b0-478d1c079799/hold,853,28.433333333333334,Robometer success,0.01640303246676922,False
b070_parked/episode_019e1e35-af9f-7d66-93b0-478d1c079799/hold,913,30.433333333333334,DT,-3.1442530155181885,False
b070_parked/episode_019e1e35-af9f-7d66-93b0-478d1c079799/hold,913,30.433333333333334,DINOv2,0.9850689172744751,False
b070_parked/episode_019e1e35-af9f-7d66-93b0-478d1c079799/hold,913,30.433333333333334,Robometer success,0.04336579889059067,False
b070_parked/episode_019e1e35-af9f-7d66-93b0-478d1c079799/hold,973,32.43333333333333,DT,-2.7116124629974365,False
b070_parked/episode_019e1e35-af9f-7d66-93b0-478d1c079799/hold,973,32.43333333333333,DINOv2,0.9861127138137817,False
b070_parked/episode_019e1e35-af9f-7d66-93b0-478d1c079799/hold,973,32.43333333333333,Robometer success,0.24798744916915894,False
b070_parked/episode_019e1e35-af9f-7d66-93b0-478d1c079799/hold,1033,34.43333333333333,DT,-2.681171178817749,False
b070_parked/episode_019e1e35-af9f-7d66-93b0-478d1c079799/hold,1033,34.43333333333333,DINOv2,0.9847180843353271,False
b070_parked/episode_019e1e35-af9f-7d66-93b0-478d1c079799/hold,1033,34.43333333333333,Robometer success,0.08882029354572296,False
b070_parked/episode_019e1e35-af9f-7d66-93b0-478d1c079799/hold,1093,36.43333333333333,DT,-2.6371445655822754,True
b070_parked/episode_019e1e35-af9f-7d66-93b0-478d1c079799/hold,1093,36.43333333333333,DINOv2,0.9830467700958252,True
b070_parked/episode_019e1e35-af9f-7d66-93b0-478d1c079799/hold,1093,36.43333333333333,Robometer success,0.15102779865264893,True
b070_parked/episode_019e1e35-af9f-7d66-93b0-478d1c079799/random_walk,0,0.0,DT,-10.509050369262695,False
b070_parked/episode_019e1e35-af9f-7d66-93b0-478d1c079799/random_walk,0,0.0,DINOv2,0.8646734952926636,False
b070_parked/episode_019e1e35-af9f-7d66-93b0-478d1c079799/random_walk,0,0.0,Robometer success,0.0034834241960197687,False
b070_parked/episode_019e1e35-af9f-7d66-93b0-478d1c079799/random_walk,50,1.6666666666666667,DT,-43.35578918457031,False
b070_parked/episode_019e1e35-af9f-7d66-93b0-478d1c079799/random_walk,50,1.6666666666666667,DINOv2,0.7144110202789307,False
b070_parked/episode_019e1e35-af9f-7d66-93b0-478d1c079799/random_walk,50,1.6666666666666667,Robometer success,0.0035936026833951473,False
b070_parked/episode_019e1e35-af9f-7d66-93b0-478d1c079799/random_walk,99,3.3,DT,-20.8155574798584,False
b070_parked/episode_019e1e35-af9f-7d66-93b0-478d1c079799/random_walk,99,3.3,DINOv2,0.6365096569061279,False
b070_parked/episode_019e1e35-af9f-7d66-93b0-478d1c079799/random_walk,99,3.3,Robometer success,0.10230471193790436,False
b070_parked/episode_019e1e35-af9f-7d66-93b0-478d1c079799/random_walk,149,4.966666666666667,DT,-18.523164749145508,False
b070_parked/episode_019e1e35-af9f-7d66-93b0-478d1c079799/random_walk,149,4.966666666666667,DINOv2,0.676638126373291,False
b070_parked/episode_019e1e35-af9f-7d66-93b0-478d1c079799/random_walk,149,4.966666666666667,Robometer success,0.13939638435840607,False
b070_parked/episode_019e1e35-af9f-7d66-93b0-478d1c079799/random_walk,198,6.6,DT,-18.703384399414062,False
b070_parked/episode_019e1e35-af9f-7d66-93b0-478d1c079799/random_walk,198,6.6,DINOv2,0.6940902471542358,False
b070_parked/episode_019e1e35-af9f-7d66-93b0-478d1c079799/random_walk,198,6.6,Robometer success,0.03963883966207504,False
b070_parked/episode_019e1e35-af9f-7d66-93b0-478d1c079799/random_walk,248,8.266666666666667,DT,-17.42197608947754,False
b070_parked/episode_019e1e35-af9f-7d66-93b0-478d1c079799/random_walk,248,8.266666666666667,DINOv2,0.5878485441207886,False
b070_parked/episode_019e1e35-af9f-7d66-93b0-478d1c079799/random_walk,248,8.266666666666667,Robometer success,0.05582314357161522,False
b070_parked/episode_019e1e35-af9f-7d66-93b0-478d1c079799/random_walk,297,9.9,DT,-23.5273494720459,False
b070_parked/episode_019e1e35-af9f-7d66-93b0-478d1c079799/random_walk,297,9.9,DINOv2,0.6039211750030518,False
b070_parked/episode_019e1e35-af9f-7d66-93b0-478d1c079799/random_walk,297,9.9,Robometer success,0.11124119907617569,False
b070_parked/episode_019e1e35-af9f-7d66-93b0-478d1c079799/random_walk,347,11.566666666666666,DT,-21.473464965820312,False
b070_parked/episode_019e1e35-af9f-7d66-93b0-478d1c079799/random_walk,347,11.566666666666666,DINOv2,0.6139867901802063,False
b070_parked/episode_019e1e35-af9f-7d66-93b0-478d1c079799/random_walk,347,11.566666666666666,Robometer success,0.12168574333190918,False
b070_parked/episode_019e1e35-af9f-7d66-93b0-478d1c079799/random_walk,396,13.2,DT,-24.08806610107422,False
b070_parked/episode_019e1e35-af9f-7d66-93b0-478d1c079799/random_walk,396,13.2,DINOv2,0.6342836618423462,False
b070_parked/episode_019e1e35-af9f-7d66-93b0-478d1c079799/random_walk,396,13.2,Robometer success,0.0838903859257698,False
b070_parked/episode_019e1e35-af9f-7d66-93b0-478d1c079799/random_walk,446,14.866666666666667,DT,-13.666963577270508,False
b070_parked/episode_019e1e35-af9f-7d66-93b0-478d1c079799/random_walk,446,14.866666666666667,DINOv2,0.6864508390426636,False
b070_parked/episode_019e1e35-af9f-7d66-93b0-478d1c079799/random_walk,446,14.866666666666667,Robometer success,0.09947021305561066,False
b070_parked/episode_019e1e35-af9f-7d66-93b0-478d1c079799/random_walk,496,16.533333333333335,DT,-17.56205940246582,False
b070_parked/episode_019e1e35-af9f-7d66-93b0-478d1c079799/random_walk,496,16.533333333333335,DINOv2,0.6960687041282654,False
b070_parked/episode_019e1e35-af9f-7d66-93b0-478d1c079799/random_walk,496,16.533333333333335,Robometer success,0.05665242671966553,False
b070_parked/episode_019e1e35-af9f-7d66-93b0-478d1c079799/random_walk,513,17.1,DT,-19.46227264404297,False
b070_parked/episode_019e1e35-af9f-7d66-93b0-478d1c079799/random_walk,513,17.1,DINOv2,0.689123272895813,False
b070_parked/episode_019e1e35-af9f-7d66-93b0-478d1c079799/random_walk,513,17.1,Robometer success,0.12085322290658951,False
b070_parked/episode_019e1e35-af9f-7d66-93b0-478d1c079799/random_walk,543,18.1,DT,-13.554866790771484,False
b070_parked/episode_019e1e35-af9f-7d66-93b0-478d1c079799/random_walk,543,18.1,DINOv2,0.7655227780342102,False
b070_parked/episode_019e1e35-af9f-7d66-93b0-478d1c079799/random_walk,543,18.1,Robometer success,0.09670579433441162,False
b070_parked/episode_019e1e35-af9f-7d66-93b0-478d1c079799/random_walk,545,18.166666666666668,DT,-14.301652908325195,False
b070_parked/episode_019e1e35-af9f-7d66-93b0-478d1c079799/random_walk,545,18.166666666666668,DINOv2,0.7683690786361694,False
b070_parked/episode_019e1e35-af9f-7d66-93b0-478d1c079799/random_walk,545,18.166666666666668,Robometer success,0.2018132209777832,False
b070_parked/episode_019e1e35-af9f-7d66-93b0-478d1c079799/random_walk,595,19.833333333333332,DT,-11.545841217041016,False
b070_parked/episode_019e1e35-af9f-7d66-93b0-478d1c079799/random_walk,595,19.833333333333332,DINOv2,0.773602306842804,False
b070_parked/episode_019e1e35-af9f-7d66-93b0-478d1c079799/random_walk,595,19.833333333333332,Robometer success,0.11124119907617569,False
b070_parked/episode_019e1e35-af9f-7d66-93b0-478d1c079799/random_walk,644,21.466666666666665,DT,-10.832807540893555,False
b070_parked/episode_019e1e35-af9f-7d66-93b0-478d1c079799/random_walk,644,21.466666666666665,DINOv2,0.6241134405136108,False
b070_parked/episode_019e1e35-af9f-7d66-93b0-478d1c079799/random_walk,644,21.466666666666665,Robometer success,0.06754669547080994,False
b070_parked/episode_019e1e35-af9f-7d66-93b0-478d1c079799/random_walk,694,23.133333333333333,DT,-10.230012893676758,False
b070_parked/episode_019e1e35-af9f-7d66-93b0-478d1c079799/random_walk,694,23.133333333333333,DINOv2,0.6420409679412842,False
b070_parked/episode_019e1e35-af9f-7d66-93b0-478d1c079799/random_walk,694,23.133333333333333,Robometer success,0.02931223064661026,False
b070_parked/episode_019e1e35-af9f-7d66-93b0-478d1c079799/random_walk,743,24.766666666666666,DT,-10.291984558105469,False
b070_parked/episode_019e1e35-af9f-7d66-93b0-478d1c079799/random_walk,743,24.766666666666666,DINOv2,0.7764057517051697,False
b070_parked/episode_019e1e35-af9f-7d66-93b0-478d1c079799/random_walk,743,24.766666666666666,Robometer success,0.04885777831077576,False
b070_parked/episode_019e1e35-af9f-7d66-93b0-478d1c079799/random_walk,793,26.433333333333334,DT,-12.218461990356445,False
b070_parked/episode_019e1e35-af9f-7d66-93b0-478d1c079799/random_walk,793,26.433333333333334,DINOv2,0.6916966438293457,False
b070_parked/episode_019e1e35-af9f-7d66-93b0-478d1c079799/random_walk,793,26.433333333333334,Robometer success,0.028870904818177223,False
b070_parked/episode_019e1e35-af9f-7d66-93b0-478d1c079799/random_walk,853,28.433333333333334,DT,-4.476492881774902,False
b070_parked/episode_019e1e35-af9f-7d66-93b0-478d1c079799/random_walk,853,28.433333333333334,DINOv2,0.9681063890457153,False
b070_parked/episode_019e1e35-af9f-7d66-93b0-478d1c079799/random_walk,853,28.433333333333334,Robometer success,0.16451646387577057,False
b070_parked/episode_019e1e35-af9f-7d66-93b0-478d1c079799/random_walk,913,30.433333333333334,DT,-4.088805675506592,False
b070_parked/episode_019e1e35-af9f-7d66-93b0-478d1c079799/random_walk,913,30.433333333333334,DINOv2,0.9714071750640869,False
b070_parked/episode_019e1e35-af9f-7d66-93b0-478d1c079799/random_walk,913,30.433333333333334,Robometer success,0.008577484637498856,False
b070_parked/episode_019e1e35-af9f-7d66-93b0-478d1c079799/random_walk,973,32.43333333333333,DT,-3.7743899822235107,False
b070_parked/episode_019e1e35-af9f-7d66-93b0-478d1c079799/random_walk,973,32.43333333333333,DINOv2,0.9716744422912598,False
b070_parked/episode_019e1e35-af9f-7d66-93b0-478d1c079799/random_walk,973,32.43333333333333,Robometer success,0.04336579889059067,False
b070_parked/episode_019e1e35-af9f-7d66-93b0-478d1c079799/random_walk,1033,34.43333333333333,DT,-3.7658045291900635,False
b070_parked/episode_019e1e35-af9f-7d66-93b0-478d1c079799/random_walk,1033,34.43333333333333,DINOv2,0.9700525999069214,False
b070_parked/episode_019e1e35-af9f-7d66-93b0-478d1c079799/random_walk,1033,34.43333333333333,Robometer success,0.034100424498319626,False
b070_parked/episode_019e1e35-af9f-7d66-93b0-478d1c079799/random_walk,1093,36.43333333333333,DT,-3.973802328109741,True
b070_parked/episode_019e1e35-af9f-7d66-93b0-478d1c079799/random_walk,1093,36.43333333333333,DINOv2,0.9697045683860779,True
b070_parked/episode_019e1e35-af9f-7d66-93b0-478d1c079799/random_walk,1093,36.43333333333333,Robometer success,0.024798160418868065,True
b090_original/episode_019e1e35-af9f-7d66-93b0-478d1c079799/replay_control,0,0.0,DT,-10.509050369262695,False
b090_original/episode_019e1e35-af9f-7d66-93b0-478d1c079799/replay_control,0,0.0,DINOv2,0.8646734952926636,False
b090_original/episode_019e1e35-af9f-7d66-93b0-478d1c079799/replay_control,0,0.0,Robometer success,0.0034834241960197687,False
b090_original/episode_019e1e35-af9f-7d66-93b0-478d1c079799/replay_control,50,1.6666666666666667,DT,-43.35578918457031,False
b090_original/episode_019e1e35-af9f-7d66-93b0-478d1c079799/replay_control,50,1.6666666666666667,DINOv2,0.7144110202789307,False
b090_original/episode_019e1e35-af9f-7d66-93b0-478d1c079799/replay_control,50,1.6666666666666667,Robometer success,0.0035936026833951473,False
b090_original/episode_019e1e35-af9f-7d66-93b0-478d1c079799/replay_control,99,3.3,DT,-20.8155574798584,False
b090_original/episode_019e1e35-af9f-7d66-93b0-478d1c079799/replay_control,99,3.3,DINOv2,0.6365096569061279,False
b090_original/episode_019e1e35-af9f-7d66-93b0-478d1c079799/replay_control,99,3.3,Robometer success,0.10230471193790436,False
b090_original/episode_019e1e35-af9f-7d66-93b0-478d1c079799/replay_control,149,4.966666666666667,DT,-18.523164749145508,False
b090_original/episode_019e1e35-af9f-7d66-93b0-478d1c079799/replay_control,149,4.966666666666667,DINOv2,0.676638126373291,False
b090_original/episode_019e1e35-af9f-7d66-93b0-478d1c079799/replay_control,149,4.966666666666667,Robometer success,0.13939638435840607,False
b090_original/episode_019e1e35-af9f-7d66-93b0-478d1c079799/replay_control,198,6.6,DT,-18.703384399414062,False
b090_original/episode_019e1e35-af9f-7d66-93b0-478d1c079799/replay_control,198,6.6,DINOv2,0.6940902471542358,False
b090_original/episode_019e1e35-af9f-7d66-93b0-478d1c079799/replay_control,198,6.6,Robometer success,0.03963883966207504,False
b090_original/episode_019e1e35-af9f-7d66-93b0-478d1c079799/replay_control,248,8.266666666666667,DT,-17.42197608947754,False
b090_original/episode_019e1e35-af9f-7d66-93b0-478d1c079799/replay_control,248,8.266666666666667,DINOv2,0.5878485441207886,False
b090_original/episode_019e1e35-af9f-7d66-93b0-478d1c079799/replay_control,248,8.266666666666667,Robometer success,0.05582314357161522,False
b090_original/episode_019e1e35-af9f-7d66-93b0-478d1c079799/replay_control,297,9.9,DT,-23.5273494720459,False
b090_original/episode_019e1e35-af9f-7d66-93b0-478d1c079799/replay_control,297,9.9,DINOv2,0.6039211750030518,False
b090_original/episode_019e1e35-af9f-7d66-93b0-478d1c079799/replay_control,297,9.9,Robometer success,0.11124119907617569,False
b090_original/episode_019e1e35-af9f-7d66-93b0-478d1c079799/replay_control,347,11.566666666666666,DT,-21.473464965820312,False
b090_original/episode_019e1e35-af9f-7d66-93b0-478d1c079799/replay_control,347,11.566666666666666,DINOv2,0.6139867901802063,False
b090_original/episode_019e1e35-af9f-7d66-93b0-478d1c079799/replay_control,347,11.566666666666666,Robometer success,0.12168574333190918,False
b090_original/episode_019e1e35-af9f-7d66-93b0-478d1c079799/replay_control,396,13.2,DT,-24.08806610107422,False
b090_original/episode_019e1e35-af9f-7d66-93b0-478d1c079799/replay_control,396,13.2,DINOv2,0.6342836618423462,False
b090_original/episode_019e1e35-af9f-7d66-93b0-478d1c079799/replay_control,396,13.2,Robometer success,0.0838903859257698,False
b090_original/episode_019e1e35-af9f-7d66-93b0-478d1c079799/replay_control,446,14.866666666666667,DT,-13.666963577270508,False
b090_original/episode_019e1e35-af9f-7d66-93b0-478d1c079799/replay_control,446,14.866666666666667,DINOv2,0.6864508390426636,False
b090_original/episode_019e1e35-af9f-7d66-93b0-478d1c079799/replay_control,446,14.866666666666667,Robometer success,0.09947021305561066,False
b090_original/episode_019e1e35-af9f-7d66-93b0-478d1c079799/replay_control,496,16.533333333333335,DT,-17.56205940246582,False
b090_original/episode_019e1e35-af9f-7d66-93b0-478d1c079799/replay_control,496,16.533333333333335,DINOv2,0.6960687041282654,False
b090_original/episode_019e1e35-af9f-7d66-93b0-478d1c079799/replay_control,496,16.533333333333335,Robometer success,0.05665242671966553,False
b090_original/episode_019e1e35-af9f-7d66-93b0-478d1c079799/replay_control,545,18.166666666666668,DT,-13.655097961425781,False
b090_original/episode_019e1e35-af9f-7d66-93b0-478d1c079799/replay_control,545,18.166666666666668,DINOv2,0.653373122215271,False
b090_original/episode_019e1e35-af9f-7d66-93b0-478d1c079799/replay_control,545,18.166666666666668,Robometer success,0.0838903859257698,False
b090_original/episode_019e1e35-af9f-7d66-93b0-478d1c079799/replay_control,595,19.833333333333332,DT,-11.386914253234863,False
b090_original/episode_019e1e35-af9f-7d66-93b0-478d1c079799/replay_control,595,19.833333333333332,DINOv2,0.7113839983940125,False
b090_original/episode_019e1e35-af9f-7d66-93b0-478d1c079799/replay_control,595,19.833333333333332,Robometer success,0.04535258188843727,False
b090_original/episode_019e1e35-af9f-7d66-93b0-478d1c079799/replay_control,644,21.466666666666665,DT,-9.646297454833984,False
b090_original/episode_019e1e35-af9f-7d66-93b0-478d1c079799/replay_control,644,21.466666666666665,DINOv2,0.7281595468521118,False
b090_original/episode_019e1e35-af9f-7d66-93b0-478d1c079799/replay_control,644,21.466666666666665,Robometer success,0.2583259642124176,False
b090_original/episode_019e1e35-af9f-7d66-93b0-478d1c079799/replay_control,659,21.966666666666665,DT,-5.89283561706543,False
b090_original/episode_019e1e35-af9f-7d66-93b0-478d1c079799/replay_control,659,21.966666666666665,DINOv2,0.7888833284378052,False
b090_original/episode_019e1e35-af9f-7d66-93b0-478d1c079799/replay_control,659,21.966666666666665,Robometer success,0.11920291930437088,False
b090_original/episode_019e1e35-af9f-7d66-93b0-478d1c079799/replay_control,689,22.966666666666665,DT,-3.308051109313965,False
b090_original/episode_019e1e35-af9f-7d66-93b0-478d1c079799/replay_control,689,22.966666666666665,DINOv2,0.9121265411376953,False
b090_original/episode_019e1e35-af9f-7d66-93b0-478d1c079799/replay_control,689,22.966666666666665,Robometer success,0.02262919954955578,False
b090_original/episode_019e1e35-af9f-7d66-93b0-478d1c079799/replay_control,694,23.133333333333333,DT,-2.4153013229370117,False
b090_original/episode_019e1e35-af9f-7d66-93b0-478d1c079799/replay_control,694,23.133333333333333,DINOv2,0.9357939958572388,False
b090_original/episode_019e1e35-af9f-7d66-93b0-478d1c079799/replay_control,694,23.133333333333333,Robometer success,0.014063628390431404,False
b090_original/episode_019e1e35-af9f-7d66-93b0-478d1c079799/replay_control,743,24.766666666666666,DT,-1.7671867609024048,False
b090_original/episode_019e1e35-af9f-7d66-93b0-478d1c079799/replay_control,743,24.766666666666666,DINOv2,0.9984487295150757,False
b090_original/episode_019e1e35-af9f-7d66-93b0-478d1c079799/replay_control,743,24.766666666666666,Robometer success,0.0838903859257698,False
b090_original/episode_019e1e35-af9f-7d66-93b0-478d1c079799/replay_control,793,26.433333333333334,DT,-1.9618301391601562,True
b090_original/episode_019e1e35-af9f-7d66-93b0-478d1c079799/replay_control,793,26.433333333333334,DINOv2,0.9972654581069946,True
b090_original/episode_019e1e35-af9f-7d66-93b0-478d1c079799/replay_control,793,26.433333333333334,Robometer success,0.037892427295446396,True
b090_original/episode_019e1e35-af9f-7d66-93b0-478d1c079799/hold,0,0.0,DT,-10.509050369262695,False
b090_original/episode_019e1e35-af9f-7d66-93b0-478d1c079799/hold,0,0.0,DINOv2,0.8646734952926636,False
b090_original/episode_019e1e35-af9f-7d66-93b0-478d1c079799/hold,0,0.0,Robometer success,0.0034834241960197687,False
b090_original/episode_019e1e35-af9f-7d66-93b0-478d1c079799/hold,50,1.6666666666666667,DT,-43.35578918457031,False
b090_original/episode_019e1e35-af9f-7d66-93b0-478d1c079799/hold,50,1.6666666666666667,DINOv2,0.7144110202789307,False
b090_original/episode_019e1e35-af9f-7d66-93b0-478d1c079799/hold,50,1.6666666666666667,Robometer success,0.0035936026833951473,False
b090_original/episode_019e1e35-af9f-7d66-93b0-478d1c079799/hold,99,3.3,DT,-20.8155574798584,False
b090_original/episode_019e1e35-af9f-7d66-93b0-478d1c079799/hold,99,3.3,DINOv2,0.6365096569061279,False
b090_original/episode_019e1e35-af9f-7d66-93b0-478d1c079799/hold,99,3.3,Robometer success,0.10230471193790436,False
b090_original/episode_019e1e35-af9f-7d66-93b0-478d1c079799/hold,149,4.966666666666667,DT,-18.523164749145508,False
b090_original/episode_019e1e35-af9f-7d66-93b0-478d1c079799/hold,149,4.966666666666667,DINOv2,0.676638126373291,False
b090_original/episode_019e1e35-af9f-7d66-93b0-478d1c079799/hold,149,4.966666666666667,Robometer success,0.13939638435840607,False
b090_original/episode_019e1e35-af9f-7d66-93b0-478d1c079799/hold,198,6.6,DT,-18.703384399414062,False
b090_original/episode_019e1e35-af9f-7d66-93b0-478d1c079799/hold,198,6.6,DINOv2,0.6940902471542358,False
b090_original/episode_019e1e35-af9f-7d66-93b0-478d1c079799/hold,198,6.6,Robometer success,0.03963883966207504,False
b090_original/episode_019e1e35-af9f-7d66-93b0-478d1c079799/hold,248,8.266666666666667,DT,-17.42197608947754,False
b090_original/episode_019e1e35-af9f-7d66-93b0-478d1c079799/hold,248,8.266666666666667,DINOv2,0.5878485441207886,False
b090_original/episode_019e1e35-af9f-7d66-93b0-478d1c079799/hold,248,8.266666666666667,Robometer success,0.05582314357161522,False
b090_original/episode_019e1e35-af9f-7d66-93b0-478d1c079799/hold,297,9.9,DT,-23.5273494720459,False
b090_original/episode_019e1e35-af9f-7d66-93b0-478d1c079799/hold,297,9.9,DINOv2,0.6039211750030518,False
b090_original/episode_019e1e35-af9f-7d66-93b0-478d1c079799/hold,297,9.9,Robometer success,0.11124119907617569,False
b090_original/episode_019e1e35-af9f-7d66-93b0-478d1c079799/hold,347,11.566666666666666,DT,-21.473464965820312,False
b090_original/episode_019e1e35-af9f-7d66-93b0-478d1c079799/hold,347,11.566666666666666,DINOv2,0.6139867901802063,False
b090_original/episode_019e1e35-af9f-7d66-93b0-478d1c079799/hold,347,11.566666666666666,Robometer success,0.12168574333190918,False
b090_original/episode_019e1e35-af9f-7d66-93b0-478d1c079799/hold,396,13.2,DT,-24.08806610107422,False
b090_original/episode_019e1e35-af9f-7d66-93b0-478d1c079799/hold,396,13.2,DINOv2,0.6342836618423462,False
b090_original/episode_019e1e35-af9f-7d66-93b0-478d1c079799/hold,396,13.2,Robometer success,0.0838903859257698,False
b090_original/episode_019e1e35-af9f-7d66-93b0-478d1c079799/hold,446,14.866666666666667,DT,-13.666963577270508,False
b090_original/episode_019e1e35-af9f-7d66-93b0-478d1c079799/hold,446,14.866666666666667,DINOv2,0.6864508390426636,False
b090_original/episode_019e1e35-af9f-7d66-93b0-478d1c079799/hold,446,14.866666666666667,Robometer success,0.09947021305561066,False
b090_original/episode_019e1e35-af9f-7d66-93b0-478d1c079799/hold,496,16.533333333333335,DT,-17.56205940246582,False
b090_original/episode_019e1e35-af9f-7d66-93b0-478d1c079799/hold,496,16.533333333333335,DINOv2,0.6960687041282654,False
b090_original/episode_019e1e35-af9f-7d66-93b0-478d1c079799/hold,496,16.533333333333335,Robometer success,0.05665242671966553,False
b090_original/episode_019e1e35-af9f-7d66-93b0-478d1c079799/hold,545,18.166666666666668,DT,-13.655097961425781,False
b090_original/episode_019e1e35-af9f-7d66-93b0-478d1c079799/hold,545,18.166666666666668,DINOv2,0.653373122215271,False
b090_original/episode_019e1e35-af9f-7d66-93b0-478d1c079799/hold,545,18.166666666666668,Robometer success,0.0838903859257698,False
b090_original/episode_019e1e35-af9f-7d66-93b0-478d1c079799/hold,595,19.833333333333332,DT,-11.386914253234863,False
b090_original/episode_019e1e35-af9f-7d66-93b0-478d1c079799/hold,595,19.833333333333332,DINOv2,0.7113839983940125,False
b090_original/episode_019e1e35-af9f-7d66-93b0-478d1c079799/hold,595,19.833333333333332,Robometer success,0.04535258188843727,False
b090_original/episode_019e1e35-af9f-7d66-93b0-478d1c079799/hold,644,21.466666666666665,DT,-9.646297454833984,False
b090_original/episode_019e1e35-af9f-7d66-93b0-478d1c079799/hold,644,21.466666666666665,DINOv2,0.7281595468521118,False
b090_original/episode_019e1e35-af9f-7d66-93b0-478d1c079799/hold,644,21.466666666666665,Robometer success,0.2583259642124176,False
b090_original/episode_019e1e35-af9f-7d66-93b0-478d1c079799/hold,659,21.966666666666665,DT,-5.89283561706543,False
b090_original/episode_019e1e35-af9f-7d66-93b0-478d1c079799/hold,659,21.966666666666665,DINOv2,0.7888833284378052,False
b090_original/episode_019e1e35-af9f-7d66-93b0-478d1c079799/hold,659,21.966666666666665,Robometer success,0.11920291930437088,False
b090_original/episode_019e1e35-af9f-7d66-93b0-478d1c079799/hold,689,22.966666666666665,DT,-5.8209228515625,False
b090_original/episode_019e1e35-af9f-7d66-93b0-478d1c079799/hold,689,22.966666666666665,DINOv2,0.7877265214920044,False
b090_original/episode_019e1e35-af9f-7d66-93b0-478d1c079799/hold,689,22.966666666666665,Robometer success,0.03021458350121975,False
b090_original/episode_019e1e35-af9f-7d66-93b0-478d1c079799/hold,694,23.133333333333333,DT,-5.793701648712158,False
b090_original/episode_019e1e35-af9f-7d66-93b0-478d1c079799/hold,694,23.133333333333333,DINOv2,0.7848294973373413,False
b090_original/episode_019e1e35-af9f-7d66-93b0-478d1c079799/hold,694,23.133333333333333,Robometer success,0.02931223064661026,False
b090_original/episode_019e1e35-af9f-7d66-93b0-478d1c079799/hold,743,24.766666666666666,DT,-5.979303359985352,False
b090_original/episode_019e1e35-af9f-7d66-93b0-478d1c079799/hold,743,24.766666666666666,DINOv2,0.7882185578346252,False
b090_original/episode_019e1e35-af9f-7d66-93b0-478d1c079799/hold,743,24.766666666666666,Robometer success,0.13753245770931244,False
b090_original/episode_019e1e35-af9f-7d66-93b0-478d1c079799/hold,793,26.433333333333334,DT,-5.845635414123535,True
b090_original/episode_019e1e35-af9f-7d66-93b0-478d1c079799/hold,793,26.433333333333334,DINOv2,0.786595344543457,True
b090_original/episode_019e1e35-af9f-7d66-93b0-478d1c079799/hold,793,26.433333333333334,Robometer success,0.08882029354572296,True
b090_original/episode_019e1e35-af9f-7d66-93b0-478d1c079799/random_walk,0,0.0,DT,-10.509050369262695,False
b090_original/episode_019e1e35-af9f-7d66-93b0-478d1c079799/random_walk,0,0.0,DINOv2,0.8646734952926636,False
b090_original/episode_019e1e35-af9f-7d66-93b0-478d1c079799/random_walk,0,0.0,Robometer success,0.0034834241960197687,False
b090_original/episode_019e1e35-af9f-7d66-93b0-478d1c079799/random_walk,50,1.6666666666666667,DT,-43.35578918457031,False
b090_original/episode_019e1e35-af9f-7d66-93b0-478d1c079799/random_walk,50,1.6666666666666667,DINOv2,0.7144110202789307,False
b090_original/episode_019e1e35-af9f-7d66-93b0-478d1c079799/random_walk,50,1.6666666666666667,Robometer success,0.0035936026833951473,False
b090_original/episode_019e1e35-af9f-7d66-93b0-478d1c079799/random_walk,99,3.3,DT,-20.8155574798584,False
b090_original/episode_019e1e35-af9f-7d66-93b0-478d1c079799/random_walk,99,3.3,DINOv2,0.6365096569061279,False
b090_original/episode_019e1e35-af9f-7d66-93b0-478d1c079799/random_walk,99,3.3,Robometer success,0.10230471193790436,False
b090_original/episode_019e1e35-af9f-7d66-93b0-478d1c079799/random_walk,149,4.966666666666667,DT,-18.523164749145508,False
b090_original/episode_019e1e35-af9f-7d66-93b0-478d1c079799/random_walk,149,4.966666666666667,DINOv2,0.676638126373291,False
b090_original/episode_019e1e35-af9f-7d66-93b0-478d1c079799/random_walk,149,4.966666666666667,Robometer success,0.13939638435840607,False
b090_original/episode_019e1e35-af9f-7d66-93b0-478d1c079799/random_walk,198,6.6,DT,-18.703384399414062,False
b090_original/episode_019e1e35-af9f-7d66-93b0-478d1c079799/random_walk,198,6.6,DINOv2,0.6940902471542358,False
b090_original/episode_019e1e35-af9f-7d66-93b0-478d1c079799/random_walk,198,6.6,Robometer success,0.03963883966207504,False
b090_original/episode_019e1e35-af9f-7d66-93b0-478d1c079799/random_walk,248,8.266666666666667,DT,-17.42197608947754,False
b090_original/episode_019e1e35-af9f-7d66-93b0-478d1c079799/random_walk,248,8.266666666666667,DINOv2,0.5878485441207886,False
b090_original/episode_019e1e35-af9f-7d66-93b0-478d1c079799/random_walk,248,8.266666666666667,Robometer success,0.05582314357161522,False
b090_original/episode_019e1e35-af9f-7d66-93b0-478d1c079799/random_walk,297,9.9,DT,-23.5273494720459,False
b090_original/episode_019e1e35-af9f-7d66-93b0-478d1c079799/random_walk,297,9.9,DINOv2,0.6039211750030518,False
b090_original/episode_019e1e35-af9f-7d66-93b0-478d1c079799/random_walk,297,9.9,Robometer success,0.11124119907617569,False
b090_original/episode_019e1e35-af9f-7d66-93b0-478d1c079799/random_walk,347,11.566666666666666,DT,-21.473464965820312,False
b090_original/episode_019e1e35-af9f-7d66-93b0-478d1c079799/random_walk,347,11.566666666666666,DINOv2,0.6139867901802063,False
b090_original/episode_019e1e35-af9f-7d66-93b0-478d1c079799/random_walk,347,11.566666666666666,Robometer success,0.12168574333190918,False
b090_original/episode_019e1e35-af9f-7d66-93b0-478d1c079799/random_walk,396,13.2,DT,-24.08806610107422,False
b090_original/episode_019e1e35-af9f-7d66-93b0-478d1c079799/random_walk,396,13.2,DINOv2,0.6342836618423462,False
b090_original/episode_019e1e35-af9f-7d66-93b0-478d1c079799/random_walk,396,13.2,Robometer success,0.0838903859257698,False
b090_original/episode_019e1e35-af9f-7d66-93b0-478d1c079799/random_walk,446,14.866666666666667,DT,-13.666963577270508,False
b090_original/episode_019e1e35-af9f-7d66-93b0-478d1c079799/random_walk,446,14.866666666666667,DINOv2,0.6864508390426636,False
b090_original/episode_019e1e35-af9f-7d66-93b0-478d1c079799/random_walk,446,14.866666666666667,Robometer success,0.09947021305561066,False
b090_original/episode_019e1e35-af9f-7d66-93b0-478d1c079799/random_walk,496,16.533333333333335,DT,-17.56205940246582,False
b090_original/episode_019e1e35-af9f-7d66-93b0-478d1c079799/random_walk,496,16.533333333333335,DINOv2,0.6960687041282654,False
b090_original/episode_019e1e35-af9f-7d66-93b0-478d1c079799/random_walk,496,16.533333333333335,Robometer success,0.05665242671966553,False
b090_original/episode_019e1e35-af9f-7d66-93b0-478d1c079799/random_walk,545,18.166666666666668,DT,-13.655097961425781,False
b090_original/episode_019e1e35-af9f-7d66-93b0-478d1c079799/random_walk,545,18.166666666666668,DINOv2,0.653373122215271,False
b090_original/episode_019e1e35-af9f-7d66-93b0-478d1c079799/random_walk,545,18.166666666666668,Robometer success,0.0838903859257698,False
b090_original/episode_019e1e35-af9f-7d66-93b0-478d1c079799/random_walk,595,19.833333333333332,DT,-11.386914253234863,False
b090_original/episode_019e1e35-af9f-7d66-93b0-478d1c079799/random_walk,595,19.833333333333332,DINOv2,0.7113839983940125,False
b090_original/episode_019e1e35-af9f-7d66-93b0-478d1c079799/random_walk,595,19.833333333333332,Robometer success,0.04535258188843727,False
b090_original/episode_019e1e35-af9f-7d66-93b0-478d1c079799/random_walk,644,21.466666666666665,DT,-9.646297454833984,False
b090_original/episode_019e1e35-af9f-7d66-93b0-478d1c079799/random_walk,644,21.466666666666665,DINOv2,0.7281595468521118,False
b090_original/episode_019e1e35-af9f-7d66-93b0-478d1c079799/random_walk,644,21.466666666666665,Robometer success,0.2583259642124176,False
b090_original/episode_019e1e35-af9f-7d66-93b0-478d1c079799/random_walk,659,21.966666666666665,DT,-5.89283561706543,False
b090_original/episode_019e1e35-af9f-7d66-93b0-478d1c079799/random_walk,659,21.966666666666665,DINOv2,0.7888833284378052,False
b090_original/episode_019e1e35-af9f-7d66-93b0-478d1c079799/random_walk,659,21.966666666666665,Robometer success,0.11920291930437088,False
b090_original/episode_019e1e35-af9f-7d66-93b0-478d1c079799/random_walk,689,22.966666666666665,DT,-10.266576766967773,False
b090_original/episode_019e1e35-af9f-7d66-93b0-478d1c079799/random_walk,689,22.966666666666665,DINOv2,0.8173086643218994,False
b090_original/episode_019e1e35-af9f-7d66-93b0-478d1c079799/random_walk,689,22.966666666666665,Robometer success,0.01971912756562233,False
b090_original/episode_019e1e35-af9f-7d66-93b0-478d1c079799/random_walk,694,23.133333333333333,DT,-10.990368843078613,False
b090_original/episode_019e1e35-af9f-7d66-93b0-478d1c079799/random_walk,694,23.133333333333333,DINOv2,0.8351786136627197,False
b090_original/episode_019e1e35-af9f-7d66-93b0-478d1c079799/random_walk,694,23.133333333333333,Robometer success,0.01798621006309986,False
b090_original/episode_019e1e35-af9f-7d66-93b0-478d1c079799/random_walk,743,24.766666666666666,DT,-6.4668402671813965,False
b090_original/episode_019e1e35-af9f-7d66-93b0-478d1c079799/random_walk,743,24.766666666666666,DINOv2,0.7959569096565247,False
b090_original/episode_019e1e35-af9f-7d66-93b0-478d1c079799/random_walk,743,24.766666666666666,Robometer success,0.02843603305518627,False
b090_original/episode_019e1e35-af9f-7d66-93b0-478d1c079799/random_walk,793,26.433333333333334,DT,-9.959372520446777,True
b090_original/episode_019e1e35-af9f-7d66-93b0-478d1c079799/random_walk,793,26.433333333333334,DINOv2,0.6176345348358154,True
b090_original/episode_019e1e35-af9f-7d66-93b0-478d1c079799/random_walk,793,26.433333333333334,Robometer success,0.04958902671933174,True
b090_parked/episode_019e1e35-af9f-7d66-93b0-478d1c079799/replay_control,0,0.0,DT,-10.509050369262695,False
b090_parked/episode_019e1e35-af9f-7d66-93b0-478d1c079799/replay_control,0,0.0,DINOv2,0.8646734952926636,False
b090_parked/episode_019e1e35-af9f-7d66-93b0-478d1c079799/replay_control,0,0.0,Robometer success,0.0034834241960197687,False
b090_parked/episode_019e1e35-af9f-7d66-93b0-478d1c079799/replay_control,50,1.6666666666666667,DT,-43.35578918457031,False
b090_parked/episode_019e1e35-af9f-7d66-93b0-478d1c079799/replay_control,50,1.6666666666666667,DINOv2,0.7144110202789307,False
b090_parked/episode_019e1e35-af9f-7d66-93b0-478d1c079799/replay_control,50,1.6666666666666667,Robometer success,0.0035936026833951473,False
b090_parked/episode_019e1e35-af9f-7d66-93b0-478d1c079799/replay_control,99,3.3,DT,-20.8155574798584,False
b090_parked/episode_019e1e35-af9f-7d66-93b0-478d1c079799/replay_control,99,3.3,DINOv2,0.6365096569061279,False
b090_parked/episode_019e1e35-af9f-7d66-93b0-478d1c079799/replay_control,99,3.3,Robometer success,0.10230471193790436,False
b090_parked/episode_019e1e35-af9f-7d66-93b0-478d1c079799/replay_control,149,4.966666666666667,DT,-18.523164749145508,False
b090_parked/episode_019e1e35-af9f-7d66-93b0-478d1c079799/replay_control,149,4.966666666666667,DINOv2,0.676638126373291,False
b090_parked/episode_019e1e35-af9f-7d66-93b0-478d1c079799/replay_control,149,4.966666666666667,Robometer success,0.13939638435840607,False
b090_parked/episode_019e1e35-af9f-7d66-93b0-478d1c079799/replay_control,198,6.6,DT,-18.703384399414062,False
b090_parked/episode_019e1e35-af9f-7d66-93b0-478d1c079799/replay_control,198,6.6,DINOv2,0.6940902471542358,False
b090_parked/episode_019e1e35-af9f-7d66-93b0-478d1c079799/replay_control,198,6.6,Robometer success,0.03963883966207504,False
b090_parked/episode_019e1e35-af9f-7d66-93b0-478d1c079799/replay_control,248,8.266666666666667,DT,-17.42197608947754,False
b090_parked/episode_019e1e35-af9f-7d66-93b0-478d1c079799/replay_control,248,8.266666666666667,DINOv2,0.5878485441207886,False
b090_parked/episode_019e1e35-af9f-7d66-93b0-478d1c079799/replay_control,248,8.266666666666667,Robometer success,0.05582314357161522,False
b090_parked/episode_019e1e35-af9f-7d66-93b0-478d1c079799/replay_control,297,9.9,DT,-23.5273494720459,False
b090_parked/episode_019e1e35-af9f-7d66-93b0-478d1c079799/replay_control,297,9.9,DINOv2,0.6039211750030518,False
b090_parked/episode_019e1e35-af9f-7d66-93b0-478d1c079799/replay_control,297,9.9,Robometer success,0.11124119907617569,False
b090_parked/episode_019e1e35-af9f-7d66-93b0-478d1c079799/replay_control,347,11.566666666666666,DT,-21.473464965820312,False
b090_parked/episode_019e1e35-af9f-7d66-93b0-478d1c079799/replay_control,347,11.566666666666666,DINOv2,0.6139867901802063,False
b090_parked/episode_019e1e35-af9f-7d66-93b0-478d1c079799/replay_control,347,11.566666666666666,Robometer success,0.12168574333190918,False
b090_parked/episode_019e1e35-af9f-7d66-93b0-478d1c079799/replay_control,396,13.2,DT,-24.08806610107422,False
b090_parked/episode_019e1e35-af9f-7d66-93b0-478d1c079799/replay_control,396,13.2,DINOv2,0.6342836618423462,False
b090_parked/episode_019e1e35-af9f-7d66-93b0-478d1c079799/replay_control,396,13.2,Robometer success,0.0838903859257698,False
b090_parked/episode_019e1e35-af9f-7d66-93b0-478d1c079799/replay_control,446,14.866666666666667,DT,-13.666963577270508,False
b090_parked/episode_019e1e35-af9f-7d66-93b0-478d1c079799/replay_control,446,14.866666666666667,DINOv2,0.6864508390426636,False
b090_parked/episode_019e1e35-af9f-7d66-93b0-478d1c079799/replay_control,446,14.866666666666667,Robometer success,0.09947021305561066,False
b090_parked/episode_019e1e35-af9f-7d66-93b0-478d1c079799/replay_control,496,16.533333333333335,DT,-17.56205940246582,False
b090_parked/episode_019e1e35-af9f-7d66-93b0-478d1c079799/replay_control,496,16.533333333333335,DINOv2,0.6960687041282654,False
b090_parked/episode_019e1e35-af9f-7d66-93b0-478d1c079799/replay_control,496,16.533333333333335,Robometer success,0.05665242671966553,False
b090_parked/episode_019e1e35-af9f-7d66-93b0-478d1c079799/replay_control,545,18.166666666666668,DT,-13.655097961425781,False
b090_parked/episode_019e1e35-af9f-7d66-93b0-478d1c079799/replay_control,545,18.166666666666668,DINOv2,0.653373122215271,False
b090_parked/episode_019e1e35-af9f-7d66-93b0-478d1c079799/replay_control,545,18.166666666666668,Robometer success,0.0838903859257698,False
b090_parked/episode_019e1e35-af9f-7d66-93b0-478d1c079799/replay_control,595,19.833333333333332,DT,-11.386914253234863,False
b090_parked/episode_019e1e35-af9f-7d66-93b0-478d1c079799/replay_control,595,19.833333333333332,DINOv2,0.7113839983940125,False
b090_parked/episode_019e1e35-af9f-7d66-93b0-478d1c079799/replay_control,595,19.833333333333332,Robometer success,0.04535258188843727,False
b090_parked/episode_019e1e35-af9f-7d66-93b0-478d1c079799/replay_control,644,21.466666666666665,DT,-9.646297454833984,False
b090_parked/episode_019e1e35-af9f-7d66-93b0-478d1c079799/replay_control,644,21.466666666666665,DINOv2,0.7281595468521118,False
b090_parked/episode_019e1e35-af9f-7d66-93b0-478d1c079799/replay_control,644,21.466666666666665,Robometer success,0.2583259642124176,False
b090_parked/episode_019e1e35-af9f-7d66-93b0-478d1c079799/replay_control,659,21.966666666666665,DT,-5.89283561706543,False
b090_parked/episode_019e1e35-af9f-7d66-93b0-478d1c079799/replay_control,659,21.966666666666665,DINOv2,0.7888833284378052,False
b090_parked/episode_019e1e35-af9f-7d66-93b0-478d1c079799/replay_control,659,21.966666666666665,Robometer success,0.11920291930437088,False
b090_parked/episode_019e1e35-af9f-7d66-93b0-478d1c079799/replay_control,689,22.966666666666665,DT,-3.308051109313965,False
b090_parked/episode_019e1e35-af9f-7d66-93b0-478d1c079799/replay_control,689,22.966666666666665,DINOv2,0.9121265411376953,False
b090_parked/episode_019e1e35-af9f-7d66-93b0-478d1c079799/replay_control,689,22.966666666666665,Robometer success,0.02262919954955578,False
b090_parked/episode_019e1e35-af9f-7d66-93b0-478d1c079799/replay_control,694,23.133333333333333,DT,-2.4153013229370117,False
b090_parked/episode_019e1e35-af9f-7d66-93b0-478d1c079799/replay_control,694,23.133333333333333,DINOv2,0.9357939958572388,False
b090_parked/episode_019e1e35-af9f-7d66-93b0-478d1c079799/replay_control,694,23.133333333333333,Robometer success,0.014063628390431404,False
b090_parked/episode_019e1e35-af9f-7d66-93b0-478d1c079799/replay_control,743,24.766666666666666,DT,-1.7671867609024048,False
b090_parked/episode_019e1e35-af9f-7d66-93b0-478d1c079799/replay_control,743,24.766666666666666,DINOv2,0.9984487295150757,False
b090_parked/episode_019e1e35-af9f-7d66-93b0-478d1c079799/replay_control,743,24.766666666666666,Robometer success,0.0838903859257698,False
b090_parked/episode_019e1e35-af9f-7d66-93b0-478d1c079799/replay_control,793,26.433333333333334,DT,-1.9618301391601562,False
b090_parked/episode_019e1e35-af9f-7d66-93b0-478d1c079799/replay_control,793,26.433333333333334,DINOv2,0.9972654581069946,False
b090_parked/episode_019e1e35-af9f-7d66-93b0-478d1c079799/replay_control,793,26.433333333333334,Robometer success,0.037892427295446396,False
b090_parked/episode_019e1e35-af9f-7d66-93b0-478d1c079799/replay_control,853,28.433333333333334,DT,-1.887589454650879,False
b090_parked/episode_019e1e35-af9f-7d66-93b0-478d1c079799/replay_control,853,28.433333333333334,DINOv2,0.999295175075531,False
b090_parked/episode_019e1e35-af9f-7d66-93b0-478d1c079799/replay_control,853,28.433333333333334,Robometer success,0.04672495648264885,False
b090_parked/episode_019e1e35-af9f-7d66-93b0-478d1c079799/replay_control,913,30.433333333333334,DT,-1.843252182006836,False
b090_parked/episode_019e1e35-af9f-7d66-93b0-478d1c079799/replay_control,913,30.433333333333334,DINOv2,0.9986138939857483,False
b090_parked/episode_019e1e35-af9f-7d66-93b0-478d1c079799/replay_control,913,30.433333333333334,Robometer success,0.3090237081050873,False
b090_parked/episode_019e1e35-af9f-7d66-93b0-478d1c079799/replay_control,973,32.43333333333333,DT,-1.8345649242401123,False
b090_parked/episode_019e1e35-af9f-7d66-93b0-478d1c079799/replay_control,973,32.43333333333333,DINOv2,0.9988523125648499,False
b090_parked/episode_019e1e35-af9f-7d66-93b0-478d1c079799/replay_control,973,32.43333333333333,Robometer success,0.48755136132240295,False
b090_parked/episode_019e1e35-af9f-7d66-93b0-478d1c079799/replay_control,1033,34.43333333333333,DT,-1.8070180416107178,False
b090_parked/episode_019e1e35-af9f-7d66-93b0-478d1c079799/replay_control,1033,34.43333333333333,DINOv2,0.9991550445556641,False
b090_parked/episode_019e1e35-af9f-7d66-93b0-478d1c079799/replay_control,1033,34.43333333333333,Robometer success,0.1127954050898552,False
b090_parked/episode_019e1e35-af9f-7d66-93b0-478d1c079799/replay_control,1093,36.43333333333333,DT,-1.9407684803009033,True
b090_parked/episode_019e1e35-af9f-7d66-93b0-478d1c079799/replay_control,1093,36.43333333333333,DINOv2,0.9993116855621338,True
b090_parked/episode_019e1e35-af9f-7d66-93b0-478d1c079799/replay_control,1093,36.43333333333333,Robometer success,0.1233656257390976,True
b090_parked/episode_019e1e35-af9f-7d66-93b0-478d1c079799/hold,0,0.0,DT,-10.509050369262695,False
b090_parked/episode_019e1e35-af9f-7d66-93b0-478d1c079799/hold,0,0.0,DINOv2,0.8646734952926636,False
b090_parked/episode_019e1e35-af9f-7d66-93b0-478d1c079799/hold,0,0.0,Robometer success,0.0034834241960197687,False
b090_parked/episode_019e1e35-af9f-7d66-93b0-478d1c079799/hold,50,1.6666666666666667,DT,-43.35578918457031,False
b090_parked/episode_019e1e35-af9f-7d66-93b0-478d1c079799/hold,50,1.6666666666666667,DINOv2,0.7144110202789307,False
b090_parked/episode_019e1e35-af9f-7d66-93b0-478d1c079799/hold,50,1.6666666666666667,Robometer success,0.0035936026833951473,False
b090_parked/episode_019e1e35-af9f-7d66-93b0-478d1c079799/hold,99,3.3,DT,-20.8155574798584,False
b090_parked/episode_019e1e35-af9f-7d66-93b0-478d1c079799/hold,99,3.3,DINOv2,0.6365096569061279,False
b090_parked/episode_019e1e35-af9f-7d66-93b0-478d1c079799/hold,99,3.3,Robometer success,0.10230471193790436,False
b090_parked/episode_019e1e35-af9f-7d66-93b0-478d1c079799/hold,149,4.966666666666667,DT,-18.523164749145508,False
b090_parked/episode_019e1e35-af9f-7d66-93b0-478d1c079799/hold,149,4.966666666666667,DINOv2,0.676638126373291,False
b090_parked/episode_019e1e35-af9f-7d66-93b0-478d1c079799/hold,149,4.966666666666667,Robometer success,0.13939638435840607,False
b090_parked/episode_019e1e35-af9f-7d66-93b0-478d1c079799/hold,198,6.6,DT,-18.703384399414062,False
b090_parked/episode_019e1e35-af9f-7d66-93b0-478d1c079799/hold,198,6.6,DINOv2,0.6940902471542358,False
b090_parked/episode_019e1e35-af9f-7d66-93b0-478d1c079799/hold,198,6.6,Robometer success,0.03963883966207504,False
b090_parked/episode_019e1e35-af9f-7d66-93b0-478d1c079799/hold,248,8.266666666666667,DT,-17.42197608947754,False
b090_parked/episode_019e1e35-af9f-7d66-93b0-478d1c079799/hold,248,8.266666666666667,DINOv2,0.5878485441207886,False
b090_parked/episode_019e1e35-af9f-7d66-93b0-478d1c079799/hold,248,8.266666666666667,Robometer success,0.05582314357161522,False
b090_parked/episode_019e1e35-af9f-7d66-93b0-478d1c079799/hold,297,9.9,DT,-23.5273494720459,False
b090_parked/episode_019e1e35-af9f-7d66-93b0-478d1c079799/hold,297,9.9,DINOv2,0.6039211750030518,False
b090_parked/episode_019e1e35-af9f-7d66-93b0-478d1c079799/hold,297,9.9,Robometer success,0.11124119907617569,False
b090_parked/episode_019e1e35-af9f-7d66-93b0-478d1c079799/hold,347,11.566666666666666,DT,-21.473464965820312,False
b090_parked/episode_019e1e35-af9f-7d66-93b0-478d1c079799/hold,347,11.566666666666666,DINOv2,0.6139867901802063,False
b090_parked/episode_019e1e35-af9f-7d66-93b0-478d1c079799/hold,347,11.566666666666666,Robometer success,0.12168574333190918,False
b090_parked/episode_019e1e35-af9f-7d66-93b0-478d1c079799/hold,396,13.2,DT,-24.08806610107422,False
b090_parked/episode_019e1e35-af9f-7d66-93b0-478d1c079799/hold,396,13.2,DINOv2,0.6342836618423462,False
b090_parked/episode_019e1e35-af9f-7d66-93b0-478d1c079799/hold,396,13.2,Robometer success,0.0838903859257698,False
b090_parked/episode_019e1e35-af9f-7d66-93b0-478d1c079799/hold,446,14.866666666666667,DT,-13.666963577270508,False
b090_parked/episode_019e1e35-af9f-7d66-93b0-478d1c079799/hold,446,14.866666666666667,DINOv2,0.6864508390426636,False
b090_parked/episode_019e1e35-af9f-7d66-93b0-478d1c079799/hold,446,14.866666666666667,Robometer success,0.09947021305561066,False
b090_parked/episode_019e1e35-af9f-7d66-93b0-478d1c079799/hold,496,16.533333333333335,DT,-17.56205940246582,False
b090_parked/episode_019e1e35-af9f-7d66-93b0-478d1c079799/hold,496,16.533333333333335,DINOv2,0.6960687041282654,False
b090_parked/episode_019e1e35-af9f-7d66-93b0-478d1c079799/hold,496,16.533333333333335,Robometer success,0.05665242671966553,False
b090_parked/episode_019e1e35-af9f-7d66-93b0-478d1c079799/hold,545,18.166666666666668,DT,-13.655097961425781,False
b090_parked/episode_019e1e35-af9f-7d66-93b0-478d1c079799/hold,545,18.166666666666668,DINOv2,0.653373122215271,False
b090_parked/episode_019e1e35-af9f-7d66-93b0-478d1c079799/hold,545,18.166666666666668,Robometer success,0.0838903859257698,False
b090_parked/episode_019e1e35-af9f-7d66-93b0-478d1c079799/hold,595,19.833333333333332,DT,-11.386914253234863,False
b090_parked/episode_019e1e35-af9f-7d66-93b0-478d1c079799/hold,595,19.833333333333332,DINOv2,0.7113839983940125,False
b090_parked/episode_019e1e35-af9f-7d66-93b0-478d1c079799/hold,595,19.833333333333332,Robometer success,0.04535258188843727,False
b090_parked/episode_019e1e35-af9f-7d66-93b0-478d1c079799/hold,644,21.466666666666665,DT,-9.646297454833984,False
b090_parked/episode_019e1e35-af9f-7d66-93b0-478d1c079799/hold,644,21.466666666666665,DINOv2,0.7281595468521118,False
b090_parked/episode_019e1e35-af9f-7d66-93b0-478d1c079799/hold,644,21.466666666666665,Robometer success,0.2583259642124176,False
b090_parked/episode_019e1e35-af9f-7d66-93b0-478d1c079799/hold,659,21.966666666666665,DT,-5.89283561706543,False
b090_parked/episode_019e1e35-af9f-7d66-93b0-478d1c079799/hold,659,21.966666666666665,DINOv2,0.7888833284378052,False
b090_parked/episode_019e1e35-af9f-7d66-93b0-478d1c079799/hold,659,21.966666666666665,Robometer success,0.11920291930437088,False
b090_parked/episode_019e1e35-af9f-7d66-93b0-478d1c079799/hold,689,22.966666666666665,DT,-5.8209228515625,False
b090_parked/episode_019e1e35-af9f-7d66-93b0-478d1c079799/hold,689,22.966666666666665,DINOv2,0.7877265214920044,False
b090_parked/episode_019e1e35-af9f-7d66-93b0-478d1c079799/hold,689,22.966666666666665,Robometer success,0.03021458350121975,False
b090_parked/episode_019e1e35-af9f-7d66-93b0-478d1c079799/hold,694,23.133333333333333,DT,-5.793701648712158,False
b090_parked/episode_019e1e35-af9f-7d66-93b0-478d1c079799/hold,694,23.133333333333333,DINOv2,0.7848294973373413,False
b090_parked/episode_019e1e35-af9f-7d66-93b0-478d1c079799/hold,694,23.133333333333333,Robometer success,0.02931223064661026,False
b090_parked/episode_019e1e35-af9f-7d66-93b0-478d1c079799/hold,743,24.766666666666666,DT,-5.979303359985352,False
b090_parked/episode_019e1e35-af9f-7d66-93b0-478d1c079799/hold,743,24.766666666666666,DINOv2,0.7882185578346252,False
b090_parked/episode_019e1e35-af9f-7d66-93b0-478d1c079799/hold,743,24.766666666666666,Robometer success,0.13753245770931244,False
b090_parked/episode_019e1e35-af9f-7d66-93b0-478d1c079799/hold,793,26.433333333333334,DT,-5.845635414123535,False
b090_parked/episode_019e1e35-af9f-7d66-93b0-478d1c079799/hold,793,26.433333333333334,DINOv2,0.786595344543457,False
b090_parked/episode_019e1e35-af9f-7d66-93b0-478d1c079799/hold,793,26.433333333333334,Robometer success,0.08882029354572296,False
b090_parked/episode_019e1e35-af9f-7d66-93b0-478d1c079799/hold,853,28.433333333333334,DT,-2.198622226715088,False
b090_parked/episode_019e1e35-af9f-7d66-93b0-478d1c079799/hold,853,28.433333333333334,DINOv2,0.9969286322593689,False
b090_parked/episode_019e1e35-af9f-7d66-93b0-478d1c079799/hold,853,28.433333333333334,Robometer success,0.037892427295446396,False
b090_parked/episode_019e1e35-af9f-7d66-93b0-478d1c079799/hold,913,30.433333333333334,DT,-2.122097969055176,False
b090_parked/episode_019e1e35-af9f-7d66-93b0-478d1c079799/hold,913,30.433333333333334,DINOv2,0.9990755915641785,False
b090_parked/episode_019e1e35-af9f-7d66-93b0-478d1c079799/hold,913,30.433333333333334,Robometer success,0.23792988061904907,False
b090_parked/episode_019e1e35-af9f-7d66-93b0-478d1c079799/hold,973,32.43333333333333,DT,-1.8512972593307495,False
b090_parked/episode_019e1e35-af9f-7d66-93b0-478d1c079799/hold,973,32.43333333333333,DINOv2,0.9995499849319458,False
b090_parked/episode_019e1e35-af9f-7d66-93b0-478d1c079799/hold,973,32.43333333333333,Robometer success,0.38954657316207886,False
b090_parked/episode_019e1e35-af9f-7d66-93b0-478d1c079799/hold,1033,34.43333333333333,DT,-1.943593978881836,False
b090_parked/episode_019e1e35-af9f-7d66-93b0-478d1c079799/hold,1033,34.43333333333333,DINOv2,0.9996189475059509,False
b090_parked/episode_019e1e35-af9f-7d66-93b0-478d1c079799/hold,1033,34.43333333333333,Robometer success,0.2351083904504776,False
b090_parked/episode_019e1e35-af9f-7d66-93b0-478d1c079799/hold,1093,36.43333333333333,DT,-1.7471681833267212,True
b090_parked/episode_019e1e35-af9f-7d66-93b0-478d1c079799/hold,1093,36.43333333333333,DINOv2,0.9995755553245544,True
b090_parked/episode_019e1e35-af9f-7d66-93b0-478d1c079799/hold,1093,36.43333333333333,Robometer success,0.3319854736328125,True
b090_parked/episode_019e1e35-af9f-7d66-93b0-478d1c079799/random_walk,0,0.0,DT,-10.509050369262695,False
b090_parked/episode_019e1e35-af9f-7d66-93b0-478d1c079799/random_walk,0,0.0,DINOv2,0.8646734952926636,False
b090_parked/episode_019e1e35-af9f-7d66-93b0-478d1c079799/random_walk,0,0.0,Robometer success,0.0034834241960197687,False
b090_parked/episode_019e1e35-af9f-7d66-93b0-478d1c079799/random_walk,50,1.6666666666666667,DT,-43.35578918457031,False
b090_parked/episode_019e1e35-af9f-7d66-93b0-478d1c079799/random_walk,50,1.6666666666666667,DINOv2,0.7144110202789307,False
b090_parked/episode_019e1e35-af9f-7d66-93b0-478d1c079799/random_walk,50,1.6666666666666667,Robometer success,0.0035936026833951473,False
b090_parked/episode_019e1e35-af9f-7d66-93b0-478d1c079799/random_walk,99,3.3,DT,-20.8155574798584,False
b090_parked/episode_019e1e35-af9f-7d66-93b0-478d1c079799/random_walk,99,3.3,DINOv2,0.6365096569061279,False
b090_parked/episode_019e1e35-af9f-7d66-93b0-478d1c079799/random_walk,99,3.3,Robometer success,0.10230471193790436,False
b090_parked/episode_019e1e35-af9f-7d66-93b0-478d1c079799/random_walk,149,4.966666666666667,DT,-18.523164749145508,False
b090_parked/episode_019e1e35-af9f-7d66-93b0-478d1c079799/random_walk,149,4.966666666666667,DINOv2,0.676638126373291,False
b090_parked/episode_019e1e35-af9f-7d66-93b0-478d1c079799/random_walk,149,4.966666666666667,Robometer success,0.13939638435840607,False
b090_parked/episode_019e1e35-af9f-7d66-93b0-478d1c079799/random_walk,198,6.6,DT,-18.703384399414062,False
b090_parked/episode_019e1e35-af9f-7d66-93b0-478d1c079799/random_walk,198,6.6,DINOv2,0.6940902471542358,False
b090_parked/episode_019e1e35-af9f-7d66-93b0-478d1c079799/random_walk,198,6.6,Robometer success,0.03963883966207504,False
b090_parked/episode_019e1e35-af9f-7d66-93b0-478d1c079799/random_walk,248,8.266666666666667,DT,-17.42197608947754,False
b090_parked/episode_019e1e35-af9f-7d66-93b0-478d1c079799/random_walk,248,8.266666666666667,DINOv2,0.5878485441207886,False
b090_parked/episode_019e1e35-af9f-7d66-93b0-478d1c079799/random_walk,248,8.266666666666667,Robometer success,0.05582314357161522,False
b090_parked/episode_019e1e35-af9f-7d66-93b0-478d1c079799/random_walk,297,9.9,DT,-23.5273494720459,False
b090_parked/episode_019e1e35-af9f-7d66-93b0-478d1c079799/random_walk,297,9.9,DINOv2,0.6039211750030518,False
b090_parked/episode_019e1e35-af9f-7d66-93b0-478d1c079799/random_walk,297,9.9,Robometer success,0.11124119907617569,False
b090_parked/episode_019e1e35-af9f-7d66-93b0-478d1c079799/random_walk,347,11.566666666666666,DT,-21.473464965820312,False
b090_parked/episode_019e1e35-af9f-7d66-93b0-478d1c079799/random_walk,347,11.566666666666666,DINOv2,0.6139867901802063,False
b090_parked/episode_019e1e35-af9f-7d66-93b0-478d1c079799/random_walk,347,11.566666666666666,Robometer success,0.12168574333190918,False
b090_parked/episode_019e1e35-af9f-7d66-93b0-478d1c079799/random_walk,396,13.2,DT,-24.08806610107422,False
b090_parked/episode_019e1e35-af9f-7d66-93b0-478d1c079799/random_walk,396,13.2,DINOv2,0.6342836618423462,False
b090_parked/episode_019e1e35-af9f-7d66-93b0-478d1c079799/random_walk,396,13.2,Robometer success,0.0838903859257698,False
b090_parked/episode_019e1e35-af9f-7d66-93b0-478d1c079799/random_walk,446,14.866666666666667,DT,-13.666963577270508,False
b090_parked/episode_019e1e35-af9f-7d66-93b0-478d1c079799/random_walk,446,14.866666666666667,DINOv2,0.6864508390426636,False
b090_parked/episode_019e1e35-af9f-7d66-93b0-478d1c079799/random_walk,446,14.866666666666667,Robometer success,0.09947021305561066,False
b090_parked/episode_019e1e35-af9f-7d66-93b0-478d1c079799/random_walk,496,16.533333333333335,DT,-17.56205940246582,False
b090_parked/episode_019e1e35-af9f-7d66-93b0-478d1c079799/random_walk,496,16.533333333333335,DINOv2,0.6960687041282654,False
b090_parked/episode_019e1e35-af9f-7d66-93b0-478d1c079799/random_walk,496,16.533333333333335,Robometer success,0.05665242671966553,False
b090_parked/episode_019e1e35-af9f-7d66-93b0-478d1c079799/random_walk,545,18.166666666666668,DT,-13.655097961425781,False
b090_parked/episode_019e1e35-af9f-7d66-93b0-478d1c079799/random_walk,545,18.166666666666668,DINOv2,0.653373122215271,False
b090_parked/episode_019e1e35-af9f-7d66-93b0-478d1c079799/random_walk,545,18.166666666666668,Robometer success,0.0838903859257698,False
b090_parked/episode_019e1e35-af9f-7d66-93b0-478d1c079799/random_walk,595,19.833333333333332,DT,-11.386914253234863,False
b090_parked/episode_019e1e35-af9f-7d66-93b0-478d1c079799/random_walk,595,19.833333333333332,DINOv2,0.7113839983940125,False
b090_parked/episode_019e1e35-af9f-7d66-93b0-478d1c079799/random_walk,595,19.833333333333332,Robometer success,0.04535258188843727,False
b090_parked/episode_019e1e35-af9f-7d66-93b0-478d1c079799/random_walk,644,21.466666666666665,DT,-9.646297454833984,False
b090_parked/episode_019e1e35-af9f-7d66-93b0-478d1c079799/random_walk,644,21.466666666666665,DINOv2,0.7281595468521118,False
b090_parked/episode_019e1e35-af9f-7d66-93b0-478d1c079799/random_walk,644,21.466666666666665,Robometer success,0.2583259642124176,False
b090_parked/episode_019e1e35-af9f-7d66-93b0-478d1c079799/random_walk,659,21.966666666666665,DT,-5.89283561706543,False
b090_parked/episode_019e1e35-af9f-7d66-93b0-478d1c079799/random_walk,659,21.966666666666665,DINOv2,0.7888833284378052,False
b090_parked/episode_019e1e35-af9f-7d66-93b0-478d1c079799/random_walk,659,21.966666666666665,Robometer success,0.11920291930437088,False
b090_parked/episode_019e1e35-af9f-7d66-93b0-478d1c079799/random_walk,689,22.966666666666665,DT,-10.266576766967773,False
b090_parked/episode_019e1e35-af9f-7d66-93b0-478d1c079799/random_walk,689,22.966666666666665,DINOv2,0.8173086643218994,False
b090_parked/episode_019e1e35-af9f-7d66-93b0-478d1c079799/random_walk,689,22.966666666666665,Robometer success,0.01971912756562233,False
b090_parked/episode_019e1e35-af9f-7d66-93b0-478d1c079799/random_walk,694,23.133333333333333,DT,-10.990368843078613,False
b090_parked/episode_019e1e35-af9f-7d66-93b0-478d1c079799/random_walk,694,23.133333333333333,DINOv2,0.8351786136627197,False
b090_parked/episode_019e1e35-af9f-7d66-93b0-478d1c079799/random_walk,694,23.133333333333333,Robometer success,0.01798621006309986,False
b090_parked/episode_019e1e35-af9f-7d66-93b0-478d1c079799/random_walk,743,24.766666666666666,DT,-6.4668402671813965,False
b090_parked/episode_019e1e35-af9f-7d66-93b0-478d1c079799/random_walk,743,24.766666666666666,DINOv2,0.7959569096565247,False
b090_parked/episode_019e1e35-af9f-7d66-93b0-478d1c079799/random_walk,743,24.766666666666666,Robometer success,0.02843603305518627,False
b090_parked/episode_019e1e35-af9f-7d66-93b0-478d1c079799/random_walk,793,26.433333333333334,DT,-9.959372520446777,False
b090_parked/episode_019e1e35-af9f-7d66-93b0-478d1c079799/random_walk,793,26.433333333333334,DINOv2,0.6176345348358154,False
b090_parked/episode_019e1e35-af9f-7d66-93b0-478d1c079799/random_walk,793,26.433333333333334,Robometer success,0.04958902671933174,False
b090_parked/episode_019e1e35-af9f-7d66-93b0-478d1c079799/random_walk,853,28.433333333333334,DT,-1.7733522653579712,False
b090_parked/episode_019e1e35-af9f-7d66-93b0-478d1c079799/random_walk,853,28.433333333333334,DINOv2,0.9924045205116272,False
b090_parked/episode_019e1e35-af9f-7d66-93b0-478d1c079799/random_walk,853,28.433333333333334,Robometer success,0.05184546485543251,False
b090_parked/episode_019e1e35-af9f-7d66-93b0-478d1c079799/random_walk,913,30.433333333333334,DT,-2.122818946838379,False
b090_parked/episode_019e1e35-af9f-7d66-93b0-478d1c079799/random_walk,913,30.433333333333334,DINOv2,0.9995033740997314,False
b090_parked/episode_019e1e35-af9f-7d66-93b0-478d1c079799/random_walk,913,30.433333333333334,Robometer success,0.14414885640144348,False
b090_parked/episode_019e1e35-af9f-7d66-93b0-478d1c079799/random_walk,973,32.43333333333333,DT,-1.9060814380645752,False
b090_parked/episode_019e1e35-af9f-7d66-93b0-478d1c079799/random_walk,973,32.43333333333333,DINOv2,0.999709963798523,False
b090_parked/episode_019e1e35-af9f-7d66-93b0-478d1c079799/random_walk,973,32.43333333333333,Robometer success,0.20817892253398895,False
b090_parked/episode_019e1e35-af9f-7d66-93b0-478d1c079799/random_walk,1033,34.43333333333333,DT,-1.8212486505508423,False
b090_parked/episode_019e1e35-af9f-7d66-93b0-478d1c079799/random_walk,1033,34.43333333333333,DINOv2,0.9997146129608154,False
b090_parked/episode_019e1e35-af9f-7d66-93b0-478d1c079799/random_walk,1033,34.43333333333333,Robometer success,0.16238002479076385,False
b090_parked/episode_019e1e35-af9f-7d66-93b0-478d1c079799/random_walk,1093,36.43333333333333,DT,-1.8405656814575195,True
b090_parked/episode_019e1e35-af9f-7d66-93b0-478d1c079799/random_walk,1093,36.43333333333333,DINOv2,0.9995979070663452,True
b090_parked/episode_019e1e35-af9f-7d66-93b0-478d1c079799/random_walk,1093,36.43333333333333,Robometer success,0.1581743359565735,True
b050_original/episode_019e2d91-6e08-7f79-a3e4-c843c73a3ef2/replay_control,0,0.0,DT,-8.948089599609375,False
b050_original/episode_019e2d91-6e08-7f79-a3e4-c843c73a3ef2/replay_control,0,0.0,DINOv2,0.8439351320266724,False
b050_original/episode_019e2d91-6e08-7f79-a3e4-c843c73a3ef2/replay_control,0,0.0,Robometer success,0.013636835850775242,False
b050_original/episode_019e2d91-6e08-7f79-a3e4-c843c73a3ef2/replay_control,47,1.5666666666666667,DT,-54.99887466430664,False
b050_original/episode_019e2d91-6e08-7f79-a3e4-c843c73a3ef2/replay_control,47,1.5666666666666667,DINOv2,0.7697464227676392,False
b050_original/episode_019e2d91-6e08-7f79-a3e4-c843c73a3ef2/replay_control,47,1.5666666666666667,Robometer success,0.005730246659368277,False
b050_original/episode_019e2d91-6e08-7f79-a3e4-c843c73a3ef2/replay_control,94,3.1333333333333333,DT,-23.860763549804688,False
b050_original/episode_019e2d91-6e08-7f79-a3e4-c843c73a3ef2/replay_control,94,3.1333333333333333,DINOv2,0.7698795795440674,False
b050_original/episode_019e2d91-6e08-7f79-a3e4-c843c73a3ef2/replay_control,94,3.1333333333333333,Robometer success,0.4063906967639923,False
b050_original/episode_019e2d91-6e08-7f79-a3e4-c843c73a3ef2/replay_control,141,4.7,DT,-32.89019012451172,False
b050_original/episode_019e2d91-6e08-7f79-a3e4-c843c73a3ef2/replay_control,141,4.7,DINOv2,0.7205725908279419,False
b050_original/episode_019e2d91-6e08-7f79-a3e4-c843c73a3ef2/replay_control,141,4.7,Robometer success,0.29746994376182556,False
b050_original/episode_019e2d91-6e08-7f79-a3e4-c843c73a3ef2/replay_control,188,6.266666666666667,DT,-18.907657623291016,False
b050_original/episode_019e2d91-6e08-7f79-a3e4-c843c73a3ef2/replay_control,188,6.266666666666667,DINOv2,0.6296250820159912,False
b050_original/episode_019e2d91-6e08-7f79-a3e4-c843c73a3ef2/replay_control,188,6.266666666666667,Robometer success,0.07159119844436646,False
b050_original/episode_019e2d91-6e08-7f79-a3e4-c843c73a3ef2/replay_control,235,7.833333333333333,DT,-25.290311813354492,False
b050_original/episode_019e2d91-6e08-7f79-a3e4-c843c73a3ef2/replay_control,235,7.833333333333333,DINOv2,0.7119990587234497,False
b050_original/episode_019e2d91-6e08-7f79-a3e4-c843c73a3ef2/replay_control,235,7.833333333333333,Robometer success,0.10230471193790436,False
b050_original/episode_019e2d91-6e08-7f79-a3e4-c843c73a3ef2/replay_control,282,9.4,DT,-16.502899169921875,False
b050_original/episode_019e2d91-6e08-7f79-a3e4-c843c73a3ef2/replay_control,282,9.4,DINOv2,0.7396522164344788,False
b050_original/episode_019e2d91-6e08-7f79-a3e4-c843c73a3ef2/replay_control,282,9.4,Robometer success,0.22815649211406708,False
b050_original/episode_019e2d91-6e08-7f79-a3e4-c843c73a3ef2/replay_control,329,10.966666666666667,DT,-17.035293579101562,False
b050_original/episode_019e2d91-6e08-7f79-a3e4-c843c73a3ef2/replay_control,329,10.966666666666667,DINOv2,0.6604691743850708,False
b050_original/episode_019e2d91-6e08-7f79-a3e4-c843c73a3ef2/replay_control,329,10.966666666666667,Robometer success,0.08756384253501892,False
b050_original/episode_019e2d91-6e08-7f79-a3e4-c843c73a3ef2/replay_control,345,11.5,DT,-21.080032348632812,False
b050_original/episode_019e2d91-6e08-7f79-a3e4-c843c73a3ef2/replay_control,345,11.5,DINOv2,0.8124009966850281,False
b050_original/episode_019e2d91-6e08-7f79-a3e4-c843c73a3ef2/replay_control,345,11.5,Robometer success,0.20055769383907318,False
b050_original/episode_019e2d91-6e08-7f79-a3e4-c843c73a3ef2/replay_control,375,12.5,DT,-18.02757453918457,False
b050_original/episode_019e2d91-6e08-7f79-a3e4-c843c73a3ef2/replay_control,375,12.5,DINOv2,0.819962739944458,False
b050_original/episode_019e2d91-6e08-7f79-a3e4-c843c73a3ef2/replay_control,375,12.5,Robometer success,0.09534945338964462,False
b050_original/episode_019e2d91-6e08-7f79-a3e4-c843c73a3ef2/replay_control,376,12.533333333333333,DT,-18.45500946044922,False
b050_original/episode_019e2d91-6e08-7f79-a3e4-c843c73a3ef2/replay_control,376,12.533333333333333,DINOv2,0.8159441947937012,False
b050_original/episode_019e2d91-6e08-7f79-a3e4-c843c73a3ef2/replay_control,376,12.533333333333333,Robometer success,0.12678517401218414,False
b050_original/episode_019e2d91-6e08-7f79-a3e4-c843c73a3ef2/replay_control,422,14.066666666666666,DT,-17.703840255737305,False
b050_original/episode_019e2d91-6e08-7f79-a3e4-c843c73a3ef2/replay_control,422,14.066666666666666,DINOv2,0.695242166519165,False
b050_original/episode_019e2d91-6e08-7f79-a3e4-c843c73a3ef2/replay_control,422,14.066666666666666,Robometer success,0.034100424498319626,False
b050_original/episode_019e2d91-6e08-7f79-a3e4-c843c73a3ef2/replay_control,469,15.633333333333333,DT,-14.834537506103516,False
b050_original/episode_019e2d91-6e08-7f79-a3e4-c843c73a3ef2/replay_control,469,15.633333333333333,DINOv2,0.6648784875869751,False
b050_original/episode_019e2d91-6e08-7f79-a3e4-c843c73a3ef2/replay_control,469,15.633333333333333,Robometer success,0.01798621006309986,False
b050_original/episode_019e2d91-6e08-7f79-a3e4-c843c73a3ef2/replay_control,516,17.2,DT,-13.411306381225586,False
b050_original/episode_019e2d91-6e08-7f79-a3e4-c843c73a3ef2/replay_control,516,17.2,DINOv2,0.7573025226593018,False
b050_original/episode_019e2d91-6e08-7f79-a3e4-c843c73a3ef2/replay_control,516,17.2,Robometer success,0.016914913430809975,False
b050_original/episode_019e2d91-6e08-7f79-a3e4-c843c73a3ef2/replay_control,563,18.766666666666666,DT,-12.1057710647583,False
b050_original/episode_019e2d91-6e08-7f79-a3e4-c843c73a3ef2/replay_control,563,18.766666666666666,DINOv2,0.7947444319725037,False
b050_original/episode_019e2d91-6e08-7f79-a3e4-c843c73a3ef2/replay_control,563,18.766666666666666,Robometer success,0.034618835896253586,False
b050_original/episode_019e2d91-6e08-7f79-a3e4-c843c73a3ef2/replay_control,610,20.333333333333332,DT,-11.444549560546875,False
b050_original/episode_019e2d91-6e08-7f79-a3e4-c843c73a3ef2/replay_control,610,20.333333333333332,DINOv2,0.8490532040596008,False
b050_original/episode_019e2d91-6e08-7f79-a3e4-c843c73a3ef2/replay_control,610,20.333333333333332,Robometer success,0.07477004081010818,False
b050_original/episode_019e2d91-6e08-7f79-a3e4-c843c73a3ef2/replay_control,657,21.9,DT,-2.9904115200042725,False
b050_original/episode_019e2d91-6e08-7f79-a3e4-c843c73a3ef2/replay_control,657,21.9,DINOv2,0.9508316516876221,False
b050_original/episode_019e2d91-6e08-7f79-a3e4-c843c73a3ef2/replay_control,657,21.9,Robometer success,0.01640303246676922,False
b050_original/episode_019e2d91-6e08-7f79-a3e4-c843c73a3ef2/replay_control,704,23.466666666666665,DT,-1.7389153242111206,False
b050_original/episode_019e2d91-6e08-7f79-a3e4-c843c73a3ef2/replay_control,704,23.466666666666665,DINOv2,0.9993482232093811,False
b050_original/episode_019e2d91-6e08-7f79-a3e4-c843c73a3ef2/replay_control,704,23.466666666666665,Robometer success,0.0120537793263793,False
b050_original/episode_019e2d91-6e08-7f79-a3e4-c843c73a3ef2/replay_control,751,25.033333333333335,DT,-1.712083339691162,True
b050_original/episode_019e2d91-6e08-7f79-a3e4-c843c73a3ef2/replay_control,751,25.033333333333335,DINOv2,0.9985325932502747,True
b050_original/episode_019e2d91-6e08-7f79-a3e4-c843c73a3ef2/replay_control,751,25.033333333333335,Robometer success,0.11436853557825089,True
b050_original/episode_019e2d91-6e08-7f79-a3e4-c843c73a3ef2/hold,0,0.0,DT,-8.948089599609375,False
b050_original/episode_019e2d91-6e08-7f79-a3e4-c843c73a3ef2/hold,0,0.0,DINOv2,0.8439351320266724,False
b050_original/episode_019e2d91-6e08-7f79-a3e4-c843c73a3ef2/hold,0,0.0,Robometer success,0.013636835850775242,False
b050_original/episode_019e2d91-6e08-7f79-a3e4-c843c73a3ef2/hold,47,1.5666666666666667,DT,-54.99887466430664,False
b050_original/episode_019e2d91-6e08-7f79-a3e4-c843c73a3ef2/hold,47,1.5666666666666667,DINOv2,0.7697464227676392,False
b050_original/episode_019e2d91-6e08-7f79-a3e4-c843c73a3ef2/hold,47,1.5666666666666667,Robometer success,0.005730246659368277,False
b050_original/episode_019e2d91-6e08-7f79-a3e4-c843c73a3ef2/hold,94,3.1333333333333333,DT,-23.860763549804688,False
b050_original/episode_019e2d91-6e08-7f79-a3e4-c843c73a3ef2/hold,94,3.1333333333333333,DINOv2,0.7698795795440674,False
b050_original/episode_019e2d91-6e08-7f79-a3e4-c843c73a3ef2/hold,94,3.1333333333333333,Robometer success,0.4063906967639923,False
b050_original/episode_019e2d91-6e08-7f79-a3e4-c843c73a3ef2/hold,141,4.7,DT,-32.89019012451172,False
b050_original/episode_019e2d91-6e08-7f79-a3e4-c843c73a3ef2/hold,141,4.7,DINOv2,0.7205725908279419,False
b050_original/episode_019e2d91-6e08-7f79-a3e4-c843c73a3ef2/hold,141,4.7,Robometer success,0.29746994376182556,False
b050_original/episode_019e2d91-6e08-7f79-a3e4-c843c73a3ef2/hold,188,6.266666666666667,DT,-18.907657623291016,False
b050_original/episode_019e2d91-6e08-7f79-a3e4-c843c73a3ef2/hold,188,6.266666666666667,DINOv2,0.6296250820159912,False
b050_original/episode_019e2d91-6e08-7f79-a3e4-c843c73a3ef2/hold,188,6.266666666666667,Robometer success,0.07159119844436646,False
b050_original/episode_019e2d91-6e08-7f79-a3e4-c843c73a3ef2/hold,235,7.833333333333333,DT,-25.290311813354492,False
b050_original/episode_019e2d91-6e08-7f79-a3e4-c843c73a3ef2/hold,235,7.833333333333333,DINOv2,0.7119990587234497,False
b050_original/episode_019e2d91-6e08-7f79-a3e4-c843c73a3ef2/hold,235,7.833333333333333,Robometer success,0.10230471193790436,False
b050_original/episode_019e2d91-6e08-7f79-a3e4-c843c73a3ef2/hold,282,9.4,DT,-16.502899169921875,False
b050_original/episode_019e2d91-6e08-7f79-a3e4-c843c73a3ef2/hold,282,9.4,DINOv2,0.7396522164344788,False
b050_original/episode_019e2d91-6e08-7f79-a3e4-c843c73a3ef2/hold,282,9.4,Robometer success,0.22815649211406708,False
b050_original/episode_019e2d91-6e08-7f79-a3e4-c843c73a3ef2/hold,329,10.966666666666667,DT,-17.035293579101562,False
b050_original/episode_019e2d91-6e08-7f79-a3e4-c843c73a3ef2/hold,329,10.966666666666667,DINOv2,0.6604691743850708,False
b050_original/episode_019e2d91-6e08-7f79-a3e4-c843c73a3ef2/hold,329,10.966666666666667,Robometer success,0.08756384253501892,False
b050_original/episode_019e2d91-6e08-7f79-a3e4-c843c73a3ef2/hold,345,11.5,DT,-21.080032348632812,False
b050_original/episode_019e2d91-6e08-7f79-a3e4-c843c73a3ef2/hold,345,11.5,DINOv2,0.8124009966850281,False
b050_original/episode_019e2d91-6e08-7f79-a3e4-c843c73a3ef2/hold,345,11.5,Robometer success,0.20055769383907318,False
b050_original/episode_019e2d91-6e08-7f79-a3e4-c843c73a3ef2/hold,375,12.5,DT,-21.031940460205078,False
b050_original/episode_019e2d91-6e08-7f79-a3e4-c843c73a3ef2/hold,375,12.5,DINOv2,0.8096312880516052,False
b050_original/episode_019e2d91-6e08-7f79-a3e4-c843c73a3ef2/hold,375,12.5,Robometer success,0.15102779865264893,False
b050_original/episode_019e2d91-6e08-7f79-a3e4-c843c73a3ef2/hold,376,12.533333333333333,DT,-21.12978172302246,False
b050_original/episode_019e2d91-6e08-7f79-a3e4-c843c73a3ef2/hold,376,12.533333333333333,DINOv2,0.8097227215766907,False
b050_original/episode_019e2d91-6e08-7f79-a3e4-c843c73a3ef2/hold,376,12.533333333333333,Robometer success,0.2240554392337799,False
b050_original/episode_019e2d91-6e08-7f79-a3e4-c843c73a3ef2/hold,422,14.066666666666666,DT,-20.541446685791016,False
b050_original/episode_019e2d91-6e08-7f79-a3e4-c843c73a3ef2/hold,422,14.066666666666666,DINOv2,0.8091558218002319,False
b050_original/episode_019e2d91-6e08-7f79-a3e4-c843c73a3ef2/hold,422,14.066666666666666,Robometer success,0.11124119907617569,False
b050_original/episode_019e2d91-6e08-7f79-a3e4-c843c73a3ef2/hold,469,15.633333333333333,DT,-19.743549346923828,False
b050_original/episode_019e2d91-6e08-7f79-a3e4-c843c73a3ef2/hold,469,15.633333333333333,DINOv2,0.8067128658294678,False
b050_original/episode_019e2d91-6e08-7f79-a3e4-c843c73a3ef2/hold,469,15.633333333333333,Robometer success,0.22815649211406708,False
b050_original/episode_019e2d91-6e08-7f79-a3e4-c843c73a3ef2/hold,516,17.2,DT,-20.188701629638672,False
b050_original/episode_019e2d91-6e08-7f79-a3e4-c843c73a3ef2/hold,516,17.2,DINOv2,0.8074356317520142,False
b050_original/episode_019e2d91-6e08-7f79-a3e4-c843c73a3ef2/hold,516,17.2,Robometer success,0.13117322325706482,False
b050_original/episode_019e2d91-6e08-7f79-a3e4-c843c73a3ef2/hold,563,18.766666666666666,DT,-20.695146560668945,False
b050_original/episode_019e2d91-6e08-7f79-a3e4-c843c73a3ef2/hold,563,18.766666666666666,DINOv2,0.8086870312690735,False
b050_original/episode_019e2d91-6e08-7f79-a3e4-c843c73a3ef2/hold,563,18.766666666666666,Robometer success,0.1225232183933258,False
b050_original/episode_019e2d91-6e08-7f79-a3e4-c843c73a3ef2/hold,610,20.333333333333332,DT,-20.868473052978516,False
b050_original/episode_019e2d91-6e08-7f79-a3e4-c843c73a3ef2/hold,610,20.333333333333332,DINOv2,0.8095760345458984,False
b050_original/episode_019e2d91-6e08-7f79-a3e4-c843c73a3ef2/hold,610,20.333333333333332,Robometer success,0.1233656257390976,False
b050_original/episode_019e2d91-6e08-7f79-a3e4-c843c73a3ef2/hold,657,21.9,DT,-20.837970733642578,False
b050_original/episode_019e2d91-6e08-7f79-a3e4-c843c73a3ef2/hold,657,21.9,DINOv2,0.8101717233657837,False
b050_original/episode_019e2d91-6e08-7f79-a3e4-c843c73a3ef2/hold,657,21.9,Robometer success,0.11757213622331619,False
b050_original/episode_019e2d91-6e08-7f79-a3e4-c843c73a3ef2/hold,704,23.466666666666665,DT,-21.176836013793945,False
b050_original/episode_019e2d91-6e08-7f79-a3e4-c843c73a3ef2/hold,704,23.466666666666665,DINOv2,0.809923529624939,False
b050_original/episode_019e2d91-6e08-7f79-a3e4-c843c73a3ef2/hold,704,23.466666666666665,Robometer success,0.11757213622331619,False
b050_original/episode_019e2d91-6e08-7f79-a3e4-c843c73a3ef2/hold,751,25.033333333333335,DT,-21.328041076660156,True
b050_original/episode_019e2d91-6e08-7f79-a3e4-c843c73a3ef2/hold,751,25.033333333333335,DINOv2,0.8093010783195496,True
b050_original/episode_019e2d91-6e08-7f79-a3e4-c843c73a3ef2/hold,751,25.033333333333335,Robometer success,0.1037486344575882,True
b050_original/episode_019e2d91-6e08-7f79-a3e4-c843c73a3ef2/random_walk,0,0.0,DT,-8.948089599609375,False
b050_original/episode_019e2d91-6e08-7f79-a3e4-c843c73a3ef2/random_walk,0,0.0,DINOv2,0.8439351320266724,False
b050_original/episode_019e2d91-6e08-7f79-a3e4-c843c73a3ef2/random_walk,0,0.0,Robometer success,0.013636835850775242,False
b050_original/episode_019e2d91-6e08-7f79-a3e4-c843c73a3ef2/random_walk,47,1.5666666666666667,DT,-54.99887466430664,False
b050_original/episode_019e2d91-6e08-7f79-a3e4-c843c73a3ef2/random_walk,47,1.5666666666666667,DINOv2,0.7697464227676392,False
b050_original/episode_019e2d91-6e08-7f79-a3e4-c843c73a3ef2/random_walk,47,1.5666666666666667,Robometer success,0.005730246659368277,False
b050_original/episode_019e2d91-6e08-7f79-a3e4-c843c73a3ef2/random_walk,94,3.1333333333333333,DT,-23.860763549804688,False
b050_original/episode_019e2d91-6e08-7f79-a3e4-c843c73a3ef2/random_walk,94,3.1333333333333333,DINOv2,0.7698795795440674,False
b050_original/episode_019e2d91-6e08-7f79-a3e4-c843c73a3ef2/random_walk,94,3.1333333333333333,Robometer success,0.4063906967639923,False
b050_original/episode_019e2d91-6e08-7f79-a3e4-c843c73a3ef2/random_walk,141,4.7,DT,-32.89019012451172,False
b050_original/episode_019e2d91-6e08-7f79-a3e4-c843c73a3ef2/random_walk,141,4.7,DINOv2,0.7205725908279419,False
b050_original/episode_019e2d91-6e08-7f79-a3e4-c843c73a3ef2/random_walk,141,4.7,Robometer success,0.29746994376182556,False
b050_original/episode_019e2d91-6e08-7f79-a3e4-c843c73a3ef2/random_walk,188,6.266666666666667,DT,-18.907657623291016,False
b050_original/episode_019e2d91-6e08-7f79-a3e4-c843c73a3ef2/random_walk,188,6.266666666666667,DINOv2,0.6296250820159912,False
b050_original/episode_019e2d91-6e08-7f79-a3e4-c843c73a3ef2/random_walk,188,6.266666666666667,Robometer success,0.07159119844436646,False
b050_original/episode_019e2d91-6e08-7f79-a3e4-c843c73a3ef2/random_walk,235,7.833333333333333,DT,-25.290311813354492,False
b050_original/episode_019e2d91-6e08-7f79-a3e4-c843c73a3ef2/random_walk,235,7.833333333333333,DINOv2,0.7119990587234497,False
b050_original/episode_019e2d91-6e08-7f79-a3e4-c843c73a3ef2/random_walk,235,7.833333333333333,Robometer success,0.10230471193790436,False
b050_original/episode_019e2d91-6e08-7f79-a3e4-c843c73a3ef2/random_walk,282,9.4,DT,-16.502899169921875,False
b050_original/episode_019e2d91-6e08-7f79-a3e4-c843c73a3ef2/random_walk,282,9.4,DINOv2,0.7396522164344788,False
b050_original/episode_019e2d91-6e08-7f79-a3e4-c843c73a3ef2/random_walk,282,9.4,Robometer success,0.22815649211406708,False
b050_original/episode_019e2d91-6e08-7f79-a3e4-c843c73a3ef2/random_walk,329,10.966666666666667,DT,-17.035293579101562,False
b050_original/episode_019e2d91-6e08-7f79-a3e4-c843c73a3ef2/random_walk,329,10.966666666666667,DINOv2,0.6604691743850708,False
b050_original/episode_019e2d91-6e08-7f79-a3e4-c843c73a3ef2/random_walk,329,10.966666666666667,Robometer success,0.08756384253501892,False
b050_original/episode_019e2d91-6e08-7f79-a3e4-c843c73a3ef2/random_walk,345,11.5,DT,-21.080032348632812,False
b050_original/episode_019e2d91-6e08-7f79-a3e4-c843c73a3ef2/random_walk,345,11.5,DINOv2,0.8124009966850281,False
b050_original/episode_019e2d91-6e08-7f79-a3e4-c843c73a3ef2/random_walk,345,11.5,Robometer success,0.20055769383907318,False
b050_original/episode_019e2d91-6e08-7f79-a3e4-c843c73a3ef2/random_walk,375,12.5,DT,-23.745750427246094,False
b050_original/episode_019e2d91-6e08-7f79-a3e4-c843c73a3ef2/random_walk,375,12.5,DINOv2,0.7649755477905273,False
b050_original/episode_019e2d91-6e08-7f79-a3e4-c843c73a3ef2/random_walk,375,12.5,Robometer success,0.07263670116662979,False
b050_original/episode_019e2d91-6e08-7f79-a3e4-c843c73a3ef2/random_walk,376,12.533333333333333,DT,-21.814441680908203,False
b050_original/episode_019e2d91-6e08-7f79-a3e4-c843c73a3ef2/random_walk,376,12.533333333333333,DINOv2,0.7642841935157776,False
b050_original/episode_019e2d91-6e08-7f79-a3e4-c843c73a3ef2/random_walk,376,12.533333333333333,Robometer success,0.07807816565036774,False
b050_original/episode_019e2d91-6e08-7f79-a3e4-c843c73a3ef2/random_walk,422,14.066666666666666,DT,-29.298538208007812,False
b050_original/episode_019e2d91-6e08-7f79-a3e4-c843c73a3ef2/random_walk,422,14.066666666666666,DINOv2,0.7823598384857178,False
b050_original/episode_019e2d91-6e08-7f79-a3e4-c843c73a3ef2/random_walk,422,14.066666666666666,Robometer success,0.005384937860071659,False
b050_original/episode_019e2d91-6e08-7f79-a3e4-c843c73a3ef2/random_walk,469,15.633333333333333,DT,-15.44625186920166,False
b050_original/episode_019e2d91-6e08-7f79-a3e4-c843c73a3ef2/random_walk,469,15.633333333333333,DINOv2,0.6659431457519531,False
b050_original/episode_019e2d91-6e08-7f79-a3e4-c843c73a3ef2/random_walk,469,15.633333333333333,Robometer success,0.40969306230545044,False
b050_original/episode_019e2d91-6e08-7f79-a3e4-c843c73a3ef2/random_walk,516,17.2,DT,-29.965543746948242,False
b050_original/episode_019e2d91-6e08-7f79-a3e4-c843c73a3ef2/random_walk,516,17.2,DINOv2,0.8017634153366089,False
b050_original/episode_019e2d91-6e08-7f79-a3e4-c843c73a3ef2/random_walk,516,17.2,Robometer success,0.01640303246676922,False
b050_original/episode_019e2d91-6e08-7f79-a3e4-c843c73a3ef2/random_walk,563,18.766666666666666,DT,-16.438243865966797,False
b050_original/episode_019e2d91-6e08-7f79-a3e4-c843c73a3ef2/random_walk,563,18.766666666666666,DINOv2,0.7376549243927002,False
b050_original/episode_019e2d91-6e08-7f79-a3e4-c843c73a3ef2/random_walk,563,18.766666666666666,Robometer success,0.01798621006309986,False
b050_original/episode_019e2d91-6e08-7f79-a3e4-c843c73a3ef2/random_walk,610,20.333333333333332,DT,-15.007022857666016,False
b050_original/episode_019e2d91-6e08-7f79-a3e4-c843c73a3ef2/random_walk,610,20.333333333333332,DINOv2,0.8102660179138184,False
b050_original/episode_019e2d91-6e08-7f79-a3e4-c843c73a3ef2/random_walk,610,20.333333333333332,Robometer success,0.12940272688865662,False
b050_original/episode_019e2d91-6e08-7f79-a3e4-c843c73a3ef2/random_walk,657,21.9,DT,-15.579183578491211,False
b050_original/episode_019e2d91-6e08-7f79-a3e4-c843c73a3ef2/random_walk,657,21.9,DINOv2,0.8073850870132446,False
b050_original/episode_019e2d91-6e08-7f79-a3e4-c843c73a3ef2/random_walk,657,21.9,Robometer success,0.020964240655303,False
b050_original/episode_019e2d91-6e08-7f79-a3e4-c843c73a3ef2/random_walk,704,23.466666666666665,DT,-25.870609283447266,False
b050_original/episode_019e2d91-6e08-7f79-a3e4-c843c73a3ef2/random_walk,704,23.466666666666665,DINOv2,0.7512436509132385,False
b050_original/episode_019e2d91-6e08-7f79-a3e4-c843c73a3ef2/random_walk,704,23.466666666666665,Robometer success,0.015424552373588085,False
b050_original/episode_019e2d91-6e08-7f79-a3e4-c843c73a3ef2/random_walk,751,25.033333333333335,DT,-20.432388305664062,True
b050_original/episode_019e2d91-6e08-7f79-a3e4-c843c73a3ef2/random_walk,751,25.033333333333335,DINOv2,0.7669126987457275,True
b050_original/episode_019e2d91-6e08-7f79-a3e4-c843c73a3ef2/random_walk,751,25.033333333333335,Robometer success,0.007577241398394108,True
b050_parked/episode_019e2d91-6e08-7f79-a3e4-c843c73a3ef2/replay_control,0,0.0,DT,-8.948089599609375,False
b050_parked/episode_019e2d91-6e08-7f79-a3e4-c843c73a3ef2/replay_control,0,0.0,DINOv2,0.8439351320266724,False
b050_parked/episode_019e2d91-6e08-7f79-a3e4-c843c73a3ef2/replay_control,0,0.0,Robometer success,0.013636835850775242,False
b050_parked/episode_019e2d91-6e08-7f79-a3e4-c843c73a3ef2/replay_control,47,1.5666666666666667,DT,-54.99887466430664,False
b050_parked/episode_019e2d91-6e08-7f79-a3e4-c843c73a3ef2/replay_control,47,1.5666666666666667,DINOv2,0.7697464227676392,False
b050_parked/episode_019e2d91-6e08-7f79-a3e4-c843c73a3ef2/replay_control,47,1.5666666666666667,Robometer success,0.005730246659368277,False
b050_parked/episode_019e2d91-6e08-7f79-a3e4-c843c73a3ef2/replay_control,94,3.1333333333333333,DT,-23.860763549804688,False
b050_parked/episode_019e2d91-6e08-7f79-a3e4-c843c73a3ef2/replay_control,94,3.1333333333333333,DINOv2,0.7698795795440674,False
b050_parked/episode_019e2d91-6e08-7f79-a3e4-c843c73a3ef2/replay_control,94,3.1333333333333333,Robometer success,0.4063906967639923,False
b050_parked/episode_019e2d91-6e08-7f79-a3e4-c843c73a3ef2/replay_control,141,4.7,DT,-32.89019012451172,False
b050_parked/episode_019e2d91-6e08-7f79-a3e4-c843c73a3ef2/replay_control,141,4.7,DINOv2,0.7205725908279419,False
b050_parked/episode_019e2d91-6e08-7f79-a3e4-c843c73a3ef2/replay_control,141,4.7,Robometer success,0.29746994376182556,False
b050_parked/episode_019e2d91-6e08-7f79-a3e4-c843c73a3ef2/replay_control,188,6.266666666666667,DT,-18.907657623291016,False
b050_parked/episode_019e2d91-6e08-7f79-a3e4-c843c73a3ef2/replay_control,188,6.266666666666667,DINOv2,0.6296250820159912,False
b050_parked/episode_019e2d91-6e08-7f79-a3e4-c843c73a3ef2/replay_control,188,6.266666666666667,Robometer success,0.07159119844436646,False
b050_parked/episode_019e2d91-6e08-7f79-a3e4-c843c73a3ef2/replay_control,235,7.833333333333333,DT,-25.290311813354492,False
b050_parked/episode_019e2d91-6e08-7f79-a3e4-c843c73a3ef2/replay_control,235,7.833333333333333,DINOv2,0.7119990587234497,False
b050_parked/episode_019e2d91-6e08-7f79-a3e4-c843c73a3ef2/replay_control,235,7.833333333333333,Robometer success,0.10230471193790436,False
b050_parked/episode_019e2d91-6e08-7f79-a3e4-c843c73a3ef2/replay_control,282,9.4,DT,-16.502899169921875,False
b050_parked/episode_019e2d91-6e08-7f79-a3e4-c843c73a3ef2/replay_control,282,9.4,DINOv2,0.7396522164344788,False
b050_parked/episode_019e2d91-6e08-7f79-a3e4-c843c73a3ef2/replay_control,282,9.4,Robometer success,0.22815649211406708,False
b050_parked/episode_019e2d91-6e08-7f79-a3e4-c843c73a3ef2/replay_control,329,10.966666666666667,DT,-17.035293579101562,False
b050_parked/episode_019e2d91-6e08-7f79-a3e4-c843c73a3ef2/replay_control,329,10.966666666666667,DINOv2,0.6604691743850708,False
b050_parked/episode_019e2d91-6e08-7f79-a3e4-c843c73a3ef2/replay_control,329,10.966666666666667,Robometer success,0.08756384253501892,False
b050_parked/episode_019e2d91-6e08-7f79-a3e4-c843c73a3ef2/replay_control,345,11.5,DT,-21.080032348632812,False
b050_parked/episode_019e2d91-6e08-7f79-a3e4-c843c73a3ef2/replay_control,345,11.5,DINOv2,0.8124009966850281,False
b050_parked/episode_019e2d91-6e08-7f79-a3e4-c843c73a3ef2/replay_control,345,11.5,Robometer success,0.20055769383907318,False
b050_parked/episode_019e2d91-6e08-7f79-a3e4-c843c73a3ef2/replay_control,375,12.5,DT,-18.02757453918457,False
b050_parked/episode_019e2d91-6e08-7f79-a3e4-c843c73a3ef2/replay_control,375,12.5,DINOv2,0.819962739944458,False
b050_parked/episode_019e2d91-6e08-7f79-a3e4-c843c73a3ef2/replay_control,375,12.5,Robometer success,0.09534945338964462,False
b050_parked/episode_019e2d91-6e08-7f79-a3e4-c843c73a3ef2/replay_control,376,12.533333333333333,DT,-18.45500946044922,False
b050_parked/episode_019e2d91-6e08-7f79-a3e4-c843c73a3ef2/replay_control,376,12.533333333333333,DINOv2,0.8159441947937012,False
b050_parked/episode_019e2d91-6e08-7f79-a3e4-c843c73a3ef2/replay_control,376,12.533333333333333,Robometer success,0.12678517401218414,False
b050_parked/episode_019e2d91-6e08-7f79-a3e4-c843c73a3ef2/replay_control,422,14.066666666666666,DT,-17.703840255737305,False
b050_parked/episode_019e2d91-6e08-7f79-a3e4-c843c73a3ef2/replay_control,422,14.066666666666666,DINOv2,0.695242166519165,False
b050_parked/episode_019e2d91-6e08-7f79-a3e4-c843c73a3ef2/replay_control,422,14.066666666666666,Robometer success,0.034100424498319626,False
b050_parked/episode_019e2d91-6e08-7f79-a3e4-c843c73a3ef2/replay_control,469,15.633333333333333,DT,-14.834537506103516,False
b050_parked/episode_019e2d91-6e08-7f79-a3e4-c843c73a3ef2/replay_control,469,15.633333333333333,DINOv2,0.6648784875869751,False
b050_parked/episode_019e2d91-6e08-7f79-a3e4-c843c73a3ef2/replay_control,469,15.633333333333333,Robometer success,0.01798621006309986,False
b050_parked/episode_019e2d91-6e08-7f79-a3e4-c843c73a3ef2/replay_control,516,17.2,DT,-13.411306381225586,False
b050_parked/episode_019e2d91-6e08-7f79-a3e4-c843c73a3ef2/replay_control,516,17.2,DINOv2,0.7573025226593018,False
b050_parked/episode_019e2d91-6e08-7f79-a3e4-c843c73a3ef2/replay_control,516,17.2,Robometer success,0.016914913430809975,False
b050_parked/episode_019e2d91-6e08-7f79-a3e4-c843c73a3ef2/replay_control,563,18.766666666666666,DT,-12.1057710647583,False
b050_parked/episode_019e2d91-6e08-7f79-a3e4-c843c73a3ef2/replay_control,563,18.766666666666666,DINOv2,0.7947444319725037,False
b050_parked/episode_019e2d91-6e08-7f79-a3e4-c843c73a3ef2/replay_control,563,18.766666666666666,Robometer success,0.034618835896253586,False
b050_parked/episode_019e2d91-6e08-7f79-a3e4-c843c73a3ef2/replay_control,610,20.333333333333332,DT,-11.444549560546875,False
b050_parked/episode_019e2d91-6e08-7f79-a3e4-c843c73a3ef2/replay_control,610,20.333333333333332,DINOv2,0.8490532040596008,False
b050_parked/episode_019e2d91-6e08-7f79-a3e4-c843c73a3ef2/replay_control,610,20.333333333333332,Robometer success,0.07477004081010818,False
b050_parked/episode_019e2d91-6e08-7f79-a3e4-c843c73a3ef2/replay_control,657,21.9,DT,-2.9904115200042725,False
b050_parked/episode_019e2d91-6e08-7f79-a3e4-c843c73a3ef2/replay_control,657,21.9,DINOv2,0.9508316516876221,False
b050_parked/episode_019e2d91-6e08-7f79-a3e4-c843c73a3ef2/replay_control,657,21.9,Robometer success,0.01640303246676922,False
b050_parked/episode_019e2d91-6e08-7f79-a3e4-c843c73a3ef2/replay_control,704,23.466666666666665,DT,-1.7389153242111206,False
b050_parked/episode_019e2d91-6e08-7f79-a3e4-c843c73a3ef2/replay_control,704,23.466666666666665,DINOv2,0.9993482232093811,False
b050_parked/episode_019e2d91-6e08-7f79-a3e4-c843c73a3ef2/replay_control,704,23.466666666666665,Robometer success,0.0120537793263793,False
b050_parked/episode_019e2d91-6e08-7f79-a3e4-c843c73a3ef2/replay_control,751,25.033333333333335,DT,-1.712083339691162,False
b050_parked/episode_019e2d91-6e08-7f79-a3e4-c843c73a3ef2/replay_control,751,25.033333333333335,DINOv2,0.9985325932502747,False
b050_parked/episode_019e2d91-6e08-7f79-a3e4-c843c73a3ef2/replay_control,751,25.033333333333335,Robometer success,0.11436853557825089,False
b050_parked/episode_019e2d91-6e08-7f79-a3e4-c843c73a3ef2/replay_control,811,27.033333333333335,DT,-1.8899850845336914,False
b050_parked/episode_019e2d91-6e08-7f79-a3e4-c843c73a3ef2/replay_control,811,27.033333333333335,DINOv2,0.9994128346443176,False
b050_parked/episode_019e2d91-6e08-7f79-a3e4-c843c73a3ef2/replay_control,811,27.033333333333335,Robometer success,0.07696083933115005,False
b050_parked/episode_019e2d91-6e08-7f79-a3e4-c843c73a3ef2/replay_control,871,29.033333333333335,DT,-1.9090971946716309,False
b050_parked/episode_019e2d91-6e08-7f79-a3e4-c843c73a3ef2/replay_control,871,29.033333333333335,DINOv2,0.9995274543762207,False
b050_parked/episode_019e2d91-6e08-7f79-a3e4-c843c73a3ef2/replay_control,871,29.033333333333335,Robometer success,0.12592275440692902,False
b050_parked/episode_019e2d91-6e08-7f79-a3e4-c843c73a3ef2/replay_control,931,31.033333333333335,DT,-1.8529706001281738,False
b050_parked/episode_019e2d91-6e08-7f79-a3e4-c843c73a3ef2/replay_control,931,31.033333333333335,DINOv2,0.9995331168174744,False
b050_parked/episode_019e2d91-6e08-7f79-a3e4-c843c73a3ef2/replay_control,931,31.033333333333335,Robometer success,0.08632347732782364,False
b050_parked/episode_019e2d91-6e08-7f79-a3e4-c843c73a3ef2/replay_control,991,33.03333333333333,DT,-1.936497688293457,False
b050_parked/episode_019e2d91-6e08-7f79-a3e4-c843c73a3ef2/replay_control,991,33.03333333333333,DINOv2,0.999587893486023,False
b050_parked/episode_019e2d91-6e08-7f79-a3e4-c843c73a3ef2/replay_control,991,33.03333333333333,Robometer success,0.08269733935594559,False
b050_parked/episode_019e2d91-6e08-7f79-a3e4-c843c73a3ef2/replay_control,1051,35.03333333333333,DT,-1.8376514911651611,True
b050_parked/episode_019e2d91-6e08-7f79-a3e4-c843c73a3ef2/replay_control,1051,35.03333333333333,DINOv2,0.9997097253799438,True
b050_parked/episode_019e2d91-6e08-7f79-a3e4-c843c73a3ef2/replay_control,1051,35.03333333333333,Robometer success,0.10230471193790436,True
b050_parked/episode_019e2d91-6e08-7f79-a3e4-c843c73a3ef2/hold,0,0.0,DT,-8.948089599609375,False
b050_parked/episode_019e2d91-6e08-7f79-a3e4-c843c73a3ef2/hold,0,0.0,DINOv2,0.8439351320266724,False
b050_parked/episode_019e2d91-6e08-7f79-a3e4-c843c73a3ef2/hold,0,0.0,Robometer success,0.013636835850775242,False
b050_parked/episode_019e2d91-6e08-7f79-a3e4-c843c73a3ef2/hold,47,1.5666666666666667,DT,-54.99887466430664,False
b050_parked/episode_019e2d91-6e08-7f79-a3e4-c843c73a3ef2/hold,47,1.5666666666666667,DINOv2,0.7697464227676392,False
b050_parked/episode_019e2d91-6e08-7f79-a3e4-c843c73a3ef2/hold,47,1.5666666666666667,Robometer success,0.005730246659368277,False
b050_parked/episode_019e2d91-6e08-7f79-a3e4-c843c73a3ef2/hold,94,3.1333333333333333,DT,-23.860763549804688,False
b050_parked/episode_019e2d91-6e08-7f79-a3e4-c843c73a3ef2/hold,94,3.1333333333333333,DINOv2,0.7698795795440674,False
b050_parked/episode_019e2d91-6e08-7f79-a3e4-c843c73a3ef2/hold,94,3.1333333333333333,Robometer success,0.4063906967639923,False
b050_parked/episode_019e2d91-6e08-7f79-a3e4-c843c73a3ef2/hold,141,4.7,DT,-32.89019012451172,False
b050_parked/episode_019e2d91-6e08-7f79-a3e4-c843c73a3ef2/hold,141,4.7,DINOv2,0.7205725908279419,False
b050_parked/episode_019e2d91-6e08-7f79-a3e4-c843c73a3ef2/hold,141,4.7,Robometer success,0.29746994376182556,False
b050_parked/episode_019e2d91-6e08-7f79-a3e4-c843c73a3ef2/hold,188,6.266666666666667,DT,-18.907657623291016,False
b050_parked/episode_019e2d91-6e08-7f79-a3e4-c843c73a3ef2/hold,188,6.266666666666667,DINOv2,0.6296250820159912,False
b050_parked/episode_019e2d91-6e08-7f79-a3e4-c843c73a3ef2/hold,188,6.266666666666667,Robometer success,0.07159119844436646,False
b050_parked/episode_019e2d91-6e08-7f79-a3e4-c843c73a3ef2/hold,235,7.833333333333333,DT,-25.290311813354492,False
b050_parked/episode_019e2d91-6e08-7f79-a3e4-c843c73a3ef2/hold,235,7.833333333333333,DINOv2,0.7119990587234497,False
b050_parked/episode_019e2d91-6e08-7f79-a3e4-c843c73a3ef2/hold,235,7.833333333333333,Robometer success,0.10230471193790436,False
b050_parked/episode_019e2d91-6e08-7f79-a3e4-c843c73a3ef2/hold,282,9.4,DT,-16.502899169921875,False
b050_parked/episode_019e2d91-6e08-7f79-a3e4-c843c73a3ef2/hold,282,9.4,DINOv2,0.7396522164344788,False
b050_parked/episode_019e2d91-6e08-7f79-a3e4-c843c73a3ef2/hold,282,9.4,Robometer success,0.22815649211406708,False
b050_parked/episode_019e2d91-6e08-7f79-a3e4-c843c73a3ef2/hold,329,10.966666666666667,DT,-17.035293579101562,False
b050_parked/episode_019e2d91-6e08-7f79-a3e4-c843c73a3ef2/hold,329,10.966666666666667,DINOv2,0.6604691743850708,False
b050_parked/episode_019e2d91-6e08-7f79-a3e4-c843c73a3ef2/hold,329,10.966666666666667,Robometer success,0.08756384253501892,False
b050_parked/episode_019e2d91-6e08-7f79-a3e4-c843c73a3ef2/hold,345,11.5,DT,-21.080032348632812,False
b050_parked/episode_019e2d91-6e08-7f79-a3e4-c843c73a3ef2/hold,345,11.5,DINOv2,0.8124009966850281,False
b050_parked/episode_019e2d91-6e08-7f79-a3e4-c843c73a3ef2/hold,345,11.5,Robometer success,0.20055769383907318,False
b050_parked/episode_019e2d91-6e08-7f79-a3e4-c843c73a3ef2/hold,375,12.5,DT,-21.031940460205078,False
b050_parked/episode_019e2d91-6e08-7f79-a3e4-c843c73a3ef2/hold,375,12.5,DINOv2,0.8096312880516052,False
b050_parked/episode_019e2d91-6e08-7f79-a3e4-c843c73a3ef2/hold,375,12.5,Robometer success,0.15102779865264893,False
b050_parked/episode_019e2d91-6e08-7f79-a3e4-c843c73a3ef2/hold,376,12.533333333333333,DT,-21.12978172302246,False
b050_parked/episode_019e2d91-6e08-7f79-a3e4-c843c73a3ef2/hold,376,12.533333333333333,DINOv2,0.8097227215766907,False
b050_parked/episode_019e2d91-6e08-7f79-a3e4-c843c73a3ef2/hold,376,12.533333333333333,Robometer success,0.2240554392337799,False
b050_parked/episode_019e2d91-6e08-7f79-a3e4-c843c73a3ef2/hold,422,14.066666666666666,DT,-20.541446685791016,False
b050_parked/episode_019e2d91-6e08-7f79-a3e4-c843c73a3ef2/hold,422,14.066666666666666,DINOv2,0.8091558218002319,False
b050_parked/episode_019e2d91-6e08-7f79-a3e4-c843c73a3ef2/hold,422,14.066666666666666,Robometer success,0.11124119907617569,False
b050_parked/episode_019e2d91-6e08-7f79-a3e4-c843c73a3ef2/hold,469,15.633333333333333,DT,-19.743549346923828,False
b050_parked/episode_019e2d91-6e08-7f79-a3e4-c843c73a3ef2/hold,469,15.633333333333333,DINOv2,0.8067128658294678,False
b050_parked/episode_019e2d91-6e08-7f79-a3e4-c843c73a3ef2/hold,469,15.633333333333333,Robometer success,0.22815649211406708,False
b050_parked/episode_019e2d91-6e08-7f79-a3e4-c843c73a3ef2/hold,516,17.2,DT,-20.188701629638672,False
b050_parked/episode_019e2d91-6e08-7f79-a3e4-c843c73a3ef2/hold,516,17.2,DINOv2,0.8074356317520142,False
b050_parked/episode_019e2d91-6e08-7f79-a3e4-c843c73a3ef2/hold,516,17.2,Robometer success,0.13117322325706482,False
b050_parked/episode_019e2d91-6e08-7f79-a3e4-c843c73a3ef2/hold,563,18.766666666666666,DT,-20.695146560668945,False
b050_parked/episode_019e2d91-6e08-7f79-a3e4-c843c73a3ef2/hold,563,18.766666666666666,DINOv2,0.8086870312690735,False
b050_parked/episode_019e2d91-6e08-7f79-a3e4-c843c73a3ef2/hold,563,18.766666666666666,Robometer success,0.1225232183933258,False
b050_parked/episode_019e2d91-6e08-7f79-a3e4-c843c73a3ef2/hold,610,20.333333333333332,DT,-20.868473052978516,False
b050_parked/episode_019e2d91-6e08-7f79-a3e4-c843c73a3ef2/hold,610,20.333333333333332,DINOv2,0.8095760345458984,False
b050_parked/episode_019e2d91-6e08-7f79-a3e4-c843c73a3ef2/hold,610,20.333333333333332,Robometer success,0.1233656257390976,False
b050_parked/episode_019e2d91-6e08-7f79-a3e4-c843c73a3ef2/hold,657,21.9,DT,-20.837970733642578,False
b050_parked/episode_019e2d91-6e08-7f79-a3e4-c843c73a3ef2/hold,657,21.9,DINOv2,0.8101717233657837,False
b050_parked/episode_019e2d91-6e08-7f79-a3e4-c843c73a3ef2/hold,657,21.9,Robometer success,0.11757213622331619,False
b050_parked/episode_019e2d91-6e08-7f79-a3e4-c843c73a3ef2/hold,704,23.466666666666665,DT,-21.176836013793945,False
b050_parked/episode_019e2d91-6e08-7f79-a3e4-c843c73a3ef2/hold,704,23.466666666666665,DINOv2,0.809923529624939,False
b050_parked/episode_019e2d91-6e08-7f79-a3e4-c843c73a3ef2/hold,704,23.466666666666665,Robometer success,0.11757213622331619,False
b050_parked/episode_019e2d91-6e08-7f79-a3e4-c843c73a3ef2/hold,751,25.033333333333335,DT,-21.328041076660156,False
b050_parked/episode_019e2d91-6e08-7f79-a3e4-c843c73a3ef2/hold,751,25.033333333333335,DINOv2,0.8093010783195496,False
b050_parked/episode_019e2d91-6e08-7f79-a3e4-c843c73a3ef2/hold,751,25.033333333333335,Robometer success,0.1037486344575882,False
b050_parked/episode_019e2d91-6e08-7f79-a3e4-c843c73a3ef2/hold,811,27.033333333333335,DT,-6.684704303741455,False
b050_parked/episode_019e2d91-6e08-7f79-a3e4-c843c73a3ef2/hold,811,27.033333333333335,DINOv2,0.9248371124267578,False
b050_parked/episode_019e2d91-6e08-7f79-a3e4-c843c73a3ef2/hold,811,27.033333333333335,Robometer success,0.02595735713839531,False
b050_parked/episode_019e2d91-6e08-7f79-a3e4-c843c73a3ef2/hold,871,29.033333333333335,DT,-7.772314071655273,False
b050_parked/episode_019e2d91-6e08-7f79-a3e4-c843c73a3ef2/hold,871,29.033333333333335,DINOv2,0.9470551609992981,False
b050_parked/episode_019e2d91-6e08-7f79-a3e4-c843c73a3ef2/hold,871,29.033333333333335,Robometer success,0.018833130598068237,False
b050_parked/episode_019e2d91-6e08-7f79-a3e4-c843c73a3ef2/hold,931,31.033333333333335,DT,-6.657488822937012,False
b050_parked/episode_019e2d91-6e08-7f79-a3e4-c843c73a3ef2/hold,931,31.033333333333335,DINOv2,0.9483023881912231,False
b050_parked/episode_019e2d91-6e08-7f79-a3e4-c843c73a3ef2/hold,931,31.033333333333335,Robometer success,0.004905405919998884,False
b050_parked/episode_019e2d91-6e08-7f79-a3e4-c843c73a3ef2/hold,991,33.03333333333333,DT,-5.1800761222839355,False
b050_parked/episode_019e2d91-6e08-7f79-a3e4-c843c73a3ef2/hold,991,33.03333333333333,DINOv2,0.9474394917488098,False
b050_parked/episode_019e2d91-6e08-7f79-a3e4-c843c73a3ef2/hold,991,33.03333333333333,Robometer success,0.020645929500460625,False
b050_parked/episode_019e2d91-6e08-7f79-a3e4-c843c73a3ef2/hold,1051,35.03333333333333,DT,-5.183582305908203,True
b050_parked/episode_019e2d91-6e08-7f79-a3e4-c843c73a3ef2/hold,1051,35.03333333333333,DINOv2,0.9479659795761108,True
b050_parked/episode_019e2d91-6e08-7f79-a3e4-c843c73a3ef2/hold,1051,35.03333333333333,Robometer success,0.030675802379846573,True
b050_parked/episode_019e2d91-6e08-7f79-a3e4-c843c73a3ef2/random_walk,0,0.0,DT,-8.948089599609375,False
b050_parked/episode_019e2d91-6e08-7f79-a3e4-c843c73a3ef2/random_walk,0,0.0,DINOv2,0.8439351320266724,False
b050_parked/episode_019e2d91-6e08-7f79-a3e4-c843c73a3ef2/random_walk,0,0.0,Robometer success,0.013636835850775242,False
b050_parked/episode_019e2d91-6e08-7f79-a3e4-c843c73a3ef2/random_walk,47,1.5666666666666667,DT,-54.99887466430664,False
b050_parked/episode_019e2d91-6e08-7f79-a3e4-c843c73a3ef2/random_walk,47,1.5666666666666667,DINOv2,0.7697464227676392,False
b050_parked/episode_019e2d91-6e08-7f79-a3e4-c843c73a3ef2/random_walk,47,1.5666666666666667,Robometer success,0.005730246659368277,False
b050_parked/episode_019e2d91-6e08-7f79-a3e4-c843c73a3ef2/random_walk,94,3.1333333333333333,DT,-23.860763549804688,False
b050_parked/episode_019e2d91-6e08-7f79-a3e4-c843c73a3ef2/random_walk,94,3.1333333333333333,DINOv2,0.7698795795440674,False
b050_parked/episode_019e2d91-6e08-7f79-a3e4-c843c73a3ef2/random_walk,94,3.1333333333333333,Robometer success,0.4063906967639923,False
b050_parked/episode_019e2d91-6e08-7f79-a3e4-c843c73a3ef2/random_walk,141,4.7,DT,-32.89019012451172,False
b050_parked/episode_019e2d91-6e08-7f79-a3e4-c843c73a3ef2/random_walk,141,4.7,DINOv2,0.7205725908279419,False
b050_parked/episode_019e2d91-6e08-7f79-a3e4-c843c73a3ef2/random_walk,141,4.7,Robometer success,0.29746994376182556,False
b050_parked/episode_019e2d91-6e08-7f79-a3e4-c843c73a3ef2/random_walk,188,6.266666666666667,DT,-18.907657623291016,False
b050_parked/episode_019e2d91-6e08-7f79-a3e4-c843c73a3ef2/random_walk,188,6.266666666666667,DINOv2,0.6296250820159912,False
b050_parked/episode_019e2d91-6e08-7f79-a3e4-c843c73a3ef2/random_walk,188,6.266666666666667,Robometer success,0.07159119844436646,False
b050_parked/episode_019e2d91-6e08-7f79-a3e4-c843c73a3ef2/random_walk,235,7.833333333333333,DT,-25.290311813354492,False
b050_parked/episode_019e2d91-6e08-7f79-a3e4-c843c73a3ef2/random_walk,235,7.833333333333333,DINOv2,0.7119990587234497,False
b050_parked/episode_019e2d91-6e08-7f79-a3e4-c843c73a3ef2/random_walk,235,7.833333333333333,Robometer success,0.10230471193790436,False
b050_parked/episode_019e2d91-6e08-7f79-a3e4-c843c73a3ef2/random_walk,282,9.4,DT,-16.502899169921875,False
b050_parked/episode_019e2d91-6e08-7f79-a3e4-c843c73a3ef2/random_walk,282,9.4,DINOv2,0.7396522164344788,False
b050_parked/episode_019e2d91-6e08-7f79-a3e4-c843c73a3ef2/random_walk,282,9.4,Robometer success,0.22815649211406708,False
b050_parked/episode_019e2d91-6e08-7f79-a3e4-c843c73a3ef2/random_walk,329,10.966666666666667,DT,-17.035293579101562,False
b050_parked/episode_019e2d91-6e08-7f79-a3e4-c843c73a3ef2/random_walk,329,10.966666666666667,DINOv2,0.6604691743850708,False
b050_parked/episode_019e2d91-6e08-7f79-a3e4-c843c73a3ef2/random_walk,329,10.966666666666667,Robometer success,0.08756384253501892,False
b050_parked/episode_019e2d91-6e08-7f79-a3e4-c843c73a3ef2/random_walk,345,11.5,DT,-21.080032348632812,False
b050_parked/episode_019e2d91-6e08-7f79-a3e4-c843c73a3ef2/random_walk,345,11.5,DINOv2,0.8124009966850281,False
b050_parked/episode_019e2d91-6e08-7f79-a3e4-c843c73a3ef2/random_walk,345,11.5,Robometer success,0.20055769383907318,False
b050_parked/episode_019e2d91-6e08-7f79-a3e4-c843c73a3ef2/random_walk,375,12.5,DT,-23.745750427246094,False
b050_parked/episode_019e2d91-6e08-7f79-a3e4-c843c73a3ef2/random_walk,375,12.5,DINOv2,0.7649755477905273,False
b050_parked/episode_019e2d91-6e08-7f79-a3e4-c843c73a3ef2/random_walk,375,12.5,Robometer success,0.07263670116662979,False
b050_parked/episode_019e2d91-6e08-7f79-a3e4-c843c73a3ef2/random_walk,376,12.533333333333333,DT,-21.814441680908203,False
b050_parked/episode_019e2d91-6e08-7f79-a3e4-c843c73a3ef2/random_walk,376,12.533333333333333,DINOv2,0.7642841935157776,False
b050_parked/episode_019e2d91-6e08-7f79-a3e4-c843c73a3ef2/random_walk,376,12.533333333333333,Robometer success,0.07807816565036774,False
b050_parked/episode_019e2d91-6e08-7f79-a3e4-c843c73a3ef2/random_walk,422,14.066666666666666,DT,-29.298538208007812,False
b050_parked/episode_019e2d91-6e08-7f79-a3e4-c843c73a3ef2/random_walk,422,14.066666666666666,DINOv2,0.7823598384857178,False
b050_parked/episode_019e2d91-6e08-7f79-a3e4-c843c73a3ef2/random_walk,422,14.066666666666666,Robometer success,0.005384937860071659,False
b050_parked/episode_019e2d91-6e08-7f79-a3e4-c843c73a3ef2/random_walk,469,15.633333333333333,DT,-15.44625186920166,False
b050_parked/episode_019e2d91-6e08-7f79-a3e4-c843c73a3ef2/random_walk,469,15.633333333333333,DINOv2,0.6659431457519531,False
b050_parked/episode_019e2d91-6e08-7f79-a3e4-c843c73a3ef2/random_walk,469,15.633333333333333,Robometer success,0.40969306230545044,False
b050_parked/episode_019e2d91-6e08-7f79-a3e4-c843c73a3ef2/random_walk,516,17.2,DT,-29.965543746948242,False
b050_parked/episode_019e2d91-6e08-7f79-a3e4-c843c73a3ef2/random_walk,516,17.2,DINOv2,0.8017634153366089,False
b050_parked/episode_019e2d91-6e08-7f79-a3e4-c843c73a3ef2/random_walk,516,17.2,Robometer success,0.01640303246676922,False
b050_parked/episode_019e2d91-6e08-7f79-a3e4-c843c73a3ef2/random_walk,563,18.766666666666666,DT,-16.438243865966797,False
b050_parked/episode_019e2d91-6e08-7f79-a3e4-c843c73a3ef2/random_walk,563,18.766666666666666,DINOv2,0.7376549243927002,False
b050_parked/episode_019e2d91-6e08-7f79-a3e4-c843c73a3ef2/random_walk,563,18.766666666666666,Robometer success,0.01798621006309986,False
b050_parked/episode_019e2d91-6e08-7f79-a3e4-c843c73a3ef2/random_walk,610,20.333333333333332,DT,-15.007022857666016,False
b050_parked/episode_019e2d91-6e08-7f79-a3e4-c843c73a3ef2/random_walk,610,20.333333333333332,DINOv2,0.8102660179138184,False
b050_parked/episode_019e2d91-6e08-7f79-a3e4-c843c73a3ef2/random_walk,610,20.333333333333332,Robometer success,0.12940272688865662,False
b050_parked/episode_019e2d91-6e08-7f79-a3e4-c843c73a3ef2/random_walk,657,21.9,DT,-15.579183578491211,False
b050_parked/episode_019e2d91-6e08-7f79-a3e4-c843c73a3ef2/random_walk,657,21.9,DINOv2,0.8073850870132446,False
b050_parked/episode_019e2d91-6e08-7f79-a3e4-c843c73a3ef2/random_walk,657,21.9,Robometer success,0.020964240655303,False
b050_parked/episode_019e2d91-6e08-7f79-a3e4-c843c73a3ef2/random_walk,704,23.466666666666665,DT,-25.870609283447266,False
b050_parked/episode_019e2d91-6e08-7f79-a3e4-c843c73a3ef2/random_walk,704,23.466666666666665,DINOv2,0.7512436509132385,False
b050_parked/episode_019e2d91-6e08-7f79-a3e4-c843c73a3ef2/random_walk,704,23.466666666666665,Robometer success,0.015424552373588085,False
b050_parked/episode_019e2d91-6e08-7f79-a3e4-c843c73a3ef2/random_walk,751,25.033333333333335,DT,-20.432388305664062,False
b050_parked/episode_019e2d91-6e08-7f79-a3e4-c843c73a3ef2/random_walk,751,25.033333333333335,DINOv2,0.7669126987457275,False
b050_parked/episode_019e2d91-6e08-7f79-a3e4-c843c73a3ef2/random_walk,751,25.033333333333335,Robometer success,0.007577241398394108,False
b050_parked/episode_019e2d91-6e08-7f79-a3e4-c843c73a3ef2/random_walk,811,27.033333333333335,DT,-8.74445629119873,False
b050_parked/episode_019e2d91-6e08-7f79-a3e4-c843c73a3ef2/random_walk,811,27.033333333333335,DINOv2,0.9002834558486938,False
b050_parked/episode_019e2d91-6e08-7f79-a3e4-c843c73a3ef2/random_walk,811,27.033333333333335,Robometer success,0.014957086183130741,False
b050_parked/episode_019e2d91-6e08-7f79-a3e4-c843c73a3ef2/random_walk,871,29.033333333333335,DT,-4.792235851287842,False
b050_parked/episode_019e2d91-6e08-7f79-a3e4-c843c73a3ef2/random_walk,871,29.033333333333335,DINOv2,0.9325459599494934,False
b050_parked/episode_019e2d91-6e08-7f79-a3e4-c843c73a3ef2/random_walk,871,29.033333333333335,Robometer success,0.004609572235494852,False
b050_parked/episode_019e2d91-6e08-7f79-a3e4-c843c73a3ef2/random_walk,931,31.033333333333335,DT,-4.612509727478027,False
b050_parked/episode_019e2d91-6e08-7f79-a3e4-c843c73a3ef2/random_walk,931,31.033333333333335,DINOv2,0.9324237704277039,False
b050_parked/episode_019e2d91-6e08-7f79-a3e4-c843c73a3ef2/random_walk,931,31.033333333333335,Robometer success,0.005730246659368277,False
b050_parked/episode_019e2d91-6e08-7f79-a3e4-c843c73a3ef2/random_walk,991,33.03333333333333,DT,-4.915602684020996,False
b050_parked/episode_019e2d91-6e08-7f79-a3e4-c843c73a3ef2/random_walk,991,33.03333333333333,DINOv2,0.9321797490119934,False
b050_parked/episode_019e2d91-6e08-7f79-a3e4-c843c73a3ef2/random_walk,991,33.03333333333333,Robometer success,0.020023440942168236,False
b050_parked/episode_019e2d91-6e08-7f79-a3e4-c843c73a3ef2/random_walk,1051,35.03333333333333,DT,-5.062107086181641,True
b050_parked/episode_019e2d91-6e08-7f79-a3e4-c843c73a3ef2/random_walk,1051,35.03333333333333,DINOv2,0.9321349859237671,True
b050_parked/episode_019e2d91-6e08-7f79-a3e4-c843c73a3ef2/random_walk,1051,35.03333333333333,Robometer success,0.020332353189587593,True
b070_original/episode_019e2d91-6e08-7f79-a3e4-c843c73a3ef2/replay_control,0,0.0,DT,-8.948089599609375,False
b070_original/episode_019e2d91-6e08-7f79-a3e4-c843c73a3ef2/replay_control,0,0.0,DINOv2,0.8439351320266724,False
b070_original/episode_019e2d91-6e08-7f79-a3e4-c843c73a3ef2/replay_control,0,0.0,Robometer success,0.013636835850775242,False
b070_original/episode_019e2d91-6e08-7f79-a3e4-c843c73a3ef2/replay_control,47,1.5666666666666667,DT,-54.99887466430664,False
b070_original/episode_019e2d91-6e08-7f79-a3e4-c843c73a3ef2/replay_control,47,1.5666666666666667,DINOv2,0.7697464227676392,False
b070_original/episode_019e2d91-6e08-7f79-a3e4-c843c73a3ef2/replay_control,47,1.5666666666666667,Robometer success,0.005730246659368277,False
b070_original/episode_019e2d91-6e08-7f79-a3e4-c843c73a3ef2/replay_control,94,3.1333333333333333,DT,-23.860763549804688,False
b070_original/episode_019e2d91-6e08-7f79-a3e4-c843c73a3ef2/replay_control,94,3.1333333333333333,DINOv2,0.7698795795440674,False
b070_original/episode_019e2d91-6e08-7f79-a3e4-c843c73a3ef2/replay_control,94,3.1333333333333333,Robometer success,0.4063906967639923,False
b070_original/episode_019e2d91-6e08-7f79-a3e4-c843c73a3ef2/replay_control,141,4.7,DT,-32.89019012451172,False
b070_original/episode_019e2d91-6e08-7f79-a3e4-c843c73a3ef2/replay_control,141,4.7,DINOv2,0.7205725908279419,False
b070_original/episode_019e2d91-6e08-7f79-a3e4-c843c73a3ef2/replay_control,141,4.7,Robometer success,0.29746994376182556,False
b070_original/episode_019e2d91-6e08-7f79-a3e4-c843c73a3ef2/replay_control,188,6.266666666666667,DT,-18.907657623291016,False
b070_original/episode_019e2d91-6e08-7f79-a3e4-c843c73a3ef2/replay_control,188,6.266666666666667,DINOv2,0.6296250820159912,False
b070_original/episode_019e2d91-6e08-7f79-a3e4-c843c73a3ef2/replay_control,188,6.266666666666667,Robometer success,0.07159119844436646,False
b070_original/episode_019e2d91-6e08-7f79-a3e4-c843c73a3ef2/replay_control,235,7.833333333333333,DT,-25.290311813354492,False
b070_original/episode_019e2d91-6e08-7f79-a3e4-c843c73a3ef2/replay_control,235,7.833333333333333,DINOv2,0.7119990587234497,False
b070_original/episode_019e2d91-6e08-7f79-a3e4-c843c73a3ef2/replay_control,235,7.833333333333333,Robometer success,0.10230471193790436,False
b070_original/episode_019e2d91-6e08-7f79-a3e4-c843c73a3ef2/replay_control,282,9.4,DT,-16.502899169921875,False
b070_original/episode_019e2d91-6e08-7f79-a3e4-c843c73a3ef2/replay_control,282,9.4,DINOv2,0.7396522164344788,False
b070_original/episode_019e2d91-6e08-7f79-a3e4-c843c73a3ef2/replay_control,282,9.4,Robometer success,0.22815649211406708,False
b070_original/episode_019e2d91-6e08-7f79-a3e4-c843c73a3ef2/replay_control,329,10.966666666666667,DT,-17.035293579101562,False
b070_original/episode_019e2d91-6e08-7f79-a3e4-c843c73a3ef2/replay_control,329,10.966666666666667,DINOv2,0.6604691743850708,False
b070_original/episode_019e2d91-6e08-7f79-a3e4-c843c73a3ef2/replay_control,329,10.966666666666667,Robometer success,0.08756384253501892,False
b070_original/episode_019e2d91-6e08-7f79-a3e4-c843c73a3ef2/replay_control,376,12.533333333333333,DT,-18.625886917114258,False
b070_original/episode_019e2d91-6e08-7f79-a3e4-c843c73a3ef2/replay_control,376,12.533333333333333,DINOv2,0.8155386447906494,False
b070_original/episode_019e2d91-6e08-7f79-a3e4-c843c73a3ef2/replay_control,376,12.533333333333333,Robometer success,0.1276526302099228,False
b070_original/episode_019e2d91-6e08-7f79-a3e4-c843c73a3ef2/replay_control,422,14.066666666666666,DT,-17.94135284423828,False
b070_original/episode_019e2d91-6e08-7f79-a3e4-c843c73a3ef2/replay_control,422,14.066666666666666,DINOv2,0.6902180910110474,False
b070_original/episode_019e2d91-6e08-7f79-a3e4-c843c73a3ef2/replay_control,422,14.066666666666666,Robometer success,0.03514484688639641,False
b070_original/episode_019e2d91-6e08-7f79-a3e4-c843c73a3ef2/replay_control,469,15.633333333333333,DT,-13.967841148376465,False
b070_original/episode_019e2d91-6e08-7f79-a3e4-c843c73a3ef2/replay_control,469,15.633333333333333,DINOv2,0.6623099446296692,False
b070_original/episode_019e2d91-6e08-7f79-a3e4-c843c73a3ef2/replay_control,469,15.633333333333333,Robometer success,0.01798621006309986,False
b070_original/episode_019e2d91-6e08-7f79-a3e4-c843c73a3ef2/replay_control,483,16.1,DT,-15.836244583129883,False
b070_original/episode_019e2d91-6e08-7f79-a3e4-c843c73a3ef2/replay_control,483,16.1,DINOv2,0.6397120952606201,False
b070_original/episode_019e2d91-6e08-7f79-a3e4-c843c73a3ef2/replay_control,483,16.1,Robometer success,0.011687257327139378,False
b070_original/episode_019e2d91-6e08-7f79-a3e4-c843c73a3ef2/replay_control,513,17.1,DT,-15.407707214355469,False
b070_original/episode_019e2d91-6e08-7f79-a3e4-c843c73a3ef2/replay_control,513,17.1,DINOv2,0.7910776734352112,False
b070_original/episode_019e2d91-6e08-7f79-a3e4-c843c73a3ef2/replay_control,513,17.1,Robometer success,0.024423090741038322,False
b070_original/episode_019e2d91-6e08-7f79-a3e4-c843c73a3ef2/replay_control,516,17.2,DT,-13.360208511352539,False
b070_original/episode_019e2d91-6e08-7f79-a3e4-c843c73a3ef2/replay_control,516,17.2,DINOv2,0.7562880516052246,False
b070_original/episode_019e2d91-6e08-7f79-a3e4-c843c73a3ef2/replay_control,516,17.2,Robometer success,0.018264278769493103,False
b070_original/episode_019e2d91-6e08-7f79-a3e4-c843c73a3ef2/replay_control,563,18.766666666666666,DT,-11.999872207641602,False
b070_original/episode_019e2d91-6e08-7f79-a3e4-c843c73a3ef2/replay_control,563,18.766666666666666,DINOv2,0.7948158979415894,False
b070_original/episode_019e2d91-6e08-7f79-a3e4-c843c73a3ef2/replay_control,563,18.766666666666666,Robometer success,0.03622005507349968,False
b070_original/episode_019e2d91-6e08-7f79-a3e4-c843c73a3ef2/replay_control,610,20.333333333333332,DT,-10.97290325164795,False
b070_original/episode_019e2d91-6e08-7f79-a3e4-c843c73a3ef2/replay_control,610,20.333333333333332,DINOv2,0.8490643501281738,False
b070_original/episode_019e2d91-6e08-7f79-a3e4-c843c73a3ef2/replay_control,610,20.333333333333332,Robometer success,0.07159119844436646,False
b070_original/episode_019e2d91-6e08-7f79-a3e4-c843c73a3ef2/replay_control,657,21.9,DT,-2.881789445877075,False
b070_original/episode_019e2d91-6e08-7f79-a3e4-c843c73a3ef2/replay_control,657,21.9,DINOv2,0.950576901435852,False
b070_original/episode_019e2d91-6e08-7f79-a3e4-c843c73a3ef2/replay_control,657,21.9,Robometer success,0.017442485317587852,False
b070_original/episode_019e2d91-6e08-7f79-a3e4-c843c73a3ef2/replay_control,704,23.466666666666665,DT,-1.635245680809021,False
b070_original/episode_019e2d91-6e08-7f79-a3e4-c843c73a3ef2/replay_control,704,23.466666666666665,DINOv2,0.9993901252746582,False
b070_original/episode_019e2d91-6e08-7f79-a3e4-c843c73a3ef2/replay_control,704,23.466666666666665,Robometer success,0.014063628390431404,False
b070_original/episode_019e2d91-6e08-7f79-a3e4-c843c73a3ef2/replay_control,751,25.033333333333335,DT,-1.6195471286773682,True
b070_original/episode_019e2d91-6e08-7f79-a3e4-c843c73a3ef2/replay_control,751,25.033333333333335,DINOv2,0.9985777735710144,True
b070_original/episode_019e2d91-6e08-7f79-a3e4-c843c73a3ef2/replay_control,751,25.033333333333335,Robometer success,0.11757213622331619,True
b070_original/episode_019e2d91-6e08-7f79-a3e4-c843c73a3ef2/hold,0,0.0,DT,-8.948089599609375,False
b070_original/episode_019e2d91-6e08-7f79-a3e4-c843c73a3ef2/hold,0,0.0,DINOv2,0.8439351320266724,False
b070_original/episode_019e2d91-6e08-7f79-a3e4-c843c73a3ef2/hold,0,0.0,Robometer success,0.013636835850775242,False
b070_original/episode_019e2d91-6e08-7f79-a3e4-c843c73a3ef2/hold,47,1.5666666666666667,DT,-54.99887466430664,False
b070_original/episode_019e2d91-6e08-7f79-a3e4-c843c73a3ef2/hold,47,1.5666666666666667,DINOv2,0.7697464227676392,False
b070_original/episode_019e2d91-6e08-7f79-a3e4-c843c73a3ef2/hold,47,1.5666666666666667,Robometer success,0.005730246659368277,False
b070_original/episode_019e2d91-6e08-7f79-a3e4-c843c73a3ef2/hold,94,3.1333333333333333,DT,-23.860763549804688,False
b070_original/episode_019e2d91-6e08-7f79-a3e4-c843c73a3ef2/hold,94,3.1333333333333333,DINOv2,0.7698795795440674,False
b070_original/episode_019e2d91-6e08-7f79-a3e4-c843c73a3ef2/hold,94,3.1333333333333333,Robometer success,0.4063906967639923,False
b070_original/episode_019e2d91-6e08-7f79-a3e4-c843c73a3ef2/hold,141,4.7,DT,-32.89019012451172,False
b070_original/episode_019e2d91-6e08-7f79-a3e4-c843c73a3ef2/hold,141,4.7,DINOv2,0.7205725908279419,False
b070_original/episode_019e2d91-6e08-7f79-a3e4-c843c73a3ef2/hold,141,4.7,Robometer success,0.29746994376182556,False
b070_original/episode_019e2d91-6e08-7f79-a3e4-c843c73a3ef2/hold,188,6.266666666666667,DT,-18.907657623291016,False
b070_original/episode_019e2d91-6e08-7f79-a3e4-c843c73a3ef2/hold,188,6.266666666666667,DINOv2,0.6296250820159912,False
b070_original/episode_019e2d91-6e08-7f79-a3e4-c843c73a3ef2/hold,188,6.266666666666667,Robometer success,0.07159119844436646,False
b070_original/episode_019e2d91-6e08-7f79-a3e4-c843c73a3ef2/hold,235,7.833333333333333,DT,-25.290311813354492,False
b070_original/episode_019e2d91-6e08-7f79-a3e4-c843c73a3ef2/hold,235,7.833333333333333,DINOv2,0.7119990587234497,False
b070_original/episode_019e2d91-6e08-7f79-a3e4-c843c73a3ef2/hold,235,7.833333333333333,Robometer success,0.10230471193790436,False
b070_original/episode_019e2d91-6e08-7f79-a3e4-c843c73a3ef2/hold,282,9.4,DT,-16.502899169921875,False
b070_original/episode_019e2d91-6e08-7f79-a3e4-c843c73a3ef2/hold,282,9.4,DINOv2,0.7396522164344788,False
b070_original/episode_019e2d91-6e08-7f79-a3e4-c843c73a3ef2/hold,282,9.4,Robometer success,0.22815649211406708,False
b070_original/episode_019e2d91-6e08-7f79-a3e4-c843c73a3ef2/hold,329,10.966666666666667,DT,-17.035293579101562,False
b070_original/episode_019e2d91-6e08-7f79-a3e4-c843c73a3ef2/hold,329,10.966666666666667,DINOv2,0.6604691743850708,False
b070_original/episode_019e2d91-6e08-7f79-a3e4-c843c73a3ef2/hold,329,10.966666666666667,Robometer success,0.08756384253501892,False
b070_original/episode_019e2d91-6e08-7f79-a3e4-c843c73a3ef2/hold,376,12.533333333333333,DT,-18.625886917114258,False
b070_original/episode_019e2d91-6e08-7f79-a3e4-c843c73a3ef2/hold,376,12.533333333333333,DINOv2,0.8155386447906494,False
b070_original/episode_019e2d91-6e08-7f79-a3e4-c843c73a3ef2/hold,376,12.533333333333333,Robometer success,0.1276526302099228,False
b070_original/episode_019e2d91-6e08-7f79-a3e4-c843c73a3ef2/hold,422,14.066666666666666,DT,-17.94135284423828,False
b070_original/episode_019e2d91-6e08-7f79-a3e4-c843c73a3ef2/hold,422,14.066666666666666,DINOv2,0.6902180910110474,False
b070_original/episode_019e2d91-6e08-7f79-a3e4-c843c73a3ef2/hold,422,14.066666666666666,Robometer success,0.03514484688639641,False
b070_original/episode_019e2d91-6e08-7f79-a3e4-c843c73a3ef2/hold,469,15.633333333333333,DT,-13.967841148376465,False
b070_original/episode_019e2d91-6e08-7f79-a3e4-c843c73a3ef2/hold,469,15.633333333333333,DINOv2,0.6623099446296692,False
b070_original/episode_019e2d91-6e08-7f79-a3e4-c843c73a3ef2/hold,469,15.633333333333333,Robometer success,0.01798621006309986,False
b070_original/episode_019e2d91-6e08-7f79-a3e4-c843c73a3ef2/hold,483,16.1,DT,-15.836244583129883,False
b070_original/episode_019e2d91-6e08-7f79-a3e4-c843c73a3ef2/hold,483,16.1,DINOv2,0.6397120952606201,False
b070_original/episode_019e2d91-6e08-7f79-a3e4-c843c73a3ef2/hold,483,16.1,Robometer success,0.011687257327139378,False
b070_original/episode_019e2d91-6e08-7f79-a3e4-c843c73a3ef2/hold,513,17.1,DT,-17.80074691772461,False
b070_original/episode_019e2d91-6e08-7f79-a3e4-c843c73a3ef2/hold,513,17.1,DINOv2,0.6420943737030029,False
b070_original/episode_019e2d91-6e08-7f79-a3e4-c843c73a3ef2/hold,513,17.1,Robometer success,0.02595735713839531,False
b070_original/episode_019e2d91-6e08-7f79-a3e4-c843c73a3ef2/hold,516,17.2,DT,-18.078081130981445,False
b070_original/episode_019e2d91-6e08-7f79-a3e4-c843c73a3ef2/hold,516,17.2,DINOv2,0.6421707272529602,False
b070_original/episode_019e2d91-6e08-7f79-a3e4-c843c73a3ef2/hold,516,17.2,Robometer success,0.02517884224653244,False
b070_original/episode_019e2d91-6e08-7f79-a3e4-c843c73a3ef2/hold,563,18.766666666666666,DT,-17.94309425354004,False
b070_original/episode_019e2d91-6e08-7f79-a3e4-c843c73a3ef2/hold,563,18.766666666666666,DINOv2,0.6396977305412292,False
b070_original/episode_019e2d91-6e08-7f79-a3e4-c843c73a3ef2/hold,563,18.766666666666666,Robometer success,0.034100424498319626,False
b070_original/episode_019e2d91-6e08-7f79-a3e4-c843c73a3ef2/hold,610,20.333333333333332,DT,-17.439727783203125,False
b070_original/episode_019e2d91-6e08-7f79-a3e4-c843c73a3ef2/hold,610,20.333333333333332,DINOv2,0.6407217979431152,False
b070_original/episode_019e2d91-6e08-7f79-a3e4-c843c73a3ef2/hold,610,20.333333333333332,Robometer success,0.05749328061938286,False
b070_original/episode_019e2d91-6e08-7f79-a3e4-c843c73a3ef2/hold,657,21.9,DT,-16.73877716064453,False
b070_original/episode_019e2d91-6e08-7f79-a3e4-c843c73a3ef2/hold,657,21.9,DINOv2,0.6399645805358887,False
b070_original/episode_019e2d91-6e08-7f79-a3e4-c843c73a3ef2/hold,657,21.9,Robometer success,0.013636835850775242,False
b070_original/episode_019e2d91-6e08-7f79-a3e4-c843c73a3ef2/hold,704,23.466666666666665,DT,-17.46009063720703,False
b070_original/episode_019e2d91-6e08-7f79-a3e4-c843c73a3ef2/hold,704,23.466666666666665,DINOv2,0.6396958231925964,False
b070_original/episode_019e2d91-6e08-7f79-a3e4-c843c73a3ef2/hold,704,23.466666666666665,Robometer success,0.013222821988165379,False
b070_original/episode_019e2d91-6e08-7f79-a3e4-c843c73a3ef2/hold,751,25.033333333333335,DT,-17.164302825927734,True
b070_original/episode_019e2d91-6e08-7f79-a3e4-c843c73a3ef2/hold,751,25.033333333333335,DINOv2,0.6341899633407593,True
b070_original/episode_019e2d91-6e08-7f79-a3e4-c843c73a3ef2/hold,751,25.033333333333335,Robometer success,0.039048291742801666,True
b070_original/episode_019e2d91-6e08-7f79-a3e4-c843c73a3ef2/random_walk,0,0.0,DT,-8.948089599609375,False
b070_original/episode_019e2d91-6e08-7f79-a3e4-c843c73a3ef2/random_walk,0,0.0,DINOv2,0.8439351320266724,False
b070_original/episode_019e2d91-6e08-7f79-a3e4-c843c73a3ef2/random_walk,0,0.0,Robometer success,0.013636835850775242,False
b070_original/episode_019e2d91-6e08-7f79-a3e4-c843c73a3ef2/random_walk,47,1.5666666666666667,DT,-54.99887466430664,False
b070_original/episode_019e2d91-6e08-7f79-a3e4-c843c73a3ef2/random_walk,47,1.5666666666666667,DINOv2,0.7697464227676392,False
b070_original/episode_019e2d91-6e08-7f79-a3e4-c843c73a3ef2/random_walk,47,1.5666666666666667,Robometer success,0.005730246659368277,False
b070_original/episode_019e2d91-6e08-7f79-a3e4-c843c73a3ef2/random_walk,94,3.1333333333333333,DT,-23.860763549804688,False
b070_original/episode_019e2d91-6e08-7f79-a3e4-c843c73a3ef2/random_walk,94,3.1333333333333333,DINOv2,0.7698795795440674,False
b070_original/episode_019e2d91-6e08-7f79-a3e4-c843c73a3ef2/random_walk,94,3.1333333333333333,Robometer success,0.4063906967639923,False
b070_original/episode_019e2d91-6e08-7f79-a3e4-c843c73a3ef2/random_walk,141,4.7,DT,-32.89019012451172,False
b070_original/episode_019e2d91-6e08-7f79-a3e4-c843c73a3ef2/random_walk,141,4.7,DINOv2,0.7205725908279419,False
b070_original/episode_019e2d91-6e08-7f79-a3e4-c843c73a3ef2/random_walk,141,4.7,Robometer success,0.29746994376182556,False
b070_original/episode_019e2d91-6e08-7f79-a3e4-c843c73a3ef2/random_walk,188,6.266666666666667,DT,-18.907657623291016,False
b070_original/episode_019e2d91-6e08-7f79-a3e4-c843c73a3ef2/random_walk,188,6.266666666666667,DINOv2,0.6296250820159912,False
b070_original/episode_019e2d91-6e08-7f79-a3e4-c843c73a3ef2/random_walk,188,6.266666666666667,Robometer success,0.07159119844436646,False
b070_original/episode_019e2d91-6e08-7f79-a3e4-c843c73a3ef2/random_walk,235,7.833333333333333,DT,-25.290311813354492,False
b070_original/episode_019e2d91-6e08-7f79-a3e4-c843c73a3ef2/random_walk,235,7.833333333333333,DINOv2,0.7119990587234497,False
b070_original/episode_019e2d91-6e08-7f79-a3e4-c843c73a3ef2/random_walk,235,7.833333333333333,Robometer success,0.10230471193790436,False
b070_original/episode_019e2d91-6e08-7f79-a3e4-c843c73a3ef2/random_walk,282,9.4,DT,-16.502899169921875,False
b070_original/episode_019e2d91-6e08-7f79-a3e4-c843c73a3ef2/random_walk,282,9.4,DINOv2,0.7396522164344788,False
b070_original/episode_019e2d91-6e08-7f79-a3e4-c843c73a3ef2/random_walk,282,9.4,Robometer success,0.22815649211406708,False
b070_original/episode_019e2d91-6e08-7f79-a3e4-c843c73a3ef2/random_walk,329,10.966666666666667,DT,-17.035293579101562,False
b070_original/episode_019e2d91-6e08-7f79-a3e4-c843c73a3ef2/random_walk,329,10.966666666666667,DINOv2,0.6604691743850708,False
b070_original/episode_019e2d91-6e08-7f79-a3e4-c843c73a3ef2/random_walk,329,10.966666666666667,Robometer success,0.08756384253501892,False
b070_original/episode_019e2d91-6e08-7f79-a3e4-c843c73a3ef2/random_walk,376,12.533333333333333,DT,-18.625886917114258,False
b070_original/episode_019e2d91-6e08-7f79-a3e4-c843c73a3ef2/random_walk,376,12.533333333333333,DINOv2,0.8155386447906494,False
b070_original/episode_019e2d91-6e08-7f79-a3e4-c843c73a3ef2/random_walk,376,12.533333333333333,Robometer success,0.1276526302099228,False
b070_original/episode_019e2d91-6e08-7f79-a3e4-c843c73a3ef2/random_walk,422,14.066666666666666,DT,-17.94135284423828,False
b070_original/episode_019e2d91-6e08-7f79-a3e4-c843c73a3ef2/random_walk,422,14.066666666666666,DINOv2,0.6902180910110474,False
b070_original/episode_019e2d91-6e08-7f79-a3e4-c843c73a3ef2/random_walk,422,14.066666666666666,Robometer success,0.03514484688639641,False
b070_original/episode_019e2d91-6e08-7f79-a3e4-c843c73a3ef2/random_walk,469,15.633333333333333,DT,-13.967841148376465,False
b070_original/episode_019e2d91-6e08-7f79-a3e4-c843c73a3ef2/random_walk,469,15.633333333333333,DINOv2,0.6623099446296692,False
b070_original/episode_019e2d91-6e08-7f79-a3e4-c843c73a3ef2/random_walk,469,15.633333333333333,Robometer success,0.01798621006309986,False
b070_original/episode_019e2d91-6e08-7f79-a3e4-c843c73a3ef2/random_walk,483,16.1,DT,-15.836244583129883,False
b070_original/episode_019e2d91-6e08-7f79-a3e4-c843c73a3ef2/random_walk,483,16.1,DINOv2,0.6397120952606201,False
b070_original/episode_019e2d91-6e08-7f79-a3e4-c843c73a3ef2/random_walk,483,16.1,Robometer success,0.011687257327139378,False
b070_original/episode_019e2d91-6e08-7f79-a3e4-c843c73a3ef2/random_walk,513,17.1,DT,-19.4893798828125,False
b070_original/episode_019e2d91-6e08-7f79-a3e4-c843c73a3ef2/random_walk,513,17.1,DINOv2,0.6817344427108765,False
b070_original/episode_019e2d91-6e08-7f79-a3e4-c843c73a3ef2/random_walk,513,17.1,Robometer success,0.03308597952127457,False
b070_original/episode_019e2d91-6e08-7f79-a3e4-c843c73a3ef2/random_walk,516,17.2,DT,-25.835186004638672,False
b070_original/episode_019e2d91-6e08-7f79-a3e4-c843c73a3ef2/random_walk,516,17.2,DINOv2,0.6488269567489624,False
b070_original/episode_019e2d91-6e08-7f79-a3e4-c843c73a3ef2/random_walk,516,17.2,Robometer success,0.042087726294994354,False
b070_original/episode_019e2d91-6e08-7f79-a3e4-c843c73a3ef2/random_walk,563,18.766666666666666,DT,-18.076343536376953,False
b070_original/episode_019e2d91-6e08-7f79-a3e4-c843c73a3ef2/random_walk,563,18.766666666666666,DINOv2,0.7395493984222412,False
b070_original/episode_019e2d91-6e08-7f79-a3e4-c843c73a3ef2/random_walk,563,18.766666666666666,Robometer success,0.04958902671933174,False
b070_original/episode_019e2d91-6e08-7f79-a3e4-c843c73a3ef2/random_walk,610,20.333333333333332,DT,-19.71798324584961,False
b070_original/episode_019e2d91-6e08-7f79-a3e4-c843c73a3ef2/random_walk,610,20.333333333333332,DINOv2,0.6596226692199707,False
b070_original/episode_019e2d91-6e08-7f79-a3e4-c843c73a3ef2/random_walk,610,20.333333333333332,Robometer success,0.22000710666179657,False
b070_original/episode_019e2d91-6e08-7f79-a3e4-c843c73a3ef2/random_walk,657,21.9,DT,-19.544248580932617,False
b070_original/episode_019e2d91-6e08-7f79-a3e4-c843c73a3ef2/random_walk,657,21.9,DINOv2,0.7080237865447998,False
b070_original/episode_019e2d91-6e08-7f79-a3e4-c843c73a3ef2/random_walk,657,21.9,Robometer success,0.0222861859947443,False
b070_original/episode_019e2d91-6e08-7f79-a3e4-c843c73a3ef2/random_walk,704,23.466666666666665,DT,-17.510848999023438,False
b070_original/episode_019e2d91-6e08-7f79-a3e4-c843c73a3ef2/random_walk,704,23.466666666666665,DINOv2,0.6942099332809448,False
b070_original/episode_019e2d91-6e08-7f79-a3e4-c843c73a3ef2/random_walk,704,23.466666666666665,Robometer success,0.031618766486644745,False
b070_original/episode_019e2d91-6e08-7f79-a3e4-c843c73a3ef2/random_walk,751,25.033333333333335,DT,-30.14434051513672,True
b070_original/episode_019e2d91-6e08-7f79-a3e4-c843c73a3ef2/random_walk,751,25.033333333333335,DINOv2,0.7698925733566284,True
b070_original/episode_019e2d91-6e08-7f79-a3e4-c843c73a3ef2/random_walk,751,25.033333333333335,Robometer success,0.08035746961832047,True
b070_parked/episode_019e2d91-6e08-7f79-a3e4-c843c73a3ef2/replay_control,0,0.0,DT,-8.948089599609375,False
b070_parked/episode_019e2d91-6e08-7f79-a3e4-c843c73a3ef2/replay_control,0,0.0,DINOv2,0.8439351320266724,False
b070_parked/episode_019e2d91-6e08-7f79-a3e4-c843c73a3ef2/replay_control,0,0.0,Robometer success,0.013636835850775242,False
b070_parked/episode_019e2d91-6e08-7f79-a3e4-c843c73a3ef2/replay_control,47,1.5666666666666667,DT,-54.99887466430664,False
b070_parked/episode_019e2d91-6e08-7f79-a3e4-c843c73a3ef2/replay_control,47,1.5666666666666667,DINOv2,0.7697464227676392,False
b070_parked/episode_019e2d91-6e08-7f79-a3e4-c843c73a3ef2/replay_control,47,1.5666666666666667,Robometer success,0.005730246659368277,False
b070_parked/episode_019e2d91-6e08-7f79-a3e4-c843c73a3ef2/replay_control,94,3.1333333333333333,DT,-23.860763549804688,False
b070_parked/episode_019e2d91-6e08-7f79-a3e4-c843c73a3ef2/replay_control,94,3.1333333333333333,DINOv2,0.7698795795440674,False
b070_parked/episode_019e2d91-6e08-7f79-a3e4-c843c73a3ef2/replay_control,94,3.1333333333333333,Robometer success,0.4063906967639923,False
b070_parked/episode_019e2d91-6e08-7f79-a3e4-c843c73a3ef2/replay_control,141,4.7,DT,-32.89019012451172,False
b070_parked/episode_019e2d91-6e08-7f79-a3e4-c843c73a3ef2/replay_control,141,4.7,DINOv2,0.7205725908279419,False
b070_parked/episode_019e2d91-6e08-7f79-a3e4-c843c73a3ef2/replay_control,141,4.7,Robometer success,0.29746994376182556,False
b070_parked/episode_019e2d91-6e08-7f79-a3e4-c843c73a3ef2/replay_control,188,6.266666666666667,DT,-18.907657623291016,False
b070_parked/episode_019e2d91-6e08-7f79-a3e4-c843c73a3ef2/replay_control,188,6.266666666666667,DINOv2,0.6296250820159912,False
b070_parked/episode_019e2d91-6e08-7f79-a3e4-c843c73a3ef2/replay_control,188,6.266666666666667,Robometer success,0.07159119844436646,False
b070_parked/episode_019e2d91-6e08-7f79-a3e4-c843c73a3ef2/replay_control,235,7.833333333333333,DT,-25.290311813354492,False
b070_parked/episode_019e2d91-6e08-7f79-a3e4-c843c73a3ef2/replay_control,235,7.833333333333333,DINOv2,0.7119990587234497,False
b070_parked/episode_019e2d91-6e08-7f79-a3e4-c843c73a3ef2/replay_control,235,7.833333333333333,Robometer success,0.10230471193790436,False
b070_parked/episode_019e2d91-6e08-7f79-a3e4-c843c73a3ef2/replay_control,282,9.4,DT,-16.502899169921875,False
b070_parked/episode_019e2d91-6e08-7f79-a3e4-c843c73a3ef2/replay_control,282,9.4,DINOv2,0.7396522164344788,False
b070_parked/episode_019e2d91-6e08-7f79-a3e4-c843c73a3ef2/replay_control,282,9.4,Robometer success,0.22815649211406708,False
b070_parked/episode_019e2d91-6e08-7f79-a3e4-c843c73a3ef2/replay_control,329,10.966666666666667,DT,-17.035293579101562,False
b070_parked/episode_019e2d91-6e08-7f79-a3e4-c843c73a3ef2/replay_control,329,10.966666666666667,DINOv2,0.6604691743850708,False
b070_parked/episode_019e2d91-6e08-7f79-a3e4-c843c73a3ef2/replay_control,329,10.966666666666667,Robometer success,0.08756384253501892,False
b070_parked/episode_019e2d91-6e08-7f79-a3e4-c843c73a3ef2/replay_control,376,12.533333333333333,DT,-18.625886917114258,False
b070_parked/episode_019e2d91-6e08-7f79-a3e4-c843c73a3ef2/replay_control,376,12.533333333333333,DINOv2,0.8155386447906494,False
b070_parked/episode_019e2d91-6e08-7f79-a3e4-c843c73a3ef2/replay_control,376,12.533333333333333,Robometer success,0.1276526302099228,False
b070_parked/episode_019e2d91-6e08-7f79-a3e4-c843c73a3ef2/replay_control,422,14.066666666666666,DT,-17.94135284423828,False
b070_parked/episode_019e2d91-6e08-7f79-a3e4-c843c73a3ef2/replay_control,422,14.066666666666666,DINOv2,0.6902180910110474,False
b070_parked/episode_019e2d91-6e08-7f79-a3e4-c843c73a3ef2/replay_control,422,14.066666666666666,Robometer success,0.03514484688639641,False
b070_parked/episode_019e2d91-6e08-7f79-a3e4-c843c73a3ef2/replay_control,469,15.633333333333333,DT,-13.967841148376465,False
b070_parked/episode_019e2d91-6e08-7f79-a3e4-c843c73a3ef2/replay_control,469,15.633333333333333,DINOv2,0.6623099446296692,False
b070_parked/episode_019e2d91-6e08-7f79-a3e4-c843c73a3ef2/replay_control,469,15.633333333333333,Robometer success,0.01798621006309986,False
b070_parked/episode_019e2d91-6e08-7f79-a3e4-c843c73a3ef2/replay_control,483,16.1,DT,-15.836244583129883,False
b070_parked/episode_019e2d91-6e08-7f79-a3e4-c843c73a3ef2/replay_control,483,16.1,DINOv2,0.6397120952606201,False
b070_parked/episode_019e2d91-6e08-7f79-a3e4-c843c73a3ef2/replay_control,483,16.1,Robometer success,0.011687257327139378,False
b070_parked/episode_019e2d91-6e08-7f79-a3e4-c843c73a3ef2/replay_control,513,17.1,DT,-15.407707214355469,False
b070_parked/episode_019e2d91-6e08-7f79-a3e4-c843c73a3ef2/replay_control,513,17.1,DINOv2,0.7910776734352112,False
b070_parked/episode_019e2d91-6e08-7f79-a3e4-c843c73a3ef2/replay_control,513,17.1,Robometer success,0.024423090741038322,False
b070_parked/episode_019e2d91-6e08-7f79-a3e4-c843c73a3ef2/replay_control,516,17.2,DT,-13.360208511352539,False
b070_parked/episode_019e2d91-6e08-7f79-a3e4-c843c73a3ef2/replay_control,516,17.2,DINOv2,0.7562880516052246,False
b070_parked/episode_019e2d91-6e08-7f79-a3e4-c843c73a3ef2/replay_control,516,17.2,Robometer success,0.018264278769493103,False
b070_parked/episode_019e2d91-6e08-7f79-a3e4-c843c73a3ef2/replay_control,563,18.766666666666666,DT,-11.999872207641602,False
b070_parked/episode_019e2d91-6e08-7f79-a3e4-c843c73a3ef2/replay_control,563,18.766666666666666,DINOv2,0.7948158979415894,False
b070_parked/episode_019e2d91-6e08-7f79-a3e4-c843c73a3ef2/replay_control,563,18.766666666666666,Robometer success,0.03622005507349968,False
b070_parked/episode_019e2d91-6e08-7f79-a3e4-c843c73a3ef2/replay_control,610,20.333333333333332,DT,-10.97290325164795,False
b070_parked/episode_019e2d91-6e08-7f79-a3e4-c843c73a3ef2/replay_control,610,20.333333333333332,DINOv2,0.8490643501281738,False
b070_parked/episode_019e2d91-6e08-7f79-a3e4-c843c73a3ef2/replay_control,610,20.333333333333332,Robometer success,0.07159119844436646,False
b070_parked/episode_019e2d91-6e08-7f79-a3e4-c843c73a3ef2/replay_control,657,21.9,DT,-2.881789445877075,False
b070_parked/episode_019e2d91-6e08-7f79-a3e4-c843c73a3ef2/replay_control,657,21.9,DINOv2,0.950576901435852,False
b070_parked/episode_019e2d91-6e08-7f79-a3e4-c843c73a3ef2/replay_control,657,21.9,Robometer success,0.017442485317587852,False
b070_parked/episode_019e2d91-6e08-7f79-a3e4-c843c73a3ef2/replay_control,704,23.466666666666665,DT,-1.635245680809021,False
b070_parked/episode_019e2d91-6e08-7f79-a3e4-c843c73a3ef2/replay_control,704,23.466666666666665,DINOv2,0.9993901252746582,False
b070_parked/episode_019e2d91-6e08-7f79-a3e4-c843c73a3ef2/replay_control,704,23.466666666666665,Robometer success,0.014063628390431404,False
b070_parked/episode_019e2d91-6e08-7f79-a3e4-c843c73a3ef2/replay_control,751,25.033333333333335,DT,-1.6195471286773682,False
b070_parked/episode_019e2d91-6e08-7f79-a3e4-c843c73a3ef2/replay_control,751,25.033333333333335,DINOv2,0.9985777735710144,False
b070_parked/episode_019e2d91-6e08-7f79-a3e4-c843c73a3ef2/replay_control,751,25.033333333333335,Robometer success,0.11757213622331619,False
b070_parked/episode_019e2d91-6e08-7f79-a3e4-c843c73a3ef2/replay_control,811,27.033333333333335,DT,-1.754762053489685,False
b070_parked/episode_019e2d91-6e08-7f79-a3e4-c843c73a3ef2/replay_control,811,27.033333333333335,DINOv2,0.9994575381278992,False
b070_parked/episode_019e2d91-6e08-7f79-a3e4-c843c73a3ef2/replay_control,811,27.033333333333335,Robometer success,0.09009299427270889,False
b070_parked/episode_019e2d91-6e08-7f79-a3e4-c843c73a3ef2/replay_control,871,29.033333333333335,DT,-1.7894396781921387,False
b070_parked/episode_019e2d91-6e08-7f79-a3e4-c843c73a3ef2/replay_control,871,29.033333333333335,DINOv2,0.9996193647384644,False
b070_parked/episode_019e2d91-6e08-7f79-a3e4-c843c73a3ef2/replay_control,871,29.033333333333335,Robometer success,0.13028541207313538,False
b070_parked/episode_019e2d91-6e08-7f79-a3e4-c843c73a3ef2/replay_control,931,31.033333333333335,DT,-1.7420068979263306,False
b070_parked/episode_019e2d91-6e08-7f79-a3e4-c843c73a3ef2/replay_control,931,31.033333333333335,DINOv2,0.9995965361595154,False
b070_parked/episode_019e2d91-6e08-7f79-a3e4-c843c73a3ef2/replay_control,931,31.033333333333335,Robometer success,0.07807816565036774,False
b070_parked/episode_019e2d91-6e08-7f79-a3e4-c843c73a3ef2/replay_control,991,33.03333333333333,DT,-1.8079205751419067,False
b070_parked/episode_019e2d91-6e08-7f79-a3e4-c843c73a3ef2/replay_control,991,33.03333333333333,DINOv2,0.9996691942214966,False
b070_parked/episode_019e2d91-6e08-7f79-a3e4-c843c73a3ef2/replay_control,991,33.03333333333333,Robometer success,0.07585817575454712,False
b070_parked/episode_019e2d91-6e08-7f79-a3e4-c843c73a3ef2/replay_control,1051,35.03333333333333,DT,-1.756280541419983,True
b070_parked/episode_019e2d91-6e08-7f79-a3e4-c843c73a3ef2/replay_control,1051,35.03333333333333,DINOv2,0.9997784495353699,True
b070_parked/episode_019e2d91-6e08-7f79-a3e4-c843c73a3ef2/replay_control,1051,35.03333333333333,Robometer success,0.09534945338964462,True
b070_parked/episode_019e2d91-6e08-7f79-a3e4-c843c73a3ef2/hold,0,0.0,DT,-8.948089599609375,False
b070_parked/episode_019e2d91-6e08-7f79-a3e4-c843c73a3ef2/hold,0,0.0,DINOv2,0.8439351320266724,False
b070_parked/episode_019e2d91-6e08-7f79-a3e4-c843c73a3ef2/hold,0,0.0,Robometer success,0.013636835850775242,False
b070_parked/episode_019e2d91-6e08-7f79-a3e4-c843c73a3ef2/hold,47,1.5666666666666667,DT,-54.99887466430664,False
b070_parked/episode_019e2d91-6e08-7f79-a3e4-c843c73a3ef2/hold,47,1.5666666666666667,DINOv2,0.7697464227676392,False
b070_parked/episode_019e2d91-6e08-7f79-a3e4-c843c73a3ef2/hold,47,1.5666666666666667,Robometer success,0.005730246659368277,False
b070_parked/episode_019e2d91-6e08-7f79-a3e4-c843c73a3ef2/hold,94,3.1333333333333333,DT,-23.860763549804688,False
b070_parked/episode_019e2d91-6e08-7f79-a3e4-c843c73a3ef2/hold,94,3.1333333333333333,DINOv2,0.7698795795440674,False
b070_parked/episode_019e2d91-6e08-7f79-a3e4-c843c73a3ef2/hold,94,3.1333333333333333,Robometer success,0.4063906967639923,False
b070_parked/episode_019e2d91-6e08-7f79-a3e4-c843c73a3ef2/hold,141,4.7,DT,-32.89019012451172,False
b070_parked/episode_019e2d91-6e08-7f79-a3e4-c843c73a3ef2/hold,141,4.7,DINOv2,0.7205725908279419,False
b070_parked/episode_019e2d91-6e08-7f79-a3e4-c843c73a3ef2/hold,141,4.7,Robometer success,0.29746994376182556,False
b070_parked/episode_019e2d91-6e08-7f79-a3e4-c843c73a3ef2/hold,188,6.266666666666667,DT,-18.907657623291016,False
b070_parked/episode_019e2d91-6e08-7f79-a3e4-c843c73a3ef2/hold,188,6.266666666666667,DINOv2,0.6296250820159912,False
b070_parked/episode_019e2d91-6e08-7f79-a3e4-c843c73a3ef2/hold,188,6.266666666666667,Robometer success,0.07159119844436646,False
b070_parked/episode_019e2d91-6e08-7f79-a3e4-c843c73a3ef2/hold,235,7.833333333333333,DT,-25.290311813354492,False
b070_parked/episode_019e2d91-6e08-7f79-a3e4-c843c73a3ef2/hold,235,7.833333333333333,DINOv2,0.7119990587234497,False
b070_parked/episode_019e2d91-6e08-7f79-a3e4-c843c73a3ef2/hold,235,7.833333333333333,Robometer success,0.10230471193790436,False
b070_parked/episode_019e2d91-6e08-7f79-a3e4-c843c73a3ef2/hold,282,9.4,DT,-16.502899169921875,False
b070_parked/episode_019e2d91-6e08-7f79-a3e4-c843c73a3ef2/hold,282,9.4,DINOv2,0.7396522164344788,False
b070_parked/episode_019e2d91-6e08-7f79-a3e4-c843c73a3ef2/hold,282,9.4,Robometer success,0.22815649211406708,False
b070_parked/episode_019e2d91-6e08-7f79-a3e4-c843c73a3ef2/hold,329,10.966666666666667,DT,-17.035293579101562,False
b070_parked/episode_019e2d91-6e08-7f79-a3e4-c843c73a3ef2/hold,329,10.966666666666667,DINOv2,0.6604691743850708,False
b070_parked/episode_019e2d91-6e08-7f79-a3e4-c843c73a3ef2/hold,329,10.966666666666667,Robometer success,0.08756384253501892,False
b070_parked/episode_019e2d91-6e08-7f79-a3e4-c843c73a3ef2/hold,376,12.533333333333333,DT,-18.625886917114258,False
b070_parked/episode_019e2d91-6e08-7f79-a3e4-c843c73a3ef2/hold,376,12.533333333333333,DINOv2,0.8155386447906494,False
b070_parked/episode_019e2d91-6e08-7f79-a3e4-c843c73a3ef2/hold,376,12.533333333333333,Robometer success,0.1276526302099228,False
b070_parked/episode_019e2d91-6e08-7f79-a3e4-c843c73a3ef2/hold,422,14.066666666666666,DT,-17.94135284423828,False
b070_parked/episode_019e2d91-6e08-7f79-a3e4-c843c73a3ef2/hold,422,14.066666666666666,DINOv2,0.6902180910110474,False
b070_parked/episode_019e2d91-6e08-7f79-a3e4-c843c73a3ef2/hold,422,14.066666666666666,Robometer success,0.03514484688639641,False
b070_parked/episode_019e2d91-6e08-7f79-a3e4-c843c73a3ef2/hold,469,15.633333333333333,DT,-13.967841148376465,False
b070_parked/episode_019e2d91-6e08-7f79-a3e4-c843c73a3ef2/hold,469,15.633333333333333,DINOv2,0.6623099446296692,False
b070_parked/episode_019e2d91-6e08-7f79-a3e4-c843c73a3ef2/hold,469,15.633333333333333,Robometer success,0.01798621006309986,False
b070_parked/episode_019e2d91-6e08-7f79-a3e4-c843c73a3ef2/hold,483,16.1,DT,-15.836244583129883,False
b070_parked/episode_019e2d91-6e08-7f79-a3e4-c843c73a3ef2/hold,483,16.1,DINOv2,0.6397120952606201,False
b070_parked/episode_019e2d91-6e08-7f79-a3e4-c843c73a3ef2/hold,483,16.1,Robometer success,0.011687257327139378,False
b070_parked/episode_019e2d91-6e08-7f79-a3e4-c843c73a3ef2/hold,513,17.1,DT,-17.80074691772461,False
b070_parked/episode_019e2d91-6e08-7f79-a3e4-c843c73a3ef2/hold,513,17.1,DINOv2,0.6420943737030029,False
b070_parked/episode_019e2d91-6e08-7f79-a3e4-c843c73a3ef2/hold,513,17.1,Robometer success,0.02595735713839531,False
b070_parked/episode_019e2d91-6e08-7f79-a3e4-c843c73a3ef2/hold,516,17.2,DT,-18.078081130981445,False
b070_parked/episode_019e2d91-6e08-7f79-a3e4-c843c73a3ef2/hold,516,17.2,DINOv2,0.6421707272529602,False
b070_parked/episode_019e2d91-6e08-7f79-a3e4-c843c73a3ef2/hold,516,17.2,Robometer success,0.02517884224653244,False
b070_parked/episode_019e2d91-6e08-7f79-a3e4-c843c73a3ef2/hold,563,18.766666666666666,DT,-17.94309425354004,False
b070_parked/episode_019e2d91-6e08-7f79-a3e4-c843c73a3ef2/hold,563,18.766666666666666,DINOv2,0.6396977305412292,False
b070_parked/episode_019e2d91-6e08-7f79-a3e4-c843c73a3ef2/hold,563,18.766666666666666,Robometer success,0.034100424498319626,False
b070_parked/episode_019e2d91-6e08-7f79-a3e4-c843c73a3ef2/hold,610,20.333333333333332,DT,-17.439727783203125,False
b070_parked/episode_019e2d91-6e08-7f79-a3e4-c843c73a3ef2/hold,610,20.333333333333332,DINOv2,0.6407217979431152,False
b070_parked/episode_019e2d91-6e08-7f79-a3e4-c843c73a3ef2/hold,610,20.333333333333332,Robometer success,0.05749328061938286,False
b070_parked/episode_019e2d91-6e08-7f79-a3e4-c843c73a3ef2/hold,657,21.9,DT,-16.73877716064453,False
b070_parked/episode_019e2d91-6e08-7f79-a3e4-c843c73a3ef2/hold,657,21.9,DINOv2,0.6399645805358887,False
b070_parked/episode_019e2d91-6e08-7f79-a3e4-c843c73a3ef2/hold,657,21.9,Robometer success,0.013636835850775242,False
b070_parked/episode_019e2d91-6e08-7f79-a3e4-c843c73a3ef2/hold,704,23.466666666666665,DT,-17.46009063720703,False
b070_parked/episode_019e2d91-6e08-7f79-a3e4-c843c73a3ef2/hold,704,23.466666666666665,DINOv2,0.6396958231925964,False
b070_parked/episode_019e2d91-6e08-7f79-a3e4-c843c73a3ef2/hold,704,23.466666666666665,Robometer success,0.013222821988165379,False
b070_parked/episode_019e2d91-6e08-7f79-a3e4-c843c73a3ef2/hold,751,25.033333333333335,DT,-17.164302825927734,False
b070_parked/episode_019e2d91-6e08-7f79-a3e4-c843c73a3ef2/hold,751,25.033333333333335,DINOv2,0.6341899633407593,False
b070_parked/episode_019e2d91-6e08-7f79-a3e4-c843c73a3ef2/hold,751,25.033333333333335,Robometer success,0.039048291742801666,False
b070_parked/episode_019e2d91-6e08-7f79-a3e4-c843c73a3ef2/hold,811,27.033333333333335,DT,-6.302299499511719,False
b070_parked/episode_019e2d91-6e08-7f79-a3e4-c843c73a3ef2/hold,811,27.033333333333335,DINOv2,0.9668351411819458,False
b070_parked/episode_019e2d91-6e08-7f79-a3e4-c843c73a3ef2/hold,811,27.033333333333335,Robometer success,0.007815888151526451,False
b070_parked/episode_019e2d91-6e08-7f79-a3e4-c843c73a3ef2/hold,871,29.033333333333335,DT,-6.351029872894287,False
b070_parked/episode_019e2d91-6e08-7f79-a3e4-c843c73a3ef2/hold,871,29.033333333333335,DINOv2,0.973149836063385,False
b070_parked/episode_019e2d91-6e08-7f79-a3e4-c843c73a3ef2/hold,871,29.033333333333335,Robometer success,0.004905405919998884,False
b070_parked/episode_019e2d91-6e08-7f79-a3e4-c843c73a3ef2/hold,931,31.033333333333335,DT,-7.059725761413574,False
b070_parked/episode_019e2d91-6e08-7f79-a3e4-c843c73a3ef2/hold,931,31.033333333333335,DINOv2,0.9749010801315308,False
b070_parked/episode_019e2d91-6e08-7f79-a3e4-c843c73a3ef2/hold,931,31.033333333333335,Robometer success,0.011687257327139378,False
b070_parked/episode_019e2d91-6e08-7f79-a3e4-c843c73a3ef2/hold,991,33.03333333333333,DT,-6.5477495193481445,False
b070_parked/episode_019e2d91-6e08-7f79-a3e4-c843c73a3ef2/hold,991,33.03333333333333,DINOv2,0.9729082584381104,False
b070_parked/episode_019e2d91-6e08-7f79-a3e4-c843c73a3ef2/hold,991,33.03333333333333,Robometer success,0.06754669547080994,False
b070_parked/episode_019e2d91-6e08-7f79-a3e4-c843c73a3ef2/hold,1051,35.03333333333333,DT,-6.429446220397949,True
b070_parked/episode_019e2d91-6e08-7f79-a3e4-c843c73a3ef2/hold,1051,35.03333333333333,DINOv2,0.9730811715126038,True
b070_parked/episode_019e2d91-6e08-7f79-a3e4-c843c73a3ef2/hold,1051,35.03333333333333,Robometer success,0.028870904818177223,True
b070_parked/episode_019e2d91-6e08-7f79-a3e4-c843c73a3ef2/random_walk,0,0.0,DT,-8.948089599609375,False
b070_parked/episode_019e2d91-6e08-7f79-a3e4-c843c73a3ef2/random_walk,0,0.0,DINOv2,0.8439351320266724,False
b070_parked/episode_019e2d91-6e08-7f79-a3e4-c843c73a3ef2/random_walk,0,0.0,Robometer success,0.013636835850775242,False
b070_parked/episode_019e2d91-6e08-7f79-a3e4-c843c73a3ef2/random_walk,47,1.5666666666666667,DT,-54.99887466430664,False
b070_parked/episode_019e2d91-6e08-7f79-a3e4-c843c73a3ef2/random_walk,47,1.5666666666666667,DINOv2,0.7697464227676392,False
b070_parked/episode_019e2d91-6e08-7f79-a3e4-c843c73a3ef2/random_walk,47,1.5666666666666667,Robometer success,0.005730246659368277,False
b070_parked/episode_019e2d91-6e08-7f79-a3e4-c843c73a3ef2/random_walk,94,3.1333333333333333,DT,-23.860763549804688,False
b070_parked/episode_019e2d91-6e08-7f79-a3e4-c843c73a3ef2/random_walk,94,3.1333333333333333,DINOv2,0.7698795795440674,False
b070_parked/episode_019e2d91-6e08-7f79-a3e4-c843c73a3ef2/random_walk,94,3.1333333333333333,Robometer success,0.4063906967639923,False
b070_parked/episode_019e2d91-6e08-7f79-a3e4-c843c73a3ef2/random_walk,141,4.7,DT,-32.89019012451172,False
b070_parked/episode_019e2d91-6e08-7f79-a3e4-c843c73a3ef2/random_walk,141,4.7,DINOv2,0.7205725908279419,False
b070_parked/episode_019e2d91-6e08-7f79-a3e4-c843c73a3ef2/random_walk,141,4.7,Robometer success,0.29746994376182556,False
b070_parked/episode_019e2d91-6e08-7f79-a3e4-c843c73a3ef2/random_walk,188,6.266666666666667,DT,-18.907657623291016,False
b070_parked/episode_019e2d91-6e08-7f79-a3e4-c843c73a3ef2/random_walk,188,6.266666666666667,DINOv2,0.6296250820159912,False
b070_parked/episode_019e2d91-6e08-7f79-a3e4-c843c73a3ef2/random_walk,188,6.266666666666667,Robometer success,0.07159119844436646,False
b070_parked/episode_019e2d91-6e08-7f79-a3e4-c843c73a3ef2/random_walk,235,7.833333333333333,DT,-25.290311813354492,False
b070_parked/episode_019e2d91-6e08-7f79-a3e4-c843c73a3ef2/random_walk,235,7.833333333333333,DINOv2,0.7119990587234497,False
b070_parked/episode_019e2d91-6e08-7f79-a3e4-c843c73a3ef2/random_walk,235,7.833333333333333,Robometer success,0.10230471193790436,False
b070_parked/episode_019e2d91-6e08-7f79-a3e4-c843c73a3ef2/random_walk,282,9.4,DT,-16.502899169921875,False
b070_parked/episode_019e2d91-6e08-7f79-a3e4-c843c73a3ef2/random_walk,282,9.4,DINOv2,0.7396522164344788,False
b070_parked/episode_019e2d91-6e08-7f79-a3e4-c843c73a3ef2/random_walk,282,9.4,Robometer success,0.22815649211406708,False
b070_parked/episode_019e2d91-6e08-7f79-a3e4-c843c73a3ef2/random_walk,329,10.966666666666667,DT,-17.035293579101562,False
b070_parked/episode_019e2d91-6e08-7f79-a3e4-c843c73a3ef2/random_walk,329,10.966666666666667,DINOv2,0.6604691743850708,False
b070_parked/episode_019e2d91-6e08-7f79-a3e4-c843c73a3ef2/random_walk,329,10.966666666666667,Robometer success,0.08756384253501892,False
b070_parked/episode_019e2d91-6e08-7f79-a3e4-c843c73a3ef2/random_walk,376,12.533333333333333,DT,-18.625886917114258,False
b070_parked/episode_019e2d91-6e08-7f79-a3e4-c843c73a3ef2/random_walk,376,12.533333333333333,DINOv2,0.8155386447906494,False
b070_parked/episode_019e2d91-6e08-7f79-a3e4-c843c73a3ef2/random_walk,376,12.533333333333333,Robometer success,0.1276526302099228,False
b070_parked/episode_019e2d91-6e08-7f79-a3e4-c843c73a3ef2/random_walk,422,14.066666666666666,DT,-17.94135284423828,False
b070_parked/episode_019e2d91-6e08-7f79-a3e4-c843c73a3ef2/random_walk,422,14.066666666666666,DINOv2,0.6902180910110474,False
b070_parked/episode_019e2d91-6e08-7f79-a3e4-c843c73a3ef2/random_walk,422,14.066666666666666,Robometer success,0.03514484688639641,False
b070_parked/episode_019e2d91-6e08-7f79-a3e4-c843c73a3ef2/random_walk,469,15.633333333333333,DT,-13.967841148376465,False
b070_parked/episode_019e2d91-6e08-7f79-a3e4-c843c73a3ef2/random_walk,469,15.633333333333333,DINOv2,0.6623099446296692,False
b070_parked/episode_019e2d91-6e08-7f79-a3e4-c843c73a3ef2/random_walk,469,15.633333333333333,Robometer success,0.01798621006309986,False
b070_parked/episode_019e2d91-6e08-7f79-a3e4-c843c73a3ef2/random_walk,483,16.1,DT,-15.836244583129883,False
b070_parked/episode_019e2d91-6e08-7f79-a3e4-c843c73a3ef2/random_walk,483,16.1,DINOv2,0.6397120952606201,False
b070_parked/episode_019e2d91-6e08-7f79-a3e4-c843c73a3ef2/random_walk,483,16.1,Robometer success,0.011687257327139378,False
b070_parked/episode_019e2d91-6e08-7f79-a3e4-c843c73a3ef2/random_walk,513,17.1,DT,-19.4893798828125,False
b070_parked/episode_019e2d91-6e08-7f79-a3e4-c843c73a3ef2/random_walk,513,17.1,DINOv2,0.6817344427108765,False
b070_parked/episode_019e2d91-6e08-7f79-a3e4-c843c73a3ef2/random_walk,513,17.1,Robometer success,0.03308597952127457,False
b070_parked/episode_019e2d91-6e08-7f79-a3e4-c843c73a3ef2/random_walk,516,17.2,DT,-25.835186004638672,False
b070_parked/episode_019e2d91-6e08-7f79-a3e4-c843c73a3ef2/random_walk,516,17.2,DINOv2,0.6488269567489624,False
b070_parked/episode_019e2d91-6e08-7f79-a3e4-c843c73a3ef2/random_walk,516,17.2,Robometer success,0.042087726294994354,False
b070_parked/episode_019e2d91-6e08-7f79-a3e4-c843c73a3ef2/random_walk,563,18.766666666666666,DT,-18.076343536376953,False
b070_parked/episode_019e2d91-6e08-7f79-a3e4-c843c73a3ef2/random_walk,563,18.766666666666666,DINOv2,0.7395493984222412,False
b070_parked/episode_019e2d91-6e08-7f79-a3e4-c843c73a3ef2/random_walk,563,18.766666666666666,Robometer success,0.04958902671933174,False
b070_parked/episode_019e2d91-6e08-7f79-a3e4-c843c73a3ef2/random_walk,610,20.333333333333332,DT,-19.71798324584961,False
b070_parked/episode_019e2d91-6e08-7f79-a3e4-c843c73a3ef2/random_walk,610,20.333333333333332,DINOv2,0.6596226692199707,False
b070_parked/episode_019e2d91-6e08-7f79-a3e4-c843c73a3ef2/random_walk,610,20.333333333333332,Robometer success,0.22000710666179657,False
b070_parked/episode_019e2d91-6e08-7f79-a3e4-c843c73a3ef2/random_walk,657,21.9,DT,-19.544248580932617,False
b070_parked/episode_019e2d91-6e08-7f79-a3e4-c843c73a3ef2/random_walk,657,21.9,DINOv2,0.7080237865447998,False
b070_parked/episode_019e2d91-6e08-7f79-a3e4-c843c73a3ef2/random_walk,657,21.9,Robometer success,0.0222861859947443,False
b070_parked/episode_019e2d91-6e08-7f79-a3e4-c843c73a3ef2/random_walk,704,23.466666666666665,DT,-17.510848999023438,False
b070_parked/episode_019e2d91-6e08-7f79-a3e4-c843c73a3ef2/random_walk,704,23.466666666666665,DINOv2,0.6942099332809448,False
b070_parked/episode_019e2d91-6e08-7f79-a3e4-c843c73a3ef2/random_walk,704,23.466666666666665,Robometer success,0.031618766486644745,False
b070_parked/episode_019e2d91-6e08-7f79-a3e4-c843c73a3ef2/random_walk,751,25.033333333333335,DT,-30.14434051513672,False
b070_parked/episode_019e2d91-6e08-7f79-a3e4-c843c73a3ef2/random_walk,751,25.033333333333335,DINOv2,0.7698925733566284,False
b070_parked/episode_019e2d91-6e08-7f79-a3e4-c843c73a3ef2/random_walk,751,25.033333333333335,Robometer success,0.08035746961832047,False
b070_parked/episode_019e2d91-6e08-7f79-a3e4-c843c73a3ef2/random_walk,811,27.033333333333335,DT,-5.982320308685303,False
b070_parked/episode_019e2d91-6e08-7f79-a3e4-c843c73a3ef2/random_walk,811,27.033333333333335,DINOv2,0.9584823250770569,False
b070_parked/episode_019e2d91-6e08-7f79-a3e4-c843c73a3ef2/random_walk,811,27.033333333333335,Robometer success,0.03210070729255676,False
b070_parked/episode_019e2d91-6e08-7f79-a3e4-c843c73a3ef2/random_walk,871,29.033333333333335,DT,-6.117720603942871,False
b070_parked/episode_019e2d91-6e08-7f79-a3e4-c843c73a3ef2/random_walk,871,29.033333333333335,DINOv2,0.9791906476020813,False
b070_parked/episode_019e2d91-6e08-7f79-a3e4-c843c73a3ef2/random_walk,871,29.033333333333335,Robometer success,0.00407013762742281,False
b070_parked/episode_019e2d91-6e08-7f79-a3e4-c843c73a3ef2/random_walk,931,31.033333333333335,DT,-5.818743705749512,False
b070_parked/episode_019e2d91-6e08-7f79-a3e4-c843c73a3ef2/random_walk,931,31.033333333333335,DINOv2,0.9785842895507812,False
b070_parked/episode_019e2d91-6e08-7f79-a3e4-c843c73a3ef2/random_walk,931,31.033333333333335,Robometer success,0.012431650422513485,False
b070_parked/episode_019e2d91-6e08-7f79-a3e4-c843c73a3ef2/random_walk,991,33.03333333333333,DT,-6.223075866699219,False
b070_parked/episode_019e2d91-6e08-7f79-a3e4-c843c73a3ef2/random_walk,991,33.03333333333333,DINOv2,0.979333758354187,False
b070_parked/episode_019e2d91-6e08-7f79-a3e4-c843c73a3ef2/random_walk,991,33.03333333333333,Robometer success,0.02595735713839531,False
b070_parked/episode_019e2d91-6e08-7f79-a3e4-c843c73a3ef2/random_walk,1051,35.03333333333333,DT,-6.3094706535339355,True
b070_parked/episode_019e2d91-6e08-7f79-a3e4-c843c73a3ef2/random_walk,1051,35.03333333333333,DINOv2,0.9799212217330933,True
b070_parked/episode_019e2d91-6e08-7f79-a3e4-c843c73a3ef2/random_walk,1051,35.03333333333333,Robometer success,0.01912403479218483,True
b090_original/episode_019e2d91-6e08-7f79-a3e4-c843c73a3ef2/replay_control,0,0.0,DT,-8.948089599609375,False
b090_original/episode_019e2d91-6e08-7f79-a3e4-c843c73a3ef2/replay_control,0,0.0,DINOv2,0.8439351320266724,False
b090_original/episode_019e2d91-6e08-7f79-a3e4-c843c73a3ef2/replay_control,0,0.0,Robometer success,0.013636835850775242,False
b090_original/episode_019e2d91-6e08-7f79-a3e4-c843c73a3ef2/replay_control,47,1.5666666666666667,DT,-54.99887466430664,False
b090_original/episode_019e2d91-6e08-7f79-a3e4-c843c73a3ef2/replay_control,47,1.5666666666666667,DINOv2,0.7697464227676392,False
b090_original/episode_019e2d91-6e08-7f79-a3e4-c843c73a3ef2/replay_control,47,1.5666666666666667,Robometer success,0.005730246659368277,False
b090_original/episode_019e2d91-6e08-7f79-a3e4-c843c73a3ef2/replay_control,94,3.1333333333333333,DT,-23.860763549804688,False
b090_original/episode_019e2d91-6e08-7f79-a3e4-c843c73a3ef2/replay_control,94,3.1333333333333333,DINOv2,0.7698795795440674,False
b090_original/episode_019e2d91-6e08-7f79-a3e4-c843c73a3ef2/replay_control,94,3.1333333333333333,Robometer success,0.4063906967639923,False
b090_original/episode_019e2d91-6e08-7f79-a3e4-c843c73a3ef2/replay_control,141,4.7,DT,-32.89019012451172,False
b090_original/episode_019e2d91-6e08-7f79-a3e4-c843c73a3ef2/replay_control,141,4.7,DINOv2,0.7205725908279419,False
b090_original/episode_019e2d91-6e08-7f79-a3e4-c843c73a3ef2/replay_control,141,4.7,Robometer success,0.29746994376182556,False
b090_original/episode_019e2d91-6e08-7f79-a3e4-c843c73a3ef2/replay_control,188,6.266666666666667,DT,-18.907657623291016,False
b090_original/episode_019e2d91-6e08-7f79-a3e4-c843c73a3ef2/replay_control,188,6.266666666666667,DINOv2,0.6296250820159912,False
b090_original/episode_019e2d91-6e08-7f79-a3e4-c843c73a3ef2/replay_control,188,6.266666666666667,Robometer success,0.07159119844436646,False
b090_original/episode_019e2d91-6e08-7f79-a3e4-c843c73a3ef2/replay_control,235,7.833333333333333,DT,-25.290311813354492,False
b090_original/episode_019e2d91-6e08-7f79-a3e4-c843c73a3ef2/replay_control,235,7.833333333333333,DINOv2,0.7119990587234497,False
b090_original/episode_019e2d91-6e08-7f79-a3e4-c843c73a3ef2/replay_control,235,7.833333333333333,Robometer success,0.10230471193790436,False
b090_original/episode_019e2d91-6e08-7f79-a3e4-c843c73a3ef2/replay_control,282,9.4,DT,-16.502899169921875,False
b090_original/episode_019e2d91-6e08-7f79-a3e4-c843c73a3ef2/replay_control,282,9.4,DINOv2,0.7396522164344788,False
b090_original/episode_019e2d91-6e08-7f79-a3e4-c843c73a3ef2/replay_control,282,9.4,Robometer success,0.22815649211406708,False
b090_original/episode_019e2d91-6e08-7f79-a3e4-c843c73a3ef2/replay_control,329,10.966666666666667,DT,-17.035293579101562,False
b090_original/episode_019e2d91-6e08-7f79-a3e4-c843c73a3ef2/replay_control,329,10.966666666666667,DINOv2,0.6604691743850708,False
b090_original/episode_019e2d91-6e08-7f79-a3e4-c843c73a3ef2/replay_control,329,10.966666666666667,Robometer success,0.08756384253501892,False
b090_original/episode_019e2d91-6e08-7f79-a3e4-c843c73a3ef2/replay_control,376,12.533333333333333,DT,-18.625886917114258,False
b090_original/episode_019e2d91-6e08-7f79-a3e4-c843c73a3ef2/replay_control,376,12.533333333333333,DINOv2,0.8155386447906494,False
b090_original/episode_019e2d91-6e08-7f79-a3e4-c843c73a3ef2/replay_control,376,12.533333333333333,Robometer success,0.1276526302099228,False
b090_original/episode_019e2d91-6e08-7f79-a3e4-c843c73a3ef2/replay_control,422,14.066666666666666,DT,-17.94135284423828,False
b090_original/episode_019e2d91-6e08-7f79-a3e4-c843c73a3ef2/replay_control,422,14.066666666666666,DINOv2,0.6902180910110474,False
b090_original/episode_019e2d91-6e08-7f79-a3e4-c843c73a3ef2/replay_control,422,14.066666666666666,Robometer success,0.03514484688639641,False
b090_original/episode_019e2d91-6e08-7f79-a3e4-c843c73a3ef2/replay_control,469,15.633333333333333,DT,-13.967841148376465,False
b090_original/episode_019e2d91-6e08-7f79-a3e4-c843c73a3ef2/replay_control,469,15.633333333333333,DINOv2,0.6623099446296692,False
b090_original/episode_019e2d91-6e08-7f79-a3e4-c843c73a3ef2/replay_control,469,15.633333333333333,Robometer success,0.01798621006309986,False
b090_original/episode_019e2d91-6e08-7f79-a3e4-c843c73a3ef2/replay_control,516,17.2,DT,-14.194234848022461,False
b090_original/episode_019e2d91-6e08-7f79-a3e4-c843c73a3ef2/replay_control,516,17.2,DINOv2,0.7462340593338013,False
b090_original/episode_019e2d91-6e08-7f79-a3e4-c843c73a3ef2/replay_control,516,17.2,Robometer success,0.016914913430809975,False
b090_original/episode_019e2d91-6e08-7f79-a3e4-c843c73a3ef2/replay_control,563,18.766666666666666,DT,-12.030197143554688,False
b090_original/episode_019e2d91-6e08-7f79-a3e4-c843c73a3ef2/replay_control,563,18.766666666666666,DINOv2,0.7958534955978394,False
b090_original/episode_019e2d91-6e08-7f79-a3e4-c843c73a3ef2/replay_control,563,18.766666666666666,Robometer success,0.03514484688639641,False
b090_original/episode_019e2d91-6e08-7f79-a3e4-c843c73a3ef2/replay_control,610,20.333333333333332,DT,-11.1820650100708,False
b090_original/episode_019e2d91-6e08-7f79-a3e4-c843c73a3ef2/replay_control,610,20.333333333333332,DINOv2,0.8496680855751038,False
b090_original/episode_019e2d91-6e08-7f79-a3e4-c843c73a3ef2/replay_control,610,20.333333333333332,Robometer success,0.060086652636528015,False
b090_original/episode_019e2d91-6e08-7f79-a3e4-c843c73a3ef2/replay_control,621,20.7,DT,-6.832885265350342,False
b090_original/episode_019e2d91-6e08-7f79-a3e4-c843c73a3ef2/replay_control,621,20.7,DINOv2,0.8497989177703857,False
b090_original/episode_019e2d91-6e08-7f79-a3e4-c843c73a3ef2/replay_control,621,20.7,Robometer success,0.08756384253501892,False
b090_original/episode_019e2d91-6e08-7f79-a3e4-c843c73a3ef2/replay_control,651,21.7,DT,-3.6749143600463867,False
b090_original/episode_019e2d91-6e08-7f79-a3e4-c843c73a3ef2/replay_control,651,21.7,DINOv2,0.9078255891799927,False
b090_original/episode_019e2d91-6e08-7f79-a3e4-c843c73a3ef2/replay_control,651,21.7,Robometer success,0.027585282921791077,False
b090_original/episode_019e2d91-6e08-7f79-a3e4-c843c73a3ef2/replay_control,657,21.9,DT,-2.8420732021331787,False
b090_original/episode_019e2d91-6e08-7f79-a3e4-c843c73a3ef2/replay_control,657,21.9,DINOv2,0.9506224393844604,False
b090_original/episode_019e2d91-6e08-7f79-a3e4-c843c73a3ef2/replay_control,657,21.9,Robometer success,0.014503579586744308,False
b090_original/episode_019e2d91-6e08-7f79-a3e4-c843c73a3ef2/replay_control,704,23.466666666666665,DT,-1.6196660995483398,False
b090_original/episode_019e2d91-6e08-7f79-a3e4-c843c73a3ef2/replay_control,704,23.466666666666665,DINOv2,0.9993971586227417,False
b090_original/episode_019e2d91-6e08-7f79-a3e4-c843c73a3ef2/replay_control,704,23.466666666666665,Robometer success,0.011687257327139378,False
b090_original/episode_019e2d91-6e08-7f79-a3e4-c843c73a3ef2/replay_control,751,25.033333333333335,DT,-1.578993320465088,True
b090_original/episode_019e2d91-6e08-7f79-a3e4-c843c73a3ef2/replay_control,751,25.033333333333335,DINOv2,0.9986265897750854,True
b090_original/episode_019e2d91-6e08-7f79-a3e4-c843c73a3ef2/replay_control,751,25.033333333333335,Robometer success,0.13028541207313538,True
b090_original/episode_019e2d91-6e08-7f79-a3e4-c843c73a3ef2/hold,0,0.0,DT,-8.948089599609375,False
b090_original/episode_019e2d91-6e08-7f79-a3e4-c843c73a3ef2/hold,0,0.0,DINOv2,0.8439351320266724,False
b090_original/episode_019e2d91-6e08-7f79-a3e4-c843c73a3ef2/hold,0,0.0,Robometer success,0.013636835850775242,False
b090_original/episode_019e2d91-6e08-7f79-a3e4-c843c73a3ef2/hold,47,1.5666666666666667,DT,-54.99887466430664,False
b090_original/episode_019e2d91-6e08-7f79-a3e4-c843c73a3ef2/hold,47,1.5666666666666667,DINOv2,0.7697464227676392,False
b090_original/episode_019e2d91-6e08-7f79-a3e4-c843c73a3ef2/hold,47,1.5666666666666667,Robometer success,0.005730246659368277,False
b090_original/episode_019e2d91-6e08-7f79-a3e4-c843c73a3ef2/hold,94,3.1333333333333333,DT,-23.860763549804688,False
b090_original/episode_019e2d91-6e08-7f79-a3e4-c843c73a3ef2/hold,94,3.1333333333333333,DINOv2,0.7698795795440674,False
b090_original/episode_019e2d91-6e08-7f79-a3e4-c843c73a3ef2/hold,94,3.1333333333333333,Robometer success,0.4063906967639923,False
b090_original/episode_019e2d91-6e08-7f79-a3e4-c843c73a3ef2/hold,141,4.7,DT,-32.89019012451172,False
b090_original/episode_019e2d91-6e08-7f79-a3e4-c843c73a3ef2/hold,141,4.7,DINOv2,0.7205725908279419,False
b090_original/episode_019e2d91-6e08-7f79-a3e4-c843c73a3ef2/hold,141,4.7,Robometer success,0.29746994376182556,False
b090_original/episode_019e2d91-6e08-7f79-a3e4-c843c73a3ef2/hold,188,6.266666666666667,DT,-18.907657623291016,False
b090_original/episode_019e2d91-6e08-7f79-a3e4-c843c73a3ef2/hold,188,6.266666666666667,DINOv2,0.6296250820159912,False
b090_original/episode_019e2d91-6e08-7f79-a3e4-c843c73a3ef2/hold,188,6.266666666666667,Robometer success,0.07159119844436646,False
b090_original/episode_019e2d91-6e08-7f79-a3e4-c843c73a3ef2/hold,235,7.833333333333333,DT,-25.290311813354492,False
b090_original/episode_019e2d91-6e08-7f79-a3e4-c843c73a3ef2/hold,235,7.833333333333333,DINOv2,0.7119990587234497,False
b090_original/episode_019e2d91-6e08-7f79-a3e4-c843c73a3ef2/hold,235,7.833333333333333,Robometer success,0.10230471193790436,False
b090_original/episode_019e2d91-6e08-7f79-a3e4-c843c73a3ef2/hold,282,9.4,DT,-16.502899169921875,False
b090_original/episode_019e2d91-6e08-7f79-a3e4-c843c73a3ef2/hold,282,9.4,DINOv2,0.7396522164344788,False
b090_original/episode_019e2d91-6e08-7f79-a3e4-c843c73a3ef2/hold,282,9.4,Robometer success,0.22815649211406708,False
b090_original/episode_019e2d91-6e08-7f79-a3e4-c843c73a3ef2/hold,329,10.966666666666667,DT,-17.035293579101562,False
b090_original/episode_019e2d91-6e08-7f79-a3e4-c843c73a3ef2/hold,329,10.966666666666667,DINOv2,0.6604691743850708,False
b090_original/episode_019e2d91-6e08-7f79-a3e4-c843c73a3ef2/hold,329,10.966666666666667,Robometer success,0.08756384253501892,False
b090_original/episode_019e2d91-6e08-7f79-a3e4-c843c73a3ef2/hold,376,12.533333333333333,DT,-18.625886917114258,False
b090_original/episode_019e2d91-6e08-7f79-a3e4-c843c73a3ef2/hold,376,12.533333333333333,DINOv2,0.8155386447906494,False
b090_original/episode_019e2d91-6e08-7f79-a3e4-c843c73a3ef2/hold,376,12.533333333333333,Robometer success,0.1276526302099228,False
b090_original/episode_019e2d91-6e08-7f79-a3e4-c843c73a3ef2/hold,422,14.066666666666666,DT,-17.94135284423828,False
b090_original/episode_019e2d91-6e08-7f79-a3e4-c843c73a3ef2/hold,422,14.066666666666666,DINOv2,0.6902180910110474,False
b090_original/episode_019e2d91-6e08-7f79-a3e4-c843c73a3ef2/hold,422,14.066666666666666,Robometer success,0.03514484688639641,False
b090_original/episode_019e2d91-6e08-7f79-a3e4-c843c73a3ef2/hold,469,15.633333333333333,DT,-13.967841148376465,False
b090_original/episode_019e2d91-6e08-7f79-a3e4-c843c73a3ef2/hold,469,15.633333333333333,DINOv2,0.6623099446296692,False
b090_original/episode_019e2d91-6e08-7f79-a3e4-c843c73a3ef2/hold,469,15.633333333333333,Robometer success,0.01798621006309986,False
b090_original/episode_019e2d91-6e08-7f79-a3e4-c843c73a3ef2/hold,516,17.2,DT,-14.194234848022461,False
b090_original/episode_019e2d91-6e08-7f79-a3e4-c843c73a3ef2/hold,516,17.2,DINOv2,0.7462340593338013,False
b090_original/episode_019e2d91-6e08-7f79-a3e4-c843c73a3ef2/hold,516,17.2,Robometer success,0.016914913430809975,False
b090_original/episode_019e2d91-6e08-7f79-a3e4-c843c73a3ef2/hold,563,18.766666666666666,DT,-12.030197143554688,False
b090_original/episode_019e2d91-6e08-7f79-a3e4-c843c73a3ef2/hold,563,18.766666666666666,DINOv2,0.7958534955978394,False
b090_original/episode_019e2d91-6e08-7f79-a3e4-c843c73a3ef2/hold,563,18.766666666666666,Robometer success,0.03514484688639641,False
b090_original/episode_019e2d91-6e08-7f79-a3e4-c843c73a3ef2/hold,610,20.333333333333332,DT,-11.1820650100708,False
b090_original/episode_019e2d91-6e08-7f79-a3e4-c843c73a3ef2/hold,610,20.333333333333332,DINOv2,0.8496680855751038,False
b090_original/episode_019e2d91-6e08-7f79-a3e4-c843c73a3ef2/hold,610,20.333333333333332,Robometer success,0.060086652636528015,False
b090_original/episode_019e2d91-6e08-7f79-a3e4-c843c73a3ef2/hold,621,20.7,DT,-6.832885265350342,False
b090_original/episode_019e2d91-6e08-7f79-a3e4-c843c73a3ef2/hold,621,20.7,DINOv2,0.8497989177703857,False
b090_original/episode_019e2d91-6e08-7f79-a3e4-c843c73a3ef2/hold,621,20.7,Robometer success,0.08756384253501892,False
b090_original/episode_019e2d91-6e08-7f79-a3e4-c843c73a3ef2/hold,651,21.7,DT,-7.015219211578369,False
b090_original/episode_019e2d91-6e08-7f79-a3e4-c843c73a3ef2/hold,651,21.7,DINOv2,0.8495360016822815,False
b090_original/episode_019e2d91-6e08-7f79-a3e4-c843c73a3ef2/hold,651,21.7,Robometer success,0.07159119844436646,False
b090_original/episode_019e2d91-6e08-7f79-a3e4-c843c73a3ef2/hold,657,21.9,DT,-7.130809307098389,False
b090_original/episode_019e2d91-6e08-7f79-a3e4-c843c73a3ef2/hold,657,21.9,DINOv2,0.8483167290687561,False
b090_original/episode_019e2d91-6e08-7f79-a3e4-c843c73a3ef2/hold,657,21.9,Robometer success,0.054198723286390305,False
b090_original/episode_019e2d91-6e08-7f79-a3e4-c843c73a3ef2/hold,704,23.466666666666665,DT,-6.913368225097656,False
b090_original/episode_019e2d91-6e08-7f79-a3e4-c843c73a3ef2/hold,704,23.466666666666665,DINOv2,0.8458710312843323,False
b090_original/episode_019e2d91-6e08-7f79-a3e4-c843c73a3ef2/hold,704,23.466666666666665,Robometer success,0.05582314357161522,False
b090_original/episode_019e2d91-6e08-7f79-a3e4-c843c73a3ef2/hold,751,25.033333333333335,DT,-6.956301689147949,True
b090_original/episode_019e2d91-6e08-7f79-a3e4-c843c73a3ef2/hold,751,25.033333333333335,DINOv2,0.8501543998718262,True
b090_original/episode_019e2d91-6e08-7f79-a3e4-c843c73a3ef2/hold,751,25.033333333333335,Robometer success,0.08151976019144058,True
b090_original/episode_019e2d91-6e08-7f79-a3e4-c843c73a3ef2/random_walk,0,0.0,DT,-8.948089599609375,False
b090_original/episode_019e2d91-6e08-7f79-a3e4-c843c73a3ef2/random_walk,0,0.0,DINOv2,0.8439351320266724,False
b090_original/episode_019e2d91-6e08-7f79-a3e4-c843c73a3ef2/random_walk,0,0.0,Robometer success,0.013636835850775242,False
b090_original/episode_019e2d91-6e08-7f79-a3e4-c843c73a3ef2/random_walk,47,1.5666666666666667,DT,-54.99887466430664,False
b090_original/episode_019e2d91-6e08-7f79-a3e4-c843c73a3ef2/random_walk,47,1.5666666666666667,DINOv2,0.7697464227676392,False
b090_original/episode_019e2d91-6e08-7f79-a3e4-c843c73a3ef2/random_walk,47,1.5666666666666667,Robometer success,0.005730246659368277,False
b090_original/episode_019e2d91-6e08-7f79-a3e4-c843c73a3ef2/random_walk,94,3.1333333333333333,DT,-23.860763549804688,False
b090_original/episode_019e2d91-6e08-7f79-a3e4-c843c73a3ef2/random_walk,94,3.1333333333333333,DINOv2,0.7698795795440674,False
b090_original/episode_019e2d91-6e08-7f79-a3e4-c843c73a3ef2/random_walk,94,3.1333333333333333,Robometer success,0.4063906967639923,False
b090_original/episode_019e2d91-6e08-7f79-a3e4-c843c73a3ef2/random_walk,141,4.7,DT,-32.89019012451172,False
b090_original/episode_019e2d91-6e08-7f79-a3e4-c843c73a3ef2/random_walk,141,4.7,DINOv2,0.7205725908279419,False
b090_original/episode_019e2d91-6e08-7f79-a3e4-c843c73a3ef2/random_walk,141,4.7,Robometer success,0.29746994376182556,False
b090_original/episode_019e2d91-6e08-7f79-a3e4-c843c73a3ef2/random_walk,188,6.266666666666667,DT,-18.907657623291016,False
b090_original/episode_019e2d91-6e08-7f79-a3e4-c843c73a3ef2/random_walk,188,6.266666666666667,DINOv2,0.6296250820159912,False
b090_original/episode_019e2d91-6e08-7f79-a3e4-c843c73a3ef2/random_walk,188,6.266666666666667,Robometer success,0.07159119844436646,False
b090_original/episode_019e2d91-6e08-7f79-a3e4-c843c73a3ef2/random_walk,235,7.833333333333333,DT,-25.290311813354492,False
b090_original/episode_019e2d91-6e08-7f79-a3e4-c843c73a3ef2/random_walk,235,7.833333333333333,DINOv2,0.7119990587234497,False
b090_original/episode_019e2d91-6e08-7f79-a3e4-c843c73a3ef2/random_walk,235,7.833333333333333,Robometer success,0.10230471193790436,False
b090_original/episode_019e2d91-6e08-7f79-a3e4-c843c73a3ef2/random_walk,282,9.4,DT,-16.502899169921875,False
b090_original/episode_019e2d91-6e08-7f79-a3e4-c843c73a3ef2/random_walk,282,9.4,DINOv2,0.7396522164344788,False
b090_original/episode_019e2d91-6e08-7f79-a3e4-c843c73a3ef2/random_walk,282,9.4,Robometer success,0.22815649211406708,False
b090_original/episode_019e2d91-6e08-7f79-a3e4-c843c73a3ef2/random_walk,329,10.966666666666667,DT,-17.035293579101562,False
b090_original/episode_019e2d91-6e08-7f79-a3e4-c843c73a3ef2/random_walk,329,10.966666666666667,DINOv2,0.6604691743850708,False
b090_original/episode_019e2d91-6e08-7f79-a3e4-c843c73a3ef2/random_walk,329,10.966666666666667,Robometer success,0.08756384253501892,False
b090_original/episode_019e2d91-6e08-7f79-a3e4-c843c73a3ef2/random_walk,376,12.533333333333333,DT,-18.625886917114258,False
b090_original/episode_019e2d91-6e08-7f79-a3e4-c843c73a3ef2/random_walk,376,12.533333333333333,DINOv2,0.8155386447906494,False
b090_original/episode_019e2d91-6e08-7f79-a3e4-c843c73a3ef2/random_walk,376,12.533333333333333,Robometer success,0.1276526302099228,False
b090_original/episode_019e2d91-6e08-7f79-a3e4-c843c73a3ef2/random_walk,422,14.066666666666666,DT,-17.94135284423828,False
b090_original/episode_019e2d91-6e08-7f79-a3e4-c843c73a3ef2/random_walk,422,14.066666666666666,DINOv2,0.6902180910110474,False
b090_original/episode_019e2d91-6e08-7f79-a3e4-c843c73a3ef2/random_walk,422,14.066666666666666,Robometer success,0.03514484688639641,False
b090_original/episode_019e2d91-6e08-7f79-a3e4-c843c73a3ef2/random_walk,469,15.633333333333333,DT,-13.967841148376465,False
b090_original/episode_019e2d91-6e08-7f79-a3e4-c843c73a3ef2/random_walk,469,15.633333333333333,DINOv2,0.6623099446296692,False
b090_original/episode_019e2d91-6e08-7f79-a3e4-c843c73a3ef2/random_walk,469,15.633333333333333,Robometer success,0.01798621006309986,False
b090_original/episode_019e2d91-6e08-7f79-a3e4-c843c73a3ef2/random_walk,516,17.2,DT,-14.194234848022461,False
b090_original/episode_019e2d91-6e08-7f79-a3e4-c843c73a3ef2/random_walk,516,17.2,DINOv2,0.7462340593338013,False
b090_original/episode_019e2d91-6e08-7f79-a3e4-c843c73a3ef2/random_walk,516,17.2,Robometer success,0.016914913430809975,False
b090_original/episode_019e2d91-6e08-7f79-a3e4-c843c73a3ef2/random_walk,563,18.766666666666666,DT,-12.030197143554688,False
b090_original/episode_019e2d91-6e08-7f79-a3e4-c843c73a3ef2/random_walk,563,18.766666666666666,DINOv2,0.7958534955978394,False
b090_original/episode_019e2d91-6e08-7f79-a3e4-c843c73a3ef2/random_walk,563,18.766666666666666,Robometer success,0.03514484688639641,False
b090_original/episode_019e2d91-6e08-7f79-a3e4-c843c73a3ef2/random_walk,610,20.333333333333332,DT,-11.1820650100708,False
b090_original/episode_019e2d91-6e08-7f79-a3e4-c843c73a3ef2/random_walk,610,20.333333333333332,DINOv2,0.8496680855751038,False
b090_original/episode_019e2d91-6e08-7f79-a3e4-c843c73a3ef2/random_walk,610,20.333333333333332,Robometer success,0.060086652636528015,False
b090_original/episode_019e2d91-6e08-7f79-a3e4-c843c73a3ef2/random_walk,621,20.7,DT,-6.832885265350342,False
b090_original/episode_019e2d91-6e08-7f79-a3e4-c843c73a3ef2/random_walk,621,20.7,DINOv2,0.8497989177703857,False
b090_original/episode_019e2d91-6e08-7f79-a3e4-c843c73a3ef2/random_walk,621,20.7,Robometer success,0.08756384253501892,False
b090_original/episode_019e2d91-6e08-7f79-a3e4-c843c73a3ef2/random_walk,651,21.7,DT,-8.957122802734375,False
b090_original/episode_019e2d91-6e08-7f79-a3e4-c843c73a3ef2/random_walk,651,21.7,DINOv2,0.8354928493499756,False
b090_original/episode_019e2d91-6e08-7f79-a3e4-c843c73a3ef2/random_walk,651,21.7,Robometer success,0.015424552373588085,False
b090_original/episode_019e2d91-6e08-7f79-a3e4-c843c73a3ef2/random_walk,657,21.9,DT,-9.285484313964844,False
b090_original/episode_019e2d91-6e08-7f79-a3e4-c843c73a3ef2/random_walk,657,21.9,DINOv2,0.82598876953125,False
b090_original/episode_019e2d91-6e08-7f79-a3e4-c843c73a3ef2/random_walk,657,21.9,Robometer success,0.017442485317587852,False
b090_original/episode_019e2d91-6e08-7f79-a3e4-c843c73a3ef2/random_walk,704,23.466666666666665,DT,-8.113492012023926,False
b090_original/episode_019e2d91-6e08-7f79-a3e4-c843c73a3ef2/random_walk,704,23.466666666666665,DINOv2,0.8185712695121765,False
b090_original/episode_019e2d91-6e08-7f79-a3e4-c843c73a3ef2/random_walk,704,23.466666666666665,Robometer success,0.018264278769493103,False
b090_original/episode_019e2d91-6e08-7f79-a3e4-c843c73a3ef2/random_walk,751,25.033333333333335,DT,-8.705158233642578,True
b090_original/episode_019e2d91-6e08-7f79-a3e4-c843c73a3ef2/random_walk,751,25.033333333333335,DINOv2,0.8425163626670837,True
b090_original/episode_019e2d91-6e08-7f79-a3e4-c843c73a3ef2/random_walk,751,25.033333333333335,Robometer success,0.01640303246676922,True
b090_parked/episode_019e2d91-6e08-7f79-a3e4-c843c73a3ef2/replay_control,0,0.0,DT,-8.948089599609375,False
b090_parked/episode_019e2d91-6e08-7f79-a3e4-c843c73a3ef2/replay_control,0,0.0,DINOv2,0.8439351320266724,False
b090_parked/episode_019e2d91-6e08-7f79-a3e4-c843c73a3ef2/replay_control,0,0.0,Robometer success,0.013636835850775242,False
b090_parked/episode_019e2d91-6e08-7f79-a3e4-c843c73a3ef2/replay_control,47,1.5666666666666667,DT,-54.99887466430664,False
b090_parked/episode_019e2d91-6e08-7f79-a3e4-c843c73a3ef2/replay_control,47,1.5666666666666667,DINOv2,0.7697464227676392,False
b090_parked/episode_019e2d91-6e08-7f79-a3e4-c843c73a3ef2/replay_control,47,1.5666666666666667,Robometer success,0.005730246659368277,False
b090_parked/episode_019e2d91-6e08-7f79-a3e4-c843c73a3ef2/replay_control,94,3.1333333333333333,DT,-23.860763549804688,False
b090_parked/episode_019e2d91-6e08-7f79-a3e4-c843c73a3ef2/replay_control,94,3.1333333333333333,DINOv2,0.7698795795440674,False
b090_parked/episode_019e2d91-6e08-7f79-a3e4-c843c73a3ef2/replay_control,94,3.1333333333333333,Robometer success,0.4063906967639923,False
b090_parked/episode_019e2d91-6e08-7f79-a3e4-c843c73a3ef2/replay_control,141,4.7,DT,-32.89019012451172,False
b090_parked/episode_019e2d91-6e08-7f79-a3e4-c843c73a3ef2/replay_control,141,4.7,DINOv2,0.7205725908279419,False
b090_parked/episode_019e2d91-6e08-7f79-a3e4-c843c73a3ef2/replay_control,141,4.7,Robometer success,0.29746994376182556,False
b090_parked/episode_019e2d91-6e08-7f79-a3e4-c843c73a3ef2/replay_control,188,6.266666666666667,DT,-18.907657623291016,False
b090_parked/episode_019e2d91-6e08-7f79-a3e4-c843c73a3ef2/replay_control,188,6.266666666666667,DINOv2,0.6296250820159912,False
b090_parked/episode_019e2d91-6e08-7f79-a3e4-c843c73a3ef2/replay_control,188,6.266666666666667,Robometer success,0.07159119844436646,False
b090_parked/episode_019e2d91-6e08-7f79-a3e4-c843c73a3ef2/replay_control,235,7.833333333333333,DT,-25.290311813354492,False
b090_parked/episode_019e2d91-6e08-7f79-a3e4-c843c73a3ef2/replay_control,235,7.833333333333333,DINOv2,0.7119990587234497,False
b090_parked/episode_019e2d91-6e08-7f79-a3e4-c843c73a3ef2/replay_control,235,7.833333333333333,Robometer success,0.10230471193790436,False
b090_parked/episode_019e2d91-6e08-7f79-a3e4-c843c73a3ef2/replay_control,282,9.4,DT,-16.502899169921875,False
b090_parked/episode_019e2d91-6e08-7f79-a3e4-c843c73a3ef2/replay_control,282,9.4,DINOv2,0.7396522164344788,False
b090_parked/episode_019e2d91-6e08-7f79-a3e4-c843c73a3ef2/replay_control,282,9.4,Robometer success,0.22815649211406708,False
b090_parked/episode_019e2d91-6e08-7f79-a3e4-c843c73a3ef2/replay_control,329,10.966666666666667,DT,-17.035293579101562,False
b090_parked/episode_019e2d91-6e08-7f79-a3e4-c843c73a3ef2/replay_control,329,10.966666666666667,DINOv2,0.6604691743850708,False
b090_parked/episode_019e2d91-6e08-7f79-a3e4-c843c73a3ef2/replay_control,329,10.966666666666667,Robometer success,0.08756384253501892,False
b090_parked/episode_019e2d91-6e08-7f79-a3e4-c843c73a3ef2/replay_control,376,12.533333333333333,DT,-18.625886917114258,False
b090_parked/episode_019e2d91-6e08-7f79-a3e4-c843c73a3ef2/replay_control,376,12.533333333333333,DINOv2,0.8155386447906494,False
b090_parked/episode_019e2d91-6e08-7f79-a3e4-c843c73a3ef2/replay_control,376,12.533333333333333,Robometer success,0.1276526302099228,False
b090_parked/episode_019e2d91-6e08-7f79-a3e4-c843c73a3ef2/replay_control,422,14.066666666666666,DT,-17.94135284423828,False
b090_parked/episode_019e2d91-6e08-7f79-a3e4-c843c73a3ef2/replay_control,422,14.066666666666666,DINOv2,0.6902180910110474,False
b090_parked/episode_019e2d91-6e08-7f79-a3e4-c843c73a3ef2/replay_control,422,14.066666666666666,Robometer success,0.03514484688639641,False
b090_parked/episode_019e2d91-6e08-7f79-a3e4-c843c73a3ef2/replay_control,469,15.633333333333333,DT,-13.967841148376465,False
b090_parked/episode_019e2d91-6e08-7f79-a3e4-c843c73a3ef2/replay_control,469,15.633333333333333,DINOv2,0.6623099446296692,False
b090_parked/episode_019e2d91-6e08-7f79-a3e4-c843c73a3ef2/replay_control,469,15.633333333333333,Robometer success,0.01798621006309986,False
b090_parked/episode_019e2d91-6e08-7f79-a3e4-c843c73a3ef2/replay_control,516,17.2,DT,-14.194234848022461,False
b090_parked/episode_019e2d91-6e08-7f79-a3e4-c843c73a3ef2/replay_control,516,17.2,DINOv2,0.7462340593338013,False
b090_parked/episode_019e2d91-6e08-7f79-a3e4-c843c73a3ef2/replay_control,516,17.2,Robometer success,0.016914913430809975,False
b090_parked/episode_019e2d91-6e08-7f79-a3e4-c843c73a3ef2/replay_control,563,18.766666666666666,DT,-12.030197143554688,False
b090_parked/episode_019e2d91-6e08-7f79-a3e4-c843c73a3ef2/replay_control,563,18.766666666666666,DINOv2,0.7958534955978394,False
b090_parked/episode_019e2d91-6e08-7f79-a3e4-c843c73a3ef2/replay_control,563,18.766666666666666,Robometer success,0.03514484688639641,False
b090_parked/episode_019e2d91-6e08-7f79-a3e4-c843c73a3ef2/replay_control,610,20.333333333333332,DT,-11.1820650100708,False
b090_parked/episode_019e2d91-6e08-7f79-a3e4-c843c73a3ef2/replay_control,610,20.333333333333332,DINOv2,0.8496680855751038,False
b090_parked/episode_019e2d91-6e08-7f79-a3e4-c843c73a3ef2/replay_control,610,20.333333333333332,Robometer success,0.060086652636528015,False
b090_parked/episode_019e2d91-6e08-7f79-a3e4-c843c73a3ef2/replay_control,621,20.7,DT,-6.832885265350342,False
b090_parked/episode_019e2d91-6e08-7f79-a3e4-c843c73a3ef2/replay_control,621,20.7,DINOv2,0.8497989177703857,False
b090_parked/episode_019e2d91-6e08-7f79-a3e4-c843c73a3ef2/replay_control,621,20.7,Robometer success,0.08756384253501892,False
b090_parked/episode_019e2d91-6e08-7f79-a3e4-c843c73a3ef2/replay_control,651,21.7,DT,-3.6749143600463867,False
b090_parked/episode_019e2d91-6e08-7f79-a3e4-c843c73a3ef2/replay_control,651,21.7,DINOv2,0.9078255891799927,False
b090_parked/episode_019e2d91-6e08-7f79-a3e4-c843c73a3ef2/replay_control,651,21.7,Robometer success,0.027585282921791077,False
b090_parked/episode_019e2d91-6e08-7f79-a3e4-c843c73a3ef2/replay_control,657,21.9,DT,-2.8420732021331787,False
b090_parked/episode_019e2d91-6e08-7f79-a3e4-c843c73a3ef2/replay_control,657,21.9,DINOv2,0.9506224393844604,False
b090_parked/episode_019e2d91-6e08-7f79-a3e4-c843c73a3ef2/replay_control,657,21.9,Robometer success,0.014503579586744308,False
b090_parked/episode_019e2d91-6e08-7f79-a3e4-c843c73a3ef2/replay_control,704,23.466666666666665,DT,-1.6196660995483398,False
b090_parked/episode_019e2d91-6e08-7f79-a3e4-c843c73a3ef2/replay_control,704,23.466666666666665,DINOv2,0.9993971586227417,False
b090_parked/episode_019e2d91-6e08-7f79-a3e4-c843c73a3ef2/replay_control,704,23.466666666666665,Robometer success,0.011687257327139378,False
b090_parked/episode_019e2d91-6e08-7f79-a3e4-c843c73a3ef2/replay_control,751,25.033333333333335,DT,-1.578993320465088,False
b090_parked/episode_019e2d91-6e08-7f79-a3e4-c843c73a3ef2/replay_control,751,25.033333333333335,DINOv2,0.9986265897750854,False
b090_parked/episode_019e2d91-6e08-7f79-a3e4-c843c73a3ef2/replay_control,751,25.033333333333335,Robometer success,0.13028541207313538,False
b090_parked/episode_019e2d91-6e08-7f79-a3e4-c843c73a3ef2/replay_control,811,27.033333333333335,DT,-1.670327067375183,False
b090_parked/episode_019e2d91-6e08-7f79-a3e4-c843c73a3ef2/replay_control,811,27.033333333333335,DINOv2,0.9994834661483765,False
b090_parked/episode_019e2d91-6e08-7f79-a3e4-c843c73a3ef2/replay_control,811,27.033333333333335,Robometer success,0.08035746961832047,False
b090_parked/episode_019e2d91-6e08-7f79-a3e4-c843c73a3ef2/replay_control,871,29.033333333333335,DT,-1.7582815885543823,False
b090_parked/episode_019e2d91-6e08-7f79-a3e4-c843c73a3ef2/replay_control,871,29.033333333333335,DINOv2,0.9996249675750732,False
b090_parked/episode_019e2d91-6e08-7f79-a3e4-c843c73a3ef2/replay_control,871,29.033333333333335,Robometer success,0.14608724415302277,False
b090_parked/episode_019e2d91-6e08-7f79-a3e4-c843c73a3ef2/replay_control,931,31.033333333333335,DT,-1.721250295639038,False
b090_parked/episode_019e2d91-6e08-7f79-a3e4-c843c73a3ef2/replay_control,931,31.033333333333335,DINOv2,0.999518871307373,False
b090_parked/episode_019e2d91-6e08-7f79-a3e4-c843c73a3ef2/replay_control,931,31.033333333333335,Robometer success,0.07807816565036774,False
b090_parked/episode_019e2d91-6e08-7f79-a3e4-c843c73a3ef2/replay_control,991,33.03333333333333,DT,-1.8071117401123047,False
b090_parked/episode_019e2d91-6e08-7f79-a3e4-c843c73a3ef2/replay_control,991,33.03333333333333,DINOv2,0.9996845722198486,False
b090_parked/episode_019e2d91-6e08-7f79-a3e4-c843c73a3ef2/replay_control,991,33.03333333333333,Robometer success,0.07477004081010818,False
b090_parked/episode_019e2d91-6e08-7f79-a3e4-c843c73a3ef2/replay_control,1051,35.03333333333333,DT,-1.7469923496246338,True
b090_parked/episode_019e2d91-6e08-7f79-a3e4-c843c73a3ef2/replay_control,1051,35.03333333333333,DINOv2,0.999790370464325,True
b090_parked/episode_019e2d91-6e08-7f79-a3e4-c843c73a3ef2/replay_control,1051,35.03333333333333,Robometer success,0.10087862610816956,True
b090_parked/episode_019e2d91-6e08-7f79-a3e4-c843c73a3ef2/hold,0,0.0,DT,-8.948089599609375,False
b090_parked/episode_019e2d91-6e08-7f79-a3e4-c843c73a3ef2/hold,0,0.0,DINOv2,0.8439351320266724,False
b090_parked/episode_019e2d91-6e08-7f79-a3e4-c843c73a3ef2/hold,0,0.0,Robometer success,0.013636835850775242,False
b090_parked/episode_019e2d91-6e08-7f79-a3e4-c843c73a3ef2/hold,47,1.5666666666666667,DT,-54.99887466430664,False
b090_parked/episode_019e2d91-6e08-7f79-a3e4-c843c73a3ef2/hold,47,1.5666666666666667,DINOv2,0.7697464227676392,False
b090_parked/episode_019e2d91-6e08-7f79-a3e4-c843c73a3ef2/hold,47,1.5666666666666667,Robometer success,0.005730246659368277,False
b090_parked/episode_019e2d91-6e08-7f79-a3e4-c843c73a3ef2/hold,94,3.1333333333333333,DT,-23.860763549804688,False
b090_parked/episode_019e2d91-6e08-7f79-a3e4-c843c73a3ef2/hold,94,3.1333333333333333,DINOv2,0.7698795795440674,False
b090_parked/episode_019e2d91-6e08-7f79-a3e4-c843c73a3ef2/hold,94,3.1333333333333333,Robometer success,0.4063906967639923,False
b090_parked/episode_019e2d91-6e08-7f79-a3e4-c843c73a3ef2/hold,141,4.7,DT,-32.89019012451172,False
b090_parked/episode_019e2d91-6e08-7f79-a3e4-c843c73a3ef2/hold,141,4.7,DINOv2,0.7205725908279419,False
b090_parked/episode_019e2d91-6e08-7f79-a3e4-c843c73a3ef2/hold,141,4.7,Robometer success,0.29746994376182556,False
b090_parked/episode_019e2d91-6e08-7f79-a3e4-c843c73a3ef2/hold,188,6.266666666666667,DT,-18.907657623291016,False
b090_parked/episode_019e2d91-6e08-7f79-a3e4-c843c73a3ef2/hold,188,6.266666666666667,DINOv2,0.6296250820159912,False
b090_parked/episode_019e2d91-6e08-7f79-a3e4-c843c73a3ef2/hold,188,6.266666666666667,Robometer success,0.07159119844436646,False
b090_parked/episode_019e2d91-6e08-7f79-a3e4-c843c73a3ef2/hold,235,7.833333333333333,DT,-25.290311813354492,False
b090_parked/episode_019e2d91-6e08-7f79-a3e4-c843c73a3ef2/hold,235,7.833333333333333,DINOv2,0.7119990587234497,False
b090_parked/episode_019e2d91-6e08-7f79-a3e4-c843c73a3ef2/hold,235,7.833333333333333,Robometer success,0.10230471193790436,False
b090_parked/episode_019e2d91-6e08-7f79-a3e4-c843c73a3ef2/hold,282,9.4,DT,-16.502899169921875,False
b090_parked/episode_019e2d91-6e08-7f79-a3e4-c843c73a3ef2/hold,282,9.4,DINOv2,0.7396522164344788,False
b090_parked/episode_019e2d91-6e08-7f79-a3e4-c843c73a3ef2/hold,282,9.4,Robometer success,0.22815649211406708,False
b090_parked/episode_019e2d91-6e08-7f79-a3e4-c843c73a3ef2/hold,329,10.966666666666667,DT,-17.035293579101562,False
b090_parked/episode_019e2d91-6e08-7f79-a3e4-c843c73a3ef2/hold,329,10.966666666666667,DINOv2,0.6604691743850708,False
b090_parked/episode_019e2d91-6e08-7f79-a3e4-c843c73a3ef2/hold,329,10.966666666666667,Robometer success,0.08756384253501892,False
b090_parked/episode_019e2d91-6e08-7f79-a3e4-c843c73a3ef2/hold,376,12.533333333333333,DT,-18.625886917114258,False
b090_parked/episode_019e2d91-6e08-7f79-a3e4-c843c73a3ef2/hold,376,12.533333333333333,DINOv2,0.8155386447906494,False
b090_parked/episode_019e2d91-6e08-7f79-a3e4-c843c73a3ef2/hold,376,12.533333333333333,Robometer success,0.1276526302099228,False
b090_parked/episode_019e2d91-6e08-7f79-a3e4-c843c73a3ef2/hold,422,14.066666666666666,DT,-17.94135284423828,False
b090_parked/episode_019e2d91-6e08-7f79-a3e4-c843c73a3ef2/hold,422,14.066666666666666,DINOv2,0.6902180910110474,False
b090_parked/episode_019e2d91-6e08-7f79-a3e4-c843c73a3ef2/hold,422,14.066666666666666,Robometer success,0.03514484688639641,False
b090_parked/episode_019e2d91-6e08-7f79-a3e4-c843c73a3ef2/hold,469,15.633333333333333,DT,-13.967841148376465,False
b090_parked/episode_019e2d91-6e08-7f79-a3e4-c843c73a3ef2/hold,469,15.633333333333333,DINOv2,0.6623099446296692,False
b090_parked/episode_019e2d91-6e08-7f79-a3e4-c843c73a3ef2/hold,469,15.633333333333333,Robometer success,0.01798621006309986,False
b090_parked/episode_019e2d91-6e08-7f79-a3e4-c843c73a3ef2/hold,516,17.2,DT,-14.194234848022461,False
b090_parked/episode_019e2d91-6e08-7f79-a3e4-c843c73a3ef2/hold,516,17.2,DINOv2,0.7462340593338013,False
b090_parked/episode_019e2d91-6e08-7f79-a3e4-c843c73a3ef2/hold,516,17.2,Robometer success,0.016914913430809975,False
b090_parked/episode_019e2d91-6e08-7f79-a3e4-c843c73a3ef2/hold,563,18.766666666666666,DT,-12.030197143554688,False
b090_parked/episode_019e2d91-6e08-7f79-a3e4-c843c73a3ef2/hold,563,18.766666666666666,DINOv2,0.7958534955978394,False
b090_parked/episode_019e2d91-6e08-7f79-a3e4-c843c73a3ef2/hold,563,18.766666666666666,Robometer success,0.03514484688639641,False
b090_parked/episode_019e2d91-6e08-7f79-a3e4-c843c73a3ef2/hold,610,20.333333333333332,DT,-11.1820650100708,False
b090_parked/episode_019e2d91-6e08-7f79-a3e4-c843c73a3ef2/hold,610,20.333333333333332,DINOv2,0.8496680855751038,False
b090_parked/episode_019e2d91-6e08-7f79-a3e4-c843c73a3ef2/hold,610,20.333333333333332,Robometer success,0.060086652636528015,False
b090_parked/episode_019e2d91-6e08-7f79-a3e4-c843c73a3ef2/hold,621,20.7,DT,-6.832885265350342,False
b090_parked/episode_019e2d91-6e08-7f79-a3e4-c843c73a3ef2/hold,621,20.7,DINOv2,0.8497989177703857,False
b090_parked/episode_019e2d91-6e08-7f79-a3e4-c843c73a3ef2/hold,621,20.7,Robometer success,0.08756384253501892,False
b090_parked/episode_019e2d91-6e08-7f79-a3e4-c843c73a3ef2/hold,651,21.7,DT,-7.015219211578369,False
b090_parked/episode_019e2d91-6e08-7f79-a3e4-c843c73a3ef2/hold,651,21.7,DINOv2,0.8495360016822815,False
b090_parked/episode_019e2d91-6e08-7f79-a3e4-c843c73a3ef2/hold,651,21.7,Robometer success,0.07159119844436646,False
b090_parked/episode_019e2d91-6e08-7f79-a3e4-c843c73a3ef2/hold,657,21.9,DT,-7.130809307098389,False
b090_parked/episode_019e2d91-6e08-7f79-a3e4-c843c73a3ef2/hold,657,21.9,DINOv2,0.8483167290687561,False
b090_parked/episode_019e2d91-6e08-7f79-a3e4-c843c73a3ef2/hold,657,21.9,Robometer success,0.054198723286390305,False
b090_parked/episode_019e2d91-6e08-7f79-a3e4-c843c73a3ef2/hold,704,23.466666666666665,DT,-6.913368225097656,False
b090_parked/episode_019e2d91-6e08-7f79-a3e4-c843c73a3ef2/hold,704,23.466666666666665,DINOv2,0.8458710312843323,False
b090_parked/episode_019e2d91-6e08-7f79-a3e4-c843c73a3ef2/hold,704,23.466666666666665,Robometer success,0.05582314357161522,False
b090_parked/episode_019e2d91-6e08-7f79-a3e4-c843c73a3ef2/hold,751,25.033333333333335,DT,-6.956301689147949,False
b090_parked/episode_019e2d91-6e08-7f79-a3e4-c843c73a3ef2/hold,751,25.033333333333335,DINOv2,0.8501543998718262,False
b090_parked/episode_019e2d91-6e08-7f79-a3e4-c843c73a3ef2/hold,751,25.033333333333335,Robometer success,0.08151976019144058,False
b090_parked/episode_019e2d91-6e08-7f79-a3e4-c843c73a3ef2/hold,811,27.033333333333335,DT,-1.5976636409759521,False
b090_parked/episode_019e2d91-6e08-7f79-a3e4-c843c73a3ef2/hold,811,27.033333333333335,DINOv2,0.9971032738685608,False
b090_parked/episode_019e2d91-6e08-7f79-a3e4-c843c73a3ef2/hold,811,27.033333333333335,Robometer success,0.06187598779797554,False
b090_parked/episode_019e2d91-6e08-7f79-a3e4-c843c73a3ef2/hold,871,29.033333333333335,DT,-1.8610605001449585,False
b090_parked/episode_019e2d91-6e08-7f79-a3e4-c843c73a3ef2/hold,871,29.033333333333335,DINOv2,0.9992161393165588,False
b090_parked/episode_019e2d91-6e08-7f79-a3e4-c843c73a3ef2/hold,871,29.033333333333335,Robometer success,0.13568955659866333,False
b090_parked/episode_019e2d91-6e08-7f79-a3e4-c843c73a3ef2/hold,931,31.033333333333335,DT,-2.089559316635132,False
b090_parked/episode_019e2d91-6e08-7f79-a3e4-c843c73a3ef2/hold,931,31.033333333333335,DINOv2,0.9997348785400391,False
b090_parked/episode_019e2d91-6e08-7f79-a3e4-c843c73a3ef2/hold,931,31.033333333333335,Robometer success,0.05921025574207306,False
b090_parked/episode_019e2d91-6e08-7f79-a3e4-c843c73a3ef2/hold,991,33.03333333333333,DT,-1.6101453304290771,False
b090_parked/episode_019e2d91-6e08-7f79-a3e4-c843c73a3ef2/hold,991,33.03333333333333,DINOv2,0.9998114109039307,False
b090_parked/episode_019e2d91-6e08-7f79-a3e4-c843c73a3ef2/hold,991,33.03333333333333,Robometer success,0.2018132209777832,False
b090_parked/episode_019e2d91-6e08-7f79-a3e4-c843c73a3ef2/hold,1051,35.03333333333333,DT,-1.7226784229278564,True
b090_parked/episode_019e2d91-6e08-7f79-a3e4-c843c73a3ef2/hold,1051,35.03333333333333,DINOv2,0.9997673630714417,True
b090_parked/episode_019e2d91-6e08-7f79-a3e4-c843c73a3ef2/hold,1051,35.03333333333333,Robometer success,0.28537195920944214,True
b090_parked/episode_019e2d91-6e08-7f79-a3e4-c843c73a3ef2/random_walk,0,0.0,DT,-8.948089599609375,False
b090_parked/episode_019e2d91-6e08-7f79-a3e4-c843c73a3ef2/random_walk,0,0.0,DINOv2,0.8439351320266724,False
b090_parked/episode_019e2d91-6e08-7f79-a3e4-c843c73a3ef2/random_walk,0,0.0,Robometer success,0.013636835850775242,False
b090_parked/episode_019e2d91-6e08-7f79-a3e4-c843c73a3ef2/random_walk,47,1.5666666666666667,DT,-54.99887466430664,False
b090_parked/episode_019e2d91-6e08-7f79-a3e4-c843c73a3ef2/random_walk,47,1.5666666666666667,DINOv2,0.7697464227676392,False
b090_parked/episode_019e2d91-6e08-7f79-a3e4-c843c73a3ef2/random_walk,47,1.5666666666666667,Robometer success,0.005730246659368277,False
b090_parked/episode_019e2d91-6e08-7f79-a3e4-c843c73a3ef2/random_walk,94,3.1333333333333333,DT,-23.860763549804688,False
b090_parked/episode_019e2d91-6e08-7f79-a3e4-c843c73a3ef2/random_walk,94,3.1333333333333333,DINOv2,0.7698795795440674,False
b090_parked/episode_019e2d91-6e08-7f79-a3e4-c843c73a3ef2/random_walk,94,3.1333333333333333,Robometer success,0.4063906967639923,False
b090_parked/episode_019e2d91-6e08-7f79-a3e4-c843c73a3ef2/random_walk,141,4.7,DT,-32.89019012451172,False
b090_parked/episode_019e2d91-6e08-7f79-a3e4-c843c73a3ef2/random_walk,141,4.7,DINOv2,0.7205725908279419,False
b090_parked/episode_019e2d91-6e08-7f79-a3e4-c843c73a3ef2/random_walk,141,4.7,Robometer success,0.29746994376182556,False
b090_parked/episode_019e2d91-6e08-7f79-a3e4-c843c73a3ef2/random_walk,188,6.266666666666667,DT,-18.907657623291016,False
b090_parked/episode_019e2d91-6e08-7f79-a3e4-c843c73a3ef2/random_walk,188,6.266666666666667,DINOv2,0.6296250820159912,False
b090_parked/episode_019e2d91-6e08-7f79-a3e4-c843c73a3ef2/random_walk,188,6.266666666666667,Robometer success,0.07159119844436646,False
b090_parked/episode_019e2d91-6e08-7f79-a3e4-c843c73a3ef2/random_walk,235,7.833333333333333,DT,-25.290311813354492,False
b090_parked/episode_019e2d91-6e08-7f79-a3e4-c843c73a3ef2/random_walk,235,7.833333333333333,DINOv2,0.7119990587234497,False
b090_parked/episode_019e2d91-6e08-7f79-a3e4-c843c73a3ef2/random_walk,235,7.833333333333333,Robometer success,0.10230471193790436,False
b090_parked/episode_019e2d91-6e08-7f79-a3e4-c843c73a3ef2/random_walk,282,9.4,DT,-16.502899169921875,False
b090_parked/episode_019e2d91-6e08-7f79-a3e4-c843c73a3ef2/random_walk,282,9.4,DINOv2,0.7396522164344788,False
b090_parked/episode_019e2d91-6e08-7f79-a3e4-c843c73a3ef2/random_walk,282,9.4,Robometer success,0.22815649211406708,False
b090_parked/episode_019e2d91-6e08-7f79-a3e4-c843c73a3ef2/random_walk,329,10.966666666666667,DT,-17.035293579101562,False
b090_parked/episode_019e2d91-6e08-7f79-a3e4-c843c73a3ef2/random_walk,329,10.966666666666667,DINOv2,0.6604691743850708,False
b090_parked/episode_019e2d91-6e08-7f79-a3e4-c843c73a3ef2/random_walk,329,10.966666666666667,Robometer success,0.08756384253501892,False
b090_parked/episode_019e2d91-6e08-7f79-a3e4-c843c73a3ef2/random_walk,376,12.533333333333333,DT,-18.625886917114258,False
b090_parked/episode_019e2d91-6e08-7f79-a3e4-c843c73a3ef2/random_walk,376,12.533333333333333,DINOv2,0.8155386447906494,False
b090_parked/episode_019e2d91-6e08-7f79-a3e4-c843c73a3ef2/random_walk,376,12.533333333333333,Robometer success,0.1276526302099228,False
b090_parked/episode_019e2d91-6e08-7f79-a3e4-c843c73a3ef2/random_walk,422,14.066666666666666,DT,-17.94135284423828,False
b090_parked/episode_019e2d91-6e08-7f79-a3e4-c843c73a3ef2/random_walk,422,14.066666666666666,DINOv2,0.6902180910110474,False
b090_parked/episode_019e2d91-6e08-7f79-a3e4-c843c73a3ef2/random_walk,422,14.066666666666666,Robometer success,0.03514484688639641,False
b090_parked/episode_019e2d91-6e08-7f79-a3e4-c843c73a3ef2/random_walk,469,15.633333333333333,DT,-13.967841148376465,False
b090_parked/episode_019e2d91-6e08-7f79-a3e4-c843c73a3ef2/random_walk,469,15.633333333333333,DINOv2,0.6623099446296692,False
b090_parked/episode_019e2d91-6e08-7f79-a3e4-c843c73a3ef2/random_walk,469,15.633333333333333,Robometer success,0.01798621006309986,False
b090_parked/episode_019e2d91-6e08-7f79-a3e4-c843c73a3ef2/random_walk,516,17.2,DT,-14.194234848022461,False
b090_parked/episode_019e2d91-6e08-7f79-a3e4-c843c73a3ef2/random_walk,516,17.2,DINOv2,0.7462340593338013,False
b090_parked/episode_019e2d91-6e08-7f79-a3e4-c843c73a3ef2/random_walk,516,17.2,Robometer success,0.016914913430809975,False
b090_parked/episode_019e2d91-6e08-7f79-a3e4-c843c73a3ef2/random_walk,563,18.766666666666666,DT,-12.030197143554688,False
b090_parked/episode_019e2d91-6e08-7f79-a3e4-c843c73a3ef2/random_walk,563,18.766666666666666,DINOv2,0.7958534955978394,False
b090_parked/episode_019e2d91-6e08-7f79-a3e4-c843c73a3ef2/random_walk,563,18.766666666666666,Robometer success,0.03514484688639641,False
b090_parked/episode_019e2d91-6e08-7f79-a3e4-c843c73a3ef2/random_walk,610,20.333333333333332,DT,-11.1820650100708,False
b090_parked/episode_019e2d91-6e08-7f79-a3e4-c843c73a3ef2/random_walk,610,20.333333333333332,DINOv2,0.8496680855751038,False
b090_parked/episode_019e2d91-6e08-7f79-a3e4-c843c73a3ef2/random_walk,610,20.333333333333332,Robometer success,0.060086652636528015,False
b090_parked/episode_019e2d91-6e08-7f79-a3e4-c843c73a3ef2/random_walk,621,20.7,DT,-6.832885265350342,False
b090_parked/episode_019e2d91-6e08-7f79-a3e4-c843c73a3ef2/random_walk,621,20.7,DINOv2,0.8497989177703857,False
b090_parked/episode_019e2d91-6e08-7f79-a3e4-c843c73a3ef2/random_walk,621,20.7,Robometer success,0.08756384253501892,False
b090_parked/episode_019e2d91-6e08-7f79-a3e4-c843c73a3ef2/random_walk,651,21.7,DT,-8.957122802734375,False
b090_parked/episode_019e2d91-6e08-7f79-a3e4-c843c73a3ef2/random_walk,651,21.7,DINOv2,0.8354928493499756,False
b090_parked/episode_019e2d91-6e08-7f79-a3e4-c843c73a3ef2/random_walk,651,21.7,Robometer success,0.015424552373588085,False
b090_parked/episode_019e2d91-6e08-7f79-a3e4-c843c73a3ef2/random_walk,657,21.9,DT,-9.285484313964844,False
b090_parked/episode_019e2d91-6e08-7f79-a3e4-c843c73a3ef2/random_walk,657,21.9,DINOv2,0.82598876953125,False
b090_parked/episode_019e2d91-6e08-7f79-a3e4-c843c73a3ef2/random_walk,657,21.9,Robometer success,0.017442485317587852,False
b090_parked/episode_019e2d91-6e08-7f79-a3e4-c843c73a3ef2/random_walk,704,23.466666666666665,DT,-8.113492012023926,False
b090_parked/episode_019e2d91-6e08-7f79-a3e4-c843c73a3ef2/random_walk,704,23.466666666666665,DINOv2,0.8185712695121765,False
b090_parked/episode_019e2d91-6e08-7f79-a3e4-c843c73a3ef2/random_walk,704,23.466666666666665,Robometer success,0.018264278769493103,False
b090_parked/episode_019e2d91-6e08-7f79-a3e4-c843c73a3ef2/random_walk,751,25.033333333333335,DT,-8.705158233642578,False
b090_parked/episode_019e2d91-6e08-7f79-a3e4-c843c73a3ef2/random_walk,751,25.033333333333335,DINOv2,0.8425163626670837,False
b090_parked/episode_019e2d91-6e08-7f79-a3e4-c843c73a3ef2/random_walk,751,25.033333333333335,Robometer success,0.01640303246676922,False
b090_parked/episode_019e2d91-6e08-7f79-a3e4-c843c73a3ef2/random_walk,811,27.033333333333335,DT,-1.630952000617981,False
b090_parked/episode_019e2d91-6e08-7f79-a3e4-c843c73a3ef2/random_walk,811,27.033333333333335,DINOv2,0.99800044298172,False
b090_parked/episode_019e2d91-6e08-7f79-a3e4-c843c73a3ef2/random_walk,811,27.033333333333335,Robometer success,0.016914913430809975,False
b090_parked/episode_019e2d91-6e08-7f79-a3e4-c843c73a3ef2/random_walk,871,29.033333333333335,DT,-2.039079189300537,False
b090_parked/episode_019e2d91-6e08-7f79-a3e4-c843c73a3ef2/random_walk,871,29.033333333333335,DINOv2,0.9995817542076111,False
b090_parked/episode_019e2d91-6e08-7f79-a3e4-c843c73a3ef2/random_walk,871,29.033333333333335,Robometer success,0.052618950605392456,False
b090_parked/episode_019e2d91-6e08-7f79-a3e4-c843c73a3ef2/random_walk,931,31.033333333333335,DT,-1.8324551582336426,False
b090_parked/episode_019e2d91-6e08-7f79-a3e4-c843c73a3ef2/random_walk,931,31.033333333333335,DINOv2,0.9997413754463196,False
b090_parked/episode_019e2d91-6e08-7f79-a3e4-c843c73a3ef2/random_walk,931,31.033333333333335,Robometer success,0.09947021305561066,False
b090_parked/episode_019e2d91-6e08-7f79-a3e4-c843c73a3ef2/random_walk,991,33.03333333333333,DT,-1.7563927173614502,False
b090_parked/episode_019e2d91-6e08-7f79-a3e4-c843c73a3ef2/random_walk,991,33.03333333333333,DINOv2,0.999717116355896,False
b090_parked/episode_019e2d91-6e08-7f79-a3e4-c843c73a3ef2/random_walk,991,33.03333333333333,Robometer success,0.18713268637657166,False
b090_parked/episode_019e2d91-6e08-7f79-a3e4-c843c73a3ef2/random_walk,1051,35.03333333333333,DT,-1.7640022039413452,True
b090_parked/episode_019e2d91-6e08-7f79-a3e4-c843c73a3ef2/random_walk,1051,35.03333333333333,DINOv2,0.9997977018356323,True
b090_parked/episode_019e2d91-6e08-7f79-a3e4-c843c73a3ef2/random_walk,1051,35.03333333333333,Robometer success,0.20055769383907318,True
b050_original/episode_019e3c25-a92e-7824-a264-f1da48b9bd3d/replay_control,0,0.0,DT,-12.820137023925781,False
b050_original/episode_019e3c25-a92e-7824-a264-f1da48b9bd3d/replay_control,0,0.0,DINOv2,0.865858793258667,False
b050_original/episode_019e3c25-a92e-7824-a264-f1da48b9bd3d/replay_control,0,0.0,Robometer success,0.0028009270317852497,False
b050_original/episode_019e3c25-a92e-7824-a264-f1da48b9bd3d/replay_control,55,1.8333333333333333,DT,-44.95853042602539,False
b050_original/episode_019e3c25-a92e-7824-a264-f1da48b9bd3d/replay_control,55,1.8333333333333333,DINOv2,0.6518591642379761,False
b050_original/episode_019e3c25-a92e-7824-a264-f1da48b9bd3d/replay_control,55,1.8333333333333333,Robometer success,0.07807816565036774,False
b050_original/episode_019e3c25-a92e-7824-a264-f1da48b9bd3d/replay_control,111,3.7,DT,-25.68651580810547,False
b050_original/episode_019e3c25-a92e-7824-a264-f1da48b9bd3d/replay_control,111,3.7,DINOv2,0.7403402924537659,False
b050_original/episode_019e3c25-a92e-7824-a264-f1da48b9bd3d/replay_control,111,3.7,Robometer success,0.18010666966438293,False
b050_original/episode_019e3c25-a92e-7824-a264-f1da48b9bd3d/replay_control,166,5.533333333333333,DT,-24.226375579833984,False
b050_original/episode_019e3c25-a92e-7824-a264-f1da48b9bd3d/replay_control,166,5.533333333333333,DINOv2,0.6018334627151489,False
b050_original/episode_019e3c25-a92e-7824-a264-f1da48b9bd3d/replay_control,166,5.533333333333333,Robometer success,0.2146914303302765,False
b050_original/episode_019e3c25-a92e-7824-a264-f1da48b9bd3d/replay_control,222,7.4,DT,-21.023189544677734,False
b050_original/episode_019e3c25-a92e-7824-a264-f1da48b9bd3d/replay_control,222,7.4,DINOv2,0.6572645306587219,False
b050_original/episode_019e3c25-a92e-7824-a264-f1da48b9bd3d/replay_control,222,7.4,Robometer success,0.0792103186249733,False
b050_original/episode_019e3c25-a92e-7824-a264-f1da48b9bd3d/replay_control,277,9.233333333333333,DT,-32.78896713256836,False
b050_original/episode_019e3c25-a92e-7824-a264-f1da48b9bd3d/replay_control,277,9.233333333333333,DINOv2,0.6625562906265259,False
b050_original/episode_019e3c25-a92e-7824-a264-f1da48b9bd3d/replay_control,277,9.233333333333333,Robometer success,0.09401018172502518,False
b050_original/episode_019e3c25-a92e-7824-a264-f1da48b9bd3d/replay_control,333,11.1,DT,-15.050535202026367,False
b050_original/episode_019e3c25-a92e-7824-a264-f1da48b9bd3d/replay_control,333,11.1,DINOv2,0.5694888234138489,False
b050_original/episode_019e3c25-a92e-7824-a264-f1da48b9bd3d/replay_control,333,11.1,Robometer success,0.09401018172502518,False
b050_original/episode_019e3c25-a92e-7824-a264-f1da48b9bd3d/replay_control,388,12.933333333333334,DT,-29.18667221069336,False
b050_original/episode_019e3c25-a92e-7824-a264-f1da48b9bd3d/replay_control,388,12.933333333333334,DINOv2,0.6961419582366943,False
b050_original/episode_019e3c25-a92e-7824-a264-f1da48b9bd3d/replay_control,388,12.933333333333334,Robometer success,0.14804719388484955,False
b050_original/episode_019e3c25-a92e-7824-a264-f1da48b9bd3d/replay_control,413,13.766666666666667,DT,-21.577224731445312,False
b050_original/episode_019e3c25-a92e-7824-a264-f1da48b9bd3d/replay_control,413,13.766666666666667,DINOv2,0.7687121629714966,False
b050_original/episode_019e3c25-a92e-7824-a264-f1da48b9bd3d/replay_control,413,13.766666666666667,Robometer success,0.26435837149620056,False
b050_original/episode_019e3c25-a92e-7824-a264-f1da48b9bd3d/replay_control,443,14.766666666666667,DT,-19.60068130493164,False
b050_original/episode_019e3c25-a92e-7824-a264-f1da48b9bd3d/replay_control,443,14.766666666666667,DINOv2,0.7728531360626221,False
b050_original/episode_019e3c25-a92e-7824-a264-f1da48b9bd3d/replay_control,443,14.766666666666667,Robometer success,0.6766199469566345,False
b050_original/episode_019e3c25-a92e-7824-a264-f1da48b9bd3d/replay_control,444,14.8,DT,-18.510623931884766,False
b050_original/episode_019e3c25-a92e-7824-a264-f1da48b9bd3d/replay_control,444,14.8,DINOv2,0.7721342444419861,False
b050_original/episode_019e3c25-a92e-7824-a264-f1da48b9bd3d/replay_control,444,14.8,Robometer success,0.6397360563278198,False
b050_original/episode_019e3c25-a92e-7824-a264-f1da48b9bd3d/replay_control,499,16.633333333333333,DT,-22.077699661254883,False
b050_original/episode_019e3c25-a92e-7824-a264-f1da48b9bd3d/replay_control,499,16.633333333333333,DINOv2,0.6454604864120483,False
b050_original/episode_019e3c25-a92e-7824-a264-f1da48b9bd3d/replay_control,499,16.633333333333333,Robometer success,0.04336579889059067,False
b050_original/episode_019e3c25-a92e-7824-a264-f1da48b9bd3d/replay_control,554,18.466666666666665,DT,-15.394092559814453,False
b050_original/episode_019e3c25-a92e-7824-a264-f1da48b9bd3d/replay_control,554,18.466666666666665,DINOv2,0.6604923009872437,False
b050_original/episode_019e3c25-a92e-7824-a264-f1da48b9bd3d/replay_control,554,18.466666666666665,Robometer success,0.009708477184176445,False
b050_original/episode_019e3c25-a92e-7824-a264-f1da48b9bd3d/replay_control,610,20.333333333333332,DT,-18.74556541442871,False
b050_original/episode_019e3c25-a92e-7824-a264-f1da48b9bd3d/replay_control,610,20.333333333333332,DINOv2,0.7313721179962158,False
b050_original/episode_019e3c25-a92e-7824-a264-f1da48b9bd3d/replay_control,610,20.333333333333332,Robometer success,0.031143832951784134,False
b050_original/episode_019e3c25-a92e-7824-a264-f1da48b9bd3d/replay_control,665,22.166666666666668,DT,-14.534916877746582,False
b050_original/episode_019e3c25-a92e-7824-a264-f1da48b9bd3d/replay_control,665,22.166666666666668,DINOv2,0.7468276619911194,False
b050_original/episode_019e3c25-a92e-7824-a264-f1da48b9bd3d/replay_control,665,22.166666666666668,Robometer success,0.10521054267883301,False
b050_original/episode_019e3c25-a92e-7824-a264-f1da48b9bd3d/replay_control,721,24.033333333333335,DT,-12.399455070495605,False
b050_original/episode_019e3c25-a92e-7824-a264-f1da48b9bd3d/replay_control,721,24.033333333333335,DINOv2,0.7608057856559753,False
b050_original/episode_019e3c25-a92e-7824-a264-f1da48b9bd3d/replay_control,721,24.033333333333335,Robometer success,0.06278920918703079,False
b050_original/episode_019e3c25-a92e-7824-a264-f1da48b9bd3d/replay_control,776,25.866666666666667,DT,-6.152237415313721,False
b050_original/episode_019e3c25-a92e-7824-a264-f1da48b9bd3d/replay_control,776,25.866666666666667,DINOv2,0.8279708623886108,False
b050_original/episode_019e3c25-a92e-7824-a264-f1da48b9bd3d/replay_control,776,25.866666666666667,Robometer success,0.2146914303302765,False
b050_original/episode_019e3c25-a92e-7824-a264-f1da48b9bd3d/replay_control,832,27.733333333333334,DT,-1.7277979850769043,False
b050_original/episode_019e3c25-a92e-7824-a264-f1da48b9bd3d/replay_control,832,27.733333333333334,DINOv2,0.9983254075050354,False
b050_original/episode_019e3c25-a92e-7824-a264-f1da48b9bd3d/replay_control,832,27.733333333333334,Robometer success,0.020023440942168236,False
b050_original/episode_019e3c25-a92e-7824-a264-f1da48b9bd3d/replay_control,887,29.566666666666666,DT,-1.8467587232589722,True
b050_original/episode_019e3c25-a92e-7824-a264-f1da48b9bd3d/replay_control,887,29.566666666666666,DINOv2,0.9976259469985962,True
b050_original/episode_019e3c25-a92e-7824-a264-f1da48b9bd3d/replay_control,887,29.566666666666666,Robometer success,0.037892427295446396,True
b050_original/episode_019e3c25-a92e-7824-a264-f1da48b9bd3d/hold,0,0.0,DT,-12.820137023925781,False
b050_original/episode_019e3c25-a92e-7824-a264-f1da48b9bd3d/hold,0,0.0,DINOv2,0.865858793258667,False
b050_original/episode_019e3c25-a92e-7824-a264-f1da48b9bd3d/hold,0,0.0,Robometer success,0.0028009270317852497,False
b050_original/episode_019e3c25-a92e-7824-a264-f1da48b9bd3d/hold,55,1.8333333333333333,DT,-44.95853042602539,False
b050_original/episode_019e3c25-a92e-7824-a264-f1da48b9bd3d/hold,55,1.8333333333333333,DINOv2,0.6518591642379761,False
b050_original/episode_019e3c25-a92e-7824-a264-f1da48b9bd3d/hold,55,1.8333333333333333,Robometer success,0.07807816565036774,False
b050_original/episode_019e3c25-a92e-7824-a264-f1da48b9bd3d/hold,111,3.7,DT,-25.68651580810547,False
b050_original/episode_019e3c25-a92e-7824-a264-f1da48b9bd3d/hold,111,3.7,DINOv2,0.7403402924537659,False
b050_original/episode_019e3c25-a92e-7824-a264-f1da48b9bd3d/hold,111,3.7,Robometer success,0.18010666966438293,False
b050_original/episode_019e3c25-a92e-7824-a264-f1da48b9bd3d/hold,166,5.533333333333333,DT,-24.226375579833984,False
b050_original/episode_019e3c25-a92e-7824-a264-f1da48b9bd3d/hold,166,5.533333333333333,DINOv2,0.6018334627151489,False
b050_original/episode_019e3c25-a92e-7824-a264-f1da48b9bd3d/hold,166,5.533333333333333,Robometer success,0.2146914303302765,False
b050_original/episode_019e3c25-a92e-7824-a264-f1da48b9bd3d/hold,222,7.4,DT,-21.023189544677734,False
b050_original/episode_019e3c25-a92e-7824-a264-f1da48b9bd3d/hold,222,7.4,DINOv2,0.6572645306587219,False
b050_original/episode_019e3c25-a92e-7824-a264-f1da48b9bd3d/hold,222,7.4,Robometer success,0.0792103186249733,False
b050_original/episode_019e3c25-a92e-7824-a264-f1da48b9bd3d/hold,277,9.233333333333333,DT,-32.78896713256836,False
b050_original/episode_019e3c25-a92e-7824-a264-f1da48b9bd3d/hold,277,9.233333333333333,DINOv2,0.6625562906265259,False
b050_original/episode_019e3c25-a92e-7824-a264-f1da48b9bd3d/hold,277,9.233333333333333,Robometer success,0.09401018172502518,False
b050_original/episode_019e3c25-a92e-7824-a264-f1da48b9bd3d/hold,333,11.1,DT,-15.050535202026367,False
b050_original/episode_019e3c25-a92e-7824-a264-f1da48b9bd3d/hold,333,11.1,DINOv2,0.5694888234138489,False
b050_original/episode_019e3c25-a92e-7824-a264-f1da48b9bd3d/hold,333,11.1,Robometer success,0.09401018172502518,False
b050_original/episode_019e3c25-a92e-7824-a264-f1da48b9bd3d/hold,388,12.933333333333334,DT,-29.18667221069336,False
b050_original/episode_019e3c25-a92e-7824-a264-f1da48b9bd3d/hold,388,12.933333333333334,DINOv2,0.6961419582366943,False
b050_original/episode_019e3c25-a92e-7824-a264-f1da48b9bd3d/hold,388,12.933333333333334,Robometer success,0.14804719388484955,False
b050_original/episode_019e3c25-a92e-7824-a264-f1da48b9bd3d/hold,413,13.766666666666667,DT,-21.577224731445312,False
b050_original/episode_019e3c25-a92e-7824-a264-f1da48b9bd3d/hold,413,13.766666666666667,DINOv2,0.7687121629714966,False
b050_original/episode_019e3c25-a92e-7824-a264-f1da48b9bd3d/hold,413,13.766666666666667,Robometer success,0.26435837149620056,False
b050_original/episode_019e3c25-a92e-7824-a264-f1da48b9bd3d/hold,443,14.766666666666667,DT,-20.943756103515625,False
b050_original/episode_019e3c25-a92e-7824-a264-f1da48b9bd3d/hold,443,14.766666666666667,DINOv2,0.7718484401702881,False
b050_original/episode_019e3c25-a92e-7824-a264-f1da48b9bd3d/hold,443,14.766666666666667,Robometer success,0.3656831681728363,False
b050_original/episode_019e3c25-a92e-7824-a264-f1da48b9bd3d/hold,444,14.8,DT,-21.22653579711914,False
b050_original/episode_019e3c25-a92e-7824-a264-f1da48b9bd3d/hold,444,14.8,DINOv2,0.770637035369873,False
b050_original/episode_019e3c25-a92e-7824-a264-f1da48b9bd3d/hold,444,14.8,Robometer success,0.38029852509498596,False
b050_original/episode_019e3c25-a92e-7824-a264-f1da48b9bd3d/hold,499,16.633333333333333,DT,-21.516826629638672,False
b050_original/episode_019e3c25-a92e-7824-a264-f1da48b9bd3d/hold,499,16.633333333333333,DINOv2,0.7719104886054993,False
b050_original/episode_019e3c25-a92e-7824-a264-f1da48b9bd3d/hold,499,16.633333333333333,Robometer success,0.14608724415302277,False
b050_original/episode_019e3c25-a92e-7824-a264-f1da48b9bd3d/hold,554,18.466666666666665,DT,-21.518795013427734,False
b050_original/episode_019e3c25-a92e-7824-a264-f1da48b9bd3d/hold,554,18.466666666666665,DINOv2,0.7735267877578735,False
b050_original/episode_019e3c25-a92e-7824-a264-f1da48b9bd3d/hold,554,18.466666666666665,Robometer success,0.18010666966438293,False
b050_original/episode_019e3c25-a92e-7824-a264-f1da48b9bd3d/hold,610,20.333333333333332,DT,-21.737438201904297,False
b050_original/episode_019e3c25-a92e-7824-a264-f1da48b9bd3d/hold,610,20.333333333333332,DINOv2,0.7720229029655457,False
b050_original/episode_019e3c25-a92e-7824-a264-f1da48b9bd3d/hold,610,20.333333333333332,Robometer success,0.09401018172502518,False
b050_original/episode_019e3c25-a92e-7824-a264-f1da48b9bd3d/hold,665,22.166666666666668,DT,-22.02412223815918,False
b050_original/episode_019e3c25-a92e-7824-a264-f1da48b9bd3d/hold,665,22.166666666666668,DINOv2,0.7707761526107788,False
b050_original/episode_019e3c25-a92e-7824-a264-f1da48b9bd3d/hold,665,22.166666666666668,Robometer success,0.07696083933115005,False
b050_original/episode_019e3c25-a92e-7824-a264-f1da48b9bd3d/hold,721,24.033333333333335,DT,-21.925457000732422,False
b050_original/episode_019e3c25-a92e-7824-a264-f1da48b9bd3d/hold,721,24.033333333333335,DINOv2,0.7708441019058228,False
b050_original/episode_019e3c25-a92e-7824-a264-f1da48b9bd3d/hold,721,24.033333333333335,Robometer success,0.06754669547080994,False
b050_original/episode_019e3c25-a92e-7824-a264-f1da48b9bd3d/hold,776,25.866666666666667,DT,-20.873329162597656,False
b050_original/episode_019e3c25-a92e-7824-a264-f1da48b9bd3d/hold,776,25.866666666666667,DINOv2,0.7723056077957153,False
b050_original/episode_019e3c25-a92e-7824-a264-f1da48b9bd3d/hold,776,25.866666666666667,Robometer success,0.08035746961832047,False
b050_original/episode_019e3c25-a92e-7824-a264-f1da48b9bd3d/hold,832,27.733333333333334,DT,-21.338420867919922,False
b050_original/episode_019e3c25-a92e-7824-a264-f1da48b9bd3d/hold,832,27.733333333333334,DINOv2,0.7734396457672119,False
b050_original/episode_019e3c25-a92e-7824-a264-f1da48b9bd3d/hold,832,27.733333333333334,Robometer success,0.04958902671933174,False
b050_original/episode_019e3c25-a92e-7824-a264-f1da48b9bd3d/hold,887,29.566666666666666,DT,-21.05512237548828,True
b050_original/episode_019e3c25-a92e-7824-a264-f1da48b9bd3d/hold,887,29.566666666666666,DINOv2,0.7724349498748779,True
b050_original/episode_019e3c25-a92e-7824-a264-f1da48b9bd3d/hold,887,29.566666666666666,Robometer success,0.07807816565036774,True
b050_original/episode_019e3c25-a92e-7824-a264-f1da48b9bd3d/random_walk,0,0.0,DT,-12.820137023925781,False
b050_original/episode_019e3c25-a92e-7824-a264-f1da48b9bd3d/random_walk,0,0.0,DINOv2,0.865858793258667,False
b050_original/episode_019e3c25-a92e-7824-a264-f1da48b9bd3d/random_walk,0,0.0,Robometer success,0.0028009270317852497,False
b050_original/episode_019e3c25-a92e-7824-a264-f1da48b9bd3d/random_walk,55,1.8333333333333333,DT,-44.95853042602539,False
b050_original/episode_019e3c25-a92e-7824-a264-f1da48b9bd3d/random_walk,55,1.8333333333333333,DINOv2,0.6518591642379761,False
b050_original/episode_019e3c25-a92e-7824-a264-f1da48b9bd3d/random_walk,55,1.8333333333333333,Robometer success,0.07807816565036774,False
b050_original/episode_019e3c25-a92e-7824-a264-f1da48b9bd3d/random_walk,111,3.7,DT,-25.68651580810547,False
b050_original/episode_019e3c25-a92e-7824-a264-f1da48b9bd3d/random_walk,111,3.7,DINOv2,0.7403402924537659,False
b050_original/episode_019e3c25-a92e-7824-a264-f1da48b9bd3d/random_walk,111,3.7,Robometer success,0.18010666966438293,False
b050_original/episode_019e3c25-a92e-7824-a264-f1da48b9bd3d/random_walk,166,5.533333333333333,DT,-24.226375579833984,False
b050_original/episode_019e3c25-a92e-7824-a264-f1da48b9bd3d/random_walk,166,5.533333333333333,DINOv2,0.6018334627151489,False
b050_original/episode_019e3c25-a92e-7824-a264-f1da48b9bd3d/random_walk,166,5.533333333333333,Robometer success,0.2146914303302765,False
b050_original/episode_019e3c25-a92e-7824-a264-f1da48b9bd3d/random_walk,222,7.4,DT,-21.023189544677734,False
b050_original/episode_019e3c25-a92e-7824-a264-f1da48b9bd3d/random_walk,222,7.4,DINOv2,0.6572645306587219,False
b050_original/episode_019e3c25-a92e-7824-a264-f1da48b9bd3d/random_walk,222,7.4,Robometer success,0.0792103186249733,False
b050_original/episode_019e3c25-a92e-7824-a264-f1da48b9bd3d/random_walk,277,9.233333333333333,DT,-32.78896713256836,False
b050_original/episode_019e3c25-a92e-7824-a264-f1da48b9bd3d/random_walk,277,9.233333333333333,DINOv2,0.6625562906265259,False
b050_original/episode_019e3c25-a92e-7824-a264-f1da48b9bd3d/random_walk,277,9.233333333333333,Robometer success,0.09401018172502518,False
b050_original/episode_019e3c25-a92e-7824-a264-f1da48b9bd3d/random_walk,333,11.1,DT,-15.050535202026367,False
b050_original/episode_019e3c25-a92e-7824-a264-f1da48b9bd3d/random_walk,333,11.1,DINOv2,0.5694888234138489,False
b050_original/episode_019e3c25-a92e-7824-a264-f1da48b9bd3d/random_walk,333,11.1,Robometer success,0.09401018172502518,False
b050_original/episode_019e3c25-a92e-7824-a264-f1da48b9bd3d/random_walk,388,12.933333333333334,DT,-29.18667221069336,False
b050_original/episode_019e3c25-a92e-7824-a264-f1da48b9bd3d/random_walk,388,12.933333333333334,DINOv2,0.6961419582366943,False
b050_original/episode_019e3c25-a92e-7824-a264-f1da48b9bd3d/random_walk,388,12.933333333333334,Robometer success,0.14804719388484955,False
b050_original/episode_019e3c25-a92e-7824-a264-f1da48b9bd3d/random_walk,413,13.766666666666667,DT,-21.577224731445312,False
b050_original/episode_019e3c25-a92e-7824-a264-f1da48b9bd3d/random_walk,413,13.766666666666667,DINOv2,0.7687121629714966,False
b050_original/episode_019e3c25-a92e-7824-a264-f1da48b9bd3d/random_walk,413,13.766666666666667,Robometer success,0.26435837149620056,False
b050_original/episode_019e3c25-a92e-7824-a264-f1da48b9bd3d/random_walk,443,14.766666666666667,DT,-20.49747085571289,False
b050_original/episode_019e3c25-a92e-7824-a264-f1da48b9bd3d/random_walk,443,14.766666666666667,DINOv2,0.7219067811965942,False
b050_original/episode_019e3c25-a92e-7824-a264-f1da48b9bd3d/random_walk,443,14.766666666666667,Robometer success,0.15713684260845184,False
b050_original/episode_019e3c25-a92e-7824-a264-f1da48b9bd3d/random_walk,444,14.8,DT,-20.773212432861328,False
b050_original/episode_019e3c25-a92e-7824-a264-f1da48b9bd3d/random_walk,444,14.8,DINOv2,0.6933357119560242,False
b050_original/episode_019e3c25-a92e-7824-a264-f1da48b9bd3d/random_walk,444,14.8,Robometer success,0.5365557670593262,False
b050_original/episode_019e3c25-a92e-7824-a264-f1da48b9bd3d/random_walk,499,16.633333333333333,DT,-30.774173736572266,False
b050_original/episode_019e3c25-a92e-7824-a264-f1da48b9bd3d/random_walk,499,16.633333333333333,DINOv2,0.6978570818901062,False
b050_original/episode_019e3c25-a92e-7824-a264-f1da48b9bd3d/random_walk,499,16.633333333333333,Robometer success,0.06853749603033066,False
b050_original/episode_019e3c25-a92e-7824-a264-f1da48b9bd3d/random_walk,554,18.466666666666665,DT,-26.095779418945312,False
b050_original/episode_019e3c25-a92e-7824-a264-f1da48b9bd3d/random_walk,554,18.466666666666665,DINOv2,0.7494289875030518,False
b050_original/episode_019e3c25-a92e-7824-a264-f1da48b9bd3d/random_walk,554,18.466666666666665,Robometer success,0.03021458350121975,False
b050_original/episode_019e3c25-a92e-7824-a264-f1da48b9bd3d/random_walk,610,20.333333333333332,DT,-19.79531478881836,False
b050_original/episode_019e3c25-a92e-7824-a264-f1da48b9bd3d/random_walk,610,20.333333333333332,DINOv2,0.6674613952636719,False
b050_original/episode_019e3c25-a92e-7824-a264-f1da48b9bd3d/random_walk,610,20.333333333333332,Robometer success,0.12421301752328873,False
b050_original/episode_019e3c25-a92e-7824-a264-f1da48b9bd3d/random_walk,665,22.166666666666668,DT,-18.96482276916504,False
b050_original/episode_019e3c25-a92e-7824-a264-f1da48b9bd3d/random_walk,665,22.166666666666668,DINOv2,0.711448609828949,False
b050_original/episode_019e3c25-a92e-7824-a264-f1da48b9bd3d/random_walk,665,22.166666666666668,Robometer success,0.06754669547080994,False
b050_original/episode_019e3c25-a92e-7824-a264-f1da48b9bd3d/random_walk,721,24.033333333333335,DT,-21.73505401611328,False
b050_original/episode_019e3c25-a92e-7824-a264-f1da48b9bd3d/random_walk,721,24.033333333333335,DINOv2,0.7340389490127563,False
b050_original/episode_019e3c25-a92e-7824-a264-f1da48b9bd3d/random_walk,721,24.033333333333335,Robometer success,0.03258974477648735,False
b050_original/episode_019e3c25-a92e-7824-a264-f1da48b9bd3d/random_walk,776,25.866666666666667,DT,-22.121904373168945,False
b050_original/episode_019e3c25-a92e-7824-a264-f1da48b9bd3d/random_walk,776,25.866666666666667,DINOv2,0.773716926574707,False
b050_original/episode_019e3c25-a92e-7824-a264-f1da48b9bd3d/random_walk,776,25.866666666666667,Robometer success,0.03258974477648735,False
b050_original/episode_019e3c25-a92e-7824-a264-f1da48b9bd3d/random_walk,832,27.733333333333334,DT,-22.090087890625,False
b050_original/episode_019e3c25-a92e-7824-a264-f1da48b9bd3d/random_walk,832,27.733333333333334,DINOv2,0.7252295017242432,False
b050_original/episode_019e3c25-a92e-7824-a264-f1da48b9bd3d/random_walk,832,27.733333333333334,Robometer success,0.0427221953868866,False
b050_original/episode_019e3c25-a92e-7824-a264-f1da48b9bd3d/random_walk,887,29.566666666666666,DT,-22.799949645996094,True
b050_original/episode_019e3c25-a92e-7824-a264-f1da48b9bd3d/random_walk,887,29.566666666666666,DINOv2,0.6393873691558838,True
b050_original/episode_019e3c25-a92e-7824-a264-f1da48b9bd3d/random_walk,887,29.566666666666666,Robometer success,0.14804719388484955,True
b050_parked/episode_019e3c25-a92e-7824-a264-f1da48b9bd3d/replay_control,0,0.0,DT,-12.820137023925781,False
b050_parked/episode_019e3c25-a92e-7824-a264-f1da48b9bd3d/replay_control,0,0.0,DINOv2,0.865858793258667,False
b050_parked/episode_019e3c25-a92e-7824-a264-f1da48b9bd3d/replay_control,0,0.0,Robometer success,0.0028009270317852497,False
b050_parked/episode_019e3c25-a92e-7824-a264-f1da48b9bd3d/replay_control,55,1.8333333333333333,DT,-44.95853042602539,False
b050_parked/episode_019e3c25-a92e-7824-a264-f1da48b9bd3d/replay_control,55,1.8333333333333333,DINOv2,0.6518591642379761,False
b050_parked/episode_019e3c25-a92e-7824-a264-f1da48b9bd3d/replay_control,55,1.8333333333333333,Robometer success,0.07807816565036774,False
b050_parked/episode_019e3c25-a92e-7824-a264-f1da48b9bd3d/replay_control,111,3.7,DT,-25.68651580810547,False
b050_parked/episode_019e3c25-a92e-7824-a264-f1da48b9bd3d/replay_control,111,3.7,DINOv2,0.7403402924537659,False
b050_parked/episode_019e3c25-a92e-7824-a264-f1da48b9bd3d/replay_control,111,3.7,Robometer success,0.18010666966438293,False
b050_parked/episode_019e3c25-a92e-7824-a264-f1da48b9bd3d/replay_control,166,5.533333333333333,DT,-24.226375579833984,False
b050_parked/episode_019e3c25-a92e-7824-a264-f1da48b9bd3d/replay_control,166,5.533333333333333,DINOv2,0.6018334627151489,False
b050_parked/episode_019e3c25-a92e-7824-a264-f1da48b9bd3d/replay_control,166,5.533333333333333,Robometer success,0.2146914303302765,False
b050_parked/episode_019e3c25-a92e-7824-a264-f1da48b9bd3d/replay_control,222,7.4,DT,-21.023189544677734,False
b050_parked/episode_019e3c25-a92e-7824-a264-f1da48b9bd3d/replay_control,222,7.4,DINOv2,0.6572645306587219,False
b050_parked/episode_019e3c25-a92e-7824-a264-f1da48b9bd3d/replay_control,222,7.4,Robometer success,0.0792103186249733,False
b050_parked/episode_019e3c25-a92e-7824-a264-f1da48b9bd3d/replay_control,277,9.233333333333333,DT,-32.78896713256836,False
b050_parked/episode_019e3c25-a92e-7824-a264-f1da48b9bd3d/replay_control,277,9.233333333333333,DINOv2,0.6625562906265259,False
b050_parked/episode_019e3c25-a92e-7824-a264-f1da48b9bd3d/replay_control,277,9.233333333333333,Robometer success,0.09401018172502518,False
b050_parked/episode_019e3c25-a92e-7824-a264-f1da48b9bd3d/replay_control,333,11.1,DT,-15.050535202026367,False
b050_parked/episode_019e3c25-a92e-7824-a264-f1da48b9bd3d/replay_control,333,11.1,DINOv2,0.5694888234138489,False
b050_parked/episode_019e3c25-a92e-7824-a264-f1da48b9bd3d/replay_control,333,11.1,Robometer success,0.09401018172502518,False
b050_parked/episode_019e3c25-a92e-7824-a264-f1da48b9bd3d/replay_control,388,12.933333333333334,DT,-29.18667221069336,False
b050_parked/episode_019e3c25-a92e-7824-a264-f1da48b9bd3d/replay_control,388,12.933333333333334,DINOv2,0.6961419582366943,False
b050_parked/episode_019e3c25-a92e-7824-a264-f1da48b9bd3d/replay_control,388,12.933333333333334,Robometer success,0.14804719388484955,False
b050_parked/episode_019e3c25-a92e-7824-a264-f1da48b9bd3d/replay_control,413,13.766666666666667,DT,-21.577224731445312,False
b050_parked/episode_019e3c25-a92e-7824-a264-f1da48b9bd3d/replay_control,413,13.766666666666667,DINOv2,0.7687121629714966,False
b050_parked/episode_019e3c25-a92e-7824-a264-f1da48b9bd3d/replay_control,413,13.766666666666667,Robometer success,0.26435837149620056,False
b050_parked/episode_019e3c25-a92e-7824-a264-f1da48b9bd3d/replay_control,443,14.766666666666667,DT,-19.60068130493164,False
b050_parked/episode_019e3c25-a92e-7824-a264-f1da48b9bd3d/replay_control,443,14.766666666666667,DINOv2,0.7728531360626221,False
b050_parked/episode_019e3c25-a92e-7824-a264-f1da48b9bd3d/replay_control,443,14.766666666666667,Robometer success,0.6766199469566345,False
b050_parked/episode_019e3c25-a92e-7824-a264-f1da48b9bd3d/replay_control,444,14.8,DT,-18.510623931884766,False
b050_parked/episode_019e3c25-a92e-7824-a264-f1da48b9bd3d/replay_control,444,14.8,DINOv2,0.7721342444419861,False
b050_parked/episode_019e3c25-a92e-7824-a264-f1da48b9bd3d/replay_control,444,14.8,Robometer success,0.6397360563278198,False
b050_parked/episode_019e3c25-a92e-7824-a264-f1da48b9bd3d/replay_control,499,16.633333333333333,DT,-22.077699661254883,False
b050_parked/episode_019e3c25-a92e-7824-a264-f1da48b9bd3d/replay_control,499,16.633333333333333,DINOv2,0.6454604864120483,False
b050_parked/episode_019e3c25-a92e-7824-a264-f1da48b9bd3d/replay_control,499,16.633333333333333,Robometer success,0.04336579889059067,False
b050_parked/episode_019e3c25-a92e-7824-a264-f1da48b9bd3d/replay_control,554,18.466666666666665,DT,-15.394092559814453,False
b050_parked/episode_019e3c25-a92e-7824-a264-f1da48b9bd3d/replay_control,554,18.466666666666665,DINOv2,0.6604923009872437,False
b050_parked/episode_019e3c25-a92e-7824-a264-f1da48b9bd3d/replay_control,554,18.466666666666665,Robometer success,0.009708477184176445,False
b050_parked/episode_019e3c25-a92e-7824-a264-f1da48b9bd3d/replay_control,610,20.333333333333332,DT,-18.74556541442871,False
b050_parked/episode_019e3c25-a92e-7824-a264-f1da48b9bd3d/replay_control,610,20.333333333333332,DINOv2,0.7313721179962158,False
b050_parked/episode_019e3c25-a92e-7824-a264-f1da48b9bd3d/replay_control,610,20.333333333333332,Robometer success,0.031143832951784134,False
b050_parked/episode_019e3c25-a92e-7824-a264-f1da48b9bd3d/replay_control,665,22.166666666666668,DT,-14.534916877746582,False
b050_parked/episode_019e3c25-a92e-7824-a264-f1da48b9bd3d/replay_control,665,22.166666666666668,DINOv2,0.7468276619911194,False
b050_parked/episode_019e3c25-a92e-7824-a264-f1da48b9bd3d/replay_control,665,22.166666666666668,Robometer success,0.10521054267883301,False
b050_parked/episode_019e3c25-a92e-7824-a264-f1da48b9bd3d/replay_control,721,24.033333333333335,DT,-12.399455070495605,False
b050_parked/episode_019e3c25-a92e-7824-a264-f1da48b9bd3d/replay_control,721,24.033333333333335,DINOv2,0.7608057856559753,False
b050_parked/episode_019e3c25-a92e-7824-a264-f1da48b9bd3d/replay_control,721,24.033333333333335,Robometer success,0.06278920918703079,False
b050_parked/episode_019e3c25-a92e-7824-a264-f1da48b9bd3d/replay_control,776,25.866666666666667,DT,-6.152237415313721,False
b050_parked/episode_019e3c25-a92e-7824-a264-f1da48b9bd3d/replay_control,776,25.866666666666667,DINOv2,0.8279708623886108,False
b050_parked/episode_019e3c25-a92e-7824-a264-f1da48b9bd3d/replay_control,776,25.866666666666667,Robometer success,0.2146914303302765,False
b050_parked/episode_019e3c25-a92e-7824-a264-f1da48b9bd3d/replay_control,832,27.733333333333334,DT,-1.7277979850769043,False
b050_parked/episode_019e3c25-a92e-7824-a264-f1da48b9bd3d/replay_control,832,27.733333333333334,DINOv2,0.9983254075050354,False
b050_parked/episode_019e3c25-a92e-7824-a264-f1da48b9bd3d/replay_control,832,27.733333333333334,Robometer success,0.020023440942168236,False
b050_parked/episode_019e3c25-a92e-7824-a264-f1da48b9bd3d/replay_control,887,29.566666666666666,DT,-1.8467587232589722,False
b050_parked/episode_019e3c25-a92e-7824-a264-f1da48b9bd3d/replay_control,887,29.566666666666666,DINOv2,0.9976259469985962,False
b050_parked/episode_019e3c25-a92e-7824-a264-f1da48b9bd3d/replay_control,887,29.566666666666666,Robometer success,0.037892427295446396,False
b050_parked/episode_019e3c25-a92e-7824-a264-f1da48b9bd3d/replay_control,947,31.566666666666666,DT,-1.9430732727050781,False
b050_parked/episode_019e3c25-a92e-7824-a264-f1da48b9bd3d/replay_control,947,31.566666666666666,DINOv2,0.9991952776908875,False
b050_parked/episode_019e3c25-a92e-7824-a264-f1da48b9bd3d/replay_control,947,31.566666666666666,Robometer success,0.037326887249946594,False
b050_parked/episode_019e3c25-a92e-7824-a264-f1da48b9bd3d/replay_control,1007,33.56666666666667,DT,-1.9669930934906006,False
b050_parked/episode_019e3c25-a92e-7824-a264-f1da48b9bd3d/replay_control,1007,33.56666666666667,DINOv2,0.9996199011802673,False
b050_parked/episode_019e3c25-a92e-7824-a264-f1da48b9bd3d/replay_control,1007,33.56666666666667,Robometer success,0.04885777831077576,False
b050_parked/episode_019e3c25-a92e-7824-a264-f1da48b9bd3d/replay_control,1067,35.56666666666667,DT,-1.9520907402038574,False
b050_parked/episode_019e3c25-a92e-7824-a264-f1da48b9bd3d/replay_control,1067,35.56666666666667,DINOv2,0.9995862245559692,False
b050_parked/episode_019e3c25-a92e-7824-a264-f1da48b9bd3d/replay_control,1067,35.56666666666667,Robometer success,0.035678550601005554,False
b050_parked/episode_019e3c25-a92e-7824-a264-f1da48b9bd3d/replay_control,1127,37.56666666666667,DT,-2.021109104156494,False
b050_parked/episode_019e3c25-a92e-7824-a264-f1da48b9bd3d/replay_control,1127,37.56666666666667,DINOv2,0.9996649026870728,False
b050_parked/episode_019e3c25-a92e-7824-a264-f1da48b9bd3d/replay_control,1127,37.56666666666667,Robometer success,0.037892427295446396,False
b050_parked/episode_019e3c25-a92e-7824-a264-f1da48b9bd3d/replay_control,1187,39.56666666666667,DT,-2.1704280376434326,True
b050_parked/episode_019e3c25-a92e-7824-a264-f1da48b9bd3d/replay_control,1187,39.56666666666667,DINOv2,0.9996473789215088,True
b050_parked/episode_019e3c25-a92e-7824-a264-f1da48b9bd3d/replay_control,1187,39.56666666666667,Robometer success,0.23651622235774994,True
b050_parked/episode_019e3c25-a92e-7824-a264-f1da48b9bd3d/hold,0,0.0,DT,-12.820137023925781,False
b050_parked/episode_019e3c25-a92e-7824-a264-f1da48b9bd3d/hold,0,0.0,DINOv2,0.865858793258667,False
b050_parked/episode_019e3c25-a92e-7824-a264-f1da48b9bd3d/hold,0,0.0,Robometer success,0.0028009270317852497,False
b050_parked/episode_019e3c25-a92e-7824-a264-f1da48b9bd3d/hold,55,1.8333333333333333,DT,-44.95853042602539,False
b050_parked/episode_019e3c25-a92e-7824-a264-f1da48b9bd3d/hold,55,1.8333333333333333,DINOv2,0.6518591642379761,False
b050_parked/episode_019e3c25-a92e-7824-a264-f1da48b9bd3d/hold,55,1.8333333333333333,Robometer success,0.07807816565036774,False
b050_parked/episode_019e3c25-a92e-7824-a264-f1da48b9bd3d/hold,111,3.7,DT,-25.68651580810547,False
b050_parked/episode_019e3c25-a92e-7824-a264-f1da48b9bd3d/hold,111,3.7,DINOv2,0.7403402924537659,False
b050_parked/episode_019e3c25-a92e-7824-a264-f1da48b9bd3d/hold,111,3.7,Robometer success,0.18010666966438293,False
b050_parked/episode_019e3c25-a92e-7824-a264-f1da48b9bd3d/hold,166,5.533333333333333,DT,-24.226375579833984,False
b050_parked/episode_019e3c25-a92e-7824-a264-f1da48b9bd3d/hold,166,5.533333333333333,DINOv2,0.6018334627151489,False
b050_parked/episode_019e3c25-a92e-7824-a264-f1da48b9bd3d/hold,166,5.533333333333333,Robometer success,0.2146914303302765,False
b050_parked/episode_019e3c25-a92e-7824-a264-f1da48b9bd3d/hold,222,7.4,DT,-21.023189544677734,False
b050_parked/episode_019e3c25-a92e-7824-a264-f1da48b9bd3d/hold,222,7.4,DINOv2,0.6572645306587219,False
b050_parked/episode_019e3c25-a92e-7824-a264-f1da48b9bd3d/hold,222,7.4,Robometer success,0.0792103186249733,False
b050_parked/episode_019e3c25-a92e-7824-a264-f1da48b9bd3d/hold,277,9.233333333333333,DT,-32.78896713256836,False
b050_parked/episode_019e3c25-a92e-7824-a264-f1da48b9bd3d/hold,277,9.233333333333333,DINOv2,0.6625562906265259,False
b050_parked/episode_019e3c25-a92e-7824-a264-f1da48b9bd3d/hold,277,9.233333333333333,Robometer success,0.09401018172502518,False
b050_parked/episode_019e3c25-a92e-7824-a264-f1da48b9bd3d/hold,333,11.1,DT,-15.050535202026367,False
b050_parked/episode_019e3c25-a92e-7824-a264-f1da48b9bd3d/hold,333,11.1,DINOv2,0.5694888234138489,False
b050_parked/episode_019e3c25-a92e-7824-a264-f1da48b9bd3d/hold,333,11.1,Robometer success,0.09401018172502518,False
b050_parked/episode_019e3c25-a92e-7824-a264-f1da48b9bd3d/hold,388,12.933333333333334,DT,-29.18667221069336,False
b050_parked/episode_019e3c25-a92e-7824-a264-f1da48b9bd3d/hold,388,12.933333333333334,DINOv2,0.6961419582366943,False
b050_parked/episode_019e3c25-a92e-7824-a264-f1da48b9bd3d/hold,388,12.933333333333334,Robometer success,0.14804719388484955,False
b050_parked/episode_019e3c25-a92e-7824-a264-f1da48b9bd3d/hold,413,13.766666666666667,DT,-21.577224731445312,False
b050_parked/episode_019e3c25-a92e-7824-a264-f1da48b9bd3d/hold,413,13.766666666666667,DINOv2,0.7687121629714966,False
b050_parked/episode_019e3c25-a92e-7824-a264-f1da48b9bd3d/hold,413,13.766666666666667,Robometer success,0.26435837149620056,False
b050_parked/episode_019e3c25-a92e-7824-a264-f1da48b9bd3d/hold,443,14.766666666666667,DT,-20.943756103515625,False
b050_parked/episode_019e3c25-a92e-7824-a264-f1da48b9bd3d/hold,443,14.766666666666667,DINOv2,0.7718484401702881,False
b050_parked/episode_019e3c25-a92e-7824-a264-f1da48b9bd3d/hold,443,14.766666666666667,Robometer success,0.3656831681728363,False
b050_parked/episode_019e3c25-a92e-7824-a264-f1da48b9bd3d/hold,444,14.8,DT,-21.22653579711914,False
b050_parked/episode_019e3c25-a92e-7824-a264-f1da48b9bd3d/hold,444,14.8,DINOv2,0.770637035369873,False
b050_parked/episode_019e3c25-a92e-7824-a264-f1da48b9bd3d/hold,444,14.8,Robometer success,0.38029852509498596,False
b050_parked/episode_019e3c25-a92e-7824-a264-f1da48b9bd3d/hold,499,16.633333333333333,DT,-21.516826629638672,False
b050_parked/episode_019e3c25-a92e-7824-a264-f1da48b9bd3d/hold,499,16.633333333333333,DINOv2,0.7719104886054993,False
b050_parked/episode_019e3c25-a92e-7824-a264-f1da48b9bd3d/hold,499,16.633333333333333,Robometer success,0.14608724415302277,False
b050_parked/episode_019e3c25-a92e-7824-a264-f1da48b9bd3d/hold,554,18.466666666666665,DT,-21.518795013427734,False
b050_parked/episode_019e3c25-a92e-7824-a264-f1da48b9bd3d/hold,554,18.466666666666665,DINOv2,0.7735267877578735,False
b050_parked/episode_019e3c25-a92e-7824-a264-f1da48b9bd3d/hold,554,18.466666666666665,Robometer success,0.18010666966438293,False
b050_parked/episode_019e3c25-a92e-7824-a264-f1da48b9bd3d/hold,610,20.333333333333332,DT,-21.737438201904297,False
b050_parked/episode_019e3c25-a92e-7824-a264-f1da48b9bd3d/hold,610,20.333333333333332,DINOv2,0.7720229029655457,False
b050_parked/episode_019e3c25-a92e-7824-a264-f1da48b9bd3d/hold,610,20.333333333333332,Robometer success,0.09401018172502518,False
b050_parked/episode_019e3c25-a92e-7824-a264-f1da48b9bd3d/hold,665,22.166666666666668,DT,-22.02412223815918,False
b050_parked/episode_019e3c25-a92e-7824-a264-f1da48b9bd3d/hold,665,22.166666666666668,DINOv2,0.7707761526107788,False
b050_parked/episode_019e3c25-a92e-7824-a264-f1da48b9bd3d/hold,665,22.166666666666668,Robometer success,0.07696083933115005,False
b050_parked/episode_019e3c25-a92e-7824-a264-f1da48b9bd3d/hold,721,24.033333333333335,DT,-21.925457000732422,False
b050_parked/episode_019e3c25-a92e-7824-a264-f1da48b9bd3d/hold,721,24.033333333333335,DINOv2,0.7708441019058228,False
b050_parked/episode_019e3c25-a92e-7824-a264-f1da48b9bd3d/hold,721,24.033333333333335,Robometer success,0.06754669547080994,False
b050_parked/episode_019e3c25-a92e-7824-a264-f1da48b9bd3d/hold,776,25.866666666666667,DT,-20.873329162597656,False
b050_parked/episode_019e3c25-a92e-7824-a264-f1da48b9bd3d/hold,776,25.866666666666667,DINOv2,0.7723056077957153,False
b050_parked/episode_019e3c25-a92e-7824-a264-f1da48b9bd3d/hold,776,25.866666666666667,Robometer success,0.08035746961832047,False
b050_parked/episode_019e3c25-a92e-7824-a264-f1da48b9bd3d/hold,832,27.733333333333334,DT,-21.338420867919922,False
b050_parked/episode_019e3c25-a92e-7824-a264-f1da48b9bd3d/hold,832,27.733333333333334,DINOv2,0.7734396457672119,False
b050_parked/episode_019e3c25-a92e-7824-a264-f1da48b9bd3d/hold,832,27.733333333333334,Robometer success,0.04958902671933174,False
b050_parked/episode_019e3c25-a92e-7824-a264-f1da48b9bd3d/hold,887,29.566666666666666,DT,-21.05512237548828,False
b050_parked/episode_019e3c25-a92e-7824-a264-f1da48b9bd3d/hold,887,29.566666666666666,DINOv2,0.7724349498748779,False
b050_parked/episode_019e3c25-a92e-7824-a264-f1da48b9bd3d/hold,887,29.566666666666666,Robometer success,0.07807816565036774,False
b050_parked/episode_019e3c25-a92e-7824-a264-f1da48b9bd3d/hold,947,31.566666666666666,DT,-9.777063369750977,False
b050_parked/episode_019e3c25-a92e-7824-a264-f1da48b9bd3d/hold,947,31.566666666666666,DINOv2,0.9140793085098267,False
b050_parked/episode_019e3c25-a92e-7824-a264-f1da48b9bd3d/hold,947,31.566666666666666,Robometer success,0.01065251138061285,False
b050_parked/episode_019e3c25-a92e-7824-a264-f1da48b9bd3d/hold,1007,33.56666666666667,DT,-12.603706359863281,False
b050_parked/episode_019e3c25-a92e-7824-a264-f1da48b9bd3d/hold,1007,33.56666666666667,DINOv2,0.9526047110557556,False
b050_parked/episode_019e3c25-a92e-7824-a264-f1da48b9bd3d/hold,1007,33.56666666666667,Robometer success,0.001987774157896638,False
b050_parked/episode_019e3c25-a92e-7824-a264-f1da48b9bd3d/hold,1067,35.56666666666667,DT,-9.671916961669922,False
b050_parked/episode_019e3c25-a92e-7824-a264-f1da48b9bd3d/hold,1067,35.56666666666667,DINOv2,0.9556854367256165,False
b050_parked/episode_019e3c25-a92e-7824-a264-f1da48b9bd3d/hold,1067,35.56666666666667,Robometer success,0.0015011823270469904,False
b050_parked/episode_019e3c25-a92e-7824-a264-f1da48b9bd3d/hold,1127,37.56666666666667,DT,-9.138449668884277,False
b050_parked/episode_019e3c25-a92e-7824-a264-f1da48b9bd3d/hold,1127,37.56666666666667,DINOv2,0.9569680690765381,False
b050_parked/episode_019e3c25-a92e-7824-a264-f1da48b9bd3d/hold,1127,37.56666666666667,Robometer success,0.0038244836032390594,False
b050_parked/episode_019e3c25-a92e-7824-a264-f1da48b9bd3d/hold,1187,39.56666666666667,DT,-8.841635704040527,True
b050_parked/episode_019e3c25-a92e-7824-a264-f1da48b9bd3d/hold,1187,39.56666666666667,DINOv2,0.9574679136276245,True
b050_parked/episode_019e3c25-a92e-7824-a264-f1da48b9bd3d/hold,1187,39.56666666666667,Robometer success,0.00628990214318037,True
b050_parked/episode_019e3c25-a92e-7824-a264-f1da48b9bd3d/random_walk,0,0.0,DT,-12.820137023925781,False
b050_parked/episode_019e3c25-a92e-7824-a264-f1da48b9bd3d/random_walk,0,0.0,DINOv2,0.865858793258667,False
b050_parked/episode_019e3c25-a92e-7824-a264-f1da48b9bd3d/random_walk,0,0.0,Robometer success,0.0028009270317852497,False
b050_parked/episode_019e3c25-a92e-7824-a264-f1da48b9bd3d/random_walk,55,1.8333333333333333,DT,-44.95853042602539,False
b050_parked/episode_019e3c25-a92e-7824-a264-f1da48b9bd3d/random_walk,55,1.8333333333333333,DINOv2,0.6518591642379761,False
b050_parked/episode_019e3c25-a92e-7824-a264-f1da48b9bd3d/random_walk,55,1.8333333333333333,Robometer success,0.07807816565036774,False
b050_parked/episode_019e3c25-a92e-7824-a264-f1da48b9bd3d/random_walk,111,3.7,DT,-25.68651580810547,False
b050_parked/episode_019e3c25-a92e-7824-a264-f1da48b9bd3d/random_walk,111,3.7,DINOv2,0.7403402924537659,False
b050_parked/episode_019e3c25-a92e-7824-a264-f1da48b9bd3d/random_walk,111,3.7,Robometer success,0.18010666966438293,False
b050_parked/episode_019e3c25-a92e-7824-a264-f1da48b9bd3d/random_walk,166,5.533333333333333,DT,-24.226375579833984,False
b050_parked/episode_019e3c25-a92e-7824-a264-f1da48b9bd3d/random_walk,166,5.533333333333333,DINOv2,0.6018334627151489,False
b050_parked/episode_019e3c25-a92e-7824-a264-f1da48b9bd3d/random_walk,166,5.533333333333333,Robometer success,0.2146914303302765,False
b050_parked/episode_019e3c25-a92e-7824-a264-f1da48b9bd3d/random_walk,222,7.4,DT,-21.023189544677734,False
b050_parked/episode_019e3c25-a92e-7824-a264-f1da48b9bd3d/random_walk,222,7.4,DINOv2,0.6572645306587219,False
b050_parked/episode_019e3c25-a92e-7824-a264-f1da48b9bd3d/random_walk,222,7.4,Robometer success,0.0792103186249733,False
b050_parked/episode_019e3c25-a92e-7824-a264-f1da48b9bd3d/random_walk,277,9.233333333333333,DT,-32.78896713256836,False
b050_parked/episode_019e3c25-a92e-7824-a264-f1da48b9bd3d/random_walk,277,9.233333333333333,DINOv2,0.6625562906265259,False
b050_parked/episode_019e3c25-a92e-7824-a264-f1da48b9bd3d/random_walk,277,9.233333333333333,Robometer success,0.09401018172502518,False
b050_parked/episode_019e3c25-a92e-7824-a264-f1da48b9bd3d/random_walk,333,11.1,DT,-15.050535202026367,False
b050_parked/episode_019e3c25-a92e-7824-a264-f1da48b9bd3d/random_walk,333,11.1,DINOv2,0.5694888234138489,False
b050_parked/episode_019e3c25-a92e-7824-a264-f1da48b9bd3d/random_walk,333,11.1,Robometer success,0.09401018172502518,False
b050_parked/episode_019e3c25-a92e-7824-a264-f1da48b9bd3d/random_walk,388,12.933333333333334,DT,-29.18667221069336,False
b050_parked/episode_019e3c25-a92e-7824-a264-f1da48b9bd3d/random_walk,388,12.933333333333334,DINOv2,0.6961419582366943,False
b050_parked/episode_019e3c25-a92e-7824-a264-f1da48b9bd3d/random_walk,388,12.933333333333334,Robometer success,0.14804719388484955,False
b050_parked/episode_019e3c25-a92e-7824-a264-f1da48b9bd3d/random_walk,413,13.766666666666667,DT,-21.577224731445312,False
b050_parked/episode_019e3c25-a92e-7824-a264-f1da48b9bd3d/random_walk,413,13.766666666666667,DINOv2,0.7687121629714966,False
b050_parked/episode_019e3c25-a92e-7824-a264-f1da48b9bd3d/random_walk,413,13.766666666666667,Robometer success,0.26435837149620056,False
b050_parked/episode_019e3c25-a92e-7824-a264-f1da48b9bd3d/random_walk,443,14.766666666666667,DT,-20.49747085571289,False
b050_parked/episode_019e3c25-a92e-7824-a264-f1da48b9bd3d/random_walk,443,14.766666666666667,DINOv2,0.7219067811965942,False
b050_parked/episode_019e3c25-a92e-7824-a264-f1da48b9bd3d/random_walk,443,14.766666666666667,Robometer success,0.15713684260845184,False
b050_parked/episode_019e3c25-a92e-7824-a264-f1da48b9bd3d/random_walk,444,14.8,DT,-20.773212432861328,False
b050_parked/episode_019e3c25-a92e-7824-a264-f1da48b9bd3d/random_walk,444,14.8,DINOv2,0.6933357119560242,False
b050_parked/episode_019e3c25-a92e-7824-a264-f1da48b9bd3d/random_walk,444,14.8,Robometer success,0.5365557670593262,False
b050_parked/episode_019e3c25-a92e-7824-a264-f1da48b9bd3d/random_walk,499,16.633333333333333,DT,-30.774173736572266,False
b050_parked/episode_019e3c25-a92e-7824-a264-f1da48b9bd3d/random_walk,499,16.633333333333333,DINOv2,0.6978570818901062,False
b050_parked/episode_019e3c25-a92e-7824-a264-f1da48b9bd3d/random_walk,499,16.633333333333333,Robometer success,0.06853749603033066,False
b050_parked/episode_019e3c25-a92e-7824-a264-f1da48b9bd3d/random_walk,554,18.466666666666665,DT,-26.095779418945312,False
b050_parked/episode_019e3c25-a92e-7824-a264-f1da48b9bd3d/random_walk,554,18.466666666666665,DINOv2,0.7494289875030518,False
b050_parked/episode_019e3c25-a92e-7824-a264-f1da48b9bd3d/random_walk,554,18.466666666666665,Robometer success,0.03021458350121975,False
b050_parked/episode_019e3c25-a92e-7824-a264-f1da48b9bd3d/random_walk,610,20.333333333333332,DT,-19.79531478881836,False
b050_parked/episode_019e3c25-a92e-7824-a264-f1da48b9bd3d/random_walk,610,20.333333333333332,DINOv2,0.6674613952636719,False
b050_parked/episode_019e3c25-a92e-7824-a264-f1da48b9bd3d/random_walk,610,20.333333333333332,Robometer success,0.12421301752328873,False
b050_parked/episode_019e3c25-a92e-7824-a264-f1da48b9bd3d/random_walk,665,22.166666666666668,DT,-18.96482276916504,False
b050_parked/episode_019e3c25-a92e-7824-a264-f1da48b9bd3d/random_walk,665,22.166666666666668,DINOv2,0.711448609828949,False
b050_parked/episode_019e3c25-a92e-7824-a264-f1da48b9bd3d/random_walk,665,22.166666666666668,Robometer success,0.06754669547080994,False
b050_parked/episode_019e3c25-a92e-7824-a264-f1da48b9bd3d/random_walk,721,24.033333333333335,DT,-21.73505401611328,False
b050_parked/episode_019e3c25-a92e-7824-a264-f1da48b9bd3d/random_walk,721,24.033333333333335,DINOv2,0.7340389490127563,False
b050_parked/episode_019e3c25-a92e-7824-a264-f1da48b9bd3d/random_walk,721,24.033333333333335,Robometer success,0.03258974477648735,False
b050_parked/episode_019e3c25-a92e-7824-a264-f1da48b9bd3d/random_walk,776,25.866666666666667,DT,-22.121904373168945,False
b050_parked/episode_019e3c25-a92e-7824-a264-f1da48b9bd3d/random_walk,776,25.866666666666667,DINOv2,0.773716926574707,False
b050_parked/episode_019e3c25-a92e-7824-a264-f1da48b9bd3d/random_walk,776,25.866666666666667,Robometer success,0.03258974477648735,False
b050_parked/episode_019e3c25-a92e-7824-a264-f1da48b9bd3d/random_walk,832,27.733333333333334,DT,-22.090087890625,False
b050_parked/episode_019e3c25-a92e-7824-a264-f1da48b9bd3d/random_walk,832,27.733333333333334,DINOv2,0.7252295017242432,False
b050_parked/episode_019e3c25-a92e-7824-a264-f1da48b9bd3d/random_walk,832,27.733333333333334,Robometer success,0.0427221953868866,False
b050_parked/episode_019e3c25-a92e-7824-a264-f1da48b9bd3d/random_walk,887,29.566666666666666,DT,-22.799949645996094,False
b050_parked/episode_019e3c25-a92e-7824-a264-f1da48b9bd3d/random_walk,887,29.566666666666666,DINOv2,0.6393873691558838,False
b050_parked/episode_019e3c25-a92e-7824-a264-f1da48b9bd3d/random_walk,887,29.566666666666666,Robometer success,0.14804719388484955,False
b050_parked/episode_019e3c25-a92e-7824-a264-f1da48b9bd3d/random_walk,947,31.566666666666666,DT,-13.264838218688965,False
b050_parked/episode_019e3c25-a92e-7824-a264-f1da48b9bd3d/random_walk,947,31.566666666666666,DINOv2,0.9404728412628174,False
b050_parked/episode_019e3c25-a92e-7824-a264-f1da48b9bd3d/random_walk,947,31.566666666666666,Robometer success,0.03210070729255676,False
b050_parked/episode_019e3c25-a92e-7824-a264-f1da48b9bd3d/random_walk,1007,33.56666666666667,DT,-9.719056129455566,False
b050_parked/episode_019e3c25-a92e-7824-a264-f1da48b9bd3d/random_walk,1007,33.56666666666667,DINOv2,0.9622393846511841,False
b050_parked/episode_019e3c25-a92e-7824-a264-f1da48b9bd3d/random_walk,1007,33.56666666666667,Robometer success,0.0038244836032390594,False
b050_parked/episode_019e3c25-a92e-7824-a264-f1da48b9bd3d/random_walk,1067,35.56666666666667,DT,-9.216739654541016,False
b050_parked/episode_019e3c25-a92e-7824-a264-f1da48b9bd3d/random_walk,1067,35.56666666666667,DINOv2,0.9633689522743225,False
b050_parked/episode_019e3c25-a92e-7824-a264-f1da48b9bd3d/random_walk,1067,35.56666666666667,Robometer success,0.0024726230185478926,False
b050_parked/episode_019e3c25-a92e-7824-a264-f1da48b9bd3d/random_walk,1127,37.56666666666667,DT,-7.877849578857422,False
b050_parked/episode_019e3c25-a92e-7824-a264-f1da48b9bd3d/random_walk,1127,37.56666666666667,DINOv2,0.9634034037590027,False
b050_parked/episode_019e3c25-a92e-7824-a264-f1da48b9bd3d/random_walk,1127,37.56666666666667,Robometer success,0.014063628390431404,False
b050_parked/episode_019e3c25-a92e-7824-a264-f1da48b9bd3d/random_walk,1187,39.56666666666667,DT,-8.49343490600586,True
b050_parked/episode_019e3c25-a92e-7824-a264-f1da48b9bd3d/random_walk,1187,39.56666666666667,DINOv2,0.9633215665817261,True
b050_parked/episode_019e3c25-a92e-7824-a264-f1da48b9bd3d/random_walk,1187,39.56666666666667,Robometer success,0.013222821988165379,True
b070_original/episode_019e3c25-a92e-7824-a264-f1da48b9bd3d/replay_control,0,0.0,DT,-12.820137023925781,False
b070_original/episode_019e3c25-a92e-7824-a264-f1da48b9bd3d/replay_control,0,0.0,DINOv2,0.865858793258667,False
b070_original/episode_019e3c25-a92e-7824-a264-f1da48b9bd3d/replay_control,0,0.0,Robometer success,0.0028009270317852497,False
b070_original/episode_019e3c25-a92e-7824-a264-f1da48b9bd3d/replay_control,55,1.8333333333333333,DT,-44.95853042602539,False
b070_original/episode_019e3c25-a92e-7824-a264-f1da48b9bd3d/replay_control,55,1.8333333333333333,DINOv2,0.6518591642379761,False
b070_original/episode_019e3c25-a92e-7824-a264-f1da48b9bd3d/replay_control,55,1.8333333333333333,Robometer success,0.07807816565036774,False
b070_original/episode_019e3c25-a92e-7824-a264-f1da48b9bd3d/replay_control,111,3.7,DT,-25.68651580810547,False
b070_original/episode_019e3c25-a92e-7824-a264-f1da48b9bd3d/replay_control,111,3.7,DINOv2,0.7403402924537659,False
b070_original/episode_019e3c25-a92e-7824-a264-f1da48b9bd3d/replay_control,111,3.7,Robometer success,0.18010666966438293,False
b070_original/episode_019e3c25-a92e-7824-a264-f1da48b9bd3d/replay_control,166,5.533333333333333,DT,-24.226375579833984,False
b070_original/episode_019e3c25-a92e-7824-a264-f1da48b9bd3d/replay_control,166,5.533333333333333,DINOv2,0.6018334627151489,False
b070_original/episode_019e3c25-a92e-7824-a264-f1da48b9bd3d/replay_control,166,5.533333333333333,Robometer success,0.2146914303302765,False
b070_original/episode_019e3c25-a92e-7824-a264-f1da48b9bd3d/replay_control,222,7.4,DT,-21.023189544677734,False
b070_original/episode_019e3c25-a92e-7824-a264-f1da48b9bd3d/replay_control,222,7.4,DINOv2,0.6572645306587219,False
b070_original/episode_019e3c25-a92e-7824-a264-f1da48b9bd3d/replay_control,222,7.4,Robometer success,0.0792103186249733,False
b070_original/episode_019e3c25-a92e-7824-a264-f1da48b9bd3d/replay_control,277,9.233333333333333,DT,-32.78896713256836,False
b070_original/episode_019e3c25-a92e-7824-a264-f1da48b9bd3d/replay_control,277,9.233333333333333,DINOv2,0.6625562906265259,False
b070_original/episode_019e3c25-a92e-7824-a264-f1da48b9bd3d/replay_control,277,9.233333333333333,Robometer success,0.09401018172502518,False
b070_original/episode_019e3c25-a92e-7824-a264-f1da48b9bd3d/replay_control,333,11.1,DT,-15.050535202026367,False
b070_original/episode_019e3c25-a92e-7824-a264-f1da48b9bd3d/replay_control,333,11.1,DINOv2,0.5694888234138489,False
b070_original/episode_019e3c25-a92e-7824-a264-f1da48b9bd3d/replay_control,333,11.1,Robometer success,0.09401018172502518,False
b070_original/episode_019e3c25-a92e-7824-a264-f1da48b9bd3d/replay_control,388,12.933333333333334,DT,-29.18667221069336,False
b070_original/episode_019e3c25-a92e-7824-a264-f1da48b9bd3d/replay_control,388,12.933333333333334,DINOv2,0.6961419582366943,False
b070_original/episode_019e3c25-a92e-7824-a264-f1da48b9bd3d/replay_control,388,12.933333333333334,Robometer success,0.14804719388484955,False
b070_original/episode_019e3c25-a92e-7824-a264-f1da48b9bd3d/replay_control,444,14.8,DT,-18.886241912841797,False
b070_original/episode_019e3c25-a92e-7824-a264-f1da48b9bd3d/replay_control,444,14.8,DINOv2,0.7711890935897827,False
b070_original/episode_019e3c25-a92e-7824-a264-f1da48b9bd3d/replay_control,444,14.8,Robometer success,0.6252092719078064,False
b070_original/episode_019e3c25-a92e-7824-a264-f1da48b9bd3d/replay_control,499,16.633333333333333,DT,-22.783153533935547,False
b070_original/episode_019e3c25-a92e-7824-a264-f1da48b9bd3d/replay_control,499,16.633333333333333,DINOv2,0.6404780745506287,False
b070_original/episode_019e3c25-a92e-7824-a264-f1da48b9bd3d/replay_control,499,16.633333333333333,Robometer success,0.039048291742801666,False
b070_original/episode_019e3c25-a92e-7824-a264-f1da48b9bd3d/replay_control,554,18.466666666666665,DT,-15.373932838439941,False
b070_original/episode_019e3c25-a92e-7824-a264-f1da48b9bd3d/replay_control,554,18.466666666666665,DINOv2,0.6618039011955261,False
b070_original/episode_019e3c25-a92e-7824-a264-f1da48b9bd3d/replay_control,554,18.466666666666665,Robometer success,0.009412589482963085,False
b070_original/episode_019e3c25-a92e-7824-a264-f1da48b9bd3d/replay_control,578,19.266666666666666,DT,-16.64151382446289,False
b070_original/episode_019e3c25-a92e-7824-a264-f1da48b9bd3d/replay_control,578,19.266666666666666,DINOv2,0.7197674512863159,False
b070_original/episode_019e3c25-a92e-7824-a264-f1da48b9bd3d/replay_control,578,19.266666666666666,Robometer success,0.021948253735899925,False
b070_original/episode_019e3c25-a92e-7824-a264-f1da48b9bd3d/replay_control,608,20.266666666666666,DT,-18.692100524902344,False
b070_original/episode_019e3c25-a92e-7824-a264-f1da48b9bd3d/replay_control,608,20.266666666666666,DINOv2,0.7660426497459412,False
b070_original/episode_019e3c25-a92e-7824-a264-f1da48b9bd3d/replay_control,608,20.266666666666666,Robometer success,0.023330770432949066,False
b070_original/episode_019e3c25-a92e-7824-a264-f1da48b9bd3d/replay_control,610,20.333333333333332,DT,-17.453044891357422,False
b070_original/episode_019e3c25-a92e-7824-a264-f1da48b9bd3d/replay_control,610,20.333333333333332,DINOv2,0.7316260933876038,False
b070_original/episode_019e3c25-a92e-7824-a264-f1da48b9bd3d/replay_control,610,20.333333333333332,Robometer success,0.03358950838446617,False
b070_original/episode_019e3c25-a92e-7824-a264-f1da48b9bd3d/replay_control,665,22.166666666666668,DT,-14.370515823364258,False
b070_original/episode_019e3c25-a92e-7824-a264-f1da48b9bd3d/replay_control,665,22.166666666666668,DINOv2,0.748258113861084,False
b070_original/episode_019e3c25-a92e-7824-a264-f1da48b9bd3d/replay_control,665,22.166666666666668,Robometer success,0.11596072465181351,False
b070_original/episode_019e3c25-a92e-7824-a264-f1da48b9bd3d/replay_control,721,24.033333333333335,DT,-12.492423057556152,False
b070_original/episode_019e3c25-a92e-7824-a264-f1da48b9bd3d/replay_control,721,24.033333333333335,DINOv2,0.758055567741394,False
b070_original/episode_019e3c25-a92e-7824-a264-f1da48b9bd3d/replay_control,721,24.033333333333335,Robometer success,0.05834583938121796,False
b070_original/episode_019e3c25-a92e-7824-a264-f1da48b9bd3d/replay_control,776,25.866666666666667,DT,-6.658381938934326,False
b070_original/episode_019e3c25-a92e-7824-a264-f1da48b9bd3d/replay_control,776,25.866666666666667,DINOv2,0.8268086910247803,False
b070_original/episode_019e3c25-a92e-7824-a264-f1da48b9bd3d/replay_control,776,25.866666666666667,Robometer success,0.22270013391971588,False
b070_original/episode_019e3c25-a92e-7824-a264-f1da48b9bd3d/replay_control,832,27.733333333333334,DT,-1.8664510250091553,False
b070_original/episode_019e3c25-a92e-7824-a264-f1da48b9bd3d/replay_control,832,27.733333333333334,DINOv2,0.9982854127883911,False
b070_original/episode_019e3c25-a92e-7824-a264-f1da48b9bd3d/replay_control,832,27.733333333333334,Robometer success,0.021287351846694946,False
b070_original/episode_019e3c25-a92e-7824-a264-f1da48b9bd3d/replay_control,887,29.566666666666666,DT,-1.9853872060775757,True
b070_original/episode_019e3c25-a92e-7824-a264-f1da48b9bd3d/replay_control,887,29.566666666666666,DINOv2,0.9975893497467041,True
b070_original/episode_019e3c25-a92e-7824-a264-f1da48b9bd3d/replay_control,887,29.566666666666666,Robometer success,0.0427221953868866,True
b070_original/episode_019e3c25-a92e-7824-a264-f1da48b9bd3d/hold,0,0.0,DT,-12.820137023925781,False
b070_original/episode_019e3c25-a92e-7824-a264-f1da48b9bd3d/hold,0,0.0,DINOv2,0.865858793258667,False
b070_original/episode_019e3c25-a92e-7824-a264-f1da48b9bd3d/hold,0,0.0,Robometer success,0.0028009270317852497,False
b070_original/episode_019e3c25-a92e-7824-a264-f1da48b9bd3d/hold,55,1.8333333333333333,DT,-44.95853042602539,False
b070_original/episode_019e3c25-a92e-7824-a264-f1da48b9bd3d/hold,55,1.8333333333333333,DINOv2,0.6518591642379761,False
b070_original/episode_019e3c25-a92e-7824-a264-f1da48b9bd3d/hold,55,1.8333333333333333,Robometer success,0.07807816565036774,False
b070_original/episode_019e3c25-a92e-7824-a264-f1da48b9bd3d/hold,111,3.7,DT,-25.68651580810547,False
b070_original/episode_019e3c25-a92e-7824-a264-f1da48b9bd3d/hold,111,3.7,DINOv2,0.7403402924537659,False
b070_original/episode_019e3c25-a92e-7824-a264-f1da48b9bd3d/hold,111,3.7,Robometer success,0.18010666966438293,False
b070_original/episode_019e3c25-a92e-7824-a264-f1da48b9bd3d/hold,166,5.533333333333333,DT,-24.226375579833984,False
b070_original/episode_019e3c25-a92e-7824-a264-f1da48b9bd3d/hold,166,5.533333333333333,DINOv2,0.6018334627151489,False
b070_original/episode_019e3c25-a92e-7824-a264-f1da48b9bd3d/hold,166,5.533333333333333,Robometer success,0.2146914303302765,False
b070_original/episode_019e3c25-a92e-7824-a264-f1da48b9bd3d/hold,222,7.4,DT,-21.023189544677734,False
b070_original/episode_019e3c25-a92e-7824-a264-f1da48b9bd3d/hold,222,7.4,DINOv2,0.6572645306587219,False
b070_original/episode_019e3c25-a92e-7824-a264-f1da48b9bd3d/hold,222,7.4,Robometer success,0.0792103186249733,False
b070_original/episode_019e3c25-a92e-7824-a264-f1da48b9bd3d/hold,277,9.233333333333333,DT,-32.78896713256836,False
b070_original/episode_019e3c25-a92e-7824-a264-f1da48b9bd3d/hold,277,9.233333333333333,DINOv2,0.6625562906265259,False
b070_original/episode_019e3c25-a92e-7824-a264-f1da48b9bd3d/hold,277,9.233333333333333,Robometer success,0.09401018172502518,False
b070_original/episode_019e3c25-a92e-7824-a264-f1da48b9bd3d/hold,333,11.1,DT,-15.050535202026367,False
b070_original/episode_019e3c25-a92e-7824-a264-f1da48b9bd3d/hold,333,11.1,DINOv2,0.5694888234138489,False
b070_original/episode_019e3c25-a92e-7824-a264-f1da48b9bd3d/hold,333,11.1,Robometer success,0.09401018172502518,False
b070_original/episode_019e3c25-a92e-7824-a264-f1da48b9bd3d/hold,388,12.933333333333334,DT,-29.18667221069336,False
b070_original/episode_019e3c25-a92e-7824-a264-f1da48b9bd3d/hold,388,12.933333333333334,DINOv2,0.6961419582366943,False
b070_original/episode_019e3c25-a92e-7824-a264-f1da48b9bd3d/hold,388,12.933333333333334,Robometer success,0.14804719388484955,False
b070_original/episode_019e3c25-a92e-7824-a264-f1da48b9bd3d/hold,444,14.8,DT,-18.886241912841797,False
b070_original/episode_019e3c25-a92e-7824-a264-f1da48b9bd3d/hold,444,14.8,DINOv2,0.7711890935897827,False
b070_original/episode_019e3c25-a92e-7824-a264-f1da48b9bd3d/hold,444,14.8,Robometer success,0.6252092719078064,False
b070_original/episode_019e3c25-a92e-7824-a264-f1da48b9bd3d/hold,499,16.633333333333333,DT,-22.783153533935547,False
b070_original/episode_019e3c25-a92e-7824-a264-f1da48b9bd3d/hold,499,16.633333333333333,DINOv2,0.6404780745506287,False
b070_original/episode_019e3c25-a92e-7824-a264-f1da48b9bd3d/hold,499,16.633333333333333,Robometer success,0.039048291742801666,False
b070_original/episode_019e3c25-a92e-7824-a264-f1da48b9bd3d/hold,554,18.466666666666665,DT,-15.373932838439941,False
b070_original/episode_019e3c25-a92e-7824-a264-f1da48b9bd3d/hold,554,18.466666666666665,DINOv2,0.6618039011955261,False
b070_original/episode_019e3c25-a92e-7824-a264-f1da48b9bd3d/hold,554,18.466666666666665,Robometer success,0.009412589482963085,False
b070_original/episode_019e3c25-a92e-7824-a264-f1da48b9bd3d/hold,578,19.266666666666666,DT,-16.64151382446289,False
b070_original/episode_019e3c25-a92e-7824-a264-f1da48b9bd3d/hold,578,19.266666666666666,DINOv2,0.7197674512863159,False
b070_original/episode_019e3c25-a92e-7824-a264-f1da48b9bd3d/hold,578,19.266666666666666,Robometer success,0.021948253735899925,False
b070_original/episode_019e3c25-a92e-7824-a264-f1da48b9bd3d/hold,608,20.266666666666666,DT,-16.714101791381836,False
b070_original/episode_019e3c25-a92e-7824-a264-f1da48b9bd3d/hold,608,20.266666666666666,DINOv2,0.7032301425933838,False
b070_original/episode_019e3c25-a92e-7824-a264-f1da48b9bd3d/hold,608,20.266666666666666,Robometer success,0.009125636890530586,False
b070_original/episode_019e3c25-a92e-7824-a264-f1da48b9bd3d/hold,610,20.333333333333332,DT,-16.342329025268555,False
b070_original/episode_019e3c25-a92e-7824-a264-f1da48b9bd3d/hold,610,20.333333333333332,DINOv2,0.7038421630859375,False
b070_original/episode_019e3c25-a92e-7824-a264-f1da48b9bd3d/hold,610,20.333333333333332,Robometer success,0.010986941866576672,False
b070_original/episode_019e3c25-a92e-7824-a264-f1da48b9bd3d/hold,665,22.166666666666668,DT,-16.065736770629883,False
b070_original/episode_019e3c25-a92e-7824-a264-f1da48b9bd3d/hold,665,22.166666666666668,DINOv2,0.7046130895614624,False
b070_original/episode_019e3c25-a92e-7824-a264-f1da48b9bd3d/hold,665,22.166666666666668,Robometer success,0.020964240655303,False
b070_original/episode_019e3c25-a92e-7824-a264-f1da48b9bd3d/hold,721,24.033333333333335,DT,-15.995975494384766,False
b070_original/episode_019e3c25-a92e-7824-a264-f1da48b9bd3d/hold,721,24.033333333333335,DINOv2,0.7047058343887329,False
b070_original/episode_019e3c25-a92e-7824-a264-f1da48b9bd3d/hold,721,24.033333333333335,Robometer success,0.02161533385515213,False
b070_original/episode_019e3c25-a92e-7824-a264-f1da48b9bd3d/hold,776,25.866666666666667,DT,-16.18558120727539,False
b070_original/episode_019e3c25-a92e-7824-a264-f1da48b9bd3d/hold,776,25.866666666666667,DINOv2,0.7098742723464966,False
b070_original/episode_019e3c25-a92e-7824-a264-f1da48b9bd3d/hold,776,25.866666666666667,Robometer success,0.020964240655303,False
b070_original/episode_019e3c25-a92e-7824-a264-f1da48b9bd3d/hold,832,27.733333333333334,DT,-16.34284782409668,False
b070_original/episode_019e3c25-a92e-7824-a264-f1da48b9bd3d/hold,832,27.733333333333334,DINOv2,0.7027992010116577,False
b070_original/episode_019e3c25-a92e-7824-a264-f1da48b9bd3d/hold,832,27.733333333333334,Robometer success,0.007577241398394108,False
b070_original/episode_019e3c25-a92e-7824-a264-f1da48b9bd3d/hold,887,29.566666666666666,DT,-16.84389877319336,True
b070_original/episode_019e3c25-a92e-7824-a264-f1da48b9bd3d/hold,887,29.566666666666666,DINOv2,0.7020076513290405,True
b070_original/episode_019e3c25-a92e-7824-a264-f1da48b9bd3d/hold,887,29.566666666666666,Robometer success,0.028870904818177223,True
b070_original/episode_019e3c25-a92e-7824-a264-f1da48b9bd3d/random_walk,0,0.0,DT,-12.820137023925781,False
b070_original/episode_019e3c25-a92e-7824-a264-f1da48b9bd3d/random_walk,0,0.0,DINOv2,0.865858793258667,False
b070_original/episode_019e3c25-a92e-7824-a264-f1da48b9bd3d/random_walk,0,0.0,Robometer success,0.0028009270317852497,False
b070_original/episode_019e3c25-a92e-7824-a264-f1da48b9bd3d/random_walk,55,1.8333333333333333,DT,-44.95853042602539,False
b070_original/episode_019e3c25-a92e-7824-a264-f1da48b9bd3d/random_walk,55,1.8333333333333333,DINOv2,0.6518591642379761,False
b070_original/episode_019e3c25-a92e-7824-a264-f1da48b9bd3d/random_walk,55,1.8333333333333333,Robometer success,0.07807816565036774,False
b070_original/episode_019e3c25-a92e-7824-a264-f1da48b9bd3d/random_walk,111,3.7,DT,-25.68651580810547,False
b070_original/episode_019e3c25-a92e-7824-a264-f1da48b9bd3d/random_walk,111,3.7,DINOv2,0.7403402924537659,False
b070_original/episode_019e3c25-a92e-7824-a264-f1da48b9bd3d/random_walk,111,3.7,Robometer success,0.18010666966438293,False
b070_original/episode_019e3c25-a92e-7824-a264-f1da48b9bd3d/random_walk,166,5.533333333333333,DT,-24.226375579833984,False
b070_original/episode_019e3c25-a92e-7824-a264-f1da48b9bd3d/random_walk,166,5.533333333333333,DINOv2,0.6018334627151489,False
b070_original/episode_019e3c25-a92e-7824-a264-f1da48b9bd3d/random_walk,166,5.533333333333333,Robometer success,0.2146914303302765,False
b070_original/episode_019e3c25-a92e-7824-a264-f1da48b9bd3d/random_walk,222,7.4,DT,-21.023189544677734,False
b070_original/episode_019e3c25-a92e-7824-a264-f1da48b9bd3d/random_walk,222,7.4,DINOv2,0.6572645306587219,False
b070_original/episode_019e3c25-a92e-7824-a264-f1da48b9bd3d/random_walk,222,7.4,Robometer success,0.0792103186249733,False
b070_original/episode_019e3c25-a92e-7824-a264-f1da48b9bd3d/random_walk,277,9.233333333333333,DT,-32.78896713256836,False
b070_original/episode_019e3c25-a92e-7824-a264-f1da48b9bd3d/random_walk,277,9.233333333333333,DINOv2,0.6625562906265259,False
b070_original/episode_019e3c25-a92e-7824-a264-f1da48b9bd3d/random_walk,277,9.233333333333333,Robometer success,0.09401018172502518,False
b070_original/episode_019e3c25-a92e-7824-a264-f1da48b9bd3d/random_walk,333,11.1,DT,-15.050535202026367,False
b070_original/episode_019e3c25-a92e-7824-a264-f1da48b9bd3d/random_walk,333,11.1,DINOv2,0.5694888234138489,False
b070_original/episode_019e3c25-a92e-7824-a264-f1da48b9bd3d/random_walk,333,11.1,Robometer success,0.09401018172502518,False
b070_original/episode_019e3c25-a92e-7824-a264-f1da48b9bd3d/random_walk,388,12.933333333333334,DT,-29.18667221069336,False
b070_original/episode_019e3c25-a92e-7824-a264-f1da48b9bd3d/random_walk,388,12.933333333333334,DINOv2,0.6961419582366943,False
b070_original/episode_019e3c25-a92e-7824-a264-f1da48b9bd3d/random_walk,388,12.933333333333334,Robometer success,0.14804719388484955,False
b070_original/episode_019e3c25-a92e-7824-a264-f1da48b9bd3d/random_walk,444,14.8,DT,-18.886241912841797,False
b070_original/episode_019e3c25-a92e-7824-a264-f1da48b9bd3d/random_walk,444,14.8,DINOv2,0.7711890935897827,False
b070_original/episode_019e3c25-a92e-7824-a264-f1da48b9bd3d/random_walk,444,14.8,Robometer success,0.6252092719078064,False
b070_original/episode_019e3c25-a92e-7824-a264-f1da48b9bd3d/random_walk,499,16.633333333333333,DT,-22.783153533935547,False
b070_original/episode_019e3c25-a92e-7824-a264-f1da48b9bd3d/random_walk,499,16.633333333333333,DINOv2,0.6404780745506287,False
b070_original/episode_019e3c25-a92e-7824-a264-f1da48b9bd3d/random_walk,499,16.633333333333333,Robometer success,0.039048291742801666,False
b070_original/episode_019e3c25-a92e-7824-a264-f1da48b9bd3d/random_walk,554,18.466666666666665,DT,-15.373932838439941,False
b070_original/episode_019e3c25-a92e-7824-a264-f1da48b9bd3d/random_walk,554,18.466666666666665,DINOv2,0.6618039011955261,False
b070_original/episode_019e3c25-a92e-7824-a264-f1da48b9bd3d/random_walk,554,18.466666666666665,Robometer success,0.009412589482963085,False
b070_original/episode_019e3c25-a92e-7824-a264-f1da48b9bd3d/random_walk,578,19.266666666666666,DT,-16.64151382446289,False
b070_original/episode_019e3c25-a92e-7824-a264-f1da48b9bd3d/random_walk,578,19.266666666666666,DINOv2,0.7197674512863159,False
b070_original/episode_019e3c25-a92e-7824-a264-f1da48b9bd3d/random_walk,578,19.266666666666666,Robometer success,0.021948253735899925,False
b070_original/episode_019e3c25-a92e-7824-a264-f1da48b9bd3d/random_walk,608,20.266666666666666,DT,-15.127863883972168,False
b070_original/episode_019e3c25-a92e-7824-a264-f1da48b9bd3d/random_walk,608,20.266666666666666,DINOv2,0.5832913517951965,False
b070_original/episode_019e3c25-a92e-7824-a264-f1da48b9bd3d/random_walk,608,20.266666666666666,Robometer success,0.014957086183130741,False
b070_original/episode_019e3c25-a92e-7824-a264-f1da48b9bd3d/random_walk,610,20.333333333333332,DT,-14.200813293457031,False
b070_original/episode_019e3c25-a92e-7824-a264-f1da48b9bd3d/random_walk,610,20.333333333333332,DINOv2,0.5993240475654602,False
b070_original/episode_019e3c25-a92e-7824-a264-f1da48b9bd3d/random_walk,610,20.333333333333332,Robometer success,0.021948253735899925,False
b070_original/episode_019e3c25-a92e-7824-a264-f1da48b9bd3d/random_walk,665,22.166666666666668,DT,-12.402569770812988,False
b070_original/episode_019e3c25-a92e-7824-a264-f1da48b9bd3d/random_walk,665,22.166666666666668,DINOv2,0.7253763675689697,False
b070_original/episode_019e3c25-a92e-7824-a264-f1da48b9bd3d/random_walk,665,22.166666666666668,Robometer success,0.10669060051441193,False
b070_original/episode_019e3c25-a92e-7824-a264-f1da48b9bd3d/random_walk,721,24.033333333333335,DT,-14.39738941192627,False
b070_original/episode_019e3c25-a92e-7824-a264-f1da48b9bd3d/random_walk,721,24.033333333333335,DINOv2,0.7197507619857788,False
b070_original/episode_019e3c25-a92e-7824-a264-f1da48b9bd3d/random_walk,721,24.033333333333335,Robometer success,0.044680867344141006,False
b070_original/episode_019e3c25-a92e-7824-a264-f1da48b9bd3d/random_walk,776,25.866666666666667,DT,-16.469467163085938,False
b070_original/episode_019e3c25-a92e-7824-a264-f1da48b9bd3d/random_walk,776,25.866666666666667,DINOv2,0.8006880283355713,False
b070_original/episode_019e3c25-a92e-7824-a264-f1da48b9bd3d/random_walk,776,25.866666666666667,Robometer success,0.012821214273571968,False
b070_original/episode_019e3c25-a92e-7824-a264-f1da48b9bd3d/random_walk,832,27.733333333333334,DT,-14.656540870666504,False
b070_original/episode_019e3c25-a92e-7824-a264-f1da48b9bd3d/random_walk,832,27.733333333333334,DINOv2,0.6943490505218506,False
b070_original/episode_019e3c25-a92e-7824-a264-f1da48b9bd3d/random_walk,832,27.733333333333334,Robometer success,0.024423090741038322,False
b070_original/episode_019e3c25-a92e-7824-a264-f1da48b9bd3d/random_walk,887,29.566666666666666,DT,-11.418365478515625,True
b070_original/episode_019e3c25-a92e-7824-a264-f1da48b9bd3d/random_walk,887,29.566666666666666,DINOv2,0.6691167950630188,True
b070_original/episode_019e3c25-a92e-7824-a264-f1da48b9bd3d/random_walk,887,29.566666666666666,Robometer success,0.02161533385515213,True
b070_parked/episode_019e3c25-a92e-7824-a264-f1da48b9bd3d/replay_control,0,0.0,DT,-12.820137023925781,False
b070_parked/episode_019e3c25-a92e-7824-a264-f1da48b9bd3d/replay_control,0,0.0,DINOv2,0.865858793258667,False
b070_parked/episode_019e3c25-a92e-7824-a264-f1da48b9bd3d/replay_control,0,0.0,Robometer success,0.0028009270317852497,False
b070_parked/episode_019e3c25-a92e-7824-a264-f1da48b9bd3d/replay_control,55,1.8333333333333333,DT,-44.95853042602539,False
b070_parked/episode_019e3c25-a92e-7824-a264-f1da48b9bd3d/replay_control,55,1.8333333333333333,DINOv2,0.6518591642379761,False
b070_parked/episode_019e3c25-a92e-7824-a264-f1da48b9bd3d/replay_control,55,1.8333333333333333,Robometer success,0.07807816565036774,False
b070_parked/episode_019e3c25-a92e-7824-a264-f1da48b9bd3d/replay_control,111,3.7,DT,-25.68651580810547,False
b070_parked/episode_019e3c25-a92e-7824-a264-f1da48b9bd3d/replay_control,111,3.7,DINOv2,0.7403402924537659,False
b070_parked/episode_019e3c25-a92e-7824-a264-f1da48b9bd3d/replay_control,111,3.7,Robometer success,0.18010666966438293,False
b070_parked/episode_019e3c25-a92e-7824-a264-f1da48b9bd3d/replay_control,166,5.533333333333333,DT,-24.226375579833984,False
b070_parked/episode_019e3c25-a92e-7824-a264-f1da48b9bd3d/replay_control,166,5.533333333333333,DINOv2,0.6018334627151489,False
b070_parked/episode_019e3c25-a92e-7824-a264-f1da48b9bd3d/replay_control,166,5.533333333333333,Robometer success,0.2146914303302765,False
b070_parked/episode_019e3c25-a92e-7824-a264-f1da48b9bd3d/replay_control,222,7.4,DT,-21.023189544677734,False
b070_parked/episode_019e3c25-a92e-7824-a264-f1da48b9bd3d/replay_control,222,7.4,DINOv2,0.6572645306587219,False
b070_parked/episode_019e3c25-a92e-7824-a264-f1da48b9bd3d/replay_control,222,7.4,Robometer success,0.0792103186249733,False
b070_parked/episode_019e3c25-a92e-7824-a264-f1da48b9bd3d/replay_control,277,9.233333333333333,DT,-32.78896713256836,False
b070_parked/episode_019e3c25-a92e-7824-a264-f1da48b9bd3d/replay_control,277,9.233333333333333,DINOv2,0.6625562906265259,False
b070_parked/episode_019e3c25-a92e-7824-a264-f1da48b9bd3d/replay_control,277,9.233333333333333,Robometer success,0.09401018172502518,False
b070_parked/episode_019e3c25-a92e-7824-a264-f1da48b9bd3d/replay_control,333,11.1,DT,-15.050535202026367,False
b070_parked/episode_019e3c25-a92e-7824-a264-f1da48b9bd3d/replay_control,333,11.1,DINOv2,0.5694888234138489,False
b070_parked/episode_019e3c25-a92e-7824-a264-f1da48b9bd3d/replay_control,333,11.1,Robometer success,0.09401018172502518,False
b070_parked/episode_019e3c25-a92e-7824-a264-f1da48b9bd3d/replay_control,388,12.933333333333334,DT,-29.18667221069336,False
b070_parked/episode_019e3c25-a92e-7824-a264-f1da48b9bd3d/replay_control,388,12.933333333333334,DINOv2,0.6961419582366943,False
b070_parked/episode_019e3c25-a92e-7824-a264-f1da48b9bd3d/replay_control,388,12.933333333333334,Robometer success,0.14804719388484955,False
b070_parked/episode_019e3c25-a92e-7824-a264-f1da48b9bd3d/replay_control,444,14.8,DT,-18.886241912841797,False
b070_parked/episode_019e3c25-a92e-7824-a264-f1da48b9bd3d/replay_control,444,14.8,DINOv2,0.7711890935897827,False
b070_parked/episode_019e3c25-a92e-7824-a264-f1da48b9bd3d/replay_control,444,14.8,Robometer success,0.6252092719078064,False
b070_parked/episode_019e3c25-a92e-7824-a264-f1da48b9bd3d/replay_control,499,16.633333333333333,DT,-22.783153533935547,False
b070_parked/episode_019e3c25-a92e-7824-a264-f1da48b9bd3d/replay_control,499,16.633333333333333,DINOv2,0.6404780745506287,False
b070_parked/episode_019e3c25-a92e-7824-a264-f1da48b9bd3d/replay_control,499,16.633333333333333,Robometer success,0.039048291742801666,False
b070_parked/episode_019e3c25-a92e-7824-a264-f1da48b9bd3d/replay_control,554,18.466666666666665,DT,-15.373932838439941,False
b070_parked/episode_019e3c25-a92e-7824-a264-f1da48b9bd3d/replay_control,554,18.466666666666665,DINOv2,0.6618039011955261,False
b070_parked/episode_019e3c25-a92e-7824-a264-f1da48b9bd3d/replay_control,554,18.466666666666665,Robometer success,0.009412589482963085,False
b070_parked/episode_019e3c25-a92e-7824-a264-f1da48b9bd3d/replay_control,578,19.266666666666666,DT,-16.64151382446289,False
b070_parked/episode_019e3c25-a92e-7824-a264-f1da48b9bd3d/replay_control,578,19.266666666666666,DINOv2,0.7197674512863159,False
b070_parked/episode_019e3c25-a92e-7824-a264-f1da48b9bd3d/replay_control,578,19.266666666666666,Robometer success,0.021948253735899925,False
b070_parked/episode_019e3c25-a92e-7824-a264-f1da48b9bd3d/replay_control,608,20.266666666666666,DT,-18.692100524902344,False
b070_parked/episode_019e3c25-a92e-7824-a264-f1da48b9bd3d/replay_control,608,20.266666666666666,DINOv2,0.7660426497459412,False
b070_parked/episode_019e3c25-a92e-7824-a264-f1da48b9bd3d/replay_control,608,20.266666666666666,Robometer success,0.023330770432949066,False
b070_parked/episode_019e3c25-a92e-7824-a264-f1da48b9bd3d/replay_control,610,20.333333333333332,DT,-17.453044891357422,False
b070_parked/episode_019e3c25-a92e-7824-a264-f1da48b9bd3d/replay_control,610,20.333333333333332,DINOv2,0.7316260933876038,False
b070_parked/episode_019e3c25-a92e-7824-a264-f1da48b9bd3d/replay_control,610,20.333333333333332,Robometer success,0.03358950838446617,False
b070_parked/episode_019e3c25-a92e-7824-a264-f1da48b9bd3d/replay_control,665,22.166666666666668,DT,-14.370515823364258,False
b070_parked/episode_019e3c25-a92e-7824-a264-f1da48b9bd3d/replay_control,665,22.166666666666668,DINOv2,0.748258113861084,False
b070_parked/episode_019e3c25-a92e-7824-a264-f1da48b9bd3d/replay_control,665,22.166666666666668,Robometer success,0.11596072465181351,False
b070_parked/episode_019e3c25-a92e-7824-a264-f1da48b9bd3d/replay_control,721,24.033333333333335,DT,-12.492423057556152,False
b070_parked/episode_019e3c25-a92e-7824-a264-f1da48b9bd3d/replay_control,721,24.033333333333335,DINOv2,0.758055567741394,False
b070_parked/episode_019e3c25-a92e-7824-a264-f1da48b9bd3d/replay_control,721,24.033333333333335,Robometer success,0.05834583938121796,False
b070_parked/episode_019e3c25-a92e-7824-a264-f1da48b9bd3d/replay_control,776,25.866666666666667,DT,-6.658381938934326,False
b070_parked/episode_019e3c25-a92e-7824-a264-f1da48b9bd3d/replay_control,776,25.866666666666667,DINOv2,0.8268086910247803,False
b070_parked/episode_019e3c25-a92e-7824-a264-f1da48b9bd3d/replay_control,776,25.866666666666667,Robometer success,0.22270013391971588,False
b070_parked/episode_019e3c25-a92e-7824-a264-f1da48b9bd3d/replay_control,832,27.733333333333334,DT,-1.8664510250091553,False
b070_parked/episode_019e3c25-a92e-7824-a264-f1da48b9bd3d/replay_control,832,27.733333333333334,DINOv2,0.9982854127883911,False
b070_parked/episode_019e3c25-a92e-7824-a264-f1da48b9bd3d/replay_control,832,27.733333333333334,Robometer success,0.021287351846694946,False
b070_parked/episode_019e3c25-a92e-7824-a264-f1da48b9bd3d/replay_control,887,29.566666666666666,DT,-1.9853872060775757,False
b070_parked/episode_019e3c25-a92e-7824-a264-f1da48b9bd3d/replay_control,887,29.566666666666666,DINOv2,0.9975893497467041,False
b070_parked/episode_019e3c25-a92e-7824-a264-f1da48b9bd3d/replay_control,887,29.566666666666666,Robometer success,0.0427221953868866,False
b070_parked/episode_019e3c25-a92e-7824-a264-f1da48b9bd3d/replay_control,947,31.566666666666666,DT,-1.9421672821044922,False
b070_parked/episode_019e3c25-a92e-7824-a264-f1da48b9bd3d/replay_control,947,31.566666666666666,DINOv2,0.9991653561592102,False
b070_parked/episode_019e3c25-a92e-7824-a264-f1da48b9bd3d/replay_control,947,31.566666666666666,Robometer success,0.03676946833729744,False
b070_parked/episode_019e3c25-a92e-7824-a264-f1da48b9bd3d/replay_control,1007,33.56666666666667,DT,-2.107119083404541,False
b070_parked/episode_019e3c25-a92e-7824-a264-f1da48b9bd3d/replay_control,1007,33.56666666666667,DINOv2,0.9995874762535095,False
b070_parked/episode_019e3c25-a92e-7824-a264-f1da48b9bd3d/replay_control,1007,33.56666666666667,Robometer success,0.048136770725250244,False
b070_parked/episode_019e3c25-a92e-7824-a264-f1da48b9bd3d/replay_control,1067,35.56666666666667,DT,-1.9836761951446533,False
b070_parked/episode_019e3c25-a92e-7824-a264-f1da48b9bd3d/replay_control,1067,35.56666666666667,DINOv2,0.9995833039283752,False
b070_parked/episode_019e3c25-a92e-7824-a264-f1da48b9bd3d/replay_control,1067,35.56666666666667,Robometer success,0.03622005507349968,False
b070_parked/episode_019e3c25-a92e-7824-a264-f1da48b9bd3d/replay_control,1127,37.56666666666667,DT,-2.0733230113983154,False
b070_parked/episode_019e3c25-a92e-7824-a264-f1da48b9bd3d/replay_control,1127,37.56666666666667,DINOv2,0.9996727705001831,False
b070_parked/episode_019e3c25-a92e-7824-a264-f1da48b9bd3d/replay_control,1127,37.56666666666667,Robometer success,0.03622005507349968,False
b070_parked/episode_019e3c25-a92e-7824-a264-f1da48b9bd3d/replay_control,1187,39.56666666666667,DT,-2.2784228324890137,True
b070_parked/episode_019e3c25-a92e-7824-a264-f1da48b9bd3d/replay_control,1187,39.56666666666667,DINOv2,0.9996411800384521,True
b070_parked/episode_019e3c25-a92e-7824-a264-f1da48b9bd3d/replay_control,1187,39.56666666666667,Robometer success,0.22953522205352783,True
b070_parked/episode_019e3c25-a92e-7824-a264-f1da48b9bd3d/hold,0,0.0,DT,-12.820137023925781,False
b070_parked/episode_019e3c25-a92e-7824-a264-f1da48b9bd3d/hold,0,0.0,DINOv2,0.865858793258667,False
b070_parked/episode_019e3c25-a92e-7824-a264-f1da48b9bd3d/hold,0,0.0,Robometer success,0.0028009270317852497,False
b070_parked/episode_019e3c25-a92e-7824-a264-f1da48b9bd3d/hold,55,1.8333333333333333,DT,-44.95853042602539,False
b070_parked/episode_019e3c25-a92e-7824-a264-f1da48b9bd3d/hold,55,1.8333333333333333,DINOv2,0.6518591642379761,False
b070_parked/episode_019e3c25-a92e-7824-a264-f1da48b9bd3d/hold,55,1.8333333333333333,Robometer success,0.07807816565036774,False
b070_parked/episode_019e3c25-a92e-7824-a264-f1da48b9bd3d/hold,111,3.7,DT,-25.68651580810547,False
b070_parked/episode_019e3c25-a92e-7824-a264-f1da48b9bd3d/hold,111,3.7,DINOv2,0.7403402924537659,False
b070_parked/episode_019e3c25-a92e-7824-a264-f1da48b9bd3d/hold,111,3.7,Robometer success,0.18010666966438293,False
b070_parked/episode_019e3c25-a92e-7824-a264-f1da48b9bd3d/hold,166,5.533333333333333,DT,-24.226375579833984,False
b070_parked/episode_019e3c25-a92e-7824-a264-f1da48b9bd3d/hold,166,5.533333333333333,DINOv2,0.6018334627151489,False
b070_parked/episode_019e3c25-a92e-7824-a264-f1da48b9bd3d/hold,166,5.533333333333333,Robometer success,0.2146914303302765,False
b070_parked/episode_019e3c25-a92e-7824-a264-f1da48b9bd3d/hold,222,7.4,DT,-21.023189544677734,False
b070_parked/episode_019e3c25-a92e-7824-a264-f1da48b9bd3d/hold,222,7.4,DINOv2,0.6572645306587219,False
b070_parked/episode_019e3c25-a92e-7824-a264-f1da48b9bd3d/hold,222,7.4,Robometer success,0.0792103186249733,False
b070_parked/episode_019e3c25-a92e-7824-a264-f1da48b9bd3d/hold,277,9.233333333333333,DT,-32.78896713256836,False
b070_parked/episode_019e3c25-a92e-7824-a264-f1da48b9bd3d/hold,277,9.233333333333333,DINOv2,0.6625562906265259,False
b070_parked/episode_019e3c25-a92e-7824-a264-f1da48b9bd3d/hold,277,9.233333333333333,Robometer success,0.09401018172502518,False
b070_parked/episode_019e3c25-a92e-7824-a264-f1da48b9bd3d/hold,333,11.1,DT,-15.050535202026367,False
b070_parked/episode_019e3c25-a92e-7824-a264-f1da48b9bd3d/hold,333,11.1,DINOv2,0.5694888234138489,False
b070_parked/episode_019e3c25-a92e-7824-a264-f1da48b9bd3d/hold,333,11.1,Robometer success,0.09401018172502518,False
b070_parked/episode_019e3c25-a92e-7824-a264-f1da48b9bd3d/hold,388,12.933333333333334,DT,-29.18667221069336,False
b070_parked/episode_019e3c25-a92e-7824-a264-f1da48b9bd3d/hold,388,12.933333333333334,DINOv2,0.6961419582366943,False
b070_parked/episode_019e3c25-a92e-7824-a264-f1da48b9bd3d/hold,388,12.933333333333334,Robometer success,0.14804719388484955,False
b070_parked/episode_019e3c25-a92e-7824-a264-f1da48b9bd3d/hold,444,14.8,DT,-18.886241912841797,False
b070_parked/episode_019e3c25-a92e-7824-a264-f1da48b9bd3d/hold,444,14.8,DINOv2,0.7711890935897827,False
b070_parked/episode_019e3c25-a92e-7824-a264-f1da48b9bd3d/hold,444,14.8,Robometer success,0.6252092719078064,False
b070_parked/episode_019e3c25-a92e-7824-a264-f1da48b9bd3d/hold,499,16.633333333333333,DT,-22.783153533935547,False
b070_parked/episode_019e3c25-a92e-7824-a264-f1da48b9bd3d/hold,499,16.633333333333333,DINOv2,0.6404780745506287,False
b070_parked/episode_019e3c25-a92e-7824-a264-f1da48b9bd3d/hold,499,16.633333333333333,Robometer success,0.039048291742801666,False
b070_parked/episode_019e3c25-a92e-7824-a264-f1da48b9bd3d/hold,554,18.466666666666665,DT,-15.373932838439941,False
b070_parked/episode_019e3c25-a92e-7824-a264-f1da48b9bd3d/hold,554,18.466666666666665,DINOv2,0.6618039011955261,False
b070_parked/episode_019e3c25-a92e-7824-a264-f1da48b9bd3d/hold,554,18.466666666666665,Robometer success,0.009412589482963085,False
b070_parked/episode_019e3c25-a92e-7824-a264-f1da48b9bd3d/hold,578,19.266666666666666,DT,-16.64151382446289,False
b070_parked/episode_019e3c25-a92e-7824-a264-f1da48b9bd3d/hold,578,19.266666666666666,DINOv2,0.7197674512863159,False
b070_parked/episode_019e3c25-a92e-7824-a264-f1da48b9bd3d/hold,578,19.266666666666666,Robometer success,0.021948253735899925,False
b070_parked/episode_019e3c25-a92e-7824-a264-f1da48b9bd3d/hold,608,20.266666666666666,DT,-16.714101791381836,False
b070_parked/episode_019e3c25-a92e-7824-a264-f1da48b9bd3d/hold,608,20.266666666666666,DINOv2,0.7032301425933838,False
b070_parked/episode_019e3c25-a92e-7824-a264-f1da48b9bd3d/hold,608,20.266666666666666,Robometer success,0.009125636890530586,False
b070_parked/episode_019e3c25-a92e-7824-a264-f1da48b9bd3d/hold,610,20.333333333333332,DT,-16.342329025268555,False
b070_parked/episode_019e3c25-a92e-7824-a264-f1da48b9bd3d/hold,610,20.333333333333332,DINOv2,0.7038421630859375,False
b070_parked/episode_019e3c25-a92e-7824-a264-f1da48b9bd3d/hold,610,20.333333333333332,Robometer success,0.010986941866576672,False
b070_parked/episode_019e3c25-a92e-7824-a264-f1da48b9bd3d/hold,665,22.166666666666668,DT,-16.065736770629883,False
b070_parked/episode_019e3c25-a92e-7824-a264-f1da48b9bd3d/hold,665,22.166666666666668,DINOv2,0.7046130895614624,False
b070_parked/episode_019e3c25-a92e-7824-a264-f1da48b9bd3d/hold,665,22.166666666666668,Robometer success,0.020964240655303,False
b070_parked/episode_019e3c25-a92e-7824-a264-f1da48b9bd3d/hold,721,24.033333333333335,DT,-15.995975494384766,False
b070_parked/episode_019e3c25-a92e-7824-a264-f1da48b9bd3d/hold,721,24.033333333333335,DINOv2,0.7047058343887329,False
b070_parked/episode_019e3c25-a92e-7824-a264-f1da48b9bd3d/hold,721,24.033333333333335,Robometer success,0.02161533385515213,False
b070_parked/episode_019e3c25-a92e-7824-a264-f1da48b9bd3d/hold,776,25.866666666666667,DT,-16.18558120727539,False
b070_parked/episode_019e3c25-a92e-7824-a264-f1da48b9bd3d/hold,776,25.866666666666667,DINOv2,0.7098742723464966,False
b070_parked/episode_019e3c25-a92e-7824-a264-f1da48b9bd3d/hold,776,25.866666666666667,Robometer success,0.020964240655303,False
b070_parked/episode_019e3c25-a92e-7824-a264-f1da48b9bd3d/hold,832,27.733333333333334,DT,-16.34284782409668,False
b070_parked/episode_019e3c25-a92e-7824-a264-f1da48b9bd3d/hold,832,27.733333333333334,DINOv2,0.7027992010116577,False
b070_parked/episode_019e3c25-a92e-7824-a264-f1da48b9bd3d/hold,832,27.733333333333334,Robometer success,0.007577241398394108,False
b070_parked/episode_019e3c25-a92e-7824-a264-f1da48b9bd3d/hold,887,29.566666666666666,DT,-16.84389877319336,False
b070_parked/episode_019e3c25-a92e-7824-a264-f1da48b9bd3d/hold,887,29.566666666666666,DINOv2,0.7020076513290405,False
b070_parked/episode_019e3c25-a92e-7824-a264-f1da48b9bd3d/hold,887,29.566666666666666,Robometer success,0.028870904818177223,False
b070_parked/episode_019e3c25-a92e-7824-a264-f1da48b9bd3d/hold,947,31.566666666666666,DT,-6.580000877380371,False
b070_parked/episode_019e3c25-a92e-7824-a264-f1da48b9bd3d/hold,947,31.566666666666666,DINOv2,0.9776944518089294,False
b070_parked/episode_019e3c25-a92e-7824-a264-f1da48b9bd3d/hold,947,31.566666666666666,Robometer success,0.005220125429332256,False
b070_parked/episode_019e3c25-a92e-7824-a264-f1da48b9bd3d/hold,1007,33.56666666666667,DT,-7.591405391693115,False
b070_parked/episode_019e3c25-a92e-7824-a264-f1da48b9bd3d/hold,1007,33.56666666666667,DINOv2,0.973221480846405,False
b070_parked/episode_019e3c25-a92e-7824-a264-f1da48b9bd3d/hold,1007,33.56666666666667,Robometer success,0.0038244836032390594,False
b070_parked/episode_019e3c25-a92e-7824-a264-f1da48b9bd3d/hold,1067,35.56666666666667,DT,-7.363702774047852,False
b070_parked/episode_019e3c25-a92e-7824-a264-f1da48b9bd3d/hold,1067,35.56666666666667,DINOv2,0.9731975793838501,False
b070_parked/episode_019e3c25-a92e-7824-a264-f1da48b9bd3d/hold,1067,35.56666666666667,Robometer success,0.016914913430809975,False
b070_parked/episode_019e3c25-a92e-7824-a264-f1da48b9bd3d/hold,1127,37.56666666666667,DT,-8.22836685180664,False
b070_parked/episode_019e3c25-a92e-7824-a264-f1da48b9bd3d/hold,1127,37.56666666666667,DINOv2,0.9726682901382446,False
b070_parked/episode_019e3c25-a92e-7824-a264-f1da48b9bd3d/hold,1127,37.56666666666667,Robometer success,0.048136770725250244,False
b070_parked/episode_019e3c25-a92e-7824-a264-f1da48b9bd3d/hold,1187,39.56666666666667,DT,-8.107011795043945,True
b070_parked/episode_019e3c25-a92e-7824-a264-f1da48b9bd3d/hold,1187,39.56666666666667,DINOv2,0.9738848805427551,True
b070_parked/episode_019e3c25-a92e-7824-a264-f1da48b9bd3d/hold,1187,39.56666666666667,Robometer success,0.11436853557825089,True
b070_parked/episode_019e3c25-a92e-7824-a264-f1da48b9bd3d/random_walk,0,0.0,DT,-12.820137023925781,False
b070_parked/episode_019e3c25-a92e-7824-a264-f1da48b9bd3d/random_walk,0,0.0,DINOv2,0.865858793258667,False
b070_parked/episode_019e3c25-a92e-7824-a264-f1da48b9bd3d/random_walk,0,0.0,Robometer success,0.0028009270317852497,False
b070_parked/episode_019e3c25-a92e-7824-a264-f1da48b9bd3d/random_walk,55,1.8333333333333333,DT,-44.95853042602539,False
b070_parked/episode_019e3c25-a92e-7824-a264-f1da48b9bd3d/random_walk,55,1.8333333333333333,DINOv2,0.6518591642379761,False
b070_parked/episode_019e3c25-a92e-7824-a264-f1da48b9bd3d/random_walk,55,1.8333333333333333,Robometer success,0.07807816565036774,False
b070_parked/episode_019e3c25-a92e-7824-a264-f1da48b9bd3d/random_walk,111,3.7,DT,-25.68651580810547,False
b070_parked/episode_019e3c25-a92e-7824-a264-f1da48b9bd3d/random_walk,111,3.7,DINOv2,0.7403402924537659,False
b070_parked/episode_019e3c25-a92e-7824-a264-f1da48b9bd3d/random_walk,111,3.7,Robometer success,0.18010666966438293,False
b070_parked/episode_019e3c25-a92e-7824-a264-f1da48b9bd3d/random_walk,166,5.533333333333333,DT,-24.226375579833984,False
b070_parked/episode_019e3c25-a92e-7824-a264-f1da48b9bd3d/random_walk,166,5.533333333333333,DINOv2,0.6018334627151489,False
b070_parked/episode_019e3c25-a92e-7824-a264-f1da48b9bd3d/random_walk,166,5.533333333333333,Robometer success,0.2146914303302765,False
b070_parked/episode_019e3c25-a92e-7824-a264-f1da48b9bd3d/random_walk,222,7.4,DT,-21.023189544677734,False
b070_parked/episode_019e3c25-a92e-7824-a264-f1da48b9bd3d/random_walk,222,7.4,DINOv2,0.6572645306587219,False
b070_parked/episode_019e3c25-a92e-7824-a264-f1da48b9bd3d/random_walk,222,7.4,Robometer success,0.0792103186249733,False
b070_parked/episode_019e3c25-a92e-7824-a264-f1da48b9bd3d/random_walk,277,9.233333333333333,DT,-32.78896713256836,False
b070_parked/episode_019e3c25-a92e-7824-a264-f1da48b9bd3d/random_walk,277,9.233333333333333,DINOv2,0.6625562906265259,False
b070_parked/episode_019e3c25-a92e-7824-a264-f1da48b9bd3d/random_walk,277,9.233333333333333,Robometer success,0.09401018172502518,False
b070_parked/episode_019e3c25-a92e-7824-a264-f1da48b9bd3d/random_walk,333,11.1,DT,-15.050535202026367,False
b070_parked/episode_019e3c25-a92e-7824-a264-f1da48b9bd3d/random_walk,333,11.1,DINOv2,0.5694888234138489,False
b070_parked/episode_019e3c25-a92e-7824-a264-f1da48b9bd3d/random_walk,333,11.1,Robometer success,0.09401018172502518,False
b070_parked/episode_019e3c25-a92e-7824-a264-f1da48b9bd3d/random_walk,388,12.933333333333334,DT,-29.18667221069336,False
b070_parked/episode_019e3c25-a92e-7824-a264-f1da48b9bd3d/random_walk,388,12.933333333333334,DINOv2,0.6961419582366943,False
b070_parked/episode_019e3c25-a92e-7824-a264-f1da48b9bd3d/random_walk,388,12.933333333333334,Robometer success,0.14804719388484955,False
b070_parked/episode_019e3c25-a92e-7824-a264-f1da48b9bd3d/random_walk,444,14.8,DT,-18.886241912841797,False
b070_parked/episode_019e3c25-a92e-7824-a264-f1da48b9bd3d/random_walk,444,14.8,DINOv2,0.7711890935897827,False
b070_parked/episode_019e3c25-a92e-7824-a264-f1da48b9bd3d/random_walk,444,14.8,Robometer success,0.6252092719078064,False
b070_parked/episode_019e3c25-a92e-7824-a264-f1da48b9bd3d/random_walk,499,16.633333333333333,DT,-22.783153533935547,False
b070_parked/episode_019e3c25-a92e-7824-a264-f1da48b9bd3d/random_walk,499,16.633333333333333,DINOv2,0.6404780745506287,False
b070_parked/episode_019e3c25-a92e-7824-a264-f1da48b9bd3d/random_walk,499,16.633333333333333,Robometer success,0.039048291742801666,False
b070_parked/episode_019e3c25-a92e-7824-a264-f1da48b9bd3d/random_walk,554,18.466666666666665,DT,-15.373932838439941,False
b070_parked/episode_019e3c25-a92e-7824-a264-f1da48b9bd3d/random_walk,554,18.466666666666665,DINOv2,0.6618039011955261,False
b070_parked/episode_019e3c25-a92e-7824-a264-f1da48b9bd3d/random_walk,554,18.466666666666665,Robometer success,0.009412589482963085,False
b070_parked/episode_019e3c25-a92e-7824-a264-f1da48b9bd3d/random_walk,578,19.266666666666666,DT,-16.64151382446289,False
b070_parked/episode_019e3c25-a92e-7824-a264-f1da48b9bd3d/random_walk,578,19.266666666666666,DINOv2,0.7197674512863159,False
b070_parked/episode_019e3c25-a92e-7824-a264-f1da48b9bd3d/random_walk,578,19.266666666666666,Robometer success,0.021948253735899925,False
b070_parked/episode_019e3c25-a92e-7824-a264-f1da48b9bd3d/random_walk,608,20.266666666666666,DT,-15.127863883972168,False
b070_parked/episode_019e3c25-a92e-7824-a264-f1da48b9bd3d/random_walk,608,20.266666666666666,DINOv2,0.5832913517951965,False
b070_parked/episode_019e3c25-a92e-7824-a264-f1da48b9bd3d/random_walk,608,20.266666666666666,Robometer success,0.014957086183130741,False
b070_parked/episode_019e3c25-a92e-7824-a264-f1da48b9bd3d/random_walk,610,20.333333333333332,DT,-14.200813293457031,False
b070_parked/episode_019e3c25-a92e-7824-a264-f1da48b9bd3d/random_walk,610,20.333333333333332,DINOv2,0.5993240475654602,False
b070_parked/episode_019e3c25-a92e-7824-a264-f1da48b9bd3d/random_walk,610,20.333333333333332,Robometer success,0.021948253735899925,False
b070_parked/episode_019e3c25-a92e-7824-a264-f1da48b9bd3d/random_walk,665,22.166666666666668,DT,-12.402569770812988,False
b070_parked/episode_019e3c25-a92e-7824-a264-f1da48b9bd3d/random_walk,665,22.166666666666668,DINOv2,0.7253763675689697,False
b070_parked/episode_019e3c25-a92e-7824-a264-f1da48b9bd3d/random_walk,665,22.166666666666668,Robometer success,0.10669060051441193,False
b070_parked/episode_019e3c25-a92e-7824-a264-f1da48b9bd3d/random_walk,721,24.033333333333335,DT,-14.39738941192627,False
b070_parked/episode_019e3c25-a92e-7824-a264-f1da48b9bd3d/random_walk,721,24.033333333333335,DINOv2,0.7197507619857788,False
b070_parked/episode_019e3c25-a92e-7824-a264-f1da48b9bd3d/random_walk,721,24.033333333333335,Robometer success,0.044680867344141006,False
b070_parked/episode_019e3c25-a92e-7824-a264-f1da48b9bd3d/random_walk,776,25.866666666666667,DT,-16.469467163085938,False
b070_parked/episode_019e3c25-a92e-7824-a264-f1da48b9bd3d/random_walk,776,25.866666666666667,DINOv2,0.8006880283355713,False
b070_parked/episode_019e3c25-a92e-7824-a264-f1da48b9bd3d/random_walk,776,25.866666666666667,Robometer success,0.012821214273571968,False
b070_parked/episode_019e3c25-a92e-7824-a264-f1da48b9bd3d/random_walk,832,27.733333333333334,DT,-14.656540870666504,False
b070_parked/episode_019e3c25-a92e-7824-a264-f1da48b9bd3d/random_walk,832,27.733333333333334,DINOv2,0.6943490505218506,False
b070_parked/episode_019e3c25-a92e-7824-a264-f1da48b9bd3d/random_walk,832,27.733333333333334,Robometer success,0.024423090741038322,False
b070_parked/episode_019e3c25-a92e-7824-a264-f1da48b9bd3d/random_walk,887,29.566666666666666,DT,-11.418365478515625,False
b070_parked/episode_019e3c25-a92e-7824-a264-f1da48b9bd3d/random_walk,887,29.566666666666666,DINOv2,0.6691167950630188,False
b070_parked/episode_019e3c25-a92e-7824-a264-f1da48b9bd3d/random_walk,887,29.566666666666666,Robometer success,0.02161533385515213,False
b070_parked/episode_019e3c25-a92e-7824-a264-f1da48b9bd3d/random_walk,947,31.566666666666666,DT,-6.241274833679199,False
b070_parked/episode_019e3c25-a92e-7824-a264-f1da48b9bd3d/random_walk,947,31.566666666666666,DINOv2,0.9526461362838745,False
b070_parked/episode_019e3c25-a92e-7824-a264-f1da48b9bd3d/random_walk,947,31.566666666666666,Robometer success,0.008315778337419033,False
b070_parked/episode_019e3c25-a92e-7824-a264-f1da48b9bd3d/random_walk,1007,33.56666666666667,DT,-7.87584924697876,False
b070_parked/episode_019e3c25-a92e-7824-a264-f1da48b9bd3d/random_walk,1007,33.56666666666667,DINOv2,0.9730815887451172,False
b070_parked/episode_019e3c25-a92e-7824-a264-f1da48b9bd3d/random_walk,1007,33.56666666666667,Robometer success,0.0038244836032390594,False
b070_parked/episode_019e3c25-a92e-7824-a264-f1da48b9bd3d/random_walk,1067,35.56666666666667,DT,-7.665285587310791,False
b070_parked/episode_019e3c25-a92e-7824-a264-f1da48b9bd3d/random_walk,1067,35.56666666666667,DINOv2,0.9737759828567505,False
b070_parked/episode_019e3c25-a92e-7824-a264-f1da48b9bd3d/random_walk,1067,35.56666666666667,Robometer success,0.013636835850775242,False
b070_parked/episode_019e3c25-a92e-7824-a264-f1da48b9bd3d/random_walk,1127,37.56666666666667,DT,-7.032855033874512,False
b070_parked/episode_019e3c25-a92e-7824-a264-f1da48b9bd3d/random_walk,1127,37.56666666666667,DINOv2,0.9743837118148804,False
b070_parked/episode_019e3c25-a92e-7824-a264-f1da48b9bd3d/random_walk,1127,37.56666666666667,Robometer success,0.01590639166533947,False
b070_parked/episode_019e3c25-a92e-7824-a264-f1da48b9bd3d/random_walk,1187,39.56666666666667,DT,-7.59472131729126,True
b070_parked/episode_019e3c25-a92e-7824-a264-f1da48b9bd3d/random_walk,1187,39.56666666666667,DINOv2,0.9734188318252563,True
b070_parked/episode_019e3c25-a92e-7824-a264-f1da48b9bd3d/random_walk,1187,39.56666666666667,Robometer success,0.08151976019144058,True
b090_original/episode_019e3c25-a92e-7824-a264-f1da48b9bd3d/replay_control,0,0.0,DT,-12.820137023925781,False
b090_original/episode_019e3c25-a92e-7824-a264-f1da48b9bd3d/replay_control,0,0.0,DINOv2,0.865858793258667,False
b090_original/episode_019e3c25-a92e-7824-a264-f1da48b9bd3d/replay_control,0,0.0,Robometer success,0.0028009270317852497,False
b090_original/episode_019e3c25-a92e-7824-a264-f1da48b9bd3d/replay_control,55,1.8333333333333333,DT,-44.95853042602539,False
b090_original/episode_019e3c25-a92e-7824-a264-f1da48b9bd3d/replay_control,55,1.8333333333333333,DINOv2,0.6518591642379761,False
b090_original/episode_019e3c25-a92e-7824-a264-f1da48b9bd3d/replay_control,55,1.8333333333333333,Robometer success,0.07807816565036774,False
b090_original/episode_019e3c25-a92e-7824-a264-f1da48b9bd3d/replay_control,111,3.7,DT,-25.68651580810547,False
b090_original/episode_019e3c25-a92e-7824-a264-f1da48b9bd3d/replay_control,111,3.7,DINOv2,0.7403402924537659,False
b090_original/episode_019e3c25-a92e-7824-a264-f1da48b9bd3d/replay_control,111,3.7,Robometer success,0.18010666966438293,False
b090_original/episode_019e3c25-a92e-7824-a264-f1da48b9bd3d/replay_control,166,5.533333333333333,DT,-24.226375579833984,False
b090_original/episode_019e3c25-a92e-7824-a264-f1da48b9bd3d/replay_control,166,5.533333333333333,DINOv2,0.6018334627151489,False
b090_original/episode_019e3c25-a92e-7824-a264-f1da48b9bd3d/replay_control,166,5.533333333333333,Robometer success,0.2146914303302765,False
b090_original/episode_019e3c25-a92e-7824-a264-f1da48b9bd3d/replay_control,222,7.4,DT,-21.023189544677734,False
b090_original/episode_019e3c25-a92e-7824-a264-f1da48b9bd3d/replay_control,222,7.4,DINOv2,0.6572645306587219,False
b090_original/episode_019e3c25-a92e-7824-a264-f1da48b9bd3d/replay_control,222,7.4,Robometer success,0.0792103186249733,False
b090_original/episode_019e3c25-a92e-7824-a264-f1da48b9bd3d/replay_control,277,9.233333333333333,DT,-32.78896713256836,False
b090_original/episode_019e3c25-a92e-7824-a264-f1da48b9bd3d/replay_control,277,9.233333333333333,DINOv2,0.6625562906265259,False
b090_original/episode_019e3c25-a92e-7824-a264-f1da48b9bd3d/replay_control,277,9.233333333333333,Robometer success,0.09401018172502518,False
b090_original/episode_019e3c25-a92e-7824-a264-f1da48b9bd3d/replay_control,333,11.1,DT,-15.050535202026367,False
b090_original/episode_019e3c25-a92e-7824-a264-f1da48b9bd3d/replay_control,333,11.1,DINOv2,0.5694888234138489,False
b090_original/episode_019e3c25-a92e-7824-a264-f1da48b9bd3d/replay_control,333,11.1,Robometer success,0.09401018172502518,False
b090_original/episode_019e3c25-a92e-7824-a264-f1da48b9bd3d/replay_control,388,12.933333333333334,DT,-29.18667221069336,False
b090_original/episode_019e3c25-a92e-7824-a264-f1da48b9bd3d/replay_control,388,12.933333333333334,DINOv2,0.6961419582366943,False
b090_original/episode_019e3c25-a92e-7824-a264-f1da48b9bd3d/replay_control,388,12.933333333333334,Robometer success,0.14804719388484955,False
b090_original/episode_019e3c25-a92e-7824-a264-f1da48b9bd3d/replay_control,444,14.8,DT,-18.886241912841797,False
b090_original/episode_019e3c25-a92e-7824-a264-f1da48b9bd3d/replay_control,444,14.8,DINOv2,0.7711890935897827,False
b090_original/episode_019e3c25-a92e-7824-a264-f1da48b9bd3d/replay_control,444,14.8,Robometer success,0.6252092719078064,False
b090_original/episode_019e3c25-a92e-7824-a264-f1da48b9bd3d/replay_control,499,16.633333333333333,DT,-22.783153533935547,False
b090_original/episode_019e3c25-a92e-7824-a264-f1da48b9bd3d/replay_control,499,16.633333333333333,DINOv2,0.6404780745506287,False
b090_original/episode_019e3c25-a92e-7824-a264-f1da48b9bd3d/replay_control,499,16.633333333333333,Robometer success,0.039048291742801666,False
b090_original/episode_019e3c25-a92e-7824-a264-f1da48b9bd3d/replay_control,554,18.466666666666665,DT,-15.373932838439941,False
b090_original/episode_019e3c25-a92e-7824-a264-f1da48b9bd3d/replay_control,554,18.466666666666665,DINOv2,0.6618039011955261,False
b090_original/episode_019e3c25-a92e-7824-a264-f1da48b9bd3d/replay_control,554,18.466666666666665,Robometer success,0.009412589482963085,False
b090_original/episode_019e3c25-a92e-7824-a264-f1da48b9bd3d/replay_control,610,20.333333333333332,DT,-16.86875343322754,False
b090_original/episode_019e3c25-a92e-7824-a264-f1da48b9bd3d/replay_control,610,20.333333333333332,DINOv2,0.7523484230041504,False
b090_original/episode_019e3c25-a92e-7824-a264-f1da48b9bd3d/replay_control,610,20.333333333333332,Robometer success,0.03358950838446617,False
b090_original/episode_019e3c25-a92e-7824-a264-f1da48b9bd3d/replay_control,665,22.166666666666668,DT,-14.151487350463867,False
b090_original/episode_019e3c25-a92e-7824-a264-f1da48b9bd3d/replay_control,665,22.166666666666668,DINOv2,0.7460950613021851,False
b090_original/episode_019e3c25-a92e-7824-a264-f1da48b9bd3d/replay_control,665,22.166666666666668,Robometer success,0.11596072465181351,False
b090_original/episode_019e3c25-a92e-7824-a264-f1da48b9bd3d/replay_control,721,24.033333333333335,DT,-12.300573348999023,False
b090_original/episode_019e3c25-a92e-7824-a264-f1da48b9bd3d/replay_control,721,24.033333333333335,DINOv2,0.761074423789978,False
b090_original/episode_019e3c25-a92e-7824-a264-f1da48b9bd3d/replay_control,721,24.033333333333335,Robometer success,0.06278920918703079,False
b090_original/episode_019e3c25-a92e-7824-a264-f1da48b9bd3d/replay_control,744,24.8,DT,-10.440759658813477,False
b090_original/episode_019e3c25-a92e-7824-a264-f1da48b9bd3d/replay_control,744,24.8,DINOv2,0.7686009407043457,False
b090_original/episode_019e3c25-a92e-7824-a264-f1da48b9bd3d/replay_control,744,24.8,Robometer success,0.01912403479218483,False
b090_original/episode_019e3c25-a92e-7824-a264-f1da48b9bd3d/replay_control,774,25.8,DT,-5.650845527648926,False
b090_original/episode_019e3c25-a92e-7824-a264-f1da48b9bd3d/replay_control,774,25.8,DINOv2,0.8479551672935486,False
b090_original/episode_019e3c25-a92e-7824-a264-f1da48b9bd3d/replay_control,774,25.8,Robometer success,0.07055959850549698,False
b090_original/episode_019e3c25-a92e-7824-a264-f1da48b9bd3d/replay_control,776,25.866666666666667,DT,-6.064539909362793,False
b090_original/episode_019e3c25-a92e-7824-a264-f1da48b9bd3d/replay_control,776,25.866666666666667,DINOv2,0.826945960521698,False
b090_original/episode_019e3c25-a92e-7824-a264-f1da48b9bd3d/replay_control,776,25.866666666666667,Robometer success,0.23792988061904907,False
b090_original/episode_019e3c25-a92e-7824-a264-f1da48b9bd3d/replay_control,832,27.733333333333334,DT,-1.762405276298523,False
b090_original/episode_019e3c25-a92e-7824-a264-f1da48b9bd3d/replay_control,832,27.733333333333334,DINOv2,0.998265266418457,False
b090_original/episode_019e3c25-a92e-7824-a264-f1da48b9bd3d/replay_control,832,27.733333333333334,Robometer success,0.02262919954955578,False
b090_original/episode_019e3c25-a92e-7824-a264-f1da48b9bd3d/replay_control,887,29.566666666666666,DT,-1.8061175346374512,True
b090_original/episode_019e3c25-a92e-7824-a264-f1da48b9bd3d/replay_control,887,29.566666666666666,DINOv2,0.9978009462356567,True
b090_original/episode_019e3c25-a92e-7824-a264-f1da48b9bd3d/replay_control,887,29.566666666666666,Robometer success,0.034100424498319626,True
b090_original/episode_019e3c25-a92e-7824-a264-f1da48b9bd3d/hold,0,0.0,DT,-12.820137023925781,False
b090_original/episode_019e3c25-a92e-7824-a264-f1da48b9bd3d/hold,0,0.0,DINOv2,0.865858793258667,False
b090_original/episode_019e3c25-a92e-7824-a264-f1da48b9bd3d/hold,0,0.0,Robometer success,0.0028009270317852497,False
b090_original/episode_019e3c25-a92e-7824-a264-f1da48b9bd3d/hold,55,1.8333333333333333,DT,-44.95853042602539,False
b090_original/episode_019e3c25-a92e-7824-a264-f1da48b9bd3d/hold,55,1.8333333333333333,DINOv2,0.6518591642379761,False
b090_original/episode_019e3c25-a92e-7824-a264-f1da48b9bd3d/hold,55,1.8333333333333333,Robometer success,0.07807816565036774,False
b090_original/episode_019e3c25-a92e-7824-a264-f1da48b9bd3d/hold,111,3.7,DT,-25.68651580810547,False
b090_original/episode_019e3c25-a92e-7824-a264-f1da48b9bd3d/hold,111,3.7,DINOv2,0.7403402924537659,False
b090_original/episode_019e3c25-a92e-7824-a264-f1da48b9bd3d/hold,111,3.7,Robometer success,0.18010666966438293,False
b090_original/episode_019e3c25-a92e-7824-a264-f1da48b9bd3d/hold,166,5.533333333333333,DT,-24.226375579833984,False
b090_original/episode_019e3c25-a92e-7824-a264-f1da48b9bd3d/hold,166,5.533333333333333,DINOv2,0.6018334627151489,False
b090_original/episode_019e3c25-a92e-7824-a264-f1da48b9bd3d/hold,166,5.533333333333333,Robometer success,0.2146914303302765,False
b090_original/episode_019e3c25-a92e-7824-a264-f1da48b9bd3d/hold,222,7.4,DT,-21.023189544677734,False
b090_original/episode_019e3c25-a92e-7824-a264-f1da48b9bd3d/hold,222,7.4,DINOv2,0.6572645306587219,False
b090_original/episode_019e3c25-a92e-7824-a264-f1da48b9bd3d/hold,222,7.4,Robometer success,0.0792103186249733,False
b090_original/episode_019e3c25-a92e-7824-a264-f1da48b9bd3d/hold,277,9.233333333333333,DT,-32.78896713256836,False
b090_original/episode_019e3c25-a92e-7824-a264-f1da48b9bd3d/hold,277,9.233333333333333,DINOv2,0.6625562906265259,False
b090_original/episode_019e3c25-a92e-7824-a264-f1da48b9bd3d/hold,277,9.233333333333333,Robometer success,0.09401018172502518,False
b090_original/episode_019e3c25-a92e-7824-a264-f1da48b9bd3d/hold,333,11.1,DT,-15.050535202026367,False
b090_original/episode_019e3c25-a92e-7824-a264-f1da48b9bd3d/hold,333,11.1,DINOv2,0.5694888234138489,False
b090_original/episode_019e3c25-a92e-7824-a264-f1da48b9bd3d/hold,333,11.1,Robometer success,0.09401018172502518,False
b090_original/episode_019e3c25-a92e-7824-a264-f1da48b9bd3d/hold,388,12.933333333333334,DT,-29.18667221069336,False
b090_original/episode_019e3c25-a92e-7824-a264-f1da48b9bd3d/hold,388,12.933333333333334,DINOv2,0.6961419582366943,False
b090_original/episode_019e3c25-a92e-7824-a264-f1da48b9bd3d/hold,388,12.933333333333334,Robometer success,0.14804719388484955,False
b090_original/episode_019e3c25-a92e-7824-a264-f1da48b9bd3d/hold,444,14.8,DT,-18.886241912841797,False
b090_original/episode_019e3c25-a92e-7824-a264-f1da48b9bd3d/hold,444,14.8,DINOv2,0.7711890935897827,False
b090_original/episode_019e3c25-a92e-7824-a264-f1da48b9bd3d/hold,444,14.8,Robometer success,0.6252092719078064,False
b090_original/episode_019e3c25-a92e-7824-a264-f1da48b9bd3d/hold,499,16.633333333333333,DT,-22.783153533935547,False
b090_original/episode_019e3c25-a92e-7824-a264-f1da48b9bd3d/hold,499,16.633333333333333,DINOv2,0.6404780745506287,False
b090_original/episode_019e3c25-a92e-7824-a264-f1da48b9bd3d/hold,499,16.633333333333333,Robometer success,0.039048291742801666,False
b090_original/episode_019e3c25-a92e-7824-a264-f1da48b9bd3d/hold,554,18.466666666666665,DT,-15.373932838439941,False
b090_original/episode_019e3c25-a92e-7824-a264-f1da48b9bd3d/hold,554,18.466666666666665,DINOv2,0.6618039011955261,False
b090_original/episode_019e3c25-a92e-7824-a264-f1da48b9bd3d/hold,554,18.466666666666665,Robometer success,0.009412589482963085,False
b090_original/episode_019e3c25-a92e-7824-a264-f1da48b9bd3d/hold,610,20.333333333333332,DT,-16.86875343322754,False
b090_original/episode_019e3c25-a92e-7824-a264-f1da48b9bd3d/hold,610,20.333333333333332,DINOv2,0.7523484230041504,False
b090_original/episode_019e3c25-a92e-7824-a264-f1da48b9bd3d/hold,610,20.333333333333332,Robometer success,0.03358950838446617,False
b090_original/episode_019e3c25-a92e-7824-a264-f1da48b9bd3d/hold,665,22.166666666666668,DT,-14.151487350463867,False
b090_original/episode_019e3c25-a92e-7824-a264-f1da48b9bd3d/hold,665,22.166666666666668,DINOv2,0.7460950613021851,False
b090_original/episode_019e3c25-a92e-7824-a264-f1da48b9bd3d/hold,665,22.166666666666668,Robometer success,0.11596072465181351,False
b090_original/episode_019e3c25-a92e-7824-a264-f1da48b9bd3d/hold,721,24.033333333333335,DT,-12.300573348999023,False
b090_original/episode_019e3c25-a92e-7824-a264-f1da48b9bd3d/hold,721,24.033333333333335,DINOv2,0.761074423789978,False
b090_original/episode_019e3c25-a92e-7824-a264-f1da48b9bd3d/hold,721,24.033333333333335,Robometer success,0.06278920918703079,False
b090_original/episode_019e3c25-a92e-7824-a264-f1da48b9bd3d/hold,744,24.8,DT,-10.440759658813477,False
b090_original/episode_019e3c25-a92e-7824-a264-f1da48b9bd3d/hold,744,24.8,DINOv2,0.7686009407043457,False
b090_original/episode_019e3c25-a92e-7824-a264-f1da48b9bd3d/hold,744,24.8,Robometer success,0.01912403479218483,False
b090_original/episode_019e3c25-a92e-7824-a264-f1da48b9bd3d/hold,774,25.8,DT,-11.092438697814941,False
b090_original/episode_019e3c25-a92e-7824-a264-f1da48b9bd3d/hold,774,25.8,DINOv2,0.7618681788444519,False
b090_original/episode_019e3c25-a92e-7824-a264-f1da48b9bd3d/hold,774,25.8,Robometer success,0.052618950605392456,False
b090_original/episode_019e3c25-a92e-7824-a264-f1da48b9bd3d/hold,776,25.866666666666667,DT,-11.57313346862793,False
b090_original/episode_019e3c25-a92e-7824-a264-f1da48b9bd3d/hold,776,25.866666666666667,DINOv2,0.7643720507621765,False
b090_original/episode_019e3c25-a92e-7824-a264-f1da48b9bd3d/hold,776,25.866666666666667,Robometer success,0.08756384253501892,False
b090_original/episode_019e3c25-a92e-7824-a264-f1da48b9bd3d/hold,832,27.733333333333334,DT,-10.215129852294922,False
b090_original/episode_019e3c25-a92e-7824-a264-f1da48b9bd3d/hold,832,27.733333333333334,DINOv2,0.7697621583938599,False
b090_original/episode_019e3c25-a92e-7824-a264-f1da48b9bd3d/hold,832,27.733333333333334,Robometer success,0.020332353189587593,False
b090_original/episode_019e3c25-a92e-7824-a264-f1da48b9bd3d/hold,887,29.566666666666666,DT,-10.560625076293945,True
b090_original/episode_019e3c25-a92e-7824-a264-f1da48b9bd3d/hold,887,29.566666666666666,DINOv2,0.7743581533432007,True
b090_original/episode_019e3c25-a92e-7824-a264-f1da48b9bd3d/hold,887,29.566666666666666,Robometer success,0.05582314357161522,True
b090_original/episode_019e3c25-a92e-7824-a264-f1da48b9bd3d/random_walk,0,0.0,DT,-12.820137023925781,False
b090_original/episode_019e3c25-a92e-7824-a264-f1da48b9bd3d/random_walk,0,0.0,DINOv2,0.865858793258667,False
b090_original/episode_019e3c25-a92e-7824-a264-f1da48b9bd3d/random_walk,0,0.0,Robometer success,0.0028009270317852497,False
b090_original/episode_019e3c25-a92e-7824-a264-f1da48b9bd3d/random_walk,55,1.8333333333333333,DT,-44.95853042602539,False
b090_original/episode_019e3c25-a92e-7824-a264-f1da48b9bd3d/random_walk,55,1.8333333333333333,DINOv2,0.6518591642379761,False
b090_original/episode_019e3c25-a92e-7824-a264-f1da48b9bd3d/random_walk,55,1.8333333333333333,Robometer success,0.07807816565036774,False
b090_original/episode_019e3c25-a92e-7824-a264-f1da48b9bd3d/random_walk,111,3.7,DT,-25.68651580810547,False
b090_original/episode_019e3c25-a92e-7824-a264-f1da48b9bd3d/random_walk,111,3.7,DINOv2,0.7403402924537659,False
b090_original/episode_019e3c25-a92e-7824-a264-f1da48b9bd3d/random_walk,111,3.7,Robometer success,0.18010666966438293,False
b090_original/episode_019e3c25-a92e-7824-a264-f1da48b9bd3d/random_walk,166,5.533333333333333,DT,-24.226375579833984,False
b090_original/episode_019e3c25-a92e-7824-a264-f1da48b9bd3d/random_walk,166,5.533333333333333,DINOv2,0.6018334627151489,False
b090_original/episode_019e3c25-a92e-7824-a264-f1da48b9bd3d/random_walk,166,5.533333333333333,Robometer success,0.2146914303302765,False
b090_original/episode_019e3c25-a92e-7824-a264-f1da48b9bd3d/random_walk,222,7.4,DT,-21.023189544677734,False
b090_original/episode_019e3c25-a92e-7824-a264-f1da48b9bd3d/random_walk,222,7.4,DINOv2,0.6572645306587219,False
b090_original/episode_019e3c25-a92e-7824-a264-f1da48b9bd3d/random_walk,222,7.4,Robometer success,0.0792103186249733,False
b090_original/episode_019e3c25-a92e-7824-a264-f1da48b9bd3d/random_walk,277,9.233333333333333,DT,-32.78896713256836,False
b090_original/episode_019e3c25-a92e-7824-a264-f1da48b9bd3d/random_walk,277,9.233333333333333,DINOv2,0.6625562906265259,False
b090_original/episode_019e3c25-a92e-7824-a264-f1da48b9bd3d/random_walk,277,9.233333333333333,Robometer success,0.09401018172502518,False
b090_original/episode_019e3c25-a92e-7824-a264-f1da48b9bd3d/random_walk,333,11.1,DT,-15.050535202026367,False
b090_original/episode_019e3c25-a92e-7824-a264-f1da48b9bd3d/random_walk,333,11.1,DINOv2,0.5694888234138489,False
b090_original/episode_019e3c25-a92e-7824-a264-f1da48b9bd3d/random_walk,333,11.1,Robometer success,0.09401018172502518,False
b090_original/episode_019e3c25-a92e-7824-a264-f1da48b9bd3d/random_walk,388,12.933333333333334,DT,-29.18667221069336,False
b090_original/episode_019e3c25-a92e-7824-a264-f1da48b9bd3d/random_walk,388,12.933333333333334,DINOv2,0.6961419582366943,False
b090_original/episode_019e3c25-a92e-7824-a264-f1da48b9bd3d/random_walk,388,12.933333333333334,Robometer success,0.14804719388484955,False
b090_original/episode_019e3c25-a92e-7824-a264-f1da48b9bd3d/random_walk,444,14.8,DT,-18.886241912841797,False
b090_original/episode_019e3c25-a92e-7824-a264-f1da48b9bd3d/random_walk,444,14.8,DINOv2,0.7711890935897827,False
b090_original/episode_019e3c25-a92e-7824-a264-f1da48b9bd3d/random_walk,444,14.8,Robometer success,0.6252092719078064,False
b090_original/episode_019e3c25-a92e-7824-a264-f1da48b9bd3d/random_walk,499,16.633333333333333,DT,-22.783153533935547,False
b090_original/episode_019e3c25-a92e-7824-a264-f1da48b9bd3d/random_walk,499,16.633333333333333,DINOv2,0.6404780745506287,False
b090_original/episode_019e3c25-a92e-7824-a264-f1da48b9bd3d/random_walk,499,16.633333333333333,Robometer success,0.039048291742801666,False
b090_original/episode_019e3c25-a92e-7824-a264-f1da48b9bd3d/random_walk,554,18.466666666666665,DT,-15.373932838439941,False
b090_original/episode_019e3c25-a92e-7824-a264-f1da48b9bd3d/random_walk,554,18.466666666666665,DINOv2,0.6618039011955261,False
b090_original/episode_019e3c25-a92e-7824-a264-f1da48b9bd3d/random_walk,554,18.466666666666665,Robometer success,0.009412589482963085,False
b090_original/episode_019e3c25-a92e-7824-a264-f1da48b9bd3d/random_walk,610,20.333333333333332,DT,-16.86875343322754,False
b090_original/episode_019e3c25-a92e-7824-a264-f1da48b9bd3d/random_walk,610,20.333333333333332,DINOv2,0.7523484230041504,False
b090_original/episode_019e3c25-a92e-7824-a264-f1da48b9bd3d/random_walk,610,20.333333333333332,Robometer success,0.03358950838446617,False
b090_original/episode_019e3c25-a92e-7824-a264-f1da48b9bd3d/random_walk,665,22.166666666666668,DT,-14.151487350463867,False
b090_original/episode_019e3c25-a92e-7824-a264-f1da48b9bd3d/random_walk,665,22.166666666666668,DINOv2,0.7460950613021851,False
b090_original/episode_019e3c25-a92e-7824-a264-f1da48b9bd3d/random_walk,665,22.166666666666668,Robometer success,0.11596072465181351,False
b090_original/episode_019e3c25-a92e-7824-a264-f1da48b9bd3d/random_walk,721,24.033333333333335,DT,-12.300573348999023,False
b090_original/episode_019e3c25-a92e-7824-a264-f1da48b9bd3d/random_walk,721,24.033333333333335,DINOv2,0.761074423789978,False
b090_original/episode_019e3c25-a92e-7824-a264-f1da48b9bd3d/random_walk,721,24.033333333333335,Robometer success,0.06278920918703079,False
b090_original/episode_019e3c25-a92e-7824-a264-f1da48b9bd3d/random_walk,744,24.8,DT,-10.440759658813477,False
b090_original/episode_019e3c25-a92e-7824-a264-f1da48b9bd3d/random_walk,744,24.8,DINOv2,0.7686009407043457,False
b090_original/episode_019e3c25-a92e-7824-a264-f1da48b9bd3d/random_walk,744,24.8,Robometer success,0.01912403479218483,False
b090_original/episode_019e3c25-a92e-7824-a264-f1da48b9bd3d/random_walk,774,25.8,DT,-10.00879192352295,False
b090_original/episode_019e3c25-a92e-7824-a264-f1da48b9bd3d/random_walk,774,25.8,DINOv2,0.7148028016090393,False
b090_original/episode_019e3c25-a92e-7824-a264-f1da48b9bd3d/random_walk,774,25.8,Robometer success,0.07696083933115005,False
b090_original/episode_019e3c25-a92e-7824-a264-f1da48b9bd3d/random_walk,776,25.866666666666667,DT,-10.687295913696289,False
b090_original/episode_019e3c25-a92e-7824-a264-f1da48b9bd3d/random_walk,776,25.866666666666667,DINOv2,0.7065763473510742,False
b090_original/episode_019e3c25-a92e-7824-a264-f1da48b9bd3d/random_walk,776,25.866666666666667,Robometer success,0.13477590680122375,False
b090_original/episode_019e3c25-a92e-7824-a264-f1da48b9bd3d/random_walk,832,27.733333333333334,DT,-11.420943260192871,False
b090_original/episode_019e3c25-a92e-7824-a264-f1da48b9bd3d/random_walk,832,27.733333333333334,DINOv2,0.7554693818092346,False
b090_original/episode_019e3c25-a92e-7824-a264-f1da48b9bd3d/random_walk,832,27.733333333333334,Robometer success,0.0384661927819252,False
b090_original/episode_019e3c25-a92e-7824-a264-f1da48b9bd3d/random_walk,887,29.566666666666666,DT,-9.07009220123291,True
b090_original/episode_019e3c25-a92e-7824-a264-f1da48b9bd3d/random_walk,887,29.566666666666666,DINOv2,0.8441951870918274,True
b090_original/episode_019e3c25-a92e-7824-a264-f1da48b9bd3d/random_walk,887,29.566666666666666,Robometer success,0.037892427295446396,True
b090_parked/episode_019e3c25-a92e-7824-a264-f1da48b9bd3d/replay_control,0,0.0,DT,-12.820137023925781,False
b090_parked/episode_019e3c25-a92e-7824-a264-f1da48b9bd3d/replay_control,0,0.0,DINOv2,0.865858793258667,False
b090_parked/episode_019e3c25-a92e-7824-a264-f1da48b9bd3d/replay_control,0,0.0,Robometer success,0.0028009270317852497,False
b090_parked/episode_019e3c25-a92e-7824-a264-f1da48b9bd3d/replay_control,55,1.8333333333333333,DT,-44.95853042602539,False
b090_parked/episode_019e3c25-a92e-7824-a264-f1da48b9bd3d/replay_control,55,1.8333333333333333,DINOv2,0.6518591642379761,False
b090_parked/episode_019e3c25-a92e-7824-a264-f1da48b9bd3d/replay_control,55,1.8333333333333333,Robometer success,0.07807816565036774,False
b090_parked/episode_019e3c25-a92e-7824-a264-f1da48b9bd3d/replay_control,111,3.7,DT,-25.68651580810547,False
b090_parked/episode_019e3c25-a92e-7824-a264-f1da48b9bd3d/replay_control,111,3.7,DINOv2,0.7403402924537659,False
b090_parked/episode_019e3c25-a92e-7824-a264-f1da48b9bd3d/replay_control,111,3.7,Robometer success,0.18010666966438293,False
b090_parked/episode_019e3c25-a92e-7824-a264-f1da48b9bd3d/replay_control,166,5.533333333333333,DT,-24.226375579833984,False
b090_parked/episode_019e3c25-a92e-7824-a264-f1da48b9bd3d/replay_control,166,5.533333333333333,DINOv2,0.6018334627151489,False
b090_parked/episode_019e3c25-a92e-7824-a264-f1da48b9bd3d/replay_control,166,5.533333333333333,Robometer success,0.2146914303302765,False
b090_parked/episode_019e3c25-a92e-7824-a264-f1da48b9bd3d/replay_control,222,7.4,DT,-21.023189544677734,False
b090_parked/episode_019e3c25-a92e-7824-a264-f1da48b9bd3d/replay_control,222,7.4,DINOv2,0.6572645306587219,False
b090_parked/episode_019e3c25-a92e-7824-a264-f1da48b9bd3d/replay_control,222,7.4,Robometer success,0.0792103186249733,False
b090_parked/episode_019e3c25-a92e-7824-a264-f1da48b9bd3d/replay_control,277,9.233333333333333,DT,-32.78896713256836,False
b090_parked/episode_019e3c25-a92e-7824-a264-f1da48b9bd3d/replay_control,277,9.233333333333333,DINOv2,0.6625562906265259,False
b090_parked/episode_019e3c25-a92e-7824-a264-f1da48b9bd3d/replay_control,277,9.233333333333333,Robometer success,0.09401018172502518,False
b090_parked/episode_019e3c25-a92e-7824-a264-f1da48b9bd3d/replay_control,333,11.1,DT,-15.050535202026367,False
b090_parked/episode_019e3c25-a92e-7824-a264-f1da48b9bd3d/replay_control,333,11.1,DINOv2,0.5694888234138489,False
b090_parked/episode_019e3c25-a92e-7824-a264-f1da48b9bd3d/replay_control,333,11.1,Robometer success,0.09401018172502518,False
b090_parked/episode_019e3c25-a92e-7824-a264-f1da48b9bd3d/replay_control,388,12.933333333333334,DT,-29.18667221069336,False
b090_parked/episode_019e3c25-a92e-7824-a264-f1da48b9bd3d/replay_control,388,12.933333333333334,DINOv2,0.6961419582366943,False
b090_parked/episode_019e3c25-a92e-7824-a264-f1da48b9bd3d/replay_control,388,12.933333333333334,Robometer success,0.14804719388484955,False
b090_parked/episode_019e3c25-a92e-7824-a264-f1da48b9bd3d/replay_control,444,14.8,DT,-18.886241912841797,False
b090_parked/episode_019e3c25-a92e-7824-a264-f1da48b9bd3d/replay_control,444,14.8,DINOv2,0.7711890935897827,False
b090_parked/episode_019e3c25-a92e-7824-a264-f1da48b9bd3d/replay_control,444,14.8,Robometer success,0.6252092719078064,False
b090_parked/episode_019e3c25-a92e-7824-a264-f1da48b9bd3d/replay_control,499,16.633333333333333,DT,-22.783153533935547,False
b090_parked/episode_019e3c25-a92e-7824-a264-f1da48b9bd3d/replay_control,499,16.633333333333333,DINOv2,0.6404780745506287,False
b090_parked/episode_019e3c25-a92e-7824-a264-f1da48b9bd3d/replay_control,499,16.633333333333333,Robometer success,0.039048291742801666,False
b090_parked/episode_019e3c25-a92e-7824-a264-f1da48b9bd3d/replay_control,554,18.466666666666665,DT,-15.373932838439941,False
b090_parked/episode_019e3c25-a92e-7824-a264-f1da48b9bd3d/replay_control,554,18.466666666666665,DINOv2,0.6618039011955261,False
b090_parked/episode_019e3c25-a92e-7824-a264-f1da48b9bd3d/replay_control,554,18.466666666666665,Robometer success,0.009412589482963085,False
b090_parked/episode_019e3c25-a92e-7824-a264-f1da48b9bd3d/replay_control,610,20.333333333333332,DT,-16.86875343322754,False
b090_parked/episode_019e3c25-a92e-7824-a264-f1da48b9bd3d/replay_control,610,20.333333333333332,DINOv2,0.7523484230041504,False
b090_parked/episode_019e3c25-a92e-7824-a264-f1da48b9bd3d/replay_control,610,20.333333333333332,Robometer success,0.03358950838446617,False
b090_parked/episode_019e3c25-a92e-7824-a264-f1da48b9bd3d/replay_control,665,22.166666666666668,DT,-14.151487350463867,False
b090_parked/episode_019e3c25-a92e-7824-a264-f1da48b9bd3d/replay_control,665,22.166666666666668,DINOv2,0.7460950613021851,False
b090_parked/episode_019e3c25-a92e-7824-a264-f1da48b9bd3d/replay_control,665,22.166666666666668,Robometer success,0.11596072465181351,False
b090_parked/episode_019e3c25-a92e-7824-a264-f1da48b9bd3d/replay_control,721,24.033333333333335,DT,-12.300573348999023,False
b090_parked/episode_019e3c25-a92e-7824-a264-f1da48b9bd3d/replay_control,721,24.033333333333335,DINOv2,0.761074423789978,False
b090_parked/episode_019e3c25-a92e-7824-a264-f1da48b9bd3d/replay_control,721,24.033333333333335,Robometer success,0.06278920918703079,False
b090_parked/episode_019e3c25-a92e-7824-a264-f1da48b9bd3d/replay_control,744,24.8,DT,-10.440759658813477,False
b090_parked/episode_019e3c25-a92e-7824-a264-f1da48b9bd3d/replay_control,744,24.8,DINOv2,0.7686009407043457,False
b090_parked/episode_019e3c25-a92e-7824-a264-f1da48b9bd3d/replay_control,744,24.8,Robometer success,0.01912403479218483,False
b090_parked/episode_019e3c25-a92e-7824-a264-f1da48b9bd3d/replay_control,774,25.8,DT,-5.650845527648926,False
b090_parked/episode_019e3c25-a92e-7824-a264-f1da48b9bd3d/replay_control,774,25.8,DINOv2,0.8479551672935486,False
b090_parked/episode_019e3c25-a92e-7824-a264-f1da48b9bd3d/replay_control,774,25.8,Robometer success,0.07055959850549698,False
b090_parked/episode_019e3c25-a92e-7824-a264-f1da48b9bd3d/replay_control,776,25.866666666666667,DT,-6.064539909362793,False
b090_parked/episode_019e3c25-a92e-7824-a264-f1da48b9bd3d/replay_control,776,25.866666666666667,DINOv2,0.826945960521698,False
b090_parked/episode_019e3c25-a92e-7824-a264-f1da48b9bd3d/replay_control,776,25.866666666666667,Robometer success,0.23792988061904907,False
b090_parked/episode_019e3c25-a92e-7824-a264-f1da48b9bd3d/replay_control,832,27.733333333333334,DT,-1.762405276298523,False
b090_parked/episode_019e3c25-a92e-7824-a264-f1da48b9bd3d/replay_control,832,27.733333333333334,DINOv2,0.998265266418457,False
b090_parked/episode_019e3c25-a92e-7824-a264-f1da48b9bd3d/replay_control,832,27.733333333333334,Robometer success,0.02262919954955578,False
b090_parked/episode_019e3c25-a92e-7824-a264-f1da48b9bd3d/replay_control,887,29.566666666666666,DT,-1.8061175346374512,False
b090_parked/episode_019e3c25-a92e-7824-a264-f1da48b9bd3d/replay_control,887,29.566666666666666,DINOv2,0.9978009462356567,False
b090_parked/episode_019e3c25-a92e-7824-a264-f1da48b9bd3d/replay_control,887,29.566666666666666,Robometer success,0.034100424498319626,False
b090_parked/episode_019e3c25-a92e-7824-a264-f1da48b9bd3d/replay_control,947,31.566666666666666,DT,-1.849372386932373,False
b090_parked/episode_019e3c25-a92e-7824-a264-f1da48b9bd3d/replay_control,947,31.566666666666666,DINOv2,0.999256432056427,False
b090_parked/episode_019e3c25-a92e-7824-a264-f1da48b9bd3d/replay_control,947,31.566666666666666,Robometer success,0.03622005507349968,False
b090_parked/episode_019e3c25-a92e-7824-a264-f1da48b9bd3d/replay_control,1007,33.56666666666667,DT,-1.930059790611267,False
b090_parked/episode_019e3c25-a92e-7824-a264-f1da48b9bd3d/replay_control,1007,33.56666666666667,DINOv2,0.999689519405365,False
b090_parked/episode_019e3c25-a92e-7824-a264-f1da48b9bd3d/replay_control,1007,33.56666666666667,Robometer success,0.04603390023112297,False
b090_parked/episode_019e3c25-a92e-7824-a264-f1da48b9bd3d/replay_control,1067,35.56666666666667,DT,-1.8360095024108887,False
b090_parked/episode_019e3c25-a92e-7824-a264-f1da48b9bd3d/replay_control,1067,35.56666666666667,DINOv2,0.9996834993362427,False
b090_parked/episode_019e3c25-a92e-7824-a264-f1da48b9bd3d/replay_control,1067,35.56666666666667,Robometer success,0.03358950838446617,False
b090_parked/episode_019e3c25-a92e-7824-a264-f1da48b9bd3d/replay_control,1127,37.56666666666667,DT,-2.0528502464294434,False
b090_parked/episode_019e3c25-a92e-7824-a264-f1da48b9bd3d/replay_control,1127,37.56666666666667,DINOv2,0.9997752904891968,False
b090_parked/episode_019e3c25-a92e-7824-a264-f1da48b9bd3d/replay_control,1127,37.56666666666667,Robometer success,0.03021458350121975,False
b090_parked/episode_019e3c25-a92e-7824-a264-f1da48b9bd3d/replay_control,1187,39.56666666666667,DT,-2.113908052444458,True
b090_parked/episode_019e3c25-a92e-7824-a264-f1da48b9bd3d/replay_control,1187,39.56666666666667,DINOv2,0.999759316444397,True
b090_parked/episode_019e3c25-a92e-7824-a264-f1da48b9bd3d/replay_control,1187,39.56666666666667,Robometer success,0.22000710666179657,True
b090_parked/episode_019e3c25-a92e-7824-a264-f1da48b9bd3d/hold,0,0.0,DT,-12.820137023925781,False
b090_parked/episode_019e3c25-a92e-7824-a264-f1da48b9bd3d/hold,0,0.0,DINOv2,0.865858793258667,False
b090_parked/episode_019e3c25-a92e-7824-a264-f1da48b9bd3d/hold,0,0.0,Robometer success,0.0028009270317852497,False
b090_parked/episode_019e3c25-a92e-7824-a264-f1da48b9bd3d/hold,55,1.8333333333333333,DT,-44.95853042602539,False
b090_parked/episode_019e3c25-a92e-7824-a264-f1da48b9bd3d/hold,55,1.8333333333333333,DINOv2,0.6518591642379761,False
b090_parked/episode_019e3c25-a92e-7824-a264-f1da48b9bd3d/hold,55,1.8333333333333333,Robometer success,0.07807816565036774,False
b090_parked/episode_019e3c25-a92e-7824-a264-f1da48b9bd3d/hold,111,3.7,DT,-25.68651580810547,False
b090_parked/episode_019e3c25-a92e-7824-a264-f1da48b9bd3d/hold,111,3.7,DINOv2,0.7403402924537659,False
b090_parked/episode_019e3c25-a92e-7824-a264-f1da48b9bd3d/hold,111,3.7,Robometer success,0.18010666966438293,False
b090_parked/episode_019e3c25-a92e-7824-a264-f1da48b9bd3d/hold,166,5.533333333333333,DT,-24.226375579833984,False
b090_parked/episode_019e3c25-a92e-7824-a264-f1da48b9bd3d/hold,166,5.533333333333333,DINOv2,0.6018334627151489,False
b090_parked/episode_019e3c25-a92e-7824-a264-f1da48b9bd3d/hold,166,5.533333333333333,Robometer success,0.2146914303302765,False
b090_parked/episode_019e3c25-a92e-7824-a264-f1da48b9bd3d/hold,222,7.4,DT,-21.023189544677734,False
b090_parked/episode_019e3c25-a92e-7824-a264-f1da48b9bd3d/hold,222,7.4,DINOv2,0.6572645306587219,False
b090_parked/episode_019e3c25-a92e-7824-a264-f1da48b9bd3d/hold,222,7.4,Robometer success,0.0792103186249733,False
b090_parked/episode_019e3c25-a92e-7824-a264-f1da48b9bd3d/hold,277,9.233333333333333,DT,-32.78896713256836,False
b090_parked/episode_019e3c25-a92e-7824-a264-f1da48b9bd3d/hold,277,9.233333333333333,DINOv2,0.6625562906265259,False
b090_parked/episode_019e3c25-a92e-7824-a264-f1da48b9bd3d/hold,277,9.233333333333333,Robometer success,0.09401018172502518,False
b090_parked/episode_019e3c25-a92e-7824-a264-f1da48b9bd3d/hold,333,11.1,DT,-15.050535202026367,False
b090_parked/episode_019e3c25-a92e-7824-a264-f1da48b9bd3d/hold,333,11.1,DINOv2,0.5694888234138489,False
b090_parked/episode_019e3c25-a92e-7824-a264-f1da48b9bd3d/hold,333,11.1,Robometer success,0.09401018172502518,False
b090_parked/episode_019e3c25-a92e-7824-a264-f1da48b9bd3d/hold,388,12.933333333333334,DT,-29.18667221069336,False
b090_parked/episode_019e3c25-a92e-7824-a264-f1da48b9bd3d/hold,388,12.933333333333334,DINOv2,0.6961419582366943,False
b090_parked/episode_019e3c25-a92e-7824-a264-f1da48b9bd3d/hold,388,12.933333333333334,Robometer success,0.14804719388484955,False
b090_parked/episode_019e3c25-a92e-7824-a264-f1da48b9bd3d/hold,444,14.8,DT,-18.886241912841797,False
b090_parked/episode_019e3c25-a92e-7824-a264-f1da48b9bd3d/hold,444,14.8,DINOv2,0.7711890935897827,False
b090_parked/episode_019e3c25-a92e-7824-a264-f1da48b9bd3d/hold,444,14.8,Robometer success,0.6252092719078064,False
b090_parked/episode_019e3c25-a92e-7824-a264-f1da48b9bd3d/hold,499,16.633333333333333,DT,-22.783153533935547,False
b090_parked/episode_019e3c25-a92e-7824-a264-f1da48b9bd3d/hold,499,16.633333333333333,DINOv2,0.6404780745506287,False
b090_parked/episode_019e3c25-a92e-7824-a264-f1da48b9bd3d/hold,499,16.633333333333333,Robometer success,0.039048291742801666,False
b090_parked/episode_019e3c25-a92e-7824-a264-f1da48b9bd3d/hold,554,18.466666666666665,DT,-15.373932838439941,False
b090_parked/episode_019e3c25-a92e-7824-a264-f1da48b9bd3d/hold,554,18.466666666666665,DINOv2,0.6618039011955261,False
b090_parked/episode_019e3c25-a92e-7824-a264-f1da48b9bd3d/hold,554,18.466666666666665,Robometer success,0.009412589482963085,False
b090_parked/episode_019e3c25-a92e-7824-a264-f1da48b9bd3d/hold,610,20.333333333333332,DT,-16.86875343322754,False
b090_parked/episode_019e3c25-a92e-7824-a264-f1da48b9bd3d/hold,610,20.333333333333332,DINOv2,0.7523484230041504,False
b090_parked/episode_019e3c25-a92e-7824-a264-f1da48b9bd3d/hold,610,20.333333333333332,Robometer success,0.03358950838446617,False
b090_parked/episode_019e3c25-a92e-7824-a264-f1da48b9bd3d/hold,665,22.166666666666668,DT,-14.151487350463867,False
b090_parked/episode_019e3c25-a92e-7824-a264-f1da48b9bd3d/hold,665,22.166666666666668,DINOv2,0.7460950613021851,False
b090_parked/episode_019e3c25-a92e-7824-a264-f1da48b9bd3d/hold,665,22.166666666666668,Robometer success,0.11596072465181351,False
b090_parked/episode_019e3c25-a92e-7824-a264-f1da48b9bd3d/hold,721,24.033333333333335,DT,-12.300573348999023,False
b090_parked/episode_019e3c25-a92e-7824-a264-f1da48b9bd3d/hold,721,24.033333333333335,DINOv2,0.761074423789978,False
b090_parked/episode_019e3c25-a92e-7824-a264-f1da48b9bd3d/hold,721,24.033333333333335,Robometer success,0.06278920918703079,False
b090_parked/episode_019e3c25-a92e-7824-a264-f1da48b9bd3d/hold,744,24.8,DT,-10.440759658813477,False
b090_parked/episode_019e3c25-a92e-7824-a264-f1da48b9bd3d/hold,744,24.8,DINOv2,0.7686009407043457,False
b090_parked/episode_019e3c25-a92e-7824-a264-f1da48b9bd3d/hold,744,24.8,Robometer success,0.01912403479218483,False
b090_parked/episode_019e3c25-a92e-7824-a264-f1da48b9bd3d/hold,774,25.8,DT,-11.092438697814941,False
b090_parked/episode_019e3c25-a92e-7824-a264-f1da48b9bd3d/hold,774,25.8,DINOv2,0.7618681788444519,False
b090_parked/episode_019e3c25-a92e-7824-a264-f1da48b9bd3d/hold,774,25.8,Robometer success,0.052618950605392456,False
b090_parked/episode_019e3c25-a92e-7824-a264-f1da48b9bd3d/hold,776,25.866666666666667,DT,-11.57313346862793,False
b090_parked/episode_019e3c25-a92e-7824-a264-f1da48b9bd3d/hold,776,25.866666666666667,DINOv2,0.7643720507621765,False
b090_parked/episode_019e3c25-a92e-7824-a264-f1da48b9bd3d/hold,776,25.866666666666667,Robometer success,0.08756384253501892,False
b090_parked/episode_019e3c25-a92e-7824-a264-f1da48b9bd3d/hold,832,27.733333333333334,DT,-10.215129852294922,False
b090_parked/episode_019e3c25-a92e-7824-a264-f1da48b9bd3d/hold,832,27.733333333333334,DINOv2,0.7697621583938599,False
b090_parked/episode_019e3c25-a92e-7824-a264-f1da48b9bd3d/hold,832,27.733333333333334,Robometer success,0.020332353189587593,False
b090_parked/episode_019e3c25-a92e-7824-a264-f1da48b9bd3d/hold,887,29.566666666666666,DT,-10.560625076293945,False
b090_parked/episode_019e3c25-a92e-7824-a264-f1da48b9bd3d/hold,887,29.566666666666666,DINOv2,0.7743581533432007,False
b090_parked/episode_019e3c25-a92e-7824-a264-f1da48b9bd3d/hold,887,29.566666666666666,Robometer success,0.05582314357161522,False
b090_parked/episode_019e3c25-a92e-7824-a264-f1da48b9bd3d/hold,947,31.566666666666666,DT,-1.8981380462646484,False
b090_parked/episode_019e3c25-a92e-7824-a264-f1da48b9bd3d/hold,947,31.566666666666666,DINOv2,0.9931821823120117,False
b090_parked/episode_019e3c25-a92e-7824-a264-f1da48b9bd3d/hold,947,31.566666666666666,Robometer success,0.020964240655303,False
b090_parked/episode_019e3c25-a92e-7824-a264-f1da48b9bd3d/hold,1007,33.56666666666667,DT,-2.548624038696289,False
b090_parked/episode_019e3c25-a92e-7824-a264-f1da48b9bd3d/hold,1007,33.56666666666667,DINOv2,0.9984312653541565,False
b090_parked/episode_019e3c25-a92e-7824-a264-f1da48b9bd3d/hold,1007,33.56666666666667,Robometer success,0.01590639166533947,False
b090_parked/episode_019e3c25-a92e-7824-a264-f1da48b9bd3d/hold,1067,35.56666666666667,DT,-2.1224608421325684,False
b090_parked/episode_019e3c25-a92e-7824-a264-f1da48b9bd3d/hold,1067,35.56666666666667,DINOv2,0.9993839859962463,False
b090_parked/episode_019e3c25-a92e-7824-a264-f1da48b9bd3d/hold,1067,35.56666666666667,Robometer success,0.042087726294994354,False
b090_parked/episode_019e3c25-a92e-7824-a264-f1da48b9bd3d/hold,1127,37.56666666666667,DT,-1.984734296798706,False
b090_parked/episode_019e3c25-a92e-7824-a264-f1da48b9bd3d/hold,1127,37.56666666666667,DINOv2,0.9999449253082275,False
b090_parked/episode_019e3c25-a92e-7824-a264-f1da48b9bd3d/hold,1127,37.56666666666667,Robometer success,0.06656918674707413,False
b090_parked/episode_019e3c25-a92e-7824-a264-f1da48b9bd3d/hold,1187,39.56666666666667,DT,-2.1159307956695557,True
b090_parked/episode_019e3c25-a92e-7824-a264-f1da48b9bd3d/hold,1187,39.56666666666667,DINOv2,0.9998918771743774,True
b090_parked/episode_019e3c25-a92e-7824-a264-f1da48b9bd3d/hold,1187,39.56666666666667,Robometer success,0.22953522205352783,True
b090_parked/episode_019e3c25-a92e-7824-a264-f1da48b9bd3d/random_walk,0,0.0,DT,-12.820137023925781,False
b090_parked/episode_019e3c25-a92e-7824-a264-f1da48b9bd3d/random_walk,0,0.0,DINOv2,0.865858793258667,False
b090_parked/episode_019e3c25-a92e-7824-a264-f1da48b9bd3d/random_walk,0,0.0,Robometer success,0.0028009270317852497,False
b090_parked/episode_019e3c25-a92e-7824-a264-f1da48b9bd3d/random_walk,55,1.8333333333333333,DT,-44.95853042602539,False
b090_parked/episode_019e3c25-a92e-7824-a264-f1da48b9bd3d/random_walk,55,1.8333333333333333,DINOv2,0.6518591642379761,False
b090_parked/episode_019e3c25-a92e-7824-a264-f1da48b9bd3d/random_walk,55,1.8333333333333333,Robometer success,0.07807816565036774,False
b090_parked/episode_019e3c25-a92e-7824-a264-f1da48b9bd3d/random_walk,111,3.7,DT,-25.68651580810547,False
b090_parked/episode_019e3c25-a92e-7824-a264-f1da48b9bd3d/random_walk,111,3.7,DINOv2,0.7403402924537659,False
b090_parked/episode_019e3c25-a92e-7824-a264-f1da48b9bd3d/random_walk,111,3.7,Robometer success,0.18010666966438293,False
b090_parked/episode_019e3c25-a92e-7824-a264-f1da48b9bd3d/random_walk,166,5.533333333333333,DT,-24.226375579833984,False
b090_parked/episode_019e3c25-a92e-7824-a264-f1da48b9bd3d/random_walk,166,5.533333333333333,DINOv2,0.6018334627151489,False
b090_parked/episode_019e3c25-a92e-7824-a264-f1da48b9bd3d/random_walk,166,5.533333333333333,Robometer success,0.2146914303302765,False
b090_parked/episode_019e3c25-a92e-7824-a264-f1da48b9bd3d/random_walk,222,7.4,DT,-21.023189544677734,False
b090_parked/episode_019e3c25-a92e-7824-a264-f1da48b9bd3d/random_walk,222,7.4,DINOv2,0.6572645306587219,False
b090_parked/episode_019e3c25-a92e-7824-a264-f1da48b9bd3d/random_walk,222,7.4,Robometer success,0.0792103186249733,False
b090_parked/episode_019e3c25-a92e-7824-a264-f1da48b9bd3d/random_walk,277,9.233333333333333,DT,-32.78896713256836,False
b090_parked/episode_019e3c25-a92e-7824-a264-f1da48b9bd3d/random_walk,277,9.233333333333333,DINOv2,0.6625562906265259,False
b090_parked/episode_019e3c25-a92e-7824-a264-f1da48b9bd3d/random_walk,277,9.233333333333333,Robometer success,0.09401018172502518,False
b090_parked/episode_019e3c25-a92e-7824-a264-f1da48b9bd3d/random_walk,333,11.1,DT,-15.050535202026367,False
b090_parked/episode_019e3c25-a92e-7824-a264-f1da48b9bd3d/random_walk,333,11.1,DINOv2,0.5694888234138489,False
b090_parked/episode_019e3c25-a92e-7824-a264-f1da48b9bd3d/random_walk,333,11.1,Robometer success,0.09401018172502518,False
b090_parked/episode_019e3c25-a92e-7824-a264-f1da48b9bd3d/random_walk,388,12.933333333333334,DT,-29.18667221069336,False
b090_parked/episode_019e3c25-a92e-7824-a264-f1da48b9bd3d/random_walk,388,12.933333333333334,DINOv2,0.6961419582366943,False
b090_parked/episode_019e3c25-a92e-7824-a264-f1da48b9bd3d/random_walk,388,12.933333333333334,Robometer success,0.14804719388484955,False
b090_parked/episode_019e3c25-a92e-7824-a264-f1da48b9bd3d/random_walk,444,14.8,DT,-18.886241912841797,False
b090_parked/episode_019e3c25-a92e-7824-a264-f1da48b9bd3d/random_walk,444,14.8,DINOv2,0.7711890935897827,False
b090_parked/episode_019e3c25-a92e-7824-a264-f1da48b9bd3d/random_walk,444,14.8,Robometer success,0.6252092719078064,False
b090_parked/episode_019e3c25-a92e-7824-a264-f1da48b9bd3d/random_walk,499,16.633333333333333,DT,-22.783153533935547,False
b090_parked/episode_019e3c25-a92e-7824-a264-f1da48b9bd3d/random_walk,499,16.633333333333333,DINOv2,0.6404780745506287,False
b090_parked/episode_019e3c25-a92e-7824-a264-f1da48b9bd3d/random_walk,499,16.633333333333333,Robometer success,0.039048291742801666,False
b090_parked/episode_019e3c25-a92e-7824-a264-f1da48b9bd3d/random_walk,554,18.466666666666665,DT,-15.373932838439941,False
b090_parked/episode_019e3c25-a92e-7824-a264-f1da48b9bd3d/random_walk,554,18.466666666666665,DINOv2,0.6618039011955261,False
b090_parked/episode_019e3c25-a92e-7824-a264-f1da48b9bd3d/random_walk,554,18.466666666666665,Robometer success,0.009412589482963085,False
b090_parked/episode_019e3c25-a92e-7824-a264-f1da48b9bd3d/random_walk,610,20.333333333333332,DT,-16.86875343322754,False
b090_parked/episode_019e3c25-a92e-7824-a264-f1da48b9bd3d/random_walk,610,20.333333333333332,DINOv2,0.7523484230041504,False
b090_parked/episode_019e3c25-a92e-7824-a264-f1da48b9bd3d/random_walk,610,20.333333333333332,Robometer success,0.03358950838446617,False
b090_parked/episode_019e3c25-a92e-7824-a264-f1da48b9bd3d/random_walk,665,22.166666666666668,DT,-14.151487350463867,False
b090_parked/episode_019e3c25-a92e-7824-a264-f1da48b9bd3d/random_walk,665,22.166666666666668,DINOv2,0.7460950613021851,False
b090_parked/episode_019e3c25-a92e-7824-a264-f1da48b9bd3d/random_walk,665,22.166666666666668,Robometer success,0.11596072465181351,False
b090_parked/episode_019e3c25-a92e-7824-a264-f1da48b9bd3d/random_walk,721,24.033333333333335,DT,-12.300573348999023,False
b090_parked/episode_019e3c25-a92e-7824-a264-f1da48b9bd3d/random_walk,721,24.033333333333335,DINOv2,0.761074423789978,False
b090_parked/episode_019e3c25-a92e-7824-a264-f1da48b9bd3d/random_walk,721,24.033333333333335,Robometer success,0.06278920918703079,False
b090_parked/episode_019e3c25-a92e-7824-a264-f1da48b9bd3d/random_walk,744,24.8,DT,-10.440759658813477,False
b090_parked/episode_019e3c25-a92e-7824-a264-f1da48b9bd3d/random_walk,744,24.8,DINOv2,0.7686009407043457,False
b090_parked/episode_019e3c25-a92e-7824-a264-f1da48b9bd3d/random_walk,744,24.8,Robometer success,0.01912403479218483,False
b090_parked/episode_019e3c25-a92e-7824-a264-f1da48b9bd3d/random_walk,774,25.8,DT,-10.00879192352295,False
b090_parked/episode_019e3c25-a92e-7824-a264-f1da48b9bd3d/random_walk,774,25.8,DINOv2,0.7148028016090393,False
b090_parked/episode_019e3c25-a92e-7824-a264-f1da48b9bd3d/random_walk,774,25.8,Robometer success,0.07696083933115005,False
b090_parked/episode_019e3c25-a92e-7824-a264-f1da48b9bd3d/random_walk,776,25.866666666666667,DT,-10.687295913696289,False
b090_parked/episode_019e3c25-a92e-7824-a264-f1da48b9bd3d/random_walk,776,25.866666666666667,DINOv2,0.7065763473510742,False
b090_parked/episode_019e3c25-a92e-7824-a264-f1da48b9bd3d/random_walk,776,25.866666666666667,Robometer success,0.13477590680122375,False
b090_parked/episode_019e3c25-a92e-7824-a264-f1da48b9bd3d/random_walk,832,27.733333333333334,DT,-11.420943260192871,False
b090_parked/episode_019e3c25-a92e-7824-a264-f1da48b9bd3d/random_walk,832,27.733333333333334,DINOv2,0.7554693818092346,False
b090_parked/episode_019e3c25-a92e-7824-a264-f1da48b9bd3d/random_walk,832,27.733333333333334,Robometer success,0.0384661927819252,False
b090_parked/episode_019e3c25-a92e-7824-a264-f1da48b9bd3d/random_walk,887,29.566666666666666,DT,-9.07009220123291,False
b090_parked/episode_019e3c25-a92e-7824-a264-f1da48b9bd3d/random_walk,887,29.566666666666666,DINOv2,0.8441951870918274,False
b090_parked/episode_019e3c25-a92e-7824-a264-f1da48b9bd3d/random_walk,887,29.566666666666666,Robometer success,0.037892427295446396,False
b090_parked/episode_019e3c25-a92e-7824-a264-f1da48b9bd3d/random_walk,947,31.566666666666666,DT,-2.3896291255950928,False
b090_parked/episode_019e3c25-a92e-7824-a264-f1da48b9bd3d/random_walk,947,31.566666666666666,DINOv2,0.9895949363708496,False
b090_parked/episode_019e3c25-a92e-7824-a264-f1da48b9bd3d/random_walk,947,31.566666666666666,Robometer success,0.010986941866576672,False
b090_parked/episode_019e3c25-a92e-7824-a264-f1da48b9bd3d/random_walk,1007,33.56666666666667,DT,-2.433250904083252,False
b090_parked/episode_019e3c25-a92e-7824-a264-f1da48b9bd3d/random_walk,1007,33.56666666666667,DINOv2,0.9982657432556152,False
b090_parked/episode_019e3c25-a92e-7824-a264-f1da48b9bd3d/random_walk,1007,33.56666666666667,Robometer success,0.0120537793263793,False
b090_parked/episode_019e3c25-a92e-7824-a264-f1da48b9bd3d/random_walk,1067,35.56666666666667,DT,-2.2089197635650635,False
b090_parked/episode_019e3c25-a92e-7824-a264-f1da48b9bd3d/random_walk,1067,35.56666666666667,DINOv2,0.9993380308151245,False
b090_parked/episode_019e3c25-a92e-7824-a264-f1da48b9bd3d/random_walk,1067,35.56666666666667,Robometer success,0.01798621006309986,False
b090_parked/episode_019e3c25-a92e-7824-a264-f1da48b9bd3d/random_walk,1127,37.56666666666667,DT,-2.1961610317230225,False
b090_parked/episode_019e3c25-a92e-7824-a264-f1da48b9bd3d/random_walk,1127,37.56666666666667,DINOv2,0.9998671412467957,False
b090_parked/episode_019e3c25-a92e-7824-a264-f1da48b9bd3d/random_walk,1127,37.56666666666667,Robometer success,0.06560483574867249,False
b090_parked/episode_019e3c25-a92e-7824-a264-f1da48b9bd3d/random_walk,1187,39.56666666666667,DT,-2.0390326976776123,True
b090_parked/episode_019e3c25-a92e-7824-a264-f1da48b9bd3d/random_walk,1187,39.56666666666667,DINOv2,0.9998667240142822,True
b090_parked/episode_019e3c25-a92e-7824-a264-f1da48b9bd3d/random_walk,1187,39.56666666666667,Robometer success,0.2186693549156189,True
b050_original/episode_019e2261-5abe-7ece-910d-8988dd12106a/replay_control,0,0.0,DT,-9.187104225158691,False
b050_original/episode_019e2261-5abe-7ece-910d-8988dd12106a/replay_control,0,0.0,DINOv2,0.8466649055480957,False
b050_original/episode_019e2261-5abe-7ece-910d-8988dd12106a/replay_control,0,0.0,Robometer success,0.0060975621454417706,False
b050_original/episode_019e2261-5abe-7ece-910d-8988dd12106a/replay_control,45,1.5,DT,-91.60903930664062,False
b050_original/episode_019e2261-5abe-7ece-910d-8988dd12106a/replay_control,45,1.5,DINOv2,0.7576696872711182,False
b050_original/episode_019e2261-5abe-7ece-910d-8988dd12106a/replay_control,45,1.5,Robometer success,0.005730246659368277,False
b050_original/episode_019e2261-5abe-7ece-910d-8988dd12106a/replay_control,89,2.966666666666667,DT,-20.811967849731445,False
b050_original/episode_019e2261-5abe-7ece-910d-8988dd12106a/replay_control,89,2.966666666666667,DINOv2,0.7296010851860046,False
b050_original/episode_019e2261-5abe-7ece-910d-8988dd12106a/replay_control,89,2.966666666666667,Robometer success,0.03676946833729744,False
b050_original/episode_019e2261-5abe-7ece-910d-8988dd12106a/replay_control,134,4.466666666666667,DT,-33.53036117553711,False
b050_original/episode_019e2261-5abe-7ece-910d-8988dd12106a/replay_control,134,4.466666666666667,DINOv2,0.654663622379303,False
b050_original/episode_019e2261-5abe-7ece-910d-8988dd12106a/replay_control,134,4.466666666666667,Robometer success,0.06465348601341248,False
b050_original/episode_019e2261-5abe-7ece-910d-8988dd12106a/replay_control,178,5.933333333333334,DT,-18.339801788330078,False
b050_original/episode_019e2261-5abe-7ece-910d-8988dd12106a/replay_control,178,5.933333333333334,DINOv2,0.637009859085083,False
b050_original/episode_019e2261-5abe-7ece-910d-8988dd12106a/replay_control,178,5.933333333333334,Robometer success,0.02262919954955578,False
b050_original/episode_019e2261-5abe-7ece-910d-8988dd12106a/replay_control,223,7.433333333333334,DT,-13.84585952758789,False
b050_original/episode_019e2261-5abe-7ece-910d-8988dd12106a/replay_control,223,7.433333333333334,DINOv2,0.6265609264373779,False
b050_original/episode_019e2261-5abe-7ece-910d-8988dd12106a/replay_control,223,7.433333333333334,Robometer success,0.16451646387577057,False
b050_original/episode_019e2261-5abe-7ece-910d-8988dd12106a/replay_control,268,8.933333333333334,DT,-12.929886817932129,False
b050_original/episode_019e2261-5abe-7ece-910d-8988dd12106a/replay_control,268,8.933333333333334,DINOv2,0.6381562352180481,False
b050_original/episode_019e2261-5abe-7ece-910d-8988dd12106a/replay_control,268,8.933333333333334,Robometer success,0.08882029354572296,False
b050_original/episode_019e2261-5abe-7ece-910d-8988dd12106a/replay_control,312,10.4,DT,-12.700216293334961,False
b050_original/episode_019e2261-5abe-7ece-910d-8988dd12106a/replay_control,312,10.4,DINOv2,0.6849751472473145,False
b050_original/episode_019e2261-5abe-7ece-910d-8988dd12106a/replay_control,312,10.4,Robometer success,0.1980641782283783,False
b050_original/episode_019e2261-5abe-7ece-910d-8988dd12106a/replay_control,327,10.9,DT,-14.789889335632324,False
b050_original/episode_019e2261-5abe-7ece-910d-8988dd12106a/replay_control,327,10.9,DINOv2,0.6705126762390137,False
b050_original/episode_019e2261-5abe-7ece-910d-8988dd12106a/replay_control,327,10.9,Robometer success,0.2018132209777832,False
b050_original/episode_019e2261-5abe-7ece-910d-8988dd12106a/replay_control,357,11.9,DT,-14.048501014709473,False
b050_original/episode_019e2261-5abe-7ece-910d-8988dd12106a/replay_control,357,11.9,DINOv2,0.6659137010574341,False
b050_original/episode_019e2261-5abe-7ece-910d-8988dd12106a/replay_control,357,11.9,Robometer success,0.14511536061763763,False
b050_original/episode_019e2261-5abe-7ece-910d-8988dd12106a/replay_control,402,13.4,DT,-14.908269882202148,False
b050_original/episode_019e2261-5abe-7ece-910d-8988dd12106a/replay_control,402,13.4,DINOv2,0.6886790990829468,False
b050_original/episode_019e2261-5abe-7ece-910d-8988dd12106a/replay_control,402,13.4,Robometer success,0.01640303246676922,False
b050_original/episode_019e2261-5abe-7ece-910d-8988dd12106a/replay_control,446,14.866666666666667,DT,-13.387663841247559,False
b050_original/episode_019e2261-5abe-7ece-910d-8988dd12106a/replay_control,446,14.866666666666667,DINOv2,0.5811477899551392,False
b050_original/episode_019e2261-5abe-7ece-910d-8988dd12106a/replay_control,446,14.866666666666667,Robometer success,0.12940272688865662,False
b050_original/episode_019e2261-5abe-7ece-910d-8988dd12106a/replay_control,491,16.366666666666667,DT,-10.905437469482422,False
b050_original/episode_019e2261-5abe-7ece-910d-8988dd12106a/replay_control,491,16.366666666666667,DINOv2,0.7141708135604858,False
b050_original/episode_019e2261-5abe-7ece-910d-8988dd12106a/replay_control,491,16.366666666666667,Robometer success,0.060086652636528015,False
b050_original/episode_019e2261-5abe-7ece-910d-8988dd12106a/replay_control,536,17.866666666666667,DT,-10.331356048583984,False
b050_original/episode_019e2261-5abe-7ece-910d-8988dd12106a/replay_control,536,17.866666666666667,DINOv2,0.7335222363471985,False
b050_original/episode_019e2261-5abe-7ece-910d-8988dd12106a/replay_control,536,17.866666666666667,Robometer success,0.6146253347396851,False
b050_original/episode_019e2261-5abe-7ece-910d-8988dd12106a/replay_control,580,19.333333333333332,DT,-8.570676803588867,False
b050_original/episode_019e2261-5abe-7ece-910d-8988dd12106a/replay_control,580,19.333333333333332,DINOv2,0.767339825630188,False
b050_original/episode_019e2261-5abe-7ece-910d-8988dd12106a/replay_control,580,19.333333333333332,Robometer success,0.2628418207168579,False
b050_original/episode_019e2261-5abe-7ece-910d-8988dd12106a/replay_control,625,20.833333333333332,DT,-2.6296730041503906,False
b050_original/episode_019e2261-5abe-7ece-910d-8988dd12106a/replay_control,625,20.833333333333332,DINOv2,0.9363359212875366,False
b050_original/episode_019e2261-5abe-7ece-910d-8988dd12106a/replay_control,625,20.833333333333332,Robometer success,0.5751108527183533,False
b050_original/episode_019e2261-5abe-7ece-910d-8988dd12106a/replay_control,669,22.3,DT,-2.0127270221710205,False
b050_original/episode_019e2261-5abe-7ece-910d-8988dd12106a/replay_control,669,22.3,DINOv2,0.9983552694320679,False
b050_original/episode_019e2261-5abe-7ece-910d-8988dd12106a/replay_control,669,22.3,Robometer success,0.13477590680122375,False
b050_original/episode_019e2261-5abe-7ece-910d-8988dd12106a/replay_control,714,23.8,DT,-1.9233570098876953,True
b050_original/episode_019e2261-5abe-7ece-910d-8988dd12106a/replay_control,714,23.8,DINOv2,0.9954670667648315,True
b050_original/episode_019e2261-5abe-7ece-910d-8988dd12106a/replay_control,714,23.8,Robometer success,0.16667540371418,True
b050_original/episode_019e2261-5abe-7ece-910d-8988dd12106a/hold,0,0.0,DT,-9.187104225158691,False
b050_original/episode_019e2261-5abe-7ece-910d-8988dd12106a/hold,0,0.0,DINOv2,0.8466649055480957,False
b050_original/episode_019e2261-5abe-7ece-910d-8988dd12106a/hold,0,0.0,Robometer success,0.0060975621454417706,False
b050_original/episode_019e2261-5abe-7ece-910d-8988dd12106a/hold,45,1.5,DT,-91.60903930664062,False
b050_original/episode_019e2261-5abe-7ece-910d-8988dd12106a/hold,45,1.5,DINOv2,0.7576696872711182,False
b050_original/episode_019e2261-5abe-7ece-910d-8988dd12106a/hold,45,1.5,Robometer success,0.005730246659368277,False
b050_original/episode_019e2261-5abe-7ece-910d-8988dd12106a/hold,89,2.966666666666667,DT,-20.811967849731445,False
b050_original/episode_019e2261-5abe-7ece-910d-8988dd12106a/hold,89,2.966666666666667,DINOv2,0.7296010851860046,False
b050_original/episode_019e2261-5abe-7ece-910d-8988dd12106a/hold,89,2.966666666666667,Robometer success,0.03676946833729744,False
b050_original/episode_019e2261-5abe-7ece-910d-8988dd12106a/hold,134,4.466666666666667,DT,-33.53036117553711,False
b050_original/episode_019e2261-5abe-7ece-910d-8988dd12106a/hold,134,4.466666666666667,DINOv2,0.654663622379303,False
b050_original/episode_019e2261-5abe-7ece-910d-8988dd12106a/hold,134,4.466666666666667,Robometer success,0.06465348601341248,False
b050_original/episode_019e2261-5abe-7ece-910d-8988dd12106a/hold,178,5.933333333333334,DT,-18.339801788330078,False
b050_original/episode_019e2261-5abe-7ece-910d-8988dd12106a/hold,178,5.933333333333334,DINOv2,0.637009859085083,False
b050_original/episode_019e2261-5abe-7ece-910d-8988dd12106a/hold,178,5.933333333333334,Robometer success,0.02262919954955578,False
b050_original/episode_019e2261-5abe-7ece-910d-8988dd12106a/hold,223,7.433333333333334,DT,-13.84585952758789,False
b050_original/episode_019e2261-5abe-7ece-910d-8988dd12106a/hold,223,7.433333333333334,DINOv2,0.6265609264373779,False
b050_original/episode_019e2261-5abe-7ece-910d-8988dd12106a/hold,223,7.433333333333334,Robometer success,0.16451646387577057,False
b050_original/episode_019e2261-5abe-7ece-910d-8988dd12106a/hold,268,8.933333333333334,DT,-12.929886817932129,False
b050_original/episode_019e2261-5abe-7ece-910d-8988dd12106a/hold,268,8.933333333333334,DINOv2,0.6381562352180481,False
b050_original/episode_019e2261-5abe-7ece-910d-8988dd12106a/hold,268,8.933333333333334,Robometer success,0.08882029354572296,False
b050_original/episode_019e2261-5abe-7ece-910d-8988dd12106a/hold,312,10.4,DT,-12.700216293334961,False
b050_original/episode_019e2261-5abe-7ece-910d-8988dd12106a/hold,312,10.4,DINOv2,0.6849751472473145,False
b050_original/episode_019e2261-5abe-7ece-910d-8988dd12106a/hold,312,10.4,Robometer success,0.1980641782283783,False
b050_original/episode_019e2261-5abe-7ece-910d-8988dd12106a/hold,327,10.9,DT,-14.789889335632324,False
b050_original/episode_019e2261-5abe-7ece-910d-8988dd12106a/hold,327,10.9,DINOv2,0.6705126762390137,False
b050_original/episode_019e2261-5abe-7ece-910d-8988dd12106a/hold,327,10.9,Robometer success,0.2018132209777832,False
b050_original/episode_019e2261-5abe-7ece-910d-8988dd12106a/hold,357,11.9,DT,-15.239704132080078,False
b050_original/episode_019e2261-5abe-7ece-910d-8988dd12106a/hold,357,11.9,DINOv2,0.6661654710769653,False
b050_original/episode_019e2261-5abe-7ece-910d-8988dd12106a/hold,357,11.9,Robometer success,0.20946967601776123,False
b050_original/episode_019e2261-5abe-7ece-910d-8988dd12106a/hold,402,13.4,DT,-15.384389877319336,False
b050_original/episode_019e2261-5abe-7ece-910d-8988dd12106a/hold,402,13.4,DINOv2,0.6686140298843384,False
b050_original/episode_019e2261-5abe-7ece-910d-8988dd12106a/hold,402,13.4,Robometer success,0.19930799305438995,False
b050_original/episode_019e2261-5abe-7ece-910d-8988dd12106a/hold,446,14.866666666666667,DT,-14.89059066772461,False
b050_original/episode_019e2261-5abe-7ece-910d-8988dd12106a/hold,446,14.866666666666667,DINOv2,0.6710759997367859,False
b050_original/episode_019e2261-5abe-7ece-910d-8988dd12106a/hold,446,14.866666666666667,Robometer success,0.14804719388484955,False
b050_original/episode_019e2261-5abe-7ece-910d-8988dd12106a/hold,491,16.366666666666667,DT,-14.953548431396484,False
b050_original/episode_019e2261-5abe-7ece-910d-8988dd12106a/hold,491,16.366666666666667,DINOv2,0.6720558404922485,False
b050_original/episode_019e2261-5abe-7ece-910d-8988dd12106a/hold,491,16.366666666666667,Robometer success,0.14033624529838562,False
b050_original/episode_019e2261-5abe-7ece-910d-8988dd12106a/hold,536,17.866666666666667,DT,-14.753585815429688,False
b050_original/episode_019e2261-5abe-7ece-910d-8988dd12106a/hold,536,17.866666666666667,DINOv2,0.6718794703483582,False
b050_original/episode_019e2261-5abe-7ece-910d-8988dd12106a/hold,536,17.866666666666667,Robometer success,0.28937169909477234,False
b050_original/episode_019e2261-5abe-7ece-910d-8988dd12106a/hold,580,19.333333333333332,DT,-15.395160675048828,False
b050_original/episode_019e2261-5abe-7ece-910d-8988dd12106a/hold,580,19.333333333333332,DINOv2,0.6717352867126465,False
b050_original/episode_019e2261-5abe-7ece-910d-8988dd12106a/hold,580,19.333333333333332,Robometer success,0.1581743359565735,False
b050_original/episode_019e2261-5abe-7ece-910d-8988dd12106a/hold,625,20.833333333333332,DT,-15.109984397888184,False
b050_original/episode_019e2261-5abe-7ece-910d-8988dd12106a/hold,625,20.833333333333332,DINOv2,0.6724035739898682,False
b050_original/episode_019e2261-5abe-7ece-910d-8988dd12106a/hold,625,20.833333333333332,Robometer success,0.21601155400276184,False
b050_original/episode_019e2261-5abe-7ece-910d-8988dd12106a/hold,669,22.3,DT,-15.0382719039917,False
b050_original/episode_019e2261-5abe-7ece-910d-8988dd12106a/hold,669,22.3,DINOv2,0.6719962358474731,False
b050_original/episode_019e2261-5abe-7ece-910d-8988dd12106a/hold,669,22.3,Robometer success,0.1276526302099228,False
b050_original/episode_019e2261-5abe-7ece-910d-8988dd12106a/hold,714,23.8,DT,-14.952442169189453,True
b050_original/episode_019e2261-5abe-7ece-910d-8988dd12106a/hold,714,23.8,DINOv2,0.6723315715789795,True
b050_original/episode_019e2261-5abe-7ece-910d-8988dd12106a/hold,714,23.8,Robometer success,0.2120688259601593,True
b050_original/episode_019e2261-5abe-7ece-910d-8988dd12106a/random_walk,0,0.0,DT,-9.187104225158691,False
b050_original/episode_019e2261-5abe-7ece-910d-8988dd12106a/random_walk,0,0.0,DINOv2,0.8466649055480957,False
b050_original/episode_019e2261-5abe-7ece-910d-8988dd12106a/random_walk,0,0.0,Robometer success,0.0060975621454417706,False
b050_original/episode_019e2261-5abe-7ece-910d-8988dd12106a/random_walk,45,1.5,DT,-91.60903930664062,False
b050_original/episode_019e2261-5abe-7ece-910d-8988dd12106a/random_walk,45,1.5,DINOv2,0.7576696872711182,False
b050_original/episode_019e2261-5abe-7ece-910d-8988dd12106a/random_walk,45,1.5,Robometer success,0.005730246659368277,False
b050_original/episode_019e2261-5abe-7ece-910d-8988dd12106a/random_walk,89,2.966666666666667,DT,-20.811967849731445,False
b050_original/episode_019e2261-5abe-7ece-910d-8988dd12106a/random_walk,89,2.966666666666667,DINOv2,0.7296010851860046,False
b050_original/episode_019e2261-5abe-7ece-910d-8988dd12106a/random_walk,89,2.966666666666667,Robometer success,0.03676946833729744,False
b050_original/episode_019e2261-5abe-7ece-910d-8988dd12106a/random_walk,134,4.466666666666667,DT,-33.53036117553711,False
b050_original/episode_019e2261-5abe-7ece-910d-8988dd12106a/random_walk,134,4.466666666666667,DINOv2,0.654663622379303,False
b050_original/episode_019e2261-5abe-7ece-910d-8988dd12106a/random_walk,134,4.466666666666667,Robometer success,0.06465348601341248,False
b050_original/episode_019e2261-5abe-7ece-910d-8988dd12106a/random_walk,178,5.933333333333334,DT,-18.339801788330078,False
b050_original/episode_019e2261-5abe-7ece-910d-8988dd12106a/random_walk,178,5.933333333333334,DINOv2,0.637009859085083,False
b050_original/episode_019e2261-5abe-7ece-910d-8988dd12106a/random_walk,178,5.933333333333334,Robometer success,0.02262919954955578,False
b050_original/episode_019e2261-5abe-7ece-910d-8988dd12106a/random_walk,223,7.433333333333334,DT,-13.84585952758789,False
b050_original/episode_019e2261-5abe-7ece-910d-8988dd12106a/random_walk,223,7.433333333333334,DINOv2,0.6265609264373779,False
b050_original/episode_019e2261-5abe-7ece-910d-8988dd12106a/random_walk,223,7.433333333333334,Robometer success,0.16451646387577057,False
b050_original/episode_019e2261-5abe-7ece-910d-8988dd12106a/random_walk,268,8.933333333333334,DT,-12.929886817932129,False
b050_original/episode_019e2261-5abe-7ece-910d-8988dd12106a/random_walk,268,8.933333333333334,DINOv2,0.6381562352180481,False
b050_original/episode_019e2261-5abe-7ece-910d-8988dd12106a/random_walk,268,8.933333333333334,Robometer success,0.08882029354572296,False
b050_original/episode_019e2261-5abe-7ece-910d-8988dd12106a/random_walk,312,10.4,DT,-12.700216293334961,False
b050_original/episode_019e2261-5abe-7ece-910d-8988dd12106a/random_walk,312,10.4,DINOv2,0.6849751472473145,False
b050_original/episode_019e2261-5abe-7ece-910d-8988dd12106a/random_walk,312,10.4,Robometer success,0.1980641782283783,False
b050_original/episode_019e2261-5abe-7ece-910d-8988dd12106a/random_walk,327,10.9,DT,-14.789889335632324,False
b050_original/episode_019e2261-5abe-7ece-910d-8988dd12106a/random_walk,327,10.9,DINOv2,0.6705126762390137,False
b050_original/episode_019e2261-5abe-7ece-910d-8988dd12106a/random_walk,327,10.9,Robometer success,0.2018132209777832,False
b050_original/episode_019e2261-5abe-7ece-910d-8988dd12106a/random_walk,357,11.9,DT,-21.545427322387695,False
b050_original/episode_019e2261-5abe-7ece-910d-8988dd12106a/random_walk,357,11.9,DINOv2,0.6937801837921143,False
b050_original/episode_019e2261-5abe-7ece-910d-8988dd12106a/random_walk,357,11.9,Robometer success,0.36931508779525757,False
b050_original/episode_019e2261-5abe-7ece-910d-8988dd12106a/random_walk,402,13.4,DT,-17.70383644104004,False
b050_original/episode_019e2261-5abe-7ece-910d-8988dd12106a/random_walk,402,13.4,DINOv2,0.6969200968742371,False
b050_original/episode_019e2261-5abe-7ece-910d-8988dd12106a/random_walk,402,13.4,Robometer success,0.29421496391296387,False
b050_original/episode_019e2261-5abe-7ece-910d-8988dd12106a/random_walk,446,14.866666666666667,DT,-24.810823440551758,False
b050_original/episode_019e2261-5abe-7ece-910d-8988dd12106a/random_walk,446,14.866666666666667,DINOv2,0.5924049615859985,False
b050_original/episode_019e2261-5abe-7ece-910d-8988dd12106a/random_walk,446,14.866666666666667,Robometer success,0.12852513790130615,False
b050_original/episode_019e2261-5abe-7ece-910d-8988dd12106a/random_walk,491,16.366666666666667,DT,-10.119003295898438,False
b050_original/episode_019e2261-5abe-7ece-910d-8988dd12106a/random_walk,491,16.366666666666667,DINOv2,0.7174924612045288,False
b050_original/episode_019e2261-5abe-7ece-910d-8988dd12106a/random_walk,491,16.366666666666667,Robometer success,0.2958398759365082,False
b050_original/episode_019e2261-5abe-7ece-910d-8988dd12106a/random_walk,536,17.866666666666667,DT,-14.227296829223633,False
b050_original/episode_019e2261-5abe-7ece-910d-8988dd12106a/random_walk,536,17.866666666666667,DINOv2,0.7504832744598389,False
b050_original/episode_019e2261-5abe-7ece-910d-8988dd12106a/random_walk,536,17.866666666666667,Robometer success,0.4904186427593231,False
b050_original/episode_019e2261-5abe-7ece-910d-8988dd12106a/random_walk,580,19.333333333333332,DT,-9.504549026489258,False
b050_original/episode_019e2261-5abe-7ece-910d-8988dd12106a/random_walk,580,19.333333333333332,DINOv2,0.7249699234962463,False
b050_original/episode_019e2261-5abe-7ece-910d-8988dd12106a/random_walk,580,19.333333333333332,Robometer success,0.13206614553928375,False
b050_original/episode_019e2261-5abe-7ece-910d-8988dd12106a/random_walk,625,20.833333333333332,DT,-25.505477905273438,False
b050_original/episode_019e2261-5abe-7ece-910d-8988dd12106a/random_walk,625,20.833333333333332,DINOv2,0.7035095691680908,False
b050_original/episode_019e2261-5abe-7ece-910d-8988dd12106a/random_walk,625,20.833333333333332,Robometer success,0.05749328061938286,False
b050_original/episode_019e2261-5abe-7ece-910d-8988dd12106a/random_walk,669,22.3,DT,-11.373407363891602,False
b050_original/episode_019e2261-5abe-7ece-910d-8988dd12106a/random_walk,669,22.3,DINOv2,0.6501966118812561,False
b050_original/episode_019e2261-5abe-7ece-910d-8988dd12106a/random_walk,669,22.3,Robometer success,0.07807816565036774,False
b050_original/episode_019e2261-5abe-7ece-910d-8988dd12106a/random_walk,714,23.8,DT,-26.88425636291504,True
b050_original/episode_019e2261-5abe-7ece-910d-8988dd12106a/random_walk,714,23.8,DINOv2,0.6364803314208984,True
b050_original/episode_019e2261-5abe-7ece-910d-8988dd12106a/random_walk,714,23.8,Robometer success,0.07807816565036774,True
b050_parked/episode_019e2261-5abe-7ece-910d-8988dd12106a/replay_control,0,0.0,DT,-9.187104225158691,False
b050_parked/episode_019e2261-5abe-7ece-910d-8988dd12106a/replay_control,0,0.0,DINOv2,0.8466649055480957,False
b050_parked/episode_019e2261-5abe-7ece-910d-8988dd12106a/replay_control,0,0.0,Robometer success,0.0060975621454417706,False
b050_parked/episode_019e2261-5abe-7ece-910d-8988dd12106a/replay_control,45,1.5,DT,-91.60903930664062,False
b050_parked/episode_019e2261-5abe-7ece-910d-8988dd12106a/replay_control,45,1.5,DINOv2,0.7576696872711182,False
b050_parked/episode_019e2261-5abe-7ece-910d-8988dd12106a/replay_control,45,1.5,Robometer success,0.005730246659368277,False
b050_parked/episode_019e2261-5abe-7ece-910d-8988dd12106a/replay_control,89,2.966666666666667,DT,-20.811967849731445,False
b050_parked/episode_019e2261-5abe-7ece-910d-8988dd12106a/replay_control,89,2.966666666666667,DINOv2,0.7296010851860046,False
b050_parked/episode_019e2261-5abe-7ece-910d-8988dd12106a/replay_control,89,2.966666666666667,Robometer success,0.03676946833729744,False
b050_parked/episode_019e2261-5abe-7ece-910d-8988dd12106a/replay_control,134,4.466666666666667,DT,-33.53036117553711,False
b050_parked/episode_019e2261-5abe-7ece-910d-8988dd12106a/replay_control,134,4.466666666666667,DINOv2,0.654663622379303,False
b050_parked/episode_019e2261-5abe-7ece-910d-8988dd12106a/replay_control,134,4.466666666666667,Robometer success,0.06465348601341248,False
b050_parked/episode_019e2261-5abe-7ece-910d-8988dd12106a/replay_control,178,5.933333333333334,DT,-18.339801788330078,False
b050_parked/episode_019e2261-5abe-7ece-910d-8988dd12106a/replay_control,178,5.933333333333334,DINOv2,0.637009859085083,False
b050_parked/episode_019e2261-5abe-7ece-910d-8988dd12106a/replay_control,178,5.933333333333334,Robometer success,0.02262919954955578,False
b050_parked/episode_019e2261-5abe-7ece-910d-8988dd12106a/replay_control,223,7.433333333333334,DT,-13.84585952758789,False
b050_parked/episode_019e2261-5abe-7ece-910d-8988dd12106a/replay_control,223,7.433333333333334,DINOv2,0.6265609264373779,False
b050_parked/episode_019e2261-5abe-7ece-910d-8988dd12106a/replay_control,223,7.433333333333334,Robometer success,0.16451646387577057,False
b050_parked/episode_019e2261-5abe-7ece-910d-8988dd12106a/replay_control,268,8.933333333333334,DT,-12.929886817932129,False
b050_parked/episode_019e2261-5abe-7ece-910d-8988dd12106a/replay_control,268,8.933333333333334,DINOv2,0.6381562352180481,False
b050_parked/episode_019e2261-5abe-7ece-910d-8988dd12106a/replay_control,268,8.933333333333334,Robometer success,0.08882029354572296,False
b050_parked/episode_019e2261-5abe-7ece-910d-8988dd12106a/replay_control,312,10.4,DT,-12.700216293334961,False
b050_parked/episode_019e2261-5abe-7ece-910d-8988dd12106a/replay_control,312,10.4,DINOv2,0.6849751472473145,False
b050_parked/episode_019e2261-5abe-7ece-910d-8988dd12106a/replay_control,312,10.4,Robometer success,0.1980641782283783,False
b050_parked/episode_019e2261-5abe-7ece-910d-8988dd12106a/replay_control,327,10.9,DT,-14.789889335632324,False
b050_parked/episode_019e2261-5abe-7ece-910d-8988dd12106a/replay_control,327,10.9,DINOv2,0.6705126762390137,False
b050_parked/episode_019e2261-5abe-7ece-910d-8988dd12106a/replay_control,327,10.9,Robometer success,0.2018132209777832,False
b050_parked/episode_019e2261-5abe-7ece-910d-8988dd12106a/replay_control,357,11.9,DT,-14.048501014709473,False
b050_parked/episode_019e2261-5abe-7ece-910d-8988dd12106a/replay_control,357,11.9,DINOv2,0.6659137010574341,False
b050_parked/episode_019e2261-5abe-7ece-910d-8988dd12106a/replay_control,357,11.9,Robometer success,0.14511536061763763,False
b050_parked/episode_019e2261-5abe-7ece-910d-8988dd12106a/replay_control,402,13.4,DT,-14.908269882202148,False
b050_parked/episode_019e2261-5abe-7ece-910d-8988dd12106a/replay_control,402,13.4,DINOv2,0.6886790990829468,False
b050_parked/episode_019e2261-5abe-7ece-910d-8988dd12106a/replay_control,402,13.4,Robometer success,0.01640303246676922,False
b050_parked/episode_019e2261-5abe-7ece-910d-8988dd12106a/replay_control,446,14.866666666666667,DT,-13.387663841247559,False
b050_parked/episode_019e2261-5abe-7ece-910d-8988dd12106a/replay_control,446,14.866666666666667,DINOv2,0.5811477899551392,False
b050_parked/episode_019e2261-5abe-7ece-910d-8988dd12106a/replay_control,446,14.866666666666667,Robometer success,0.12940272688865662,False
b050_parked/episode_019e2261-5abe-7ece-910d-8988dd12106a/replay_control,491,16.366666666666667,DT,-10.905437469482422,False
b050_parked/episode_019e2261-5abe-7ece-910d-8988dd12106a/replay_control,491,16.366666666666667,DINOv2,0.7141708135604858,False
b050_parked/episode_019e2261-5abe-7ece-910d-8988dd12106a/replay_control,491,16.366666666666667,Robometer success,0.060086652636528015,False
b050_parked/episode_019e2261-5abe-7ece-910d-8988dd12106a/replay_control,536,17.866666666666667,DT,-10.331356048583984,False
b050_parked/episode_019e2261-5abe-7ece-910d-8988dd12106a/replay_control,536,17.866666666666667,DINOv2,0.7335222363471985,False
b050_parked/episode_019e2261-5abe-7ece-910d-8988dd12106a/replay_control,536,17.866666666666667,Robometer success,0.6146253347396851,False
b050_parked/episode_019e2261-5abe-7ece-910d-8988dd12106a/replay_control,580,19.333333333333332,DT,-8.570676803588867,False
b050_parked/episode_019e2261-5abe-7ece-910d-8988dd12106a/replay_control,580,19.333333333333332,DINOv2,0.767339825630188,False
b050_parked/episode_019e2261-5abe-7ece-910d-8988dd12106a/replay_control,580,19.333333333333332,Robometer success,0.2628418207168579,False
b050_parked/episode_019e2261-5abe-7ece-910d-8988dd12106a/replay_control,625,20.833333333333332,DT,-2.6296730041503906,False
b050_parked/episode_019e2261-5abe-7ece-910d-8988dd12106a/replay_control,625,20.833333333333332,DINOv2,0.9363359212875366,False
b050_parked/episode_019e2261-5abe-7ece-910d-8988dd12106a/replay_control,625,20.833333333333332,Robometer success,0.5751108527183533,False
b050_parked/episode_019e2261-5abe-7ece-910d-8988dd12106a/replay_control,669,22.3,DT,-2.0127270221710205,False
b050_parked/episode_019e2261-5abe-7ece-910d-8988dd12106a/replay_control,669,22.3,DINOv2,0.9983552694320679,False
b050_parked/episode_019e2261-5abe-7ece-910d-8988dd12106a/replay_control,669,22.3,Robometer success,0.13477590680122375,False
b050_parked/episode_019e2261-5abe-7ece-910d-8988dd12106a/replay_control,714,23.8,DT,-1.9233570098876953,False
b050_parked/episode_019e2261-5abe-7ece-910d-8988dd12106a/replay_control,714,23.8,DINOv2,0.9954670667648315,False
b050_parked/episode_019e2261-5abe-7ece-910d-8988dd12106a/replay_control,714,23.8,Robometer success,0.16667540371418,False
b050_parked/episode_019e2261-5abe-7ece-910d-8988dd12106a/replay_control,774,25.8,DT,-2.647535562515259,False
b050_parked/episode_019e2261-5abe-7ece-910d-8988dd12106a/replay_control,774,25.8,DINOv2,0.9987103343009949,False
b050_parked/episode_019e2261-5abe-7ece-910d-8988dd12106a/replay_control,774,25.8,Robometer success,0.4063906967639923,False
b050_parked/episode_019e2261-5abe-7ece-910d-8988dd12106a/replay_control,834,27.8,DT,-2.7570393085479736,False
b050_parked/episode_019e2261-5abe-7ece-910d-8988dd12106a/replay_control,834,27.8,DINOv2,0.9992620944976807,False
b050_parked/episode_019e2261-5abe-7ece-910d-8988dd12106a/replay_control,834,27.8,Robometer success,0.1233656257390976,False
b050_parked/episode_019e2261-5abe-7ece-910d-8988dd12106a/replay_control,894,29.8,DT,-2.428384780883789,False
b050_parked/episode_019e2261-5abe-7ece-910d-8988dd12106a/replay_control,894,29.8,DINOv2,0.9992502331733704,False
b050_parked/episode_019e2261-5abe-7ece-910d-8988dd12106a/replay_control,894,29.8,Robometer success,0.06187598779797554,False
b050_parked/episode_019e2261-5abe-7ece-910d-8988dd12106a/replay_control,954,31.8,DT,-2.2544307708740234,False
b050_parked/episode_019e2261-5abe-7ece-910d-8988dd12106a/replay_control,954,31.8,DINOv2,0.9992595911026001,False
b050_parked/episode_019e2261-5abe-7ece-910d-8988dd12106a/replay_control,954,31.8,Robometer success,0.1233656257390976,False
b050_parked/episode_019e2261-5abe-7ece-910d-8988dd12106a/replay_control,1014,33.8,DT,-2.39782452583313,True
b050_parked/episode_019e2261-5abe-7ece-910d-8988dd12106a/replay_control,1014,33.8,DINOv2,0.9992293119430542,True
b050_parked/episode_019e2261-5abe-7ece-910d-8988dd12106a/replay_control,1014,33.8,Robometer success,0.03514484688639641,True
b050_parked/episode_019e2261-5abe-7ece-910d-8988dd12106a/hold,0,0.0,DT,-9.187104225158691,False
b050_parked/episode_019e2261-5abe-7ece-910d-8988dd12106a/hold,0,0.0,DINOv2,0.8466649055480957,False
b050_parked/episode_019e2261-5abe-7ece-910d-8988dd12106a/hold,0,0.0,Robometer success,0.0060975621454417706,False
b050_parked/episode_019e2261-5abe-7ece-910d-8988dd12106a/hold,45,1.5,DT,-91.60903930664062,False
b050_parked/episode_019e2261-5abe-7ece-910d-8988dd12106a/hold,45,1.5,DINOv2,0.7576696872711182,False
b050_parked/episode_019e2261-5abe-7ece-910d-8988dd12106a/hold,45,1.5,Robometer success,0.005730246659368277,False
b050_parked/episode_019e2261-5abe-7ece-910d-8988dd12106a/hold,89,2.966666666666667,DT,-20.811967849731445,False
b050_parked/episode_019e2261-5abe-7ece-910d-8988dd12106a/hold,89,2.966666666666667,DINOv2,0.7296010851860046,False
b050_parked/episode_019e2261-5abe-7ece-910d-8988dd12106a/hold,89,2.966666666666667,Robometer success,0.03676946833729744,False
b050_parked/episode_019e2261-5abe-7ece-910d-8988dd12106a/hold,134,4.466666666666667,DT,-33.53036117553711,False
b050_parked/episode_019e2261-5abe-7ece-910d-8988dd12106a/hold,134,4.466666666666667,DINOv2,0.654663622379303,False
b050_parked/episode_019e2261-5abe-7ece-910d-8988dd12106a/hold,134,4.466666666666667,Robometer success,0.06465348601341248,False
b050_parked/episode_019e2261-5abe-7ece-910d-8988dd12106a/hold,178,5.933333333333334,DT,-18.339801788330078,False
b050_parked/episode_019e2261-5abe-7ece-910d-8988dd12106a/hold,178,5.933333333333334,DINOv2,0.637009859085083,False
b050_parked/episode_019e2261-5abe-7ece-910d-8988dd12106a/hold,178,5.933333333333334,Robometer success,0.02262919954955578,False
b050_parked/episode_019e2261-5abe-7ece-910d-8988dd12106a/hold,223,7.433333333333334,DT,-13.84585952758789,False
b050_parked/episode_019e2261-5abe-7ece-910d-8988dd12106a/hold,223,7.433333333333334,DINOv2,0.6265609264373779,False
b050_parked/episode_019e2261-5abe-7ece-910d-8988dd12106a/hold,223,7.433333333333334,Robometer success,0.16451646387577057,False
b050_parked/episode_019e2261-5abe-7ece-910d-8988dd12106a/hold,268,8.933333333333334,DT,-12.929886817932129,False
b050_parked/episode_019e2261-5abe-7ece-910d-8988dd12106a/hold,268,8.933333333333334,DINOv2,0.6381562352180481,False
b050_parked/episode_019e2261-5abe-7ece-910d-8988dd12106a/hold,268,8.933333333333334,Robometer success,0.08882029354572296,False
b050_parked/episode_019e2261-5abe-7ece-910d-8988dd12106a/hold,312,10.4,DT,-12.700216293334961,False
b050_parked/episode_019e2261-5abe-7ece-910d-8988dd12106a/hold,312,10.4,DINOv2,0.6849751472473145,False
b050_parked/episode_019e2261-5abe-7ece-910d-8988dd12106a/hold,312,10.4,Robometer success,0.1980641782283783,False
b050_parked/episode_019e2261-5abe-7ece-910d-8988dd12106a/hold,327,10.9,DT,-14.789889335632324,False
b050_parked/episode_019e2261-5abe-7ece-910d-8988dd12106a/hold,327,10.9,DINOv2,0.6705126762390137,False
b050_parked/episode_019e2261-5abe-7ece-910d-8988dd12106a/hold,327,10.9,Robometer success,0.2018132209777832,False
b050_parked/episode_019e2261-5abe-7ece-910d-8988dd12106a/hold,357,11.9,DT,-15.239704132080078,False
b050_parked/episode_019e2261-5abe-7ece-910d-8988dd12106a/hold,357,11.9,DINOv2,0.6661654710769653,False
b050_parked/episode_019e2261-5abe-7ece-910d-8988dd12106a/hold,357,11.9,Robometer success,0.20946967601776123,False
b050_parked/episode_019e2261-5abe-7ece-910d-8988dd12106a/hold,402,13.4,DT,-15.384389877319336,False
b050_parked/episode_019e2261-5abe-7ece-910d-8988dd12106a/hold,402,13.4,DINOv2,0.6686140298843384,False
b050_parked/episode_019e2261-5abe-7ece-910d-8988dd12106a/hold,402,13.4,Robometer success,0.19930799305438995,False
b050_parked/episode_019e2261-5abe-7ece-910d-8988dd12106a/hold,446,14.866666666666667,DT,-14.89059066772461,False
b050_parked/episode_019e2261-5abe-7ece-910d-8988dd12106a/hold,446,14.866666666666667,DINOv2,0.6710759997367859,False
b050_parked/episode_019e2261-5abe-7ece-910d-8988dd12106a/hold,446,14.866666666666667,Robometer success,0.14804719388484955,False
b050_parked/episode_019e2261-5abe-7ece-910d-8988dd12106a/hold,491,16.366666666666667,DT,-14.953548431396484,False
b050_parked/episode_019e2261-5abe-7ece-910d-8988dd12106a/hold,491,16.366666666666667,DINOv2,0.6720558404922485,False
b050_parked/episode_019e2261-5abe-7ece-910d-8988dd12106a/hold,491,16.366666666666667,Robometer success,0.14033624529838562,False
b050_parked/episode_019e2261-5abe-7ece-910d-8988dd12106a/hold,536,17.866666666666667,DT,-14.753585815429688,False
b050_parked/episode_019e2261-5abe-7ece-910d-8988dd12106a/hold,536,17.866666666666667,DINOv2,0.6718794703483582,False
b050_parked/episode_019e2261-5abe-7ece-910d-8988dd12106a/hold,536,17.866666666666667,Robometer success,0.28937169909477234,False
b050_parked/episode_019e2261-5abe-7ece-910d-8988dd12106a/hold,580,19.333333333333332,DT,-15.395160675048828,False
b050_parked/episode_019e2261-5abe-7ece-910d-8988dd12106a/hold,580,19.333333333333332,DINOv2,0.6717352867126465,False
b050_parked/episode_019e2261-5abe-7ece-910d-8988dd12106a/hold,580,19.333333333333332,Robometer success,0.1581743359565735,False
b050_parked/episode_019e2261-5abe-7ece-910d-8988dd12106a/hold,625,20.833333333333332,DT,-15.109984397888184,False
b050_parked/episode_019e2261-5abe-7ece-910d-8988dd12106a/hold,625,20.833333333333332,DINOv2,0.6724035739898682,False
b050_parked/episode_019e2261-5abe-7ece-910d-8988dd12106a/hold,625,20.833333333333332,Robometer success,0.21601155400276184,False
b050_parked/episode_019e2261-5abe-7ece-910d-8988dd12106a/hold,669,22.3,DT,-15.0382719039917,False
b050_parked/episode_019e2261-5abe-7ece-910d-8988dd12106a/hold,669,22.3,DINOv2,0.6719962358474731,False
b050_parked/episode_019e2261-5abe-7ece-910d-8988dd12106a/hold,669,22.3,Robometer success,0.1276526302099228,False
b050_parked/episode_019e2261-5abe-7ece-910d-8988dd12106a/hold,714,23.8,DT,-14.952442169189453,False
b050_parked/episode_019e2261-5abe-7ece-910d-8988dd12106a/hold,714,23.8,DINOv2,0.6723315715789795,False
b050_parked/episode_019e2261-5abe-7ece-910d-8988dd12106a/hold,714,23.8,Robometer success,0.2120688259601593,False
b050_parked/episode_019e2261-5abe-7ece-910d-8988dd12106a/hold,774,25.8,DT,-6.203115463256836,False
b050_parked/episode_019e2261-5abe-7ece-910d-8988dd12106a/hold,774,25.8,DINOv2,0.965026319026947,False
b050_parked/episode_019e2261-5abe-7ece-910d-8988dd12106a/hold,774,25.8,Robometer success,0.05665242671966553,False
b050_parked/episode_019e2261-5abe-7ece-910d-8988dd12106a/hold,834,27.8,DT,-8.165757179260254,False
b050_parked/episode_019e2261-5abe-7ece-910d-8988dd12106a/hold,834,27.8,DINOv2,0.9673178195953369,False
b050_parked/episode_019e2261-5abe-7ece-910d-8988dd12106a/hold,834,27.8,Robometer success,0.0384661927819252,False
b050_parked/episode_019e2261-5abe-7ece-910d-8988dd12106a/hold,894,29.8,DT,-7.842946529388428,False
b050_parked/episode_019e2261-5abe-7ece-910d-8988dd12106a/hold,894,29.8,DINOv2,0.9662636518478394,False
b050_parked/episode_019e2261-5abe-7ece-910d-8988dd12106a/hold,894,29.8,Robometer success,0.01065251138061285,False
b050_parked/episode_019e2261-5abe-7ece-910d-8988dd12106a/hold,954,31.8,DT,-6.468285083770752,False
b050_parked/episode_019e2261-5abe-7ece-910d-8988dd12106a/hold,954,31.8,DINOv2,0.9662193655967712,False
b050_parked/episode_019e2261-5abe-7ece-910d-8988dd12106a/hold,954,31.8,Robometer success,0.01798621006309986,False
b050_parked/episode_019e2261-5abe-7ece-910d-8988dd12106a/hold,1014,33.8,DT,-7.581769943237305,True
b050_parked/episode_019e2261-5abe-7ece-910d-8988dd12106a/hold,1014,33.8,DINOv2,0.9663688540458679,True
b050_parked/episode_019e2261-5abe-7ece-910d-8988dd12106a/hold,1014,33.8,Robometer success,0.01640303246676922,True
b050_parked/episode_019e2261-5abe-7ece-910d-8988dd12106a/random_walk,0,0.0,DT,-9.187104225158691,False
b050_parked/episode_019e2261-5abe-7ece-910d-8988dd12106a/random_walk,0,0.0,DINOv2,0.8466649055480957,False
b050_parked/episode_019e2261-5abe-7ece-910d-8988dd12106a/random_walk,0,0.0,Robometer success,0.0060975621454417706,False
b050_parked/episode_019e2261-5abe-7ece-910d-8988dd12106a/random_walk,45,1.5,DT,-91.60903930664062,False
b050_parked/episode_019e2261-5abe-7ece-910d-8988dd12106a/random_walk,45,1.5,DINOv2,0.7576696872711182,False
b050_parked/episode_019e2261-5abe-7ece-910d-8988dd12106a/random_walk,45,1.5,Robometer success,0.005730246659368277,False
b050_parked/episode_019e2261-5abe-7ece-910d-8988dd12106a/random_walk,89,2.966666666666667,DT,-20.811967849731445,False
b050_parked/episode_019e2261-5abe-7ece-910d-8988dd12106a/random_walk,89,2.966666666666667,DINOv2,0.7296010851860046,False
b050_parked/episode_019e2261-5abe-7ece-910d-8988dd12106a/random_walk,89,2.966666666666667,Robometer success,0.03676946833729744,False
b050_parked/episode_019e2261-5abe-7ece-910d-8988dd12106a/random_walk,134,4.466666666666667,DT,-33.53036117553711,False
b050_parked/episode_019e2261-5abe-7ece-910d-8988dd12106a/random_walk,134,4.466666666666667,DINOv2,0.654663622379303,False
b050_parked/episode_019e2261-5abe-7ece-910d-8988dd12106a/random_walk,134,4.466666666666667,Robometer success,0.06465348601341248,False
b050_parked/episode_019e2261-5abe-7ece-910d-8988dd12106a/random_walk,178,5.933333333333334,DT,-18.339801788330078,False
b050_parked/episode_019e2261-5abe-7ece-910d-8988dd12106a/random_walk,178,5.933333333333334,DINOv2,0.637009859085083,False
b050_parked/episode_019e2261-5abe-7ece-910d-8988dd12106a/random_walk,178,5.933333333333334,Robometer success,0.02262919954955578,False
b050_parked/episode_019e2261-5abe-7ece-910d-8988dd12106a/random_walk,223,7.433333333333334,DT,-13.84585952758789,False
b050_parked/episode_019e2261-5abe-7ece-910d-8988dd12106a/random_walk,223,7.433333333333334,DINOv2,0.6265609264373779,False
b050_parked/episode_019e2261-5abe-7ece-910d-8988dd12106a/random_walk,223,7.433333333333334,Robometer success,0.16451646387577057,False
b050_parked/episode_019e2261-5abe-7ece-910d-8988dd12106a/random_walk,268,8.933333333333334,DT,-12.929886817932129,False
b050_parked/episode_019e2261-5abe-7ece-910d-8988dd12106a/random_walk,268,8.933333333333334,DINOv2,0.6381562352180481,False
b050_parked/episode_019e2261-5abe-7ece-910d-8988dd12106a/random_walk,268,8.933333333333334,Robometer success,0.08882029354572296,False
b050_parked/episode_019e2261-5abe-7ece-910d-8988dd12106a/random_walk,312,10.4,DT,-12.700216293334961,False
b050_parked/episode_019e2261-5abe-7ece-910d-8988dd12106a/random_walk,312,10.4,DINOv2,0.6849751472473145,False
b050_parked/episode_019e2261-5abe-7ece-910d-8988dd12106a/random_walk,312,10.4,Robometer success,0.1980641782283783,False
b050_parked/episode_019e2261-5abe-7ece-910d-8988dd12106a/random_walk,327,10.9,DT,-14.789889335632324,False
b050_parked/episode_019e2261-5abe-7ece-910d-8988dd12106a/random_walk,327,10.9,DINOv2,0.6705126762390137,False
b050_parked/episode_019e2261-5abe-7ece-910d-8988dd12106a/random_walk,327,10.9,Robometer success,0.2018132209777832,False
b050_parked/episode_019e2261-5abe-7ece-910d-8988dd12106a/random_walk,357,11.9,DT,-21.545427322387695,False
b050_parked/episode_019e2261-5abe-7ece-910d-8988dd12106a/random_walk,357,11.9,DINOv2,0.6937801837921143,False
b050_parked/episode_019e2261-5abe-7ece-910d-8988dd12106a/random_walk,357,11.9,Robometer success,0.36931508779525757,False
b050_parked/episode_019e2261-5abe-7ece-910d-8988dd12106a/random_walk,402,13.4,DT,-17.70383644104004,False
b050_parked/episode_019e2261-5abe-7ece-910d-8988dd12106a/random_walk,402,13.4,DINOv2,0.6969200968742371,False
b050_parked/episode_019e2261-5abe-7ece-910d-8988dd12106a/random_walk,402,13.4,Robometer success,0.29421496391296387,False
b050_parked/episode_019e2261-5abe-7ece-910d-8988dd12106a/random_walk,446,14.866666666666667,DT,-24.810823440551758,False
b050_parked/episode_019e2261-5abe-7ece-910d-8988dd12106a/random_walk,446,14.866666666666667,DINOv2,0.5924049615859985,False
b050_parked/episode_019e2261-5abe-7ece-910d-8988dd12106a/random_walk,446,14.866666666666667,Robometer success,0.12852513790130615,False
b050_parked/episode_019e2261-5abe-7ece-910d-8988dd12106a/random_walk,491,16.366666666666667,DT,-10.119003295898438,False
b050_parked/episode_019e2261-5abe-7ece-910d-8988dd12106a/random_walk,491,16.366666666666667,DINOv2,0.7174924612045288,False
b050_parked/episode_019e2261-5abe-7ece-910d-8988dd12106a/random_walk,491,16.366666666666667,Robometer success,0.2958398759365082,False
b050_parked/episode_019e2261-5abe-7ece-910d-8988dd12106a/random_walk,536,17.866666666666667,DT,-14.227296829223633,False
b050_parked/episode_019e2261-5abe-7ece-910d-8988dd12106a/random_walk,536,17.866666666666667,DINOv2,0.7504832744598389,False
b050_parked/episode_019e2261-5abe-7ece-910d-8988dd12106a/random_walk,536,17.866666666666667,Robometer success,0.4904186427593231,False
b050_parked/episode_019e2261-5abe-7ece-910d-8988dd12106a/random_walk,580,19.333333333333332,DT,-9.504549026489258,False
b050_parked/episode_019e2261-5abe-7ece-910d-8988dd12106a/random_walk,580,19.333333333333332,DINOv2,0.7249699234962463,False
b050_parked/episode_019e2261-5abe-7ece-910d-8988dd12106a/random_walk,580,19.333333333333332,Robometer success,0.13206614553928375,False
b050_parked/episode_019e2261-5abe-7ece-910d-8988dd12106a/random_walk,625,20.833333333333332,DT,-25.505477905273438,False
b050_parked/episode_019e2261-5abe-7ece-910d-8988dd12106a/random_walk,625,20.833333333333332,DINOv2,0.7035095691680908,False
b050_parked/episode_019e2261-5abe-7ece-910d-8988dd12106a/random_walk,625,20.833333333333332,Robometer success,0.05749328061938286,False
b050_parked/episode_019e2261-5abe-7ece-910d-8988dd12106a/random_walk,669,22.3,DT,-11.373407363891602,False
b050_parked/episode_019e2261-5abe-7ece-910d-8988dd12106a/random_walk,669,22.3,DINOv2,0.6501966118812561,False
b050_parked/episode_019e2261-5abe-7ece-910d-8988dd12106a/random_walk,669,22.3,Robometer success,0.07807816565036774,False
b050_parked/episode_019e2261-5abe-7ece-910d-8988dd12106a/random_walk,714,23.8,DT,-26.88425636291504,False
b050_parked/episode_019e2261-5abe-7ece-910d-8988dd12106a/random_walk,714,23.8,DINOv2,0.6364803314208984,False
b050_parked/episode_019e2261-5abe-7ece-910d-8988dd12106a/random_walk,714,23.8,Robometer success,0.07807816565036774,False
b050_parked/episode_019e2261-5abe-7ece-910d-8988dd12106a/random_walk,774,25.8,DT,-13.750701904296875,False
b050_parked/episode_019e2261-5abe-7ece-910d-8988dd12106a/random_walk,774,25.8,DINOv2,0.9482088088989258,False
b050_parked/episode_019e2261-5abe-7ece-910d-8988dd12106a/random_walk,774,25.8,Robometer success,0.011331753805279732,False
b050_parked/episode_019e2261-5abe-7ece-910d-8988dd12106a/random_walk,834,27.8,DT,-10.529754638671875,False
b050_parked/episode_019e2261-5abe-7ece-910d-8988dd12106a/random_walk,834,27.8,DINOv2,0.9578337073326111,False
b050_parked/episode_019e2261-5abe-7ece-910d-8988dd12106a/random_walk,834,27.8,Robometer success,0.004905405919998884,False
b050_parked/episode_019e2261-5abe-7ece-910d-8988dd12106a/random_walk,894,29.8,DT,-8.412580490112305,False
b050_parked/episode_019e2261-5abe-7ece-910d-8988dd12106a/random_walk,894,29.8,DINOv2,0.9457091093063354,False
b050_parked/episode_019e2261-5abe-7ece-910d-8988dd12106a/random_walk,894,29.8,Robometer success,0.005220125429332256,False
b050_parked/episode_019e2261-5abe-7ece-910d-8988dd12106a/random_walk,954,31.8,DT,-8.75294303894043,False
b050_parked/episode_019e2261-5abe-7ece-910d-8988dd12106a/random_walk,954,31.8,DINOv2,0.9692367911338806,False
b050_parked/episode_019e2261-5abe-7ece-910d-8988dd12106a/random_walk,954,31.8,Robometer success,0.005730246659368277,False
b050_parked/episode_019e2261-5abe-7ece-910d-8988dd12106a/random_walk,1014,33.8,DT,-11.00167179107666,True
b050_parked/episode_019e2261-5abe-7ece-910d-8988dd12106a/random_walk,1014,33.8,DINOv2,0.9750959873199463,True
b050_parked/episode_019e2261-5abe-7ece-910d-8988dd12106a/random_walk,1014,33.8,Robometer success,0.005060331895947456,True
b070_original/episode_019e2261-5abe-7ece-910d-8988dd12106a/replay_control,0,0.0,DT,-9.187104225158691,False
b070_original/episode_019e2261-5abe-7ece-910d-8988dd12106a/replay_control,0,0.0,DINOv2,0.8466649055480957,False
b070_original/episode_019e2261-5abe-7ece-910d-8988dd12106a/replay_control,0,0.0,Robometer success,0.0060975621454417706,False
b070_original/episode_019e2261-5abe-7ece-910d-8988dd12106a/replay_control,45,1.5,DT,-91.60903930664062,False
b070_original/episode_019e2261-5abe-7ece-910d-8988dd12106a/replay_control,45,1.5,DINOv2,0.7576696872711182,False
b070_original/episode_019e2261-5abe-7ece-910d-8988dd12106a/replay_control,45,1.5,Robometer success,0.005730246659368277,False
b070_original/episode_019e2261-5abe-7ece-910d-8988dd12106a/replay_control,89,2.966666666666667,DT,-20.811967849731445,False
b070_original/episode_019e2261-5abe-7ece-910d-8988dd12106a/replay_control,89,2.966666666666667,DINOv2,0.7296010851860046,False
b070_original/episode_019e2261-5abe-7ece-910d-8988dd12106a/replay_control,89,2.966666666666667,Robometer success,0.03676946833729744,False
b070_original/episode_019e2261-5abe-7ece-910d-8988dd12106a/replay_control,134,4.466666666666667,DT,-33.53036117553711,False
b070_original/episode_019e2261-5abe-7ece-910d-8988dd12106a/replay_control,134,4.466666666666667,DINOv2,0.654663622379303,False
b070_original/episode_019e2261-5abe-7ece-910d-8988dd12106a/replay_control,134,4.466666666666667,Robometer success,0.06465348601341248,False
b070_original/episode_019e2261-5abe-7ece-910d-8988dd12106a/replay_control,178,5.933333333333334,DT,-18.339801788330078,False
b070_original/episode_019e2261-5abe-7ece-910d-8988dd12106a/replay_control,178,5.933333333333334,DINOv2,0.637009859085083,False
b070_original/episode_019e2261-5abe-7ece-910d-8988dd12106a/replay_control,178,5.933333333333334,Robometer success,0.02262919954955578,False
b070_original/episode_019e2261-5abe-7ece-910d-8988dd12106a/replay_control,223,7.433333333333334,DT,-13.84585952758789,False
b070_original/episode_019e2261-5abe-7ece-910d-8988dd12106a/replay_control,223,7.433333333333334,DINOv2,0.6265609264373779,False
b070_original/episode_019e2261-5abe-7ece-910d-8988dd12106a/replay_control,223,7.433333333333334,Robometer success,0.16451646387577057,False
b070_original/episode_019e2261-5abe-7ece-910d-8988dd12106a/replay_control,268,8.933333333333334,DT,-12.929886817932129,False
b070_original/episode_019e2261-5abe-7ece-910d-8988dd12106a/replay_control,268,8.933333333333334,DINOv2,0.6381562352180481,False
b070_original/episode_019e2261-5abe-7ece-910d-8988dd12106a/replay_control,268,8.933333333333334,Robometer success,0.08882029354572296,False
b070_original/episode_019e2261-5abe-7ece-910d-8988dd12106a/replay_control,312,10.4,DT,-12.700216293334961,False
b070_original/episode_019e2261-5abe-7ece-910d-8988dd12106a/replay_control,312,10.4,DINOv2,0.6849751472473145,False
b070_original/episode_019e2261-5abe-7ece-910d-8988dd12106a/replay_control,312,10.4,Robometer success,0.1980641782283783,False
b070_original/episode_019e2261-5abe-7ece-910d-8988dd12106a/replay_control,357,11.9,DT,-14.235191345214844,False
b070_original/episode_019e2261-5abe-7ece-910d-8988dd12106a/replay_control,357,11.9,DINOv2,0.6641733646392822,False
b070_original/episode_019e2261-5abe-7ece-910d-8988dd12106a/replay_control,357,11.9,Robometer success,0.15921740233898163,False
b070_original/episode_019e2261-5abe-7ece-910d-8988dd12106a/replay_control,402,13.4,DT,-14.098995208740234,False
b070_original/episode_019e2261-5abe-7ece-910d-8988dd12106a/replay_control,402,13.4,DINOv2,0.6907497644424438,False
b070_original/episode_019e2261-5abe-7ece-910d-8988dd12106a/replay_control,402,13.4,Robometer success,0.014957086183130741,False
b070_original/episode_019e2261-5abe-7ece-910d-8988dd12106a/replay_control,446,14.866666666666667,DT,-12.635726928710938,False
b070_original/episode_019e2261-5abe-7ece-910d-8988dd12106a/replay_control,446,14.866666666666667,DINOv2,0.5924453139305115,False
b070_original/episode_019e2261-5abe-7ece-910d-8988dd12106a/replay_control,446,14.866666666666667,Robometer success,0.1276526302099228,False
b070_original/episode_019e2261-5abe-7ece-910d-8988dd12106a/replay_control,457,15.233333333333333,DT,-13.310647964477539,False
b070_original/episode_019e2261-5abe-7ece-910d-8988dd12106a/replay_control,457,15.233333333333333,DINOv2,0.6553934812545776,False
b070_original/episode_019e2261-5abe-7ece-910d-8988dd12106a/replay_control,457,15.233333333333333,Robometer success,0.24508501589298248,False
b070_original/episode_019e2261-5abe-7ece-910d-8988dd12106a/replay_control,487,16.233333333333334,DT,-10.17003059387207,False
b070_original/episode_019e2261-5abe-7ece-910d-8988dd12106a/replay_control,487,16.233333333333334,DINOv2,0.7012091875076294,False
b070_original/episode_019e2261-5abe-7ece-910d-8988dd12106a/replay_control,487,16.233333333333334,Robometer success,0.09534945338964462,False
b070_original/episode_019e2261-5abe-7ece-910d-8988dd12106a/replay_control,491,16.366666666666667,DT,-10.591236114501953,False
b070_original/episode_019e2261-5abe-7ece-910d-8988dd12106a/replay_control,491,16.366666666666667,DINOv2,0.7072514891624451,False
b070_original/episode_019e2261-5abe-7ece-910d-8988dd12106a/replay_control,491,16.366666666666667,Robometer success,0.060086652636528015,False
b070_original/episode_019e2261-5abe-7ece-910d-8988dd12106a/replay_control,536,17.866666666666667,DT,-10.22319221496582,False
b070_original/episode_019e2261-5abe-7ece-910d-8988dd12106a/replay_control,536,17.866666666666667,DINOv2,0.7377442121505737,False
b070_original/episode_019e2261-5abe-7ece-910d-8988dd12106a/replay_control,536,17.866666666666667,Robometer success,0.6169357895851135,False
b070_original/episode_019e2261-5abe-7ece-910d-8988dd12106a/replay_control,580,19.333333333333332,DT,-8.453147888183594,False
b070_original/episode_019e2261-5abe-7ece-910d-8988dd12106a/replay_control,580,19.333333333333332,DINOv2,0.7630029916763306,False
b070_original/episode_019e2261-5abe-7ece-910d-8988dd12106a/replay_control,580,19.333333333333332,Robometer success,0.31742626428604126,False
b070_original/episode_019e2261-5abe-7ece-910d-8988dd12106a/replay_control,625,20.833333333333332,DT,-2.4393060207366943,False
b070_original/episode_019e2261-5abe-7ece-910d-8988dd12106a/replay_control,625,20.833333333333332,DINOv2,0.9370100498199463,False
b070_original/episode_019e2261-5abe-7ece-910d-8988dd12106a/replay_control,625,20.833333333333332,Robometer success,0.6334102749824524,False
b070_original/episode_019e2261-5abe-7ece-910d-8988dd12106a/replay_control,669,22.3,DT,-1.9923911094665527,False
b070_original/episode_019e2261-5abe-7ece-910d-8988dd12106a/replay_control,669,22.3,DINOv2,0.9980452060699463,False
b070_original/episode_019e2261-5abe-7ece-910d-8988dd12106a/replay_control,669,22.3,Robometer success,0.0838903859257698,False
b070_original/episode_019e2261-5abe-7ece-910d-8988dd12106a/replay_control,714,23.8,DT,-1.8932315111160278,True
b070_original/episode_019e2261-5abe-7ece-910d-8988dd12106a/replay_control,714,23.8,DINOv2,0.9948598742485046,True
b070_original/episode_019e2261-5abe-7ece-910d-8988dd12106a/replay_control,714,23.8,Robometer success,0.16026602685451508,True
b070_original/episode_019e2261-5abe-7ece-910d-8988dd12106a/hold,0,0.0,DT,-9.187104225158691,False
b070_original/episode_019e2261-5abe-7ece-910d-8988dd12106a/hold,0,0.0,DINOv2,0.8466649055480957,False
b070_original/episode_019e2261-5abe-7ece-910d-8988dd12106a/hold,0,0.0,Robometer success,0.0060975621454417706,False
b070_original/episode_019e2261-5abe-7ece-910d-8988dd12106a/hold,45,1.5,DT,-91.60903930664062,False
b070_original/episode_019e2261-5abe-7ece-910d-8988dd12106a/hold,45,1.5,DINOv2,0.7576696872711182,False
b070_original/episode_019e2261-5abe-7ece-910d-8988dd12106a/hold,45,1.5,Robometer success,0.005730246659368277,False
b070_original/episode_019e2261-5abe-7ece-910d-8988dd12106a/hold,89,2.966666666666667,DT,-20.811967849731445,False
b070_original/episode_019e2261-5abe-7ece-910d-8988dd12106a/hold,89,2.966666666666667,DINOv2,0.7296010851860046,False
b070_original/episode_019e2261-5abe-7ece-910d-8988dd12106a/hold,89,2.966666666666667,Robometer success,0.03676946833729744,False
b070_original/episode_019e2261-5abe-7ece-910d-8988dd12106a/hold,134,4.466666666666667,DT,-33.53036117553711,False
b070_original/episode_019e2261-5abe-7ece-910d-8988dd12106a/hold,134,4.466666666666667,DINOv2,0.654663622379303,False
b070_original/episode_019e2261-5abe-7ece-910d-8988dd12106a/hold,134,4.466666666666667,Robometer success,0.06465348601341248,False
b070_original/episode_019e2261-5abe-7ece-910d-8988dd12106a/hold,178,5.933333333333334,DT,-18.339801788330078,False
b070_original/episode_019e2261-5abe-7ece-910d-8988dd12106a/hold,178,5.933333333333334,DINOv2,0.637009859085083,False
b070_original/episode_019e2261-5abe-7ece-910d-8988dd12106a/hold,178,5.933333333333334,Robometer success,0.02262919954955578,False
b070_original/episode_019e2261-5abe-7ece-910d-8988dd12106a/hold,223,7.433333333333334,DT,-13.84585952758789,False
b070_original/episode_019e2261-5abe-7ece-910d-8988dd12106a/hold,223,7.433333333333334,DINOv2,0.6265609264373779,False
b070_original/episode_019e2261-5abe-7ece-910d-8988dd12106a/hold,223,7.433333333333334,Robometer success,0.16451646387577057,False
b070_original/episode_019e2261-5abe-7ece-910d-8988dd12106a/hold,268,8.933333333333334,DT,-12.929886817932129,False
b070_original/episode_019e2261-5abe-7ece-910d-8988dd12106a/hold,268,8.933333333333334,DINOv2,0.6381562352180481,False
b070_original/episode_019e2261-5abe-7ece-910d-8988dd12106a/hold,268,8.933333333333334,Robometer success,0.08882029354572296,False
b070_original/episode_019e2261-5abe-7ece-910d-8988dd12106a/hold,312,10.4,DT,-12.700216293334961,False
b070_original/episode_019e2261-5abe-7ece-910d-8988dd12106a/hold,312,10.4,DINOv2,0.6849751472473145,False
b070_original/episode_019e2261-5abe-7ece-910d-8988dd12106a/hold,312,10.4,Robometer success,0.1980641782283783,False
b070_original/episode_019e2261-5abe-7ece-910d-8988dd12106a/hold,357,11.9,DT,-14.235191345214844,False
b070_original/episode_019e2261-5abe-7ece-910d-8988dd12106a/hold,357,11.9,DINOv2,0.6641733646392822,False
b070_original/episode_019e2261-5abe-7ece-910d-8988dd12106a/hold,357,11.9,Robometer success,0.15921740233898163,False
b070_original/episode_019e2261-5abe-7ece-910d-8988dd12106a/hold,402,13.4,DT,-14.098995208740234,False
b070_original/episode_019e2261-5abe-7ece-910d-8988dd12106a/hold,402,13.4,DINOv2,0.6907497644424438,False
b070_original/episode_019e2261-5abe-7ece-910d-8988dd12106a/hold,402,13.4,Robometer success,0.014957086183130741,False
b070_original/episode_019e2261-5abe-7ece-910d-8988dd12106a/hold,446,14.866666666666667,DT,-12.635726928710938,False
b070_original/episode_019e2261-5abe-7ece-910d-8988dd12106a/hold,446,14.866666666666667,DINOv2,0.5924453139305115,False
b070_original/episode_019e2261-5abe-7ece-910d-8988dd12106a/hold,446,14.866666666666667,Robometer success,0.1276526302099228,False
b070_original/episode_019e2261-5abe-7ece-910d-8988dd12106a/hold,457,15.233333333333333,DT,-13.310647964477539,False
b070_original/episode_019e2261-5abe-7ece-910d-8988dd12106a/hold,457,15.233333333333333,DINOv2,0.6553934812545776,False
b070_original/episode_019e2261-5abe-7ece-910d-8988dd12106a/hold,457,15.233333333333333,Robometer success,0.24508501589298248,False
b070_original/episode_019e2261-5abe-7ece-910d-8988dd12106a/hold,487,16.233333333333334,DT,-12.599188804626465,False
b070_original/episode_019e2261-5abe-7ece-910d-8988dd12106a/hold,487,16.233333333333334,DINOv2,0.6487815976142883,False
b070_original/episode_019e2261-5abe-7ece-910d-8988dd12106a/hold,487,16.233333333333334,Robometer success,0.05108273774385452,False
b070_original/episode_019e2261-5abe-7ece-910d-8988dd12106a/hold,491,16.366666666666667,DT,-12.495199203491211,False
b070_original/episode_019e2261-5abe-7ece-910d-8988dd12106a/hold,491,16.366666666666667,DINOv2,0.6486508846282959,False
b070_original/episode_019e2261-5abe-7ece-910d-8988dd12106a/hold,491,16.366666666666667,Robometer success,0.052618950605392456,False
b070_original/episode_019e2261-5abe-7ece-910d-8988dd12106a/hold,536,17.866666666666667,DT,-12.768902778625488,False
b070_original/episode_019e2261-5abe-7ece-910d-8988dd12106a/hold,536,17.866666666666667,DINOv2,0.6584826707839966,False
b070_original/episode_019e2261-5abe-7ece-910d-8988dd12106a/hold,536,17.866666666666667,Robometer success,0.3486451208591461,False
b070_original/episode_019e2261-5abe-7ece-910d-8988dd12106a/hold,580,19.333333333333332,DT,-12.851444244384766,False
b070_original/episode_019e2261-5abe-7ece-910d-8988dd12106a/hold,580,19.333333333333332,DINOv2,0.6644494533538818,False
b070_original/episode_019e2261-5abe-7ece-910d-8988dd12106a/hold,580,19.333333333333332,Robometer success,0.14706450700759888,False
b070_original/episode_019e2261-5abe-7ece-910d-8988dd12106a/hold,625,20.833333333333332,DT,-12.79287338256836,False
b070_original/episode_019e2261-5abe-7ece-910d-8988dd12106a/hold,625,20.833333333333332,DINOv2,0.6703236103057861,False
b070_original/episode_019e2261-5abe-7ece-910d-8988dd12106a/hold,625,20.833333333333332,Robometer success,0.18359363079071045,False
b070_original/episode_019e2261-5abe-7ece-910d-8988dd12106a/hold,669,22.3,DT,-13.262619018554688,False
b070_original/episode_019e2261-5abe-7ece-910d-8988dd12106a/hold,669,22.3,DINOv2,0.6748090982437134,False
b070_original/episode_019e2261-5abe-7ece-910d-8988dd12106a/hold,669,22.3,Robometer success,0.1233656257390976,False
b070_original/episode_019e2261-5abe-7ece-910d-8988dd12106a/hold,714,23.8,DT,-13.116124153137207,True
b070_original/episode_019e2261-5abe-7ece-910d-8988dd12106a/hold,714,23.8,DINOv2,0.6693914532661438,True
b070_original/episode_019e2261-5abe-7ece-910d-8988dd12106a/hold,714,23.8,Robometer success,0.17895588278770447,True
b070_original/episode_019e2261-5abe-7ece-910d-8988dd12106a/random_walk,0,0.0,DT,-9.187104225158691,False
b070_original/episode_019e2261-5abe-7ece-910d-8988dd12106a/random_walk,0,0.0,DINOv2,0.8466649055480957,False
b070_original/episode_019e2261-5abe-7ece-910d-8988dd12106a/random_walk,0,0.0,Robometer success,0.0060975621454417706,False
b070_original/episode_019e2261-5abe-7ece-910d-8988dd12106a/random_walk,45,1.5,DT,-91.60903930664062,False
b070_original/episode_019e2261-5abe-7ece-910d-8988dd12106a/random_walk,45,1.5,DINOv2,0.7576696872711182,False
b070_original/episode_019e2261-5abe-7ece-910d-8988dd12106a/random_walk,45,1.5,Robometer success,0.005730246659368277,False
b070_original/episode_019e2261-5abe-7ece-910d-8988dd12106a/random_walk,89,2.966666666666667,DT,-20.811967849731445,False
b070_original/episode_019e2261-5abe-7ece-910d-8988dd12106a/random_walk,89,2.966666666666667,DINOv2,0.7296010851860046,False
b070_original/episode_019e2261-5abe-7ece-910d-8988dd12106a/random_walk,89,2.966666666666667,Robometer success,0.03676946833729744,False
b070_original/episode_019e2261-5abe-7ece-910d-8988dd12106a/random_walk,134,4.466666666666667,DT,-33.53036117553711,False
b070_original/episode_019e2261-5abe-7ece-910d-8988dd12106a/random_walk,134,4.466666666666667,DINOv2,0.654663622379303,False
b070_original/episode_019e2261-5abe-7ece-910d-8988dd12106a/random_walk,134,4.466666666666667,Robometer success,0.06465348601341248,False
b070_original/episode_019e2261-5abe-7ece-910d-8988dd12106a/random_walk,178,5.933333333333334,DT,-18.339801788330078,False
b070_original/episode_019e2261-5abe-7ece-910d-8988dd12106a/random_walk,178,5.933333333333334,DINOv2,0.637009859085083,False
b070_original/episode_019e2261-5abe-7ece-910d-8988dd12106a/random_walk,178,5.933333333333334,Robometer success,0.02262919954955578,False
b070_original/episode_019e2261-5abe-7ece-910d-8988dd12106a/random_walk,223,7.433333333333334,DT,-13.84585952758789,False
b070_original/episode_019e2261-5abe-7ece-910d-8988dd12106a/random_walk,223,7.433333333333334,DINOv2,0.6265609264373779,False
b070_original/episode_019e2261-5abe-7ece-910d-8988dd12106a/random_walk,223,7.433333333333334,Robometer success,0.16451646387577057,False
b070_original/episode_019e2261-5abe-7ece-910d-8988dd12106a/random_walk,268,8.933333333333334,DT,-12.929886817932129,False
b070_original/episode_019e2261-5abe-7ece-910d-8988dd12106a/random_walk,268,8.933333333333334,DINOv2,0.6381562352180481,False
b070_original/episode_019e2261-5abe-7ece-910d-8988dd12106a/random_walk,268,8.933333333333334,Robometer success,0.08882029354572296,False
b070_original/episode_019e2261-5abe-7ece-910d-8988dd12106a/random_walk,312,10.4,DT,-12.700216293334961,False
b070_original/episode_019e2261-5abe-7ece-910d-8988dd12106a/random_walk,312,10.4,DINOv2,0.6849751472473145,False
b070_original/episode_019e2261-5abe-7ece-910d-8988dd12106a/random_walk,312,10.4,Robometer success,0.1980641782283783,False
b070_original/episode_019e2261-5abe-7ece-910d-8988dd12106a/random_walk,357,11.9,DT,-14.235191345214844,False
b070_original/episode_019e2261-5abe-7ece-910d-8988dd12106a/random_walk,357,11.9,DINOv2,0.6641733646392822,False
b070_original/episode_019e2261-5abe-7ece-910d-8988dd12106a/random_walk,357,11.9,Robometer success,0.15921740233898163,False
b070_original/episode_019e2261-5abe-7ece-910d-8988dd12106a/random_walk,402,13.4,DT,-14.098995208740234,False
b070_original/episode_019e2261-5abe-7ece-910d-8988dd12106a/random_walk,402,13.4,DINOv2,0.6907497644424438,False
b070_original/episode_019e2261-5abe-7ece-910d-8988dd12106a/random_walk,402,13.4,Robometer success,0.014957086183130741,False
b070_original/episode_019e2261-5abe-7ece-910d-8988dd12106a/random_walk,446,14.866666666666667,DT,-12.635726928710938,False
b070_original/episode_019e2261-5abe-7ece-910d-8988dd12106a/random_walk,446,14.866666666666667,DINOv2,0.5924453139305115,False
b070_original/episode_019e2261-5abe-7ece-910d-8988dd12106a/random_walk,446,14.866666666666667,Robometer success,0.1276526302099228,False
b070_original/episode_019e2261-5abe-7ece-910d-8988dd12106a/random_walk,457,15.233333333333333,DT,-13.310647964477539,False
b070_original/episode_019e2261-5abe-7ece-910d-8988dd12106a/random_walk,457,15.233333333333333,DINOv2,0.6553934812545776,False
b070_original/episode_019e2261-5abe-7ece-910d-8988dd12106a/random_walk,457,15.233333333333333,Robometer success,0.24508501589298248,False
b070_original/episode_019e2261-5abe-7ece-910d-8988dd12106a/random_walk,487,16.233333333333334,DT,-20.506244659423828,False
b070_original/episode_019e2261-5abe-7ece-910d-8988dd12106a/random_walk,487,16.233333333333334,DINOv2,0.7838648557662964,False
b070_original/episode_019e2261-5abe-7ece-910d-8988dd12106a/random_walk,487,16.233333333333334,Robometer success,0.16026602685451508,False
b070_original/episode_019e2261-5abe-7ece-910d-8988dd12106a/random_walk,491,16.366666666666667,DT,-18.209802627563477,False
b070_original/episode_019e2261-5abe-7ece-910d-8988dd12106a/random_walk,491,16.366666666666667,DINOv2,0.727288544178009,False
b070_original/episode_019e2261-5abe-7ece-910d-8988dd12106a/random_walk,491,16.366666666666667,Robometer success,0.14223189651966095,False
b070_original/episode_019e2261-5abe-7ece-910d-8988dd12106a/random_walk,536,17.866666666666667,DT,-32.17093276977539,False
b070_original/episode_019e2261-5abe-7ece-910d-8988dd12106a/random_walk,536,17.866666666666667,DINOv2,0.7939919233322144,False
b070_original/episode_019e2261-5abe-7ece-910d-8988dd12106a/random_walk,536,17.866666666666667,Robometer success,0.5751108527183533,False
b070_original/episode_019e2261-5abe-7ece-910d-8988dd12106a/random_walk,580,19.333333333333332,DT,-37.715240478515625,False
b070_original/episode_019e2261-5abe-7ece-910d-8988dd12106a/random_walk,580,19.333333333333332,DINOv2,0.5136127471923828,False
b070_original/episode_019e2261-5abe-7ece-910d-8988dd12106a/random_walk,580,19.333333333333332,Robometer success,0.048136770725250244,False
b070_original/episode_019e2261-5abe-7ece-910d-8988dd12106a/random_walk,625,20.833333333333332,DT,-33.456417083740234,False
b070_original/episode_019e2261-5abe-7ece-910d-8988dd12106a/random_walk,625,20.833333333333332,DINOv2,0.7003614902496338,False
b070_original/episode_019e2261-5abe-7ece-910d-8988dd12106a/random_walk,625,20.833333333333332,Robometer success,0.15304215252399445,False
b070_original/episode_019e2261-5abe-7ece-910d-8988dd12106a/random_walk,669,22.3,DT,-40.688995361328125,False
b070_original/episode_019e2261-5abe-7ece-910d-8988dd12106a/random_walk,669,22.3,DINOv2,0.7729008793830872,False
b070_original/episode_019e2261-5abe-7ece-910d-8988dd12106a/random_walk,669,22.3,Robometer success,0.38537469506263733,False
b070_original/episode_019e2261-5abe-7ece-910d-8988dd12106a/random_walk,714,23.8,DT,-21.621360778808594,True
b070_original/episode_019e2261-5abe-7ece-910d-8988dd12106a/random_walk,714,23.8,DINOv2,0.8026346564292908,True
b070_original/episode_019e2261-5abe-7ece-910d-8988dd12106a/random_walk,714,23.8,Robometer success,0.4736572504043579,True
b070_parked/episode_019e2261-5abe-7ece-910d-8988dd12106a/replay_control,0,0.0,DT,-9.187104225158691,False
b070_parked/episode_019e2261-5abe-7ece-910d-8988dd12106a/replay_control,0,0.0,DINOv2,0.8466649055480957,False
b070_parked/episode_019e2261-5abe-7ece-910d-8988dd12106a/replay_control,0,0.0,Robometer success,0.0060975621454417706,False
b070_parked/episode_019e2261-5abe-7ece-910d-8988dd12106a/replay_control,45,1.5,DT,-91.60903930664062,False
b070_parked/episode_019e2261-5abe-7ece-910d-8988dd12106a/replay_control,45,1.5,DINOv2,0.7576696872711182,False
b070_parked/episode_019e2261-5abe-7ece-910d-8988dd12106a/replay_control,45,1.5,Robometer success,0.005730246659368277,False
b070_parked/episode_019e2261-5abe-7ece-910d-8988dd12106a/replay_control,89,2.966666666666667,DT,-20.811967849731445,False
b070_parked/episode_019e2261-5abe-7ece-910d-8988dd12106a/replay_control,89,2.966666666666667,DINOv2,0.7296010851860046,False
b070_parked/episode_019e2261-5abe-7ece-910d-8988dd12106a/replay_control,89,2.966666666666667,Robometer success,0.03676946833729744,False
b070_parked/episode_019e2261-5abe-7ece-910d-8988dd12106a/replay_control,134,4.466666666666667,DT,-33.53036117553711,False
b070_parked/episode_019e2261-5abe-7ece-910d-8988dd12106a/replay_control,134,4.466666666666667,DINOv2,0.654663622379303,False
b070_parked/episode_019e2261-5abe-7ece-910d-8988dd12106a/replay_control,134,4.466666666666667,Robometer success,0.06465348601341248,False
b070_parked/episode_019e2261-5abe-7ece-910d-8988dd12106a/replay_control,178,5.933333333333334,DT,-18.339801788330078,False
b070_parked/episode_019e2261-5abe-7ece-910d-8988dd12106a/replay_control,178,5.933333333333334,DINOv2,0.637009859085083,False
b070_parked/episode_019e2261-5abe-7ece-910d-8988dd12106a/replay_control,178,5.933333333333334,Robometer success,0.02262919954955578,False
b070_parked/episode_019e2261-5abe-7ece-910d-8988dd12106a/replay_control,223,7.433333333333334,DT,-13.84585952758789,False
b070_parked/episode_019e2261-5abe-7ece-910d-8988dd12106a/replay_control,223,7.433333333333334,DINOv2,0.6265609264373779,False
b070_parked/episode_019e2261-5abe-7ece-910d-8988dd12106a/replay_control,223,7.433333333333334,Robometer success,0.16451646387577057,False
b070_parked/episode_019e2261-5abe-7ece-910d-8988dd12106a/replay_control,268,8.933333333333334,DT,-12.929886817932129,False
b070_parked/episode_019e2261-5abe-7ece-910d-8988dd12106a/replay_control,268,8.933333333333334,DINOv2,0.6381562352180481,False
b070_parked/episode_019e2261-5abe-7ece-910d-8988dd12106a/replay_control,268,8.933333333333334,Robometer success,0.08882029354572296,False
b070_parked/episode_019e2261-5abe-7ece-910d-8988dd12106a/replay_control,312,10.4,DT,-12.700216293334961,False
b070_parked/episode_019e2261-5abe-7ece-910d-8988dd12106a/replay_control,312,10.4,DINOv2,0.6849751472473145,False
b070_parked/episode_019e2261-5abe-7ece-910d-8988dd12106a/replay_control,312,10.4,Robometer success,0.1980641782283783,False
b070_parked/episode_019e2261-5abe-7ece-910d-8988dd12106a/replay_control,357,11.9,DT,-14.235191345214844,False
b070_parked/episode_019e2261-5abe-7ece-910d-8988dd12106a/replay_control,357,11.9,DINOv2,0.6641733646392822,False
b070_parked/episode_019e2261-5abe-7ece-910d-8988dd12106a/replay_control,357,11.9,Robometer success,0.15921740233898163,False
b070_parked/episode_019e2261-5abe-7ece-910d-8988dd12106a/replay_control,402,13.4,DT,-14.098995208740234,False
b070_parked/episode_019e2261-5abe-7ece-910d-8988dd12106a/replay_control,402,13.4,DINOv2,0.6907497644424438,False
b070_parked/episode_019e2261-5abe-7ece-910d-8988dd12106a/replay_control,402,13.4,Robometer success,0.014957086183130741,False
b070_parked/episode_019e2261-5abe-7ece-910d-8988dd12106a/replay_control,446,14.866666666666667,DT,-12.635726928710938,False
b070_parked/episode_019e2261-5abe-7ece-910d-8988dd12106a/replay_control,446,14.866666666666667,DINOv2,0.5924453139305115,False
b070_parked/episode_019e2261-5abe-7ece-910d-8988dd12106a/replay_control,446,14.866666666666667,Robometer success,0.1276526302099228,False
b070_parked/episode_019e2261-5abe-7ece-910d-8988dd12106a/replay_control,457,15.233333333333333,DT,-13.310647964477539,False
b070_parked/episode_019e2261-5abe-7ece-910d-8988dd12106a/replay_control,457,15.233333333333333,DINOv2,0.6553934812545776,False
b070_parked/episode_019e2261-5abe-7ece-910d-8988dd12106a/replay_control,457,15.233333333333333,Robometer success,0.24508501589298248,False
b070_parked/episode_019e2261-5abe-7ece-910d-8988dd12106a/replay_control,487,16.233333333333334,DT,-10.17003059387207,False
b070_parked/episode_019e2261-5abe-7ece-910d-8988dd12106a/replay_control,487,16.233333333333334,DINOv2,0.7012091875076294,False
b070_parked/episode_019e2261-5abe-7ece-910d-8988dd12106a/replay_control,487,16.233333333333334,Robometer success,0.09534945338964462,False
b070_parked/episode_019e2261-5abe-7ece-910d-8988dd12106a/replay_control,491,16.366666666666667,DT,-10.591236114501953,False
b070_parked/episode_019e2261-5abe-7ece-910d-8988dd12106a/replay_control,491,16.366666666666667,DINOv2,0.7072514891624451,False
b070_parked/episode_019e2261-5abe-7ece-910d-8988dd12106a/replay_control,491,16.366666666666667,Robometer success,0.060086652636528015,False
b070_parked/episode_019e2261-5abe-7ece-910d-8988dd12106a/replay_control,536,17.866666666666667,DT,-10.22319221496582,False
b070_parked/episode_019e2261-5abe-7ece-910d-8988dd12106a/replay_control,536,17.866666666666667,DINOv2,0.7377442121505737,False
b070_parked/episode_019e2261-5abe-7ece-910d-8988dd12106a/replay_control,536,17.866666666666667,Robometer success,0.6169357895851135,False
b070_parked/episode_019e2261-5abe-7ece-910d-8988dd12106a/replay_control,580,19.333333333333332,DT,-8.453147888183594,False
b070_parked/episode_019e2261-5abe-7ece-910d-8988dd12106a/replay_control,580,19.333333333333332,DINOv2,0.7630029916763306,False
b070_parked/episode_019e2261-5abe-7ece-910d-8988dd12106a/replay_control,580,19.333333333333332,Robometer success,0.31742626428604126,False
b070_parked/episode_019e2261-5abe-7ece-910d-8988dd12106a/replay_control,625,20.833333333333332,DT,-2.4393060207366943,False
b070_parked/episode_019e2261-5abe-7ece-910d-8988dd12106a/replay_control,625,20.833333333333332,DINOv2,0.9370100498199463,False
b070_parked/episode_019e2261-5abe-7ece-910d-8988dd12106a/replay_control,625,20.833333333333332,Robometer success,0.6334102749824524,False
b070_parked/episode_019e2261-5abe-7ece-910d-8988dd12106a/replay_control,669,22.3,DT,-1.9923911094665527,False
b070_parked/episode_019e2261-5abe-7ece-910d-8988dd12106a/replay_control,669,22.3,DINOv2,0.9980452060699463,False
b070_parked/episode_019e2261-5abe-7ece-910d-8988dd12106a/replay_control,669,22.3,Robometer success,0.0838903859257698,False
b070_parked/episode_019e2261-5abe-7ece-910d-8988dd12106a/replay_control,714,23.8,DT,-1.8932315111160278,False
b070_parked/episode_019e2261-5abe-7ece-910d-8988dd12106a/replay_control,714,23.8,DINOv2,0.9948598742485046,False
b070_parked/episode_019e2261-5abe-7ece-910d-8988dd12106a/replay_control,714,23.8,Robometer success,0.16026602685451508,False
b070_parked/episode_019e2261-5abe-7ece-910d-8988dd12106a/replay_control,774,25.8,DT,-2.6788976192474365,False
b070_parked/episode_019e2261-5abe-7ece-910d-8988dd12106a/replay_control,774,25.8,DINOv2,0.9988551139831543,False
b070_parked/episode_019e2261-5abe-7ece-910d-8988dd12106a/replay_control,774,25.8,Robometer success,0.328529417514801,False
b070_parked/episode_019e2261-5abe-7ece-910d-8988dd12106a/replay_control,834,27.8,DT,-2.304800510406494,False
b070_parked/episode_019e2261-5abe-7ece-910d-8988dd12106a/replay_control,834,27.8,DINOv2,0.9993874430656433,False
b070_parked/episode_019e2261-5abe-7ece-910d-8988dd12106a/replay_control,834,27.8,Robometer success,0.055005285888910294,False
b070_parked/episode_019e2261-5abe-7ece-910d-8988dd12106a/replay_control,894,29.8,DT,-2.38138747215271,False
b070_parked/episode_019e2261-5abe-7ece-910d-8988dd12106a/replay_control,894,29.8,DINOv2,0.9995225071907043,False
b070_parked/episode_019e2261-5abe-7ece-910d-8988dd12106a/replay_control,894,29.8,Robometer success,0.05184546485543251,False
b070_parked/episode_019e2261-5abe-7ece-910d-8988dd12106a/replay_control,954,31.8,DT,-2.1732237339019775,False
b070_parked/episode_019e2261-5abe-7ece-910d-8988dd12106a/replay_control,954,31.8,DINOv2,0.9995051622390747,False
b070_parked/episode_019e2261-5abe-7ece-910d-8988dd12106a/replay_control,954,31.8,Robometer success,0.06371499598026276,False
b070_parked/episode_019e2261-5abe-7ece-910d-8988dd12106a/replay_control,1014,33.8,DT,-2.2179348468780518,True
b070_parked/episode_019e2261-5abe-7ece-910d-8988dd12106a/replay_control,1014,33.8,DINOv2,0.9995707869529724,True
b070_parked/episode_019e2261-5abe-7ece-910d-8988dd12106a/replay_control,1014,33.8,Robometer success,0.034100424498319626,True
b070_parked/episode_019e2261-5abe-7ece-910d-8988dd12106a/hold,0,0.0,DT,-9.187104225158691,False
b070_parked/episode_019e2261-5abe-7ece-910d-8988dd12106a/hold,0,0.0,DINOv2,0.8466649055480957,False
b070_parked/episode_019e2261-5abe-7ece-910d-8988dd12106a/hold,0,0.0,Robometer success,0.0060975621454417706,False
b070_parked/episode_019e2261-5abe-7ece-910d-8988dd12106a/hold,45,1.5,DT,-91.60903930664062,False
b070_parked/episode_019e2261-5abe-7ece-910d-8988dd12106a/hold,45,1.5,DINOv2,0.7576696872711182,False
b070_parked/episode_019e2261-5abe-7ece-910d-8988dd12106a/hold,45,1.5,Robometer success,0.005730246659368277,False
b070_parked/episode_019e2261-5abe-7ece-910d-8988dd12106a/hold,89,2.966666666666667,DT,-20.811967849731445,False
b070_parked/episode_019e2261-5abe-7ece-910d-8988dd12106a/hold,89,2.966666666666667,DINOv2,0.7296010851860046,False
b070_parked/episode_019e2261-5abe-7ece-910d-8988dd12106a/hold,89,2.966666666666667,Robometer success,0.03676946833729744,False
b070_parked/episode_019e2261-5abe-7ece-910d-8988dd12106a/hold,134,4.466666666666667,DT,-33.53036117553711,False
b070_parked/episode_019e2261-5abe-7ece-910d-8988dd12106a/hold,134,4.466666666666667,DINOv2,0.654663622379303,False
b070_parked/episode_019e2261-5abe-7ece-910d-8988dd12106a/hold,134,4.466666666666667,Robometer success,0.06465348601341248,False
b070_parked/episode_019e2261-5abe-7ece-910d-8988dd12106a/hold,178,5.933333333333334,DT,-18.339801788330078,False
b070_parked/episode_019e2261-5abe-7ece-910d-8988dd12106a/hold,178,5.933333333333334,DINOv2,0.637009859085083,False
b070_parked/episode_019e2261-5abe-7ece-910d-8988dd12106a/hold,178,5.933333333333334,Robometer success,0.02262919954955578,False
b070_parked/episode_019e2261-5abe-7ece-910d-8988dd12106a/hold,223,7.433333333333334,DT,-13.84585952758789,False
b070_parked/episode_019e2261-5abe-7ece-910d-8988dd12106a/hold,223,7.433333333333334,DINOv2,0.6265609264373779,False
b070_parked/episode_019e2261-5abe-7ece-910d-8988dd12106a/hold,223,7.433333333333334,Robometer success,0.16451646387577057,False
b070_parked/episode_019e2261-5abe-7ece-910d-8988dd12106a/hold,268,8.933333333333334,DT,-12.929886817932129,False
b070_parked/episode_019e2261-5abe-7ece-910d-8988dd12106a/hold,268,8.933333333333334,DINOv2,0.6381562352180481,False
b070_parked/episode_019e2261-5abe-7ece-910d-8988dd12106a/hold,268,8.933333333333334,Robometer success,0.08882029354572296,False
b070_parked/episode_019e2261-5abe-7ece-910d-8988dd12106a/hold,312,10.4,DT,-12.700216293334961,False
b070_parked/episode_019e2261-5abe-7ece-910d-8988dd12106a/hold,312,10.4,DINOv2,0.6849751472473145,False
b070_parked/episode_019e2261-5abe-7ece-910d-8988dd12106a/hold,312,10.4,Robometer success,0.1980641782283783,False
b070_parked/episode_019e2261-5abe-7ece-910d-8988dd12106a/hold,357,11.9,DT,-14.235191345214844,False
b070_parked/episode_019e2261-5abe-7ece-910d-8988dd12106a/hold,357,11.9,DINOv2,0.6641733646392822,False
b070_parked/episode_019e2261-5abe-7ece-910d-8988dd12106a/hold,357,11.9,Robometer success,0.15921740233898163,False
b070_parked/episode_019e2261-5abe-7ece-910d-8988dd12106a/hold,402,13.4,DT,-14.098995208740234,False
b070_parked/episode_019e2261-5abe-7ece-910d-8988dd12106a/hold,402,13.4,DINOv2,0.6907497644424438,False
b070_parked/episode_019e2261-5abe-7ece-910d-8988dd12106a/hold,402,13.4,Robometer success,0.014957086183130741,False
b070_parked/episode_019e2261-5abe-7ece-910d-8988dd12106a/hold,446,14.866666666666667,DT,-12.635726928710938,False
b070_parked/episode_019e2261-5abe-7ece-910d-8988dd12106a/hold,446,14.866666666666667,DINOv2,0.5924453139305115,False
b070_parked/episode_019e2261-5abe-7ece-910d-8988dd12106a/hold,446,14.866666666666667,Robometer success,0.1276526302099228,False
b070_parked/episode_019e2261-5abe-7ece-910d-8988dd12106a/hold,457,15.233333333333333,DT,-13.310647964477539,False
b070_parked/episode_019e2261-5abe-7ece-910d-8988dd12106a/hold,457,15.233333333333333,DINOv2,0.6553934812545776,False
b070_parked/episode_019e2261-5abe-7ece-910d-8988dd12106a/hold,457,15.233333333333333,Robometer success,0.24508501589298248,False
b070_parked/episode_019e2261-5abe-7ece-910d-8988dd12106a/hold,487,16.233333333333334,DT,-12.599188804626465,False
b070_parked/episode_019e2261-5abe-7ece-910d-8988dd12106a/hold,487,16.233333333333334,DINOv2,0.6487815976142883,False
b070_parked/episode_019e2261-5abe-7ece-910d-8988dd12106a/hold,487,16.233333333333334,Robometer success,0.05108273774385452,False
b070_parked/episode_019e2261-5abe-7ece-910d-8988dd12106a/hold,491,16.366666666666667,DT,-12.495199203491211,False
b070_parked/episode_019e2261-5abe-7ece-910d-8988dd12106a/hold,491,16.366666666666667,DINOv2,0.6486508846282959,False
b070_parked/episode_019e2261-5abe-7ece-910d-8988dd12106a/hold,491,16.366666666666667,Robometer success,0.052618950605392456,False
b070_parked/episode_019e2261-5abe-7ece-910d-8988dd12106a/hold,536,17.866666666666667,DT,-12.768902778625488,False
b070_parked/episode_019e2261-5abe-7ece-910d-8988dd12106a/hold,536,17.866666666666667,DINOv2,0.6584826707839966,False
b070_parked/episode_019e2261-5abe-7ece-910d-8988dd12106a/hold,536,17.866666666666667,Robometer success,0.3486451208591461,False
b070_parked/episode_019e2261-5abe-7ece-910d-8988dd12106a/hold,580,19.333333333333332,DT,-12.851444244384766,False
b070_parked/episode_019e2261-5abe-7ece-910d-8988dd12106a/hold,580,19.333333333333332,DINOv2,0.6644494533538818,False
b070_parked/episode_019e2261-5abe-7ece-910d-8988dd12106a/hold,580,19.333333333333332,Robometer success,0.14706450700759888,False
b070_parked/episode_019e2261-5abe-7ece-910d-8988dd12106a/hold,625,20.833333333333332,DT,-12.79287338256836,False
b070_parked/episode_019e2261-5abe-7ece-910d-8988dd12106a/hold,625,20.833333333333332,DINOv2,0.6703236103057861,False
b070_parked/episode_019e2261-5abe-7ece-910d-8988dd12106a/hold,625,20.833333333333332,Robometer success,0.18359363079071045,False
b070_parked/episode_019e2261-5abe-7ece-910d-8988dd12106a/hold,669,22.3,DT,-13.262619018554688,False
b070_parked/episode_019e2261-5abe-7ece-910d-8988dd12106a/hold,669,22.3,DINOv2,0.6748090982437134,False
b070_parked/episode_019e2261-5abe-7ece-910d-8988dd12106a/hold,669,22.3,Robometer success,0.1233656257390976,False
b070_parked/episode_019e2261-5abe-7ece-910d-8988dd12106a/hold,714,23.8,DT,-13.116124153137207,False
b070_parked/episode_019e2261-5abe-7ece-910d-8988dd12106a/hold,714,23.8,DINOv2,0.6693914532661438,False
b070_parked/episode_019e2261-5abe-7ece-910d-8988dd12106a/hold,714,23.8,Robometer success,0.17895588278770447,False
b070_parked/episode_019e2261-5abe-7ece-910d-8988dd12106a/hold,774,25.8,DT,-5.0194783210754395,False
b070_parked/episode_019e2261-5abe-7ece-910d-8988dd12106a/hold,774,25.8,DINOv2,0.9714220762252808,False
b070_parked/episode_019e2261-5abe-7ece-910d-8988dd12106a/hold,774,25.8,Robometer success,0.09670579433441162,False
b070_parked/episode_019e2261-5abe-7ece-910d-8988dd12106a/hold,834,27.8,DT,-5.064603805541992,False
b070_parked/episode_019e2261-5abe-7ece-910d-8988dd12106a/hold,834,27.8,DINOv2,0.981907308101654,False
b070_parked/episode_019e2261-5abe-7ece-910d-8988dd12106a/hold,834,27.8,Robometer success,0.013636835850775242,False
b070_parked/episode_019e2261-5abe-7ece-910d-8988dd12106a/hold,894,29.8,DT,-5.621523857116699,False
b070_parked/episode_019e2261-5abe-7ece-910d-8988dd12106a/hold,894,29.8,DINOv2,0.9814788103103638,False
b070_parked/episode_019e2261-5abe-7ece-910d-8988dd12106a/hold,894,29.8,Robometer success,0.03676946833729744,False
b070_parked/episode_019e2261-5abe-7ece-910d-8988dd12106a/hold,954,31.8,DT,-6.120645523071289,False
b070_parked/episode_019e2261-5abe-7ece-910d-8988dd12106a/hold,954,31.8,DINOv2,0.9819139838218689,False
b070_parked/episode_019e2261-5abe-7ece-910d-8988dd12106a/hold,954,31.8,Robometer success,0.027169233188033104,False
b070_parked/episode_019e2261-5abe-7ece-910d-8988dd12106a/hold,1014,33.8,DT,-6.477652549743652,True
b070_parked/episode_019e2261-5abe-7ece-910d-8988dd12106a/hold,1014,33.8,DINOv2,0.9816505908966064,True
b070_parked/episode_019e2261-5abe-7ece-910d-8988dd12106a/hold,1014,33.8,Robometer success,0.04535258188843727,True
b070_parked/episode_019e2261-5abe-7ece-910d-8988dd12106a/random_walk,0,0.0,DT,-9.187104225158691,False
b070_parked/episode_019e2261-5abe-7ece-910d-8988dd12106a/random_walk,0,0.0,DINOv2,0.8466649055480957,False
b070_parked/episode_019e2261-5abe-7ece-910d-8988dd12106a/random_walk,0,0.0,Robometer success,0.0060975621454417706,False
b070_parked/episode_019e2261-5abe-7ece-910d-8988dd12106a/random_walk,45,1.5,DT,-91.60903930664062,False
b070_parked/episode_019e2261-5abe-7ece-910d-8988dd12106a/random_walk,45,1.5,DINOv2,0.7576696872711182,False
b070_parked/episode_019e2261-5abe-7ece-910d-8988dd12106a/random_walk,45,1.5,Robometer success,0.005730246659368277,False
b070_parked/episode_019e2261-5abe-7ece-910d-8988dd12106a/random_walk,89,2.966666666666667,DT,-20.811967849731445,False
b070_parked/episode_019e2261-5abe-7ece-910d-8988dd12106a/random_walk,89,2.966666666666667,DINOv2,0.7296010851860046,False
b070_parked/episode_019e2261-5abe-7ece-910d-8988dd12106a/random_walk,89,2.966666666666667,Robometer success,0.03676946833729744,False
b070_parked/episode_019e2261-5abe-7ece-910d-8988dd12106a/random_walk,134,4.466666666666667,DT,-33.53036117553711,False
b070_parked/episode_019e2261-5abe-7ece-910d-8988dd12106a/random_walk,134,4.466666666666667,DINOv2,0.654663622379303,False
b070_parked/episode_019e2261-5abe-7ece-910d-8988dd12106a/random_walk,134,4.466666666666667,Robometer success,0.06465348601341248,False
b070_parked/episode_019e2261-5abe-7ece-910d-8988dd12106a/random_walk,178,5.933333333333334,DT,-18.339801788330078,False
b070_parked/episode_019e2261-5abe-7ece-910d-8988dd12106a/random_walk,178,5.933333333333334,DINOv2,0.637009859085083,False
b070_parked/episode_019e2261-5abe-7ece-910d-8988dd12106a/random_walk,178,5.933333333333334,Robometer success,0.02262919954955578,False
b070_parked/episode_019e2261-5abe-7ece-910d-8988dd12106a/random_walk,223,7.433333333333334,DT,-13.84585952758789,False
b070_parked/episode_019e2261-5abe-7ece-910d-8988dd12106a/random_walk,223,7.433333333333334,DINOv2,0.6265609264373779,False
b070_parked/episode_019e2261-5abe-7ece-910d-8988dd12106a/random_walk,223,7.433333333333334,Robometer success,0.16451646387577057,False
b070_parked/episode_019e2261-5abe-7ece-910d-8988dd12106a/random_walk,268,8.933333333333334,DT,-12.929886817932129,False
b070_parked/episode_019e2261-5abe-7ece-910d-8988dd12106a/random_walk,268,8.933333333333334,DINOv2,0.6381562352180481,False
b070_parked/episode_019e2261-5abe-7ece-910d-8988dd12106a/random_walk,268,8.933333333333334,Robometer success,0.08882029354572296,False
b070_parked/episode_019e2261-5abe-7ece-910d-8988dd12106a/random_walk,312,10.4,DT,-12.700216293334961,False
b070_parked/episode_019e2261-5abe-7ece-910d-8988dd12106a/random_walk,312,10.4,DINOv2,0.6849751472473145,False
b070_parked/episode_019e2261-5abe-7ece-910d-8988dd12106a/random_walk,312,10.4,Robometer success,0.1980641782283783,False
b070_parked/episode_019e2261-5abe-7ece-910d-8988dd12106a/random_walk,357,11.9,DT,-14.235191345214844,False
b070_parked/episode_019e2261-5abe-7ece-910d-8988dd12106a/random_walk,357,11.9,DINOv2,0.6641733646392822,False
b070_parked/episode_019e2261-5abe-7ece-910d-8988dd12106a/random_walk,357,11.9,Robometer success,0.15921740233898163,False
b070_parked/episode_019e2261-5abe-7ece-910d-8988dd12106a/random_walk,402,13.4,DT,-14.098995208740234,False
b070_parked/episode_019e2261-5abe-7ece-910d-8988dd12106a/random_walk,402,13.4,DINOv2,0.6907497644424438,False
b070_parked/episode_019e2261-5abe-7ece-910d-8988dd12106a/random_walk,402,13.4,Robometer success,0.014957086183130741,False
b070_parked/episode_019e2261-5abe-7ece-910d-8988dd12106a/random_walk,446,14.866666666666667,DT,-12.635726928710938,False
b070_parked/episode_019e2261-5abe-7ece-910d-8988dd12106a/random_walk,446,14.866666666666667,DINOv2,0.5924453139305115,False
b070_parked/episode_019e2261-5abe-7ece-910d-8988dd12106a/random_walk,446,14.866666666666667,Robometer success,0.1276526302099228,False
b070_parked/episode_019e2261-5abe-7ece-910d-8988dd12106a/random_walk,457,15.233333333333333,DT,-13.310647964477539,False
b070_parked/episode_019e2261-5abe-7ece-910d-8988dd12106a/random_walk,457,15.233333333333333,DINOv2,0.6553934812545776,False
b070_parked/episode_019e2261-5abe-7ece-910d-8988dd12106a/random_walk,457,15.233333333333333,Robometer success,0.24508501589298248,False
b070_parked/episode_019e2261-5abe-7ece-910d-8988dd12106a/random_walk,487,16.233333333333334,DT,-20.506244659423828,False
b070_parked/episode_019e2261-5abe-7ece-910d-8988dd12106a/random_walk,487,16.233333333333334,DINOv2,0.7838648557662964,False
b070_parked/episode_019e2261-5abe-7ece-910d-8988dd12106a/random_walk,487,16.233333333333334,Robometer success,0.16026602685451508,False
b070_parked/episode_019e2261-5abe-7ece-910d-8988dd12106a/random_walk,491,16.366666666666667,DT,-18.209802627563477,False
b070_parked/episode_019e2261-5abe-7ece-910d-8988dd12106a/random_walk,491,16.366666666666667,DINOv2,0.727288544178009,False
b070_parked/episode_019e2261-5abe-7ece-910d-8988dd12106a/random_walk,491,16.366666666666667,Robometer success,0.14223189651966095,False
b070_parked/episode_019e2261-5abe-7ece-910d-8988dd12106a/random_walk,536,17.866666666666667,DT,-32.17093276977539,False
b070_parked/episode_019e2261-5abe-7ece-910d-8988dd12106a/random_walk,536,17.866666666666667,DINOv2,0.7939919233322144,False
b070_parked/episode_019e2261-5abe-7ece-910d-8988dd12106a/random_walk,536,17.866666666666667,Robometer success,0.5751108527183533,False
b070_parked/episode_019e2261-5abe-7ece-910d-8988dd12106a/random_walk,580,19.333333333333332,DT,-37.715240478515625,False
b070_parked/episode_019e2261-5abe-7ece-910d-8988dd12106a/random_walk,580,19.333333333333332,DINOv2,0.5136127471923828,False
b070_parked/episode_019e2261-5abe-7ece-910d-8988dd12106a/random_walk,580,19.333333333333332,Robometer success,0.048136770725250244,False
b070_parked/episode_019e2261-5abe-7ece-910d-8988dd12106a/random_walk,625,20.833333333333332,DT,-33.456417083740234,False
b070_parked/episode_019e2261-5abe-7ece-910d-8988dd12106a/random_walk,625,20.833333333333332,DINOv2,0.7003614902496338,False
b070_parked/episode_019e2261-5abe-7ece-910d-8988dd12106a/random_walk,625,20.833333333333332,Robometer success,0.15304215252399445,False
b070_parked/episode_019e2261-5abe-7ece-910d-8988dd12106a/random_walk,669,22.3,DT,-40.688995361328125,False
b070_parked/episode_019e2261-5abe-7ece-910d-8988dd12106a/random_walk,669,22.3,DINOv2,0.7729008793830872,False
b070_parked/episode_019e2261-5abe-7ece-910d-8988dd12106a/random_walk,669,22.3,Robometer success,0.38537469506263733,False
b070_parked/episode_019e2261-5abe-7ece-910d-8988dd12106a/random_walk,714,23.8,DT,-21.621360778808594,False
b070_parked/episode_019e2261-5abe-7ece-910d-8988dd12106a/random_walk,714,23.8,DINOv2,0.8026346564292908,False
b070_parked/episode_019e2261-5abe-7ece-910d-8988dd12106a/random_walk,714,23.8,Robometer success,0.4736572504043579,False
b070_parked/episode_019e2261-5abe-7ece-910d-8988dd12106a/random_walk,774,25.8,DT,-14.034248352050781,False
b070_parked/episode_019e2261-5abe-7ece-910d-8988dd12106a/random_walk,774,25.8,DINOv2,0.976279616355896,False
b070_parked/episode_019e2261-5abe-7ece-910d-8988dd12106a/random_walk,774,25.8,Robometer success,0.020964240655303,False
b070_parked/episode_019e2261-5abe-7ece-910d-8988dd12106a/random_walk,834,27.8,DT,-14.062907218933105,False
b070_parked/episode_019e2261-5abe-7ece-910d-8988dd12106a/random_walk,834,27.8,DINOv2,0.9772179126739502,False
b070_parked/episode_019e2261-5abe-7ece-910d-8988dd12106a/random_walk,834,27.8,Robometer success,0.07585817575454712,False
b070_parked/episode_019e2261-5abe-7ece-910d-8988dd12106a/random_walk,894,29.8,DT,-12.477276802062988,False
b070_parked/episode_019e2261-5abe-7ece-910d-8988dd12106a/random_walk,894,29.8,DINOv2,0.97796630859375,False
b070_parked/episode_019e2261-5abe-7ece-910d-8988dd12106a/random_walk,894,29.8,Robometer success,0.020332353189587593,False
b070_parked/episode_019e2261-5abe-7ece-910d-8988dd12106a/random_walk,954,31.8,DT,-11.882320404052734,False
b070_parked/episode_019e2261-5abe-7ece-910d-8988dd12106a/random_walk,954,31.8,DINOv2,0.9773180484771729,False
b070_parked/episode_019e2261-5abe-7ece-910d-8988dd12106a/random_walk,954,31.8,Robometer success,0.009708477184176445,False
b070_parked/episode_019e2261-5abe-7ece-910d-8988dd12106a/random_walk,1014,33.8,DT,-13.165558815002441,True
b070_parked/episode_019e2261-5abe-7ece-910d-8988dd12106a/random_walk,1014,33.8,DINOv2,0.9772111177444458,True
b070_parked/episode_019e2261-5abe-7ece-910d-8988dd12106a/random_walk,1014,33.8,Robometer success,0.012821214273571968,True
b090_original/episode_019e2261-5abe-7ece-910d-8988dd12106a/replay_control,0,0.0,DT,-9.187104225158691,False
b090_original/episode_019e2261-5abe-7ece-910d-8988dd12106a/replay_control,0,0.0,DINOv2,0.8466649055480957,False
b090_original/episode_019e2261-5abe-7ece-910d-8988dd12106a/replay_control,0,0.0,Robometer success,0.0060975621454417706,False
b090_original/episode_019e2261-5abe-7ece-910d-8988dd12106a/replay_control,45,1.5,DT,-91.60903930664062,False
b090_original/episode_019e2261-5abe-7ece-910d-8988dd12106a/replay_control,45,1.5,DINOv2,0.7576696872711182,False
b090_original/episode_019e2261-5abe-7ece-910d-8988dd12106a/replay_control,45,1.5,Robometer success,0.005730246659368277,False
b090_original/episode_019e2261-5abe-7ece-910d-8988dd12106a/replay_control,89,2.966666666666667,DT,-20.811967849731445,False
b090_original/episode_019e2261-5abe-7ece-910d-8988dd12106a/replay_control,89,2.966666666666667,DINOv2,0.7296010851860046,False
b090_original/episode_019e2261-5abe-7ece-910d-8988dd12106a/replay_control,89,2.966666666666667,Robometer success,0.03676946833729744,False
b090_original/episode_019e2261-5abe-7ece-910d-8988dd12106a/replay_control,134,4.466666666666667,DT,-33.53036117553711,False
b090_original/episode_019e2261-5abe-7ece-910d-8988dd12106a/replay_control,134,4.466666666666667,DINOv2,0.654663622379303,False
b090_original/episode_019e2261-5abe-7ece-910d-8988dd12106a/replay_control,134,4.466666666666667,Robometer success,0.06465348601341248,False
b090_original/episode_019e2261-5abe-7ece-910d-8988dd12106a/replay_control,178,5.933333333333334,DT,-18.339801788330078,False
b090_original/episode_019e2261-5abe-7ece-910d-8988dd12106a/replay_control,178,5.933333333333334,DINOv2,0.637009859085083,False
b090_original/episode_019e2261-5abe-7ece-910d-8988dd12106a/replay_control,178,5.933333333333334,Robometer success,0.02262919954955578,False
b090_original/episode_019e2261-5abe-7ece-910d-8988dd12106a/replay_control,223,7.433333333333334,DT,-13.84585952758789,False
b090_original/episode_019e2261-5abe-7ece-910d-8988dd12106a/replay_control,223,7.433333333333334,DINOv2,0.6265609264373779,False
b090_original/episode_019e2261-5abe-7ece-910d-8988dd12106a/replay_control,223,7.433333333333334,Robometer success,0.16451646387577057,False
b090_original/episode_019e2261-5abe-7ece-910d-8988dd12106a/replay_control,268,8.933333333333334,DT,-12.929886817932129,False
b090_original/episode_019e2261-5abe-7ece-910d-8988dd12106a/replay_control,268,8.933333333333334,DINOv2,0.6381562352180481,False
b090_original/episode_019e2261-5abe-7ece-910d-8988dd12106a/replay_control,268,8.933333333333334,Robometer success,0.08882029354572296,False
b090_original/episode_019e2261-5abe-7ece-910d-8988dd12106a/replay_control,312,10.4,DT,-12.700216293334961,False
b090_original/episode_019e2261-5abe-7ece-910d-8988dd12106a/replay_control,312,10.4,DINOv2,0.6849751472473145,False
b090_original/episode_019e2261-5abe-7ece-910d-8988dd12106a/replay_control,312,10.4,Robometer success,0.1980641782283783,False
b090_original/episode_019e2261-5abe-7ece-910d-8988dd12106a/replay_control,357,11.9,DT,-14.235191345214844,False
b090_original/episode_019e2261-5abe-7ece-910d-8988dd12106a/replay_control,357,11.9,DINOv2,0.6641733646392822,False
b090_original/episode_019e2261-5abe-7ece-910d-8988dd12106a/replay_control,357,11.9,Robometer success,0.15921740233898163,False
b090_original/episode_019e2261-5abe-7ece-910d-8988dd12106a/replay_control,402,13.4,DT,-14.098995208740234,False
b090_original/episode_019e2261-5abe-7ece-910d-8988dd12106a/replay_control,402,13.4,DINOv2,0.6907497644424438,False
b090_original/episode_019e2261-5abe-7ece-910d-8988dd12106a/replay_control,402,13.4,Robometer success,0.014957086183130741,False
b090_original/episode_019e2261-5abe-7ece-910d-8988dd12106a/replay_control,446,14.866666666666667,DT,-12.635726928710938,False
b090_original/episode_019e2261-5abe-7ece-910d-8988dd12106a/replay_control,446,14.866666666666667,DINOv2,0.5924453139305115,False
b090_original/episode_019e2261-5abe-7ece-910d-8988dd12106a/replay_control,446,14.866666666666667,Robometer success,0.1276526302099228,False
b090_original/episode_019e2261-5abe-7ece-910d-8988dd12106a/replay_control,491,16.366666666666667,DT,-10.75001049041748,False
b090_original/episode_019e2261-5abe-7ece-910d-8988dd12106a/replay_control,491,16.366666666666667,DINOv2,0.7097688913345337,False
b090_original/episode_019e2261-5abe-7ece-910d-8988dd12106a/replay_control,491,16.366666666666667,Robometer success,0.053403329104185104,False
b090_original/episode_019e2261-5abe-7ece-910d-8988dd12106a/replay_control,536,17.866666666666667,DT,-10.324630737304688,False
b090_original/episode_019e2261-5abe-7ece-910d-8988dd12106a/replay_control,536,17.866666666666667,DINOv2,0.7385280132293701,False
b090_original/episode_019e2261-5abe-7ece-910d-8988dd12106a/replay_control,536,17.866666666666667,Robometer success,0.5688949227333069,False
b090_original/episode_019e2261-5abe-7ece-910d-8988dd12106a/replay_control,580,19.333333333333332,DT,-8.349987983703613,False
b090_original/episode_019e2261-5abe-7ece-910d-8988dd12106a/replay_control,580,19.333333333333332,DINOv2,0.7718799710273743,False
b090_original/episode_019e2261-5abe-7ece-910d-8988dd12106a/replay_control,580,19.333333333333332,Robometer success,0.35488009452819824,False
b090_original/episode_019e2261-5abe-7ece-910d-8988dd12106a/replay_control,588,19.6,DT,-6.407868385314941,False
b090_original/episode_019e2261-5abe-7ece-910d-8988dd12106a/replay_control,588,19.6,DINOv2,0.8201334476470947,False
b090_original/episode_019e2261-5abe-7ece-910d-8988dd12106a/replay_control,588,19.6,Robometer success,0.1755380779504776,False
b090_original/episode_019e2261-5abe-7ece-910d-8988dd12106a/replay_control,618,20.6,DT,-2.6869499683380127,False
b090_original/episode_019e2261-5abe-7ece-910d-8988dd12106a/replay_control,618,20.6,DINOv2,0.9303820133209229,False
b090_original/episode_019e2261-5abe-7ece-910d-8988dd12106a/replay_control,618,20.6,Robometer success,0.4701283872127533,False
b090_original/episode_019e2261-5abe-7ece-910d-8988dd12106a/replay_control,625,20.833333333333332,DT,-2.282285451889038,False
b090_original/episode_019e2261-5abe-7ece-910d-8988dd12106a/replay_control,625,20.833333333333332,DINOv2,0.9385501742362976,False
b090_original/episode_019e2261-5abe-7ece-910d-8988dd12106a/replay_control,625,20.833333333333332,Robometer success,0.5855752229690552,False
b090_original/episode_019e2261-5abe-7ece-910d-8988dd12106a/replay_control,669,22.3,DT,-1.8419842720031738,False
b090_original/episode_019e2261-5abe-7ece-910d-8988dd12106a/replay_control,669,22.3,DINOv2,0.9981488585472107,False
b090_original/episode_019e2261-5abe-7ece-910d-8988dd12106a/replay_control,669,22.3,Robometer success,0.15102779865264893,False
b090_original/episode_019e2261-5abe-7ece-910d-8988dd12106a/replay_control,714,23.8,DT,-1.7843540906906128,True
b090_original/episode_019e2261-5abe-7ece-910d-8988dd12106a/replay_control,714,23.8,DINOv2,0.9950633645057678,True
b090_original/episode_019e2261-5abe-7ece-910d-8988dd12106a/replay_control,714,23.8,Robometer success,0.18242552876472473,True
b090_original/episode_019e2261-5abe-7ece-910d-8988dd12106a/hold,0,0.0,DT,-9.187104225158691,False
b090_original/episode_019e2261-5abe-7ece-910d-8988dd12106a/hold,0,0.0,DINOv2,0.8466649055480957,False
b090_original/episode_019e2261-5abe-7ece-910d-8988dd12106a/hold,0,0.0,Robometer success,0.0060975621454417706,False
b090_original/episode_019e2261-5abe-7ece-910d-8988dd12106a/hold,45,1.5,DT,-91.60903930664062,False
b090_original/episode_019e2261-5abe-7ece-910d-8988dd12106a/hold,45,1.5,DINOv2,0.7576696872711182,False
b090_original/episode_019e2261-5abe-7ece-910d-8988dd12106a/hold,45,1.5,Robometer success,0.005730246659368277,False
b090_original/episode_019e2261-5abe-7ece-910d-8988dd12106a/hold,89,2.966666666666667,DT,-20.811967849731445,False
b090_original/episode_019e2261-5abe-7ece-910d-8988dd12106a/hold,89,2.966666666666667,DINOv2,0.7296010851860046,False
b090_original/episode_019e2261-5abe-7ece-910d-8988dd12106a/hold,89,2.966666666666667,Robometer success,0.03676946833729744,False
b090_original/episode_019e2261-5abe-7ece-910d-8988dd12106a/hold,134,4.466666666666667,DT,-33.53036117553711,False
b090_original/episode_019e2261-5abe-7ece-910d-8988dd12106a/hold,134,4.466666666666667,DINOv2,0.654663622379303,False
b090_original/episode_019e2261-5abe-7ece-910d-8988dd12106a/hold,134,4.466666666666667,Robometer success,0.06465348601341248,False
b090_original/episode_019e2261-5abe-7ece-910d-8988dd12106a/hold,178,5.933333333333334,DT,-18.339801788330078,False
b090_original/episode_019e2261-5abe-7ece-910d-8988dd12106a/hold,178,5.933333333333334,DINOv2,0.637009859085083,False
b090_original/episode_019e2261-5abe-7ece-910d-8988dd12106a/hold,178,5.933333333333334,Robometer success,0.02262919954955578,False
b090_original/episode_019e2261-5abe-7ece-910d-8988dd12106a/hold,223,7.433333333333334,DT,-13.84585952758789,False
b090_original/episode_019e2261-5abe-7ece-910d-8988dd12106a/hold,223,7.433333333333334,DINOv2,0.6265609264373779,False
b090_original/episode_019e2261-5abe-7ece-910d-8988dd12106a/hold,223,7.433333333333334,Robometer success,0.16451646387577057,False
b090_original/episode_019e2261-5abe-7ece-910d-8988dd12106a/hold,268,8.933333333333334,DT,-12.929886817932129,False
b090_original/episode_019e2261-5abe-7ece-910d-8988dd12106a/hold,268,8.933333333333334,DINOv2,0.6381562352180481,False
b090_original/episode_019e2261-5abe-7ece-910d-8988dd12106a/hold,268,8.933333333333334,Robometer success,0.08882029354572296,False
b090_original/episode_019e2261-5abe-7ece-910d-8988dd12106a/hold,312,10.4,DT,-12.700216293334961,False
b090_original/episode_019e2261-5abe-7ece-910d-8988dd12106a/hold,312,10.4,DINOv2,0.6849751472473145,False
b090_original/episode_019e2261-5abe-7ece-910d-8988dd12106a/hold,312,10.4,Robometer success,0.1980641782283783,False
b090_original/episode_019e2261-5abe-7ece-910d-8988dd12106a/hold,357,11.9,DT,-14.235191345214844,False
b090_original/episode_019e2261-5abe-7ece-910d-8988dd12106a/hold,357,11.9,DINOv2,0.6641733646392822,False
b090_original/episode_019e2261-5abe-7ece-910d-8988dd12106a/hold,357,11.9,Robometer success,0.15921740233898163,False
b090_original/episode_019e2261-5abe-7ece-910d-8988dd12106a/hold,402,13.4,DT,-14.098995208740234,False
b090_original/episode_019e2261-5abe-7ece-910d-8988dd12106a/hold,402,13.4,DINOv2,0.6907497644424438,False
b090_original/episode_019e2261-5abe-7ece-910d-8988dd12106a/hold,402,13.4,Robometer success,0.014957086183130741,False
b090_original/episode_019e2261-5abe-7ece-910d-8988dd12106a/hold,446,14.866666666666667,DT,-12.635726928710938,False
b090_original/episode_019e2261-5abe-7ece-910d-8988dd12106a/hold,446,14.866666666666667,DINOv2,0.5924453139305115,False
b090_original/episode_019e2261-5abe-7ece-910d-8988dd12106a/hold,446,14.866666666666667,Robometer success,0.1276526302099228,False
b090_original/episode_019e2261-5abe-7ece-910d-8988dd12106a/hold,491,16.366666666666667,DT,-10.75001049041748,False
b090_original/episode_019e2261-5abe-7ece-910d-8988dd12106a/hold,491,16.366666666666667,DINOv2,0.7097688913345337,False
b090_original/episode_019e2261-5abe-7ece-910d-8988dd12106a/hold,491,16.366666666666667,Robometer success,0.053403329104185104,False
b090_original/episode_019e2261-5abe-7ece-910d-8988dd12106a/hold,536,17.866666666666667,DT,-10.324630737304688,False
b090_original/episode_019e2261-5abe-7ece-910d-8988dd12106a/hold,536,17.866666666666667,DINOv2,0.7385280132293701,False
b090_original/episode_019e2261-5abe-7ece-910d-8988dd12106a/hold,536,17.866666666666667,Robometer success,0.5688949227333069,False
b090_original/episode_019e2261-5abe-7ece-910d-8988dd12106a/hold,580,19.333333333333332,DT,-8.349987983703613,False
b090_original/episode_019e2261-5abe-7ece-910d-8988dd12106a/hold,580,19.333333333333332,DINOv2,0.7718799710273743,False
b090_original/episode_019e2261-5abe-7ece-910d-8988dd12106a/hold,580,19.333333333333332,Robometer success,0.35488009452819824,False
b090_original/episode_019e2261-5abe-7ece-910d-8988dd12106a/hold,588,19.6,DT,-6.407868385314941,False
b090_original/episode_019e2261-5abe-7ece-910d-8988dd12106a/hold,588,19.6,DINOv2,0.8201334476470947,False
b090_original/episode_019e2261-5abe-7ece-910d-8988dd12106a/hold,588,19.6,Robometer success,0.1755380779504776,False
b090_original/episode_019e2261-5abe-7ece-910d-8988dd12106a/hold,618,20.6,DT,-6.05103874206543,False
b090_original/episode_019e2261-5abe-7ece-910d-8988dd12106a/hold,618,20.6,DINOv2,0.8183141946792603,False
b090_original/episode_019e2261-5abe-7ece-910d-8988dd12106a/hold,618,20.6,Robometer success,0.3259495198726654,False
b090_original/episode_019e2261-5abe-7ece-910d-8988dd12106a/hold,625,20.833333333333332,DT,-5.964092254638672,False
b090_original/episode_019e2261-5abe-7ece-910d-8988dd12106a/hold,625,20.833333333333332,DINOv2,0.8167180418968201,False
b090_original/episode_019e2261-5abe-7ece-910d-8988dd12106a/hold,625,20.833333333333332,Robometer success,0.4059196412563324,False
b090_original/episode_019e2261-5abe-7ece-910d-8988dd12106a/hold,669,22.3,DT,-6.171988487243652,False
b090_original/episode_019e2261-5abe-7ece-910d-8988dd12106a/hold,669,22.3,DINOv2,0.8220589756965637,False
b090_original/episode_019e2261-5abe-7ece-910d-8988dd12106a/hold,669,22.3,Robometer success,0.2613309323787689,False
b090_original/episode_019e2261-5abe-7ece-910d-8988dd12106a/hold,714,23.8,DT,-6.283539772033691,True
b090_original/episode_019e2261-5abe-7ece-910d-8988dd12106a/hold,714,23.8,DINOv2,0.8197733163833618,True
b090_original/episode_019e2261-5abe-7ece-910d-8988dd12106a/hold,714,23.8,Robometer success,0.3363310694694519,True
b090_original/episode_019e2261-5abe-7ece-910d-8988dd12106a/random_walk,0,0.0,DT,-9.187104225158691,False
b090_original/episode_019e2261-5abe-7ece-910d-8988dd12106a/random_walk,0,0.0,DINOv2,0.8466649055480957,False
b090_original/episode_019e2261-5abe-7ece-910d-8988dd12106a/random_walk,0,0.0,Robometer success,0.0060975621454417706,False
b090_original/episode_019e2261-5abe-7ece-910d-8988dd12106a/random_walk,45,1.5,DT,-91.60903930664062,False
b090_original/episode_019e2261-5abe-7ece-910d-8988dd12106a/random_walk,45,1.5,DINOv2,0.7576696872711182,False
b090_original/episode_019e2261-5abe-7ece-910d-8988dd12106a/random_walk,45,1.5,Robometer success,0.005730246659368277,False
b090_original/episode_019e2261-5abe-7ece-910d-8988dd12106a/random_walk,89,2.966666666666667,DT,-20.811967849731445,False
b090_original/episode_019e2261-5abe-7ece-910d-8988dd12106a/random_walk,89,2.966666666666667,DINOv2,0.7296010851860046,False
b090_original/episode_019e2261-5abe-7ece-910d-8988dd12106a/random_walk,89,2.966666666666667,Robometer success,0.03676946833729744,False
b090_original/episode_019e2261-5abe-7ece-910d-8988dd12106a/random_walk,134,4.466666666666667,DT,-33.53036117553711,False
b090_original/episode_019e2261-5abe-7ece-910d-8988dd12106a/random_walk,134,4.466666666666667,DINOv2,0.654663622379303,False
b090_original/episode_019e2261-5abe-7ece-910d-8988dd12106a/random_walk,134,4.466666666666667,Robometer success,0.06465348601341248,False
b090_original/episode_019e2261-5abe-7ece-910d-8988dd12106a/random_walk,178,5.933333333333334,DT,-18.339801788330078,False
b090_original/episode_019e2261-5abe-7ece-910d-8988dd12106a/random_walk,178,5.933333333333334,DINOv2,0.637009859085083,False
b090_original/episode_019e2261-5abe-7ece-910d-8988dd12106a/random_walk,178,5.933333333333334,Robometer success,0.02262919954955578,False
b090_original/episode_019e2261-5abe-7ece-910d-8988dd12106a/random_walk,223,7.433333333333334,DT,-13.84585952758789,False
b090_original/episode_019e2261-5abe-7ece-910d-8988dd12106a/random_walk,223,7.433333333333334,DINOv2,0.6265609264373779,False
b090_original/episode_019e2261-5abe-7ece-910d-8988dd12106a/random_walk,223,7.433333333333334,Robometer success,0.16451646387577057,False
b090_original/episode_019e2261-5abe-7ece-910d-8988dd12106a/random_walk,268,8.933333333333334,DT,-12.929886817932129,False
b090_original/episode_019e2261-5abe-7ece-910d-8988dd12106a/random_walk,268,8.933333333333334,DINOv2,0.6381562352180481,False
b090_original/episode_019e2261-5abe-7ece-910d-8988dd12106a/random_walk,268,8.933333333333334,Robometer success,0.08882029354572296,False
b090_original/episode_019e2261-5abe-7ece-910d-8988dd12106a/random_walk,312,10.4,DT,-12.700216293334961,False
b090_original/episode_019e2261-5abe-7ece-910d-8988dd12106a/random_walk,312,10.4,DINOv2,0.6849751472473145,False
b090_original/episode_019e2261-5abe-7ece-910d-8988dd12106a/random_walk,312,10.4,Robometer success,0.1980641782283783,False
b090_original/episode_019e2261-5abe-7ece-910d-8988dd12106a/random_walk,357,11.9,DT,-14.235191345214844,False
b090_original/episode_019e2261-5abe-7ece-910d-8988dd12106a/random_walk,357,11.9,DINOv2,0.6641733646392822,False
b090_original/episode_019e2261-5abe-7ece-910d-8988dd12106a/random_walk,357,11.9,Robometer success,0.15921740233898163,False
b090_original/episode_019e2261-5abe-7ece-910d-8988dd12106a/random_walk,402,13.4,DT,-14.098995208740234,False
b090_original/episode_019e2261-5abe-7ece-910d-8988dd12106a/random_walk,402,13.4,DINOv2,0.6907497644424438,False
b090_original/episode_019e2261-5abe-7ece-910d-8988dd12106a/random_walk,402,13.4,Robometer success,0.014957086183130741,False
b090_original/episode_019e2261-5abe-7ece-910d-8988dd12106a/random_walk,446,14.866666666666667,DT,-12.635726928710938,False
b090_original/episode_019e2261-5abe-7ece-910d-8988dd12106a/random_walk,446,14.866666666666667,DINOv2,0.5924453139305115,False
b090_original/episode_019e2261-5abe-7ece-910d-8988dd12106a/random_walk,446,14.866666666666667,Robometer success,0.1276526302099228,False
b090_original/episode_019e2261-5abe-7ece-910d-8988dd12106a/random_walk,491,16.366666666666667,DT,-10.75001049041748,False
b090_original/episode_019e2261-5abe-7ece-910d-8988dd12106a/random_walk,491,16.366666666666667,DINOv2,0.7097688913345337,False
b090_original/episode_019e2261-5abe-7ece-910d-8988dd12106a/random_walk,491,16.366666666666667,Robometer success,0.053403329104185104,False
b090_original/episode_019e2261-5abe-7ece-910d-8988dd12106a/random_walk,536,17.866666666666667,DT,-10.324630737304688,False
b090_original/episode_019e2261-5abe-7ece-910d-8988dd12106a/random_walk,536,17.866666666666667,DINOv2,0.7385280132293701,False
b090_original/episode_019e2261-5abe-7ece-910d-8988dd12106a/random_walk,536,17.866666666666667,Robometer success,0.5688949227333069,False
b090_original/episode_019e2261-5abe-7ece-910d-8988dd12106a/random_walk,580,19.333333333333332,DT,-8.349987983703613,False
b090_original/episode_019e2261-5abe-7ece-910d-8988dd12106a/random_walk,580,19.333333333333332,DINOv2,0.7718799710273743,False
b090_original/episode_019e2261-5abe-7ece-910d-8988dd12106a/random_walk,580,19.333333333333332,Robometer success,0.35488009452819824,False
b090_original/episode_019e2261-5abe-7ece-910d-8988dd12106a/random_walk,588,19.6,DT,-6.407868385314941,False
b090_original/episode_019e2261-5abe-7ece-910d-8988dd12106a/random_walk,588,19.6,DINOv2,0.8201334476470947,False
b090_original/episode_019e2261-5abe-7ece-910d-8988dd12106a/random_walk,588,19.6,Robometer success,0.1755380779504776,False
b090_original/episode_019e2261-5abe-7ece-910d-8988dd12106a/random_walk,618,20.6,DT,-6.962188720703125,False
b090_original/episode_019e2261-5abe-7ece-910d-8988dd12106a/random_walk,618,20.6,DINOv2,0.8611622452735901,False
b090_original/episode_019e2261-5abe-7ece-910d-8988dd12106a/random_walk,618,20.6,Robometer success,0.34334173798561096,False
b090_original/episode_019e2261-5abe-7ece-910d-8988dd12106a/random_walk,625,20.833333333333332,DT,-7.803384780883789,False
b090_original/episode_019e2261-5abe-7ece-910d-8988dd12106a/random_walk,625,20.833333333333332,DINOv2,0.7433616518974304,False
b090_original/episode_019e2261-5abe-7ece-910d-8988dd12106a/random_walk,625,20.833333333333332,Robometer success,0.35756751894950867,False
b090_original/episode_019e2261-5abe-7ece-910d-8988dd12106a/random_walk,669,22.3,DT,-5.846124172210693,False
b090_original/episode_019e2261-5abe-7ece-910d-8988dd12106a/random_walk,669,22.3,DINOv2,0.7957543134689331,False
b090_original/episode_019e2261-5abe-7ece-910d-8988dd12106a/random_walk,669,22.3,Robometer success,0.25534364581108093,False
b090_original/episode_019e2261-5abe-7ece-910d-8988dd12106a/random_walk,714,23.8,DT,-9.1929931640625,True
b090_original/episode_019e2261-5abe-7ece-910d-8988dd12106a/random_walk,714,23.8,DINOv2,0.6619118452072144,True
b090_original/episode_019e2261-5abe-7ece-910d-8988dd12106a/random_walk,714,23.8,Robometer success,0.5348554849624634,True
b090_parked/episode_019e2261-5abe-7ece-910d-8988dd12106a/replay_control,0,0.0,DT,-9.187104225158691,False
b090_parked/episode_019e2261-5abe-7ece-910d-8988dd12106a/replay_control,0,0.0,DINOv2,0.8466649055480957,False
b090_parked/episode_019e2261-5abe-7ece-910d-8988dd12106a/replay_control,0,0.0,Robometer success,0.0060975621454417706,False
b090_parked/episode_019e2261-5abe-7ece-910d-8988dd12106a/replay_control,45,1.5,DT,-91.60903930664062,False
b090_parked/episode_019e2261-5abe-7ece-910d-8988dd12106a/replay_control,45,1.5,DINOv2,0.7576696872711182,False
b090_parked/episode_019e2261-5abe-7ece-910d-8988dd12106a/replay_control,45,1.5,Robometer success,0.005730246659368277,False
b090_parked/episode_019e2261-5abe-7ece-910d-8988dd12106a/replay_control,89,2.966666666666667,DT,-20.811967849731445,False
b090_parked/episode_019e2261-5abe-7ece-910d-8988dd12106a/replay_control,89,2.966666666666667,DINOv2,0.7296010851860046,False
b090_parked/episode_019e2261-5abe-7ece-910d-8988dd12106a/replay_control,89,2.966666666666667,Robometer success,0.03676946833729744,False
b090_parked/episode_019e2261-5abe-7ece-910d-8988dd12106a/replay_control,134,4.466666666666667,DT,-33.53036117553711,False
b090_parked/episode_019e2261-5abe-7ece-910d-8988dd12106a/replay_control,134,4.466666666666667,DINOv2,0.654663622379303,False
b090_parked/episode_019e2261-5abe-7ece-910d-8988dd12106a/replay_control,134,4.466666666666667,Robometer success,0.06465348601341248,False
b090_parked/episode_019e2261-5abe-7ece-910d-8988dd12106a/replay_control,178,5.933333333333334,DT,-18.339801788330078,False
b090_parked/episode_019e2261-5abe-7ece-910d-8988dd12106a/replay_control,178,5.933333333333334,DINOv2,0.637009859085083,False
b090_parked/episode_019e2261-5abe-7ece-910d-8988dd12106a/replay_control,178,5.933333333333334,Robometer success,0.02262919954955578,False
b090_parked/episode_019e2261-5abe-7ece-910d-8988dd12106a/replay_control,223,7.433333333333334,DT,-13.84585952758789,False
b090_parked/episode_019e2261-5abe-7ece-910d-8988dd12106a/replay_control,223,7.433333333333334,DINOv2,0.6265609264373779,False
b090_parked/episode_019e2261-5abe-7ece-910d-8988dd12106a/replay_control,223,7.433333333333334,Robometer success,0.16451646387577057,False
b090_parked/episode_019e2261-5abe-7ece-910d-8988dd12106a/replay_control,268,8.933333333333334,DT,-12.929886817932129,False
b090_parked/episode_019e2261-5abe-7ece-910d-8988dd12106a/replay_control,268,8.933333333333334,DINOv2,0.6381562352180481,False
b090_parked/episode_019e2261-5abe-7ece-910d-8988dd12106a/replay_control,268,8.933333333333334,Robometer success,0.08882029354572296,False
b090_parked/episode_019e2261-5abe-7ece-910d-8988dd12106a/replay_control,312,10.4,DT,-12.700216293334961,False
b090_parked/episode_019e2261-5abe-7ece-910d-8988dd12106a/replay_control,312,10.4,DINOv2,0.6849751472473145,False
b090_parked/episode_019e2261-5abe-7ece-910d-8988dd12106a/replay_control,312,10.4,Robometer success,0.1980641782283783,False
b090_parked/episode_019e2261-5abe-7ece-910d-8988dd12106a/replay_control,357,11.9,DT,-14.235191345214844,False
b090_parked/episode_019e2261-5abe-7ece-910d-8988dd12106a/replay_control,357,11.9,DINOv2,0.6641733646392822,False
b090_parked/episode_019e2261-5abe-7ece-910d-8988dd12106a/replay_control,357,11.9,Robometer success,0.15921740233898163,False
b090_parked/episode_019e2261-5abe-7ece-910d-8988dd12106a/replay_control,402,13.4,DT,-14.098995208740234,False
b090_parked/episode_019e2261-5abe-7ece-910d-8988dd12106a/replay_control,402,13.4,DINOv2,0.6907497644424438,False
b090_parked/episode_019e2261-5abe-7ece-910d-8988dd12106a/replay_control,402,13.4,Robometer success,0.014957086183130741,False
b090_parked/episode_019e2261-5abe-7ece-910d-8988dd12106a/replay_control,446,14.866666666666667,DT,-12.635726928710938,False
b090_parked/episode_019e2261-5abe-7ece-910d-8988dd12106a/replay_control,446,14.866666666666667,DINOv2,0.5924453139305115,False
b090_parked/episode_019e2261-5abe-7ece-910d-8988dd12106a/replay_control,446,14.866666666666667,Robometer success,0.1276526302099228,False
b090_parked/episode_019e2261-5abe-7ece-910d-8988dd12106a/replay_control,491,16.366666666666667,DT,-10.75001049041748,False
b090_parked/episode_019e2261-5abe-7ece-910d-8988dd12106a/replay_control,491,16.366666666666667,DINOv2,0.7097688913345337,False
b090_parked/episode_019e2261-5abe-7ece-910d-8988dd12106a/replay_control,491,16.366666666666667,Robometer success,0.053403329104185104,False
b090_parked/episode_019e2261-5abe-7ece-910d-8988dd12106a/replay_control,536,17.866666666666667,DT,-10.324630737304688,False
b090_parked/episode_019e2261-5abe-7ece-910d-8988dd12106a/replay_control,536,17.866666666666667,DINOv2,0.7385280132293701,False
b090_parked/episode_019e2261-5abe-7ece-910d-8988dd12106a/replay_control,536,17.866666666666667,Robometer success,0.5688949227333069,False
b090_parked/episode_019e2261-5abe-7ece-910d-8988dd12106a/replay_control,580,19.333333333333332,DT,-8.349987983703613,False
b090_parked/episode_019e2261-5abe-7ece-910d-8988dd12106a/replay_control,580,19.333333333333332,DINOv2,0.7718799710273743,False
b090_parked/episode_019e2261-5abe-7ece-910d-8988dd12106a/replay_control,580,19.333333333333332,Robometer success,0.35488009452819824,False
b090_parked/episode_019e2261-5abe-7ece-910d-8988dd12106a/replay_control,588,19.6,DT,-6.407868385314941,False
b090_parked/episode_019e2261-5abe-7ece-910d-8988dd12106a/replay_control,588,19.6,DINOv2,0.8201334476470947,False
b090_parked/episode_019e2261-5abe-7ece-910d-8988dd12106a/replay_control,588,19.6,Robometer success,0.1755380779504776,False
b090_parked/episode_019e2261-5abe-7ece-910d-8988dd12106a/replay_control,618,20.6,DT,-2.6869499683380127,False
b090_parked/episode_019e2261-5abe-7ece-910d-8988dd12106a/replay_control,618,20.6,DINOv2,0.9303820133209229,False
b090_parked/episode_019e2261-5abe-7ece-910d-8988dd12106a/replay_control,618,20.6,Robometer success,0.4701283872127533,False
b090_parked/episode_019e2261-5abe-7ece-910d-8988dd12106a/replay_control,625,20.833333333333332,DT,-2.282285451889038,False
b090_parked/episode_019e2261-5abe-7ece-910d-8988dd12106a/replay_control,625,20.833333333333332,DINOv2,0.9385501742362976,False
b090_parked/episode_019e2261-5abe-7ece-910d-8988dd12106a/replay_control,625,20.833333333333332,Robometer success,0.5855752229690552,False
b090_parked/episode_019e2261-5abe-7ece-910d-8988dd12106a/replay_control,669,22.3,DT,-1.8419842720031738,False
b090_parked/episode_019e2261-5abe-7ece-910d-8988dd12106a/replay_control,669,22.3,DINOv2,0.9981488585472107,False
b090_parked/episode_019e2261-5abe-7ece-910d-8988dd12106a/replay_control,669,22.3,Robometer success,0.15102779865264893,False
b090_parked/episode_019e2261-5abe-7ece-910d-8988dd12106a/replay_control,714,23.8,DT,-1.7843540906906128,False
b090_parked/episode_019e2261-5abe-7ece-910d-8988dd12106a/replay_control,714,23.8,DINOv2,0.9950633645057678,False
b090_parked/episode_019e2261-5abe-7ece-910d-8988dd12106a/replay_control,714,23.8,Robometer success,0.18242552876472473,False
b090_parked/episode_019e2261-5abe-7ece-910d-8988dd12106a/replay_control,774,25.8,DT,-2.7666497230529785,False
b090_parked/episode_019e2261-5abe-7ece-910d-8988dd12106a/replay_control,774,25.8,DINOv2,0.9989359974861145,False
b090_parked/episode_019e2261-5abe-7ece-910d-8988dd12106a/replay_control,774,25.8,Robometer success,0.36296918988227844,False
b090_parked/episode_019e2261-5abe-7ece-910d-8988dd12106a/replay_control,834,27.8,DT,-2.714102268218994,False
b090_parked/episode_019e2261-5abe-7ece-910d-8988dd12106a/replay_control,834,27.8,DINOv2,0.9995469450950623,False
b090_parked/episode_019e2261-5abe-7ece-910d-8988dd12106a/replay_control,834,27.8,Robometer success,0.10087862610816956,False
b090_parked/episode_019e2261-5abe-7ece-910d-8988dd12106a/replay_control,894,29.8,DT,-2.2370529174804688,False
b090_parked/episode_019e2261-5abe-7ece-910d-8988dd12106a/replay_control,894,29.8,DINOv2,0.9997459053993225,False
b090_parked/episode_019e2261-5abe-7ece-910d-8988dd12106a/replay_control,894,29.8,Robometer success,0.05582314357161522,False
b090_parked/episode_019e2261-5abe-7ece-910d-8988dd12106a/replay_control,954,31.8,DT,-2.1183133125305176,False
b090_parked/episode_019e2261-5abe-7ece-910d-8988dd12106a/replay_control,954,31.8,DINOv2,0.9996654391288757,False
b090_parked/episode_019e2261-5abe-7ece-910d-8988dd12106a/replay_control,954,31.8,Robometer success,0.07807816565036774,False
b090_parked/episode_019e2261-5abe-7ece-910d-8988dd12106a/replay_control,1014,33.8,DT,-2.108409881591797,True
b090_parked/episode_019e2261-5abe-7ece-910d-8988dd12106a/replay_control,1014,33.8,DINOv2,0.9996538758277893,True
b090_parked/episode_019e2261-5abe-7ece-910d-8988dd12106a/replay_control,1014,33.8,Robometer success,0.03308597952127457,True
b090_parked/episode_019e2261-5abe-7ece-910d-8988dd12106a/hold,0,0.0,DT,-9.187104225158691,False
b090_parked/episode_019e2261-5abe-7ece-910d-8988dd12106a/hold,0,0.0,DINOv2,0.8466649055480957,False
b090_parked/episode_019e2261-5abe-7ece-910d-8988dd12106a/hold,0,0.0,Robometer success,0.0060975621454417706,False
b090_parked/episode_019e2261-5abe-7ece-910d-8988dd12106a/hold,45,1.5,DT,-91.60903930664062,False
b090_parked/episode_019e2261-5abe-7ece-910d-8988dd12106a/hold,45,1.5,DINOv2,0.7576696872711182,False
b090_parked/episode_019e2261-5abe-7ece-910d-8988dd12106a/hold,45,1.5,Robometer success,0.005730246659368277,False
b090_parked/episode_019e2261-5abe-7ece-910d-8988dd12106a/hold,89,2.966666666666667,DT,-20.811967849731445,False
b090_parked/episode_019e2261-5abe-7ece-910d-8988dd12106a/hold,89,2.966666666666667,DINOv2,0.7296010851860046,False
b090_parked/episode_019e2261-5abe-7ece-910d-8988dd12106a/hold,89,2.966666666666667,Robometer success,0.03676946833729744,False
b090_parked/episode_019e2261-5abe-7ece-910d-8988dd12106a/hold,134,4.466666666666667,DT,-33.53036117553711,False
b090_parked/episode_019e2261-5abe-7ece-910d-8988dd12106a/hold,134,4.466666666666667,DINOv2,0.654663622379303,False
b090_parked/episode_019e2261-5abe-7ece-910d-8988dd12106a/hold,134,4.466666666666667,Robometer success,0.06465348601341248,False
b090_parked/episode_019e2261-5abe-7ece-910d-8988dd12106a/hold,178,5.933333333333334,DT,-18.339801788330078,False
b090_parked/episode_019e2261-5abe-7ece-910d-8988dd12106a/hold,178,5.933333333333334,DINOv2,0.637009859085083,False
b090_parked/episode_019e2261-5abe-7ece-910d-8988dd12106a/hold,178,5.933333333333334,Robometer success,0.02262919954955578,False
b090_parked/episode_019e2261-5abe-7ece-910d-8988dd12106a/hold,223,7.433333333333334,DT,-13.84585952758789,False
b090_parked/episode_019e2261-5abe-7ece-910d-8988dd12106a/hold,223,7.433333333333334,DINOv2,0.6265609264373779,False
b090_parked/episode_019e2261-5abe-7ece-910d-8988dd12106a/hold,223,7.433333333333334,Robometer success,0.16451646387577057,False
b090_parked/episode_019e2261-5abe-7ece-910d-8988dd12106a/hold,268,8.933333333333334,DT,-12.929886817932129,False
b090_parked/episode_019e2261-5abe-7ece-910d-8988dd12106a/hold,268,8.933333333333334,DINOv2,0.6381562352180481,False
b090_parked/episode_019e2261-5abe-7ece-910d-8988dd12106a/hold,268,8.933333333333334,Robometer success,0.08882029354572296,False
b090_parked/episode_019e2261-5abe-7ece-910d-8988dd12106a/hold,312,10.4,DT,-12.700216293334961,False
b090_parked/episode_019e2261-5abe-7ece-910d-8988dd12106a/hold,312,10.4,DINOv2,0.6849751472473145,False
b090_parked/episode_019e2261-5abe-7ece-910d-8988dd12106a/hold,312,10.4,Robometer success,0.1980641782283783,False
b090_parked/episode_019e2261-5abe-7ece-910d-8988dd12106a/hold,357,11.9,DT,-14.235191345214844,False
b090_parked/episode_019e2261-5abe-7ece-910d-8988dd12106a/hold,357,11.9,DINOv2,0.6641733646392822,False
b090_parked/episode_019e2261-5abe-7ece-910d-8988dd12106a/hold,357,11.9,Robometer success,0.15921740233898163,False
b090_parked/episode_019e2261-5abe-7ece-910d-8988dd12106a/hold,402,13.4,DT,-14.098995208740234,False
b090_parked/episode_019e2261-5abe-7ece-910d-8988dd12106a/hold,402,13.4,DINOv2,0.6907497644424438,False
b090_parked/episode_019e2261-5abe-7ece-910d-8988dd12106a/hold,402,13.4,Robometer success,0.014957086183130741,False
b090_parked/episode_019e2261-5abe-7ece-910d-8988dd12106a/hold,446,14.866666666666667,DT,-12.635726928710938,False
b090_parked/episode_019e2261-5abe-7ece-910d-8988dd12106a/hold,446,14.866666666666667,DINOv2,0.5924453139305115,False
b090_parked/episode_019e2261-5abe-7ece-910d-8988dd12106a/hold,446,14.866666666666667,Robometer success,0.1276526302099228,False
b090_parked/episode_019e2261-5abe-7ece-910d-8988dd12106a/hold,491,16.366666666666667,DT,-10.75001049041748,False
b090_parked/episode_019e2261-5abe-7ece-910d-8988dd12106a/hold,491,16.366666666666667,DINOv2,0.7097688913345337,False
b090_parked/episode_019e2261-5abe-7ece-910d-8988dd12106a/hold,491,16.366666666666667,Robometer success,0.053403329104185104,False
b090_parked/episode_019e2261-5abe-7ece-910d-8988dd12106a/hold,536,17.866666666666667,DT,-10.324630737304688,False
b090_parked/episode_019e2261-5abe-7ece-910d-8988dd12106a/hold,536,17.866666666666667,DINOv2,0.7385280132293701,False
b090_parked/episode_019e2261-5abe-7ece-910d-8988dd12106a/hold,536,17.866666666666667,Robometer success,0.5688949227333069,False
b090_parked/episode_019e2261-5abe-7ece-910d-8988dd12106a/hold,580,19.333333333333332,DT,-8.349987983703613,False
b090_parked/episode_019e2261-5abe-7ece-910d-8988dd12106a/hold,580,19.333333333333332,DINOv2,0.7718799710273743,False
b090_parked/episode_019e2261-5abe-7ece-910d-8988dd12106a/hold,580,19.333333333333332,Robometer success,0.35488009452819824,False
b090_parked/episode_019e2261-5abe-7ece-910d-8988dd12106a/hold,588,19.6,DT,-6.407868385314941,False
b090_parked/episode_019e2261-5abe-7ece-910d-8988dd12106a/hold,588,19.6,DINOv2,0.8201334476470947,False
b090_parked/episode_019e2261-5abe-7ece-910d-8988dd12106a/hold,588,19.6,Robometer success,0.1755380779504776,False
b090_parked/episode_019e2261-5abe-7ece-910d-8988dd12106a/hold,618,20.6,DT,-6.05103874206543,False
b090_parked/episode_019e2261-5abe-7ece-910d-8988dd12106a/hold,618,20.6,DINOv2,0.8183141946792603,False
b090_parked/episode_019e2261-5abe-7ece-910d-8988dd12106a/hold,618,20.6,Robometer success,0.3259495198726654,False
b090_parked/episode_019e2261-5abe-7ece-910d-8988dd12106a/hold,625,20.833333333333332,DT,-5.964092254638672,False
b090_parked/episode_019e2261-5abe-7ece-910d-8988dd12106a/hold,625,20.833333333333332,DINOv2,0.8167180418968201,False
b090_parked/episode_019e2261-5abe-7ece-910d-8988dd12106a/hold,625,20.833333333333332,Robometer success,0.4059196412563324,False
b090_parked/episode_019e2261-5abe-7ece-910d-8988dd12106a/hold,669,22.3,DT,-6.171988487243652,False
b090_parked/episode_019e2261-5abe-7ece-910d-8988dd12106a/hold,669,22.3,DINOv2,0.8220589756965637,False
b090_parked/episode_019e2261-5abe-7ece-910d-8988dd12106a/hold,669,22.3,Robometer success,0.2613309323787689,False
b090_parked/episode_019e2261-5abe-7ece-910d-8988dd12106a/hold,714,23.8,DT,-6.283539772033691,False
b090_parked/episode_019e2261-5abe-7ece-910d-8988dd12106a/hold,714,23.8,DINOv2,0.8197733163833618,False
b090_parked/episode_019e2261-5abe-7ece-910d-8988dd12106a/hold,714,23.8,Robometer success,0.3363310694694519,False
b090_parked/episode_019e2261-5abe-7ece-910d-8988dd12106a/hold,774,25.8,DT,-2.3862454891204834,False
b090_parked/episode_019e2261-5abe-7ece-910d-8988dd12106a/hold,774,25.8,DINOv2,0.98638916015625,False
b090_parked/episode_019e2261-5abe-7ece-910d-8988dd12106a/hold,774,25.8,Robometer success,0.5954925417900085,False
b090_parked/episode_019e2261-5abe-7ece-910d-8988dd12106a/hold,834,27.8,DT,-2.120835304260254,False
b090_parked/episode_019e2261-5abe-7ece-910d-8988dd12106a/hold,834,27.8,DINOv2,0.9985737800598145,False
b090_parked/episode_019e2261-5abe-7ece-910d-8988dd12106a/hold,834,27.8,Robometer success,0.023330770432949066,False
b090_parked/episode_019e2261-5abe-7ece-910d-8988dd12106a/hold,894,29.8,DT,-2.106721878051758,False
b090_parked/episode_019e2261-5abe-7ece-910d-8988dd12106a/hold,894,29.8,DINOv2,0.9990984797477722,False
b090_parked/episode_019e2261-5abe-7ece-910d-8988dd12106a/hold,894,29.8,Robometer success,0.08756384253501892,False
b090_parked/episode_019e2261-5abe-7ece-910d-8988dd12106a/hold,954,31.8,DT,-2.101987838745117,False
b090_parked/episode_019e2261-5abe-7ece-910d-8988dd12106a/hold,954,31.8,DINOv2,0.9993613958358765,False
b090_parked/episode_019e2261-5abe-7ece-910d-8988dd12106a/hold,954,31.8,Robometer success,0.16559311747550964,False
b090_parked/episode_019e2261-5abe-7ece-910d-8988dd12106a/hold,1014,33.8,DT,-2.0015130043029785,True
b090_parked/episode_019e2261-5abe-7ece-910d-8988dd12106a/hold,1014,33.8,DINOv2,0.999454140663147,True
b090_parked/episode_019e2261-5abe-7ece-910d-8988dd12106a/hold,1014,33.8,Robometer success,0.01798621006309986,True
b090_parked/episode_019e2261-5abe-7ece-910d-8988dd12106a/random_walk,0,0.0,DT,-9.187104225158691,False
b090_parked/episode_019e2261-5abe-7ece-910d-8988dd12106a/random_walk,0,0.0,DINOv2,0.8466649055480957,False
b090_parked/episode_019e2261-5abe-7ece-910d-8988dd12106a/random_walk,0,0.0,Robometer success,0.0060975621454417706,False
b090_parked/episode_019e2261-5abe-7ece-910d-8988dd12106a/random_walk,45,1.5,DT,-91.60903930664062,False
b090_parked/episode_019e2261-5abe-7ece-910d-8988dd12106a/random_walk,45,1.5,DINOv2,0.7576696872711182,False
b090_parked/episode_019e2261-5abe-7ece-910d-8988dd12106a/random_walk,45,1.5,Robometer success,0.005730246659368277,False
b090_parked/episode_019e2261-5abe-7ece-910d-8988dd12106a/random_walk,89,2.966666666666667,DT,-20.811967849731445,False
b090_parked/episode_019e2261-5abe-7ece-910d-8988dd12106a/random_walk,89,2.966666666666667,DINOv2,0.7296010851860046,False
b090_parked/episode_019e2261-5abe-7ece-910d-8988dd12106a/random_walk,89,2.966666666666667,Robometer success,0.03676946833729744,False
b090_parked/episode_019e2261-5abe-7ece-910d-8988dd12106a/random_walk,134,4.466666666666667,DT,-33.53036117553711,False
b090_parked/episode_019e2261-5abe-7ece-910d-8988dd12106a/random_walk,134,4.466666666666667,DINOv2,0.654663622379303,False
b090_parked/episode_019e2261-5abe-7ece-910d-8988dd12106a/random_walk,134,4.466666666666667,Robometer success,0.06465348601341248,False
b090_parked/episode_019e2261-5abe-7ece-910d-8988dd12106a/random_walk,178,5.933333333333334,DT,-18.339801788330078,False
b090_parked/episode_019e2261-5abe-7ece-910d-8988dd12106a/random_walk,178,5.933333333333334,DINOv2,0.637009859085083,False
b090_parked/episode_019e2261-5abe-7ece-910d-8988dd12106a/random_walk,178,5.933333333333334,Robometer success,0.02262919954955578,False
b090_parked/episode_019e2261-5abe-7ece-910d-8988dd12106a/random_walk,223,7.433333333333334,DT,-13.84585952758789,False
b090_parked/episode_019e2261-5abe-7ece-910d-8988dd12106a/random_walk,223,7.433333333333334,DINOv2,0.6265609264373779,False
b090_parked/episode_019e2261-5abe-7ece-910d-8988dd12106a/random_walk,223,7.433333333333334,Robometer success,0.16451646387577057,False
b090_parked/episode_019e2261-5abe-7ece-910d-8988dd12106a/random_walk,268,8.933333333333334,DT,-12.929886817932129,False
b090_parked/episode_019e2261-5abe-7ece-910d-8988dd12106a/random_walk,268,8.933333333333334,DINOv2,0.6381562352180481,False
b090_parked/episode_019e2261-5abe-7ece-910d-8988dd12106a/random_walk,268,8.933333333333334,Robometer success,0.08882029354572296,False
b090_parked/episode_019e2261-5abe-7ece-910d-8988dd12106a/random_walk,312,10.4,DT,-12.700216293334961,False
b090_parked/episode_019e2261-5abe-7ece-910d-8988dd12106a/random_walk,312,10.4,DINOv2,0.6849751472473145,False
b090_parked/episode_019e2261-5abe-7ece-910d-8988dd12106a/random_walk,312,10.4,Robometer success,0.1980641782283783,False
b090_parked/episode_019e2261-5abe-7ece-910d-8988dd12106a/random_walk,357,11.9,DT,-14.235191345214844,False
b090_parked/episode_019e2261-5abe-7ece-910d-8988dd12106a/random_walk,357,11.9,DINOv2,0.6641733646392822,False
b090_parked/episode_019e2261-5abe-7ece-910d-8988dd12106a/random_walk,357,11.9,Robometer success,0.15921740233898163,False
b090_parked/episode_019e2261-5abe-7ece-910d-8988dd12106a/random_walk,402,13.4,DT,-14.098995208740234,False
b090_parked/episode_019e2261-5abe-7ece-910d-8988dd12106a/random_walk,402,13.4,DINOv2,0.6907497644424438,False
b090_parked/episode_019e2261-5abe-7ece-910d-8988dd12106a/random_walk,402,13.4,Robometer success,0.014957086183130741,False
b090_parked/episode_019e2261-5abe-7ece-910d-8988dd12106a/random_walk,446,14.866666666666667,DT,-12.635726928710938,False
b090_parked/episode_019e2261-5abe-7ece-910d-8988dd12106a/random_walk,446,14.866666666666667,DINOv2,0.5924453139305115,False
b090_parked/episode_019e2261-5abe-7ece-910d-8988dd12106a/random_walk,446,14.866666666666667,Robometer success,0.1276526302099228,False
b090_parked/episode_019e2261-5abe-7ece-910d-8988dd12106a/random_walk,491,16.366666666666667,DT,-10.75001049041748,False
b090_parked/episode_019e2261-5abe-7ece-910d-8988dd12106a/random_walk,491,16.366666666666667,DINOv2,0.7097688913345337,False
b090_parked/episode_019e2261-5abe-7ece-910d-8988dd12106a/random_walk,491,16.366666666666667,Robometer success,0.053403329104185104,False
b090_parked/episode_019e2261-5abe-7ece-910d-8988dd12106a/random_walk,536,17.866666666666667,DT,-10.324630737304688,False
b090_parked/episode_019e2261-5abe-7ece-910d-8988dd12106a/random_walk,536,17.866666666666667,DINOv2,0.7385280132293701,False
b090_parked/episode_019e2261-5abe-7ece-910d-8988dd12106a/random_walk,536,17.866666666666667,Robometer success,0.5688949227333069,False
b090_parked/episode_019e2261-5abe-7ece-910d-8988dd12106a/random_walk,580,19.333333333333332,DT,-8.349987983703613,False
b090_parked/episode_019e2261-5abe-7ece-910d-8988dd12106a/random_walk,580,19.333333333333332,DINOv2,0.7718799710273743,False
b090_parked/episode_019e2261-5abe-7ece-910d-8988dd12106a/random_walk,580,19.333333333333332,Robometer success,0.35488009452819824,False
b090_parked/episode_019e2261-5abe-7ece-910d-8988dd12106a/random_walk,588,19.6,DT,-6.407868385314941,False
b090_parked/episode_019e2261-5abe-7ece-910d-8988dd12106a/random_walk,588,19.6,DINOv2,0.8201334476470947,False
b090_parked/episode_019e2261-5abe-7ece-910d-8988dd12106a/random_walk,588,19.6,Robometer success,0.1755380779504776,False
b090_parked/episode_019e2261-5abe-7ece-910d-8988dd12106a/random_walk,618,20.6,DT,-6.962188720703125,False
b090_parked/episode_019e2261-5abe-7ece-910d-8988dd12106a/random_walk,618,20.6,DINOv2,0.8611622452735901,False
b090_parked/episode_019e2261-5abe-7ece-910d-8988dd12106a/random_walk,618,20.6,Robometer success,0.34334173798561096,False
b090_parked/episode_019e2261-5abe-7ece-910d-8988dd12106a/random_walk,625,20.833333333333332,DT,-7.803384780883789,False
b090_parked/episode_019e2261-5abe-7ece-910d-8988dd12106a/random_walk,625,20.833333333333332,DINOv2,0.7433616518974304,False
b090_parked/episode_019e2261-5abe-7ece-910d-8988dd12106a/random_walk,625,20.833333333333332,Robometer success,0.35756751894950867,False
b090_parked/episode_019e2261-5abe-7ece-910d-8988dd12106a/random_walk,669,22.3,DT,-5.846124172210693,False
b090_parked/episode_019e2261-5abe-7ece-910d-8988dd12106a/random_walk,669,22.3,DINOv2,0.7957543134689331,False
b090_parked/episode_019e2261-5abe-7ece-910d-8988dd12106a/random_walk,669,22.3,Robometer success,0.25534364581108093,False
b090_parked/episode_019e2261-5abe-7ece-910d-8988dd12106a/random_walk,714,23.8,DT,-9.1929931640625,False
b090_parked/episode_019e2261-5abe-7ece-910d-8988dd12106a/random_walk,714,23.8,DINOv2,0.6619118452072144,False
b090_parked/episode_019e2261-5abe-7ece-910d-8988dd12106a/random_walk,714,23.8,Robometer success,0.5348554849624634,False
b090_parked/episode_019e2261-5abe-7ece-910d-8988dd12106a/random_walk,774,25.8,DT,-1.8420454263687134,False
b090_parked/episode_019e2261-5abe-7ece-910d-8988dd12106a/random_walk,774,25.8,DINOv2,0.9966197609901428,False
b090_parked/episode_019e2261-5abe-7ece-910d-8988dd12106a/random_walk,774,25.8,Robometer success,0.02517884224653244,False
b090_parked/episode_019e2261-5abe-7ece-910d-8988dd12106a/random_walk,834,27.8,DT,-2.0368852615356445,False
b090_parked/episode_019e2261-5abe-7ece-910d-8988dd12106a/random_walk,834,27.8,DINOv2,0.9988276362419128,False
b090_parked/episode_019e2261-5abe-7ece-910d-8988dd12106a/random_walk,834,27.8,Robometer success,0.1766715943813324,False
b090_parked/episode_019e2261-5abe-7ece-910d-8988dd12106a/random_walk,894,29.8,DT,-2.1999053955078125,False
b090_parked/episode_019e2261-5abe-7ece-910d-8988dd12106a/random_walk,894,29.8,DINOv2,0.9995027780532837,False
b090_parked/episode_019e2261-5abe-7ece-910d-8988dd12106a/random_walk,894,29.8,Robometer success,0.08509904146194458,False
b090_parked/episode_019e2261-5abe-7ece-910d-8988dd12106a/random_walk,954,31.8,DT,-1.834181785583496,False
b090_parked/episode_019e2261-5abe-7ece-910d-8988dd12106a/random_walk,954,31.8,DINOv2,0.9998726844787598,False
b090_parked/episode_019e2261-5abe-7ece-910d-8988dd12106a/random_walk,954,31.8,Robometer success,0.2186693549156189,False
b090_parked/episode_019e2261-5abe-7ece-910d-8988dd12106a/random_walk,1014,33.8,DT,-1.9887981414794922,True
b090_parked/episode_019e2261-5abe-7ece-910d-8988dd12106a/random_walk,1014,33.8,DINOv2,0.9997574090957642,True
b090_parked/episode_019e2261-5abe-7ece-910d-8988dd12106a/random_walk,1014,33.8,Robometer success,0.039048291742801666,True
