episode_id,dataset,frame,method,score
22cf6e699a560a69729c,USC Trossen,0,DT,-22.540386199951172
22cf6e699a560a69729c,USC Trossen,0,S1,-21.988019943237305
22cf6e699a560a69729c,USC Trossen,0,S3,
22cf6e699a560a69729c,USC Trossen,0,S5,
22cf6e699a560a69729c,USC Trossen,0,DT + S1,6.0711246750333025e-05
22cf6e699a560a69729c,USC Trossen,0,DT + S3,
22cf6e699a560a69729c,USC Trossen,0,DT + S5,
22cf6e699a560a69729c,USC Trossen,0,DINOv2,0.33506646752357483
22cf6e699a560a69729c,USC Trossen,0,Robometer progress,0.04971854388713837
22cf6e699a560a69729c,USC Trossen,0,Robometer success,0.008061991073191166
22cf6e699a560a69729c,USC Trossen,4,DT,-22.766860961914062
22cf6e699a560a69729c,USC Trossen,4,S1,-22.05378532409668
22cf6e699a560a69729c,USC Trossen,4,S3,-21.895708084106445
22cf6e699a560a69729c,USC Trossen,4,S5,-21.817472457885742
22cf6e699a560a69729c,USC Trossen,4,DT + S1,5.7577016418981003e-05
22cf6e699a560a69729c,USC Trossen,4,DT + S3,6.779300365528872e-05
22cf6e699a560a69729c,USC Trossen,4,DT + S5,6.979216779257268e-05
22cf6e699a560a69729c,USC Trossen,4,DINOv2,0.33360588550567627
22cf6e699a560a69729c,USC Trossen,4,Robometer progress,0.07417871057987213
22cf6e699a560a69729c,USC Trossen,4,Robometer success,0.009708477184176445
22cf6e699a560a69729c,USC Trossen,15,DT,-20.65908432006836
22cf6e699a560a69729c,USC Trossen,15,S1,-21.25562286376953
22cf6e699a560a69729c,USC Trossen,15,S3,-20.757850646972656
22cf6e699a560a69729c,USC Trossen,15,S5,-20.92072105407715
22cf6e699a560a69729c,USC Trossen,15,DT + S1,0.00010208448661214251
22cf6e699a560a69729c,USC Trossen,15,DT + S3,0.00013793314223153224
22cf6e699a560a69729c,USC Trossen,15,DT + S5,0.000128082579722774
22cf6e699a560a69729c,USC Trossen,15,DINOv2,0.44583410024642944
22cf6e699a560a69729c,USC Trossen,15,Robometer progress,0.5840254426002502
22cf6e699a560a69729c,USC Trossen,15,Robometer success,0.04535258188843727
22cf6e699a560a69729c,USC Trossen,31,DT,-19.684667587280273
22cf6e699a560a69729c,USC Trossen,31,S1,-20.363937377929688
22cf6e699a560a69729c,USC Trossen,31,S3,-19.885406494140625
22cf6e699a560a69729c,USC Trossen,31,S5,-19.88599967956543
22cf6e699a560a69729c,USC Trossen,31,DT + S1,0.00016624416770863207
22cf6e699a560a69729c,USC Trossen,31,DT + S3,0.00022159276087597751
22cf6e699a560a69729c,USC Trossen,31,DT + S5,0.0002198875401296731
22cf6e699a560a69729c,USC Trossen,31,DINOv2,0.6035110950469971
22cf6e699a560a69729c,USC Trossen,31,Robometer progress,0.4095337986946106
22cf6e699a560a69729c,USC Trossen,31,Robometer success,0.018264278769493103
22cf6e699a560a69729c,USC Trossen,47,DT,-17.966716766357422
22cf6e699a560a69729c,USC Trossen,47,S1,-20.48558807373047
22cf6e699a560a69729c,USC Trossen,47,S3,-19.96282386779785
22cf6e699a560a69729c,USC Trossen,47,S5,-19.774417877197266
22cf6e699a560a69729c,USC Trossen,47,DT + S1,0.00019072950616841523
22cf6e699a560a69729c,USC Trossen,47,DT + S3,0.0002590532092424835
22cf6e699a560a69729c,USC Trossen,47,DT + S5,0.00027824382244960436
22cf6e699a560a69729c,USC Trossen,47,DINOv2,0.5232101678848267
22cf6e699a560a69729c,USC Trossen,47,Robometer progress,0.42214614152908325
22cf6e699a560a69729c,USC Trossen,47,Robometer success,0.04023794084787369
22cf6e699a560a69729c,USC Trossen,63,DT,-1.7692844867706299
22cf6e699a560a69729c,USC Trossen,63,S1,-0.0737774670124054
22cf6e699a560a69729c,USC Trossen,63,S3,-0.05926014482975006
22cf6e699a560a69729c,USC Trossen,63,S5,-0.11534743756055832
22cf6e699a560a69729c,USC Trossen,63,DT + S1,0.872915243201906
22cf6e699a560a69729c,USC Trossen,63,DT + S3,0.8694383192150446
22cf6e699a560a69729c,USC Trossen,63,DT + S5,0.8616057731362706
22cf6e699a560a69729c,USC Trossen,63,DINOv2,0.9999998807907104
22cf6e699a560a69729c,USC Trossen,63,Robometer progress,0.7774460315704346
22cf6e699a560a69729c,USC Trossen,63,Robometer success,0.6006569266319275
6544caffaab91229bce0,USC Trossen,0,DT,-23.314165115356445
6544caffaab91229bce0,USC Trossen,0,S1,-22.477798461914062
6544caffaab91229bce0,USC Trossen,0,S3,
6544caffaab91229bce0,USC Trossen,0,S5,
6544caffaab91229bce0,USC Trossen,0,DT + S1,4.5239212597379376e-05
6544caffaab91229bce0,USC Trossen,0,DT + S3,
6544caffaab91229bce0,USC Trossen,0,DT + S5,
6544caffaab91229bce0,USC Trossen,0,DINOv2,0.4929662048816681
6544caffaab91229bce0,USC Trossen,0,Robometer progress,0.029360227286815643
6544caffaab91229bce0,USC Trossen,0,Robometer success,0.005730246659368277
6544caffaab91229bce0,USC Trossen,4,DT,-24.171825408935547
6544caffaab91229bce0,USC Trossen,4,S1,-22.546157836914062
6544caffaab91229bce0,USC Trossen,4,S3,-22.124927520751953
6544caffaab91229bce0,USC Trossen,4,S5,-22.162675857543945
6544caffaab91229bce0,USC Trossen,4,DT + S1,3.997682248696295e-05
6544caffaab91229bce0,USC Trossen,4,DT + S3,5.275341461377535e-05
6544caffaab91229bce0,USC Trossen,4,DT + S5,5.17590128377011e-05
6544caffaab91229bce0,USC Trossen,4,DINOv2,0.5078732967376709
6544caffaab91229bce0,USC Trossen,4,Robometer progress,0.06988242268562317
6544caffaab91229bce0,USC Trossen,4,Robometer success,0.015424552373588085
6544caffaab91229bce0,USC Trossen,15,DT,-21.327346801757812
6544caffaab91229bce0,USC Trossen,15,S1,-21.272235870361328
6544caffaab91229bce0,USC Trossen,15,S3,-20.8265380859375
6544caffaab91229bce0,USC Trossen,15,S5,-20.84931182861328
6544caffaab91229bce0,USC Trossen,15,DT + S1,9.416816463829522e-05
6544caffaab91229bce0,USC Trossen,15,DT + S3,0.00012451691782491283
6544caffaab91229bce0,USC Trossen,15,DT + S5,0.00012263341588641488
6544caffaab91229bce0,USC Trossen,15,DINOv2,0.5488600730895996
6544caffaab91229bce0,USC Trossen,15,Robometer progress,0.3549879789352417
6544caffaab91229bce0,USC Trossen,15,Robometer success,0.00712142838165164
6544caffaab91229bce0,USC Trossen,31,DT,-21.926973342895508
6544caffaab91229bce0,USC Trossen,31,S1,-21.1567325592041
6544caffaab91229bce0,USC Trossen,31,S3,-20.835243225097656
6544caffaab91229bce0,USC Trossen,31,S5,-20.636091232299805
6544caffaab91229bce0,USC Trossen,31,DT + S1,9.259861220263164e-05
6544caffaab91229bce0,USC Trossen,31,DT + S3,0.00011615073225797983
6544caffaab91229bce0,USC Trossen,31,DT + S5,0.00012554541323729724
6544caffaab91229bce0,USC Trossen,31,DINOv2,0.47694987058639526
6544caffaab91229bce0,USC Trossen,31,Robometer progress,0.3895726203918457
6544caffaab91229bce0,USC Trossen,31,Robometer success,0.008847354911267757
6544caffaab91229bce0,USC Trossen,47,DT,-17.6279239654541
6544caffaab91229bce0,USC Trossen,47,S1,-20.779762268066406
6544caffaab91229bce0,USC Trossen,47,S3,-20.04471206665039
6544caffaab91229bce0,USC Trossen,47,S5,-19.95322608947754
6544caffaab91229bce0,USC Trossen,47,DT + S1,0.00017464019214853427
6544caffaab91229bce0,USC Trossen,47,DT + S3,0.0002597741654019778
6544caffaab91229bce0,USC Trossen,47,DT + S5,0.00026795146549779244
6544caffaab91229bce0,USC Trossen,47,DINOv2,0.42743366956710815
6544caffaab91229bce0,USC Trossen,47,Robometer progress,0.6398317217826843
6544caffaab91229bce0,USC Trossen,47,Robometer success,0.1561049073934555
6544caffaab91229bce0,USC Trossen,63,DT,-1.9168086051940918
6544caffaab91229bce0,USC Trossen,63,S1,-0.07887858897447586
6544caffaab91229bce0,USC Trossen,63,S3,-0.09262622147798538
6544caffaab91229bce0,USC Trossen,63,S5,-0.2277568280696869
6544caffaab91229bce0,USC Trossen,63,DT + S1,0.8708563508952837
6544caffaab91229bce0,USC Trossen,63,DT + S3,0.8659658113392121
6544caffaab91229bce0,USC Trossen,63,DT + S5,0.8538838143093965
6544caffaab91229bce0,USC Trossen,63,DINOv2,1.0000001192092896
6544caffaab91229bce0,USC Trossen,63,Robometer progress,0.8366247415542603
6544caffaab91229bce0,USC Trossen,63,Robometer success,0.8587185740470886
3830a519577ad721f31e,USC Trossen,0,DT,-21.76974868774414
3830a519577ad721f31e,USC Trossen,0,S1,-19.571203231811523
3830a519577ad721f31e,USC Trossen,0,S3,
3830a519577ad721f31e,USC Trossen,0,S5,
3830a519577ad721f31e,USC Trossen,0,DT + S1,0.0001852684399551671
3830a519577ad721f31e,USC Trossen,0,DT + S3,
3830a519577ad721f31e,USC Trossen,0,DT + S5,
3830a519577ad721f31e,USC Trossen,0,DINOv2,0.48804181814193726
3830a519577ad721f31e,USC Trossen,0,Robometer progress,0.031844984740018845
3830a519577ad721f31e,USC Trossen,0,Robometer success,0.005220125429332256
3830a519577ad721f31e,USC Trossen,4,DT,-21.827030181884766
3830a519577ad721f31e,USC Trossen,4,S1,-19.38209342956543
3830a519577ad721f31e,USC Trossen,4,S3,-19.28582763671875
3830a519577ad721f31e,USC Trossen,4,S5,-19.357189178466797
3830a519577ad721f31e,USC Trossen,4,DT + S1,0.00019956559881740643
3830a519577ad721f31e,USC Trossen,4,DT + S3,0.00022535049982246914
3830a519577ad721f31e,USC Trossen,4,DT + S5,0.0002168841038979693
3830a519577ad721f31e,USC Trossen,4,DINOv2,0.5892027616500854
3830a519577ad721f31e,USC Trossen,4,Robometer progress,0.2479669451713562
3830a519577ad721f31e,USC Trossen,4,Robometer success,0.0044683837331831455
3830a519577ad721f31e,USC Trossen,15,DT,-20.65271759033203
3830a519577ad721f31e,USC Trossen,15,S1,-19.101837158203125
3830a519577ad721f31e,USC Trossen,15,S3,-19.23506736755371
3830a519577ad721f31e,USC Trossen,15,S5,-19.1828670501709
3830a519577ad721f31e,USC Trossen,15,DT + S1,0.00025596321208149793
3830a519577ad721f31e,USC Trossen,15,DT + S3,0.00026191849101800575
3830a519577ad721f31e,USC Trossen,15,DT + S5,0.0002654242777781443
3830a519577ad721f31e,USC Trossen,15,DINOv2,0.6059904098510742
3830a519577ad721f31e,USC Trossen,15,Robometer progress,0.23282456398010254
3830a519577ad721f31e,USC Trossen,15,Robometer success,0.00407013762742281
3830a519577ad721f31e,USC Trossen,31,DT,-24.03278350830078
3830a519577ad721f31e,USC Trossen,31,S1,-18.915756225585938
3830a519577ad721f31e,USC Trossen,31,S3,-18.56201171875
3830a519577ad721f31e,USC Trossen,31,S5,-18.52724838256836
3830a519577ad721f31e,USC Trossen,31,DT + S1,0.00019094747128885073
3830a519577ad721f31e,USC Trossen,31,DT + S3,0.00023979065284509404
3830a519577ad721f31e,USC Trossen,31,DT + S5,0.00024099642745793246
3830a519577ad721f31e,USC Trossen,31,DINOv2,0.42180898785591125
3830a519577ad721f31e,USC Trossen,31,Robometer progress,0.6114799976348877
3830a519577ad721f31e,USC Trossen,31,Robometer success,0.07807816565036774
3830a519577ad721f31e,USC Trossen,47,DT,-13.283629417419434
3830a519577ad721f31e,USC Trossen,47,S1,-17.532115936279297
3830a519577ad721f31e,USC Trossen,47,S3,-16.918947219848633
3830a519577ad721f31e,USC Trossen,47,S5,-16.871980667114258
3830a519577ad721f31e,USC Trossen,47,DT + S1,0.0011252595522268378
3830a519577ad721f31e,USC Trossen,47,DT + S3,0.0015578601153017366
3830a519577ad721f31e,USC Trossen,47,DT + S5,0.0015680401864201841
3830a519577ad721f31e,USC Trossen,47,DINOv2,0.6217248439788818
3830a519577ad721f31e,USC Trossen,47,Robometer progress,0.6424534320831299
3830a519577ad721f31e,USC Trossen,47,Robometer success,0.16238002479076385
3830a519577ad721f31e,USC Trossen,63,DT,-1.587628960609436
3830a519577ad721f31e,USC Trossen,63,S1,-0.096768319606781
3830a519577ad721f31e,USC Trossen,63,S3,-0.12046986818313599
3830a519577ad721f31e,USC Trossen,63,S5,-0.2370264232158661
3830a519577ad721f31e,USC Trossen,63,DT + S1,0.8740437103664999
3830a519577ad721f31e,USC Trossen,63,DT + S3,0.868779744888155
3830a519577ad721f31e,USC Trossen,63,DT + S5,0.8578644553382034
3830a519577ad721f31e,USC Trossen,63,DINOv2,1.0
3830a519577ad721f31e,USC Trossen,63,Robometer progress,0.5626332759857178
3830a519577ad721f31e,USC Trossen,63,Robometer success,0.08151976019144058
8c29c70a2fa05b0bbaf1,USC Trossen,0,DT,-24.094030380249023
8c29c70a2fa05b0bbaf1,USC Trossen,0,S1,-21.444963455200195
8c29c70a2fa05b0bbaf1,USC Trossen,0,S3,
8c29c70a2fa05b0bbaf1,USC Trossen,0,S5,
8c29c70a2fa05b0bbaf1,USC Trossen,0,DT + S1,6.449298166980476e-05
8c29c70a2fa05b0bbaf1,USC Trossen,0,DT + S3,
8c29c70a2fa05b0bbaf1,USC Trossen,0,DT + S5,
8c29c70a2fa05b0bbaf1,USC Trossen,0,DINOv2,0.3037272095680237
8c29c70a2fa05b0bbaf1,USC Trossen,0,Robometer progress,0.14627841114997864
8c29c70a2fa05b0bbaf1,USC Trossen,0,Robometer success,0.00712142838165164
8c29c70a2fa05b0bbaf1,USC Trossen,4,DT,-22.52657699584961
8c29c70a2fa05b0bbaf1,USC Trossen,4,S1,-21.479013442993164
8c29c70a2fa05b0bbaf1,USC Trossen,4,S3,-21.0964298248291
8c29c70a2fa05b0bbaf1,USC Trossen,4,S5,-21.16028594970703
8c29c70a2fa05b0bbaf1,USC Trossen,4,DT + S1,7.554660420627557e-05
8c29c70a2fa05b0bbaf1,USC Trossen,4,DT + S3,9.742871297518481e-05
8c29c70a2fa05b0bbaf1,USC Trossen,4,DT + S5,9.437008763658361e-05
8c29c70a2fa05b0bbaf1,USC Trossen,4,DINOv2,0.2780376672744751
8c29c70a2fa05b0bbaf1,USC Trossen,4,Robometer progress,0.3918086290359497
8c29c70a2fa05b0bbaf1,USC Trossen,4,Robometer success,0.014063628390431404
8c29c70a2fa05b0bbaf1,USC Trossen,15,DT,-20.317628860473633
8c29c70a2fa05b0bbaf1,USC Trossen,15,S1,-20.13767433166504
8c29c70a2fa05b0bbaf1,USC Trossen,15,S3,-19.925344467163086
8c29c70a2fa05b0bbaf1,USC Trossen,15,S5,-19.917346954345703
8c29c70a2fa05b0bbaf1,USC Trossen,15,DT + S1,0.00017075231783377008
8c29c70a2fa05b0bbaf1,USC Trossen,15,DT + S3,0.00020326167789422054
8c29c70a2fa05b0bbaf1,USC Trossen,15,DT + S5,0.00020244716739015718
8c29c70a2fa05b0bbaf1,USC Trossen,15,DINOv2,0.4870848059654236
8c29c70a2fa05b0bbaf1,USC Trossen,15,Robometer progress,0.32412105798721313
8c29c70a2fa05b0bbaf1,USC Trossen,15,Robometer success,0.007577241398394108
8c29c70a2fa05b0bbaf1,USC Trossen,31,DT,-18.246007919311523
8c29c70a2fa05b0bbaf1,USC Trossen,31,S1,-19.366458892822266
8c29c70a2fa05b0bbaf1,USC Trossen,31,S3,-18.99951171875
8c29c70a2fa05b0bbaf1,USC Trossen,31,S5,-19.191120147705078
8c29c70a2fa05b0bbaf1,USC Trossen,31,DT + S1,0.00029807054821879474
8c29c70a2fa05b0bbaf1,USC Trossen,31,DT + S3,0.0003767271474151147
8c29c70a2fa05b0bbaf1,USC Trossen,31,DT + S5,0.0003445138487649613
8c29c70a2fa05b0bbaf1,USC Trossen,31,DINOv2,0.685906171798706
8c29c70a2fa05b0bbaf1,USC Trossen,31,Robometer progress,0.39144521951675415
8c29c70a2fa05b0bbaf1,USC Trossen,31,Robometer success,0.004331501666456461
8c29c70a2fa05b0bbaf1,USC Trossen,47,DT,-10.22204875946045
8c29c70a2fa05b0bbaf1,USC Trossen,47,S1,-18.097991943359375
8c29c70a2fa05b0bbaf1,USC Trossen,47,S3,-17.237716674804688
8c29c70a2fa05b0bbaf1,USC Trossen,47,S5,-17.063718795776367
8c29c70a2fa05b0bbaf1,USC Trossen,47,DT + S1,0.0012385052795635104
8c29c70a2fa05b0bbaf1,USC Trossen,47,DT + S3,0.0019065825072987872
8c29c70a2fa05b0bbaf1,USC Trossen,47,DT + S5,0.002024470146078786
8c29c70a2fa05b0bbaf1,USC Trossen,47,DINOv2,0.8417302966117859
8c29c70a2fa05b0bbaf1,USC Trossen,47,Robometer progress,0.7751795053482056
8c29c70a2fa05b0bbaf1,USC Trossen,47,Robometer success,0.47219666838645935
8c29c70a2fa05b0bbaf1,USC Trossen,63,DT,-1.7719409465789795
8c29c70a2fa05b0bbaf1,USC Trossen,63,S1,-0.08124776184558868
8c29c70a2fa05b0bbaf1,USC Trossen,63,S3,-0.042362526059150696
8c29c70a2fa05b0bbaf1,USC Trossen,63,S5,-0.7412280440330505
8c29c70a2fa05b0bbaf1,USC Trossen,63,DT + S1,0.8725287858689724
8c29c70a2fa05b0bbaf1,USC Trossen,63,DT + S3,0.8702102604620865
8c29c70a2fa05b0bbaf1,USC Trossen,63,DT + S5,0.8272384081925251
8c29c70a2fa05b0bbaf1,USC Trossen,63,DINOv2,1.0000001192092896
8c29c70a2fa05b0bbaf1,USC Trossen,63,Robometer progress,0.9133133888244629
8c29c70a2fa05b0bbaf1,USC Trossen,63,Robometer success,0.9532750844955444
9d5c810df9ab5c6e1d0a,USC Trossen,0,DT,-22.946826934814453
9d5c810df9ab5c6e1d0a,USC Trossen,0,S1,-21.387325286865234
9d5c810df9ab5c6e1d0a,USC Trossen,0,S3,
9d5c810df9ab5c6e1d0a,USC Trossen,0,S5,
9d5c810df9ab5c6e1d0a,USC Trossen,0,DT + S1,7.500458080391599e-05
9d5c810df9ab5c6e1d0a,USC Trossen,0,DT + S3,
9d5c810df9ab5c6e1d0a,USC Trossen,0,DT + S5,
9d5c810df9ab5c6e1d0a,USC Trossen,0,DINOv2,0.3399871587753296
9d5c810df9ab5c6e1d0a,USC Trossen,0,Robometer progress,0.1351296305656433
9d5c810df9ab5c6e1d0a,USC Trossen,0,Robometer success,0.004331501666456461
9d5c810df9ab5c6e1d0a,USC Trossen,4,DT,-22.96673583984375
9d5c810df9ab5c6e1d0a,USC Trossen,4,S1,-21.40795135498047
9d5c810df9ab5c6e1d0a,USC Trossen,4,S3,-21.30357551574707
9d5c810df9ab5c6e1d0a,USC Trossen,4,S5,-21.302335739135742
9d5c810df9ab5c6e1d0a,USC Trossen,4,DT + S1,7.418471849107221e-05
9d5c810df9ab5c6e1d0a,USC Trossen,4,DT + S3,8.508124282438054e-05
9d5c810df9ab5c6e1d0a,USC Trossen,4,DT + S5,8.472202286862413e-05
9d5c810df9ab5c6e1d0a,USC Trossen,4,DINOv2,0.38410913944244385
9d5c810df9ab5c6e1d0a,USC Trossen,4,Robometer progress,0.3053871989250183
9d5c810df9ab5c6e1d0a,USC Trossen,4,Robometer success,0.010013571009039879
9d5c810df9ab5c6e1d0a,USC Trossen,15,DT,-23.205474853515625
9d5c810df9ab5c6e1d0a,USC Trossen,15,S1,-21.36862564086914
9d5c810df9ab5c6e1d0a,USC Trossen,15,S3,-21.253469467163086
9d5c810df9ab5c6e1d0a,USC Trossen,15,S5,-21.318655014038086
9d5c810df9ab5c6e1d0a,USC Trossen,15,DT + S1,7.348084724279523e-05
9d5c810df9ab5c6e1d0a,USC Trossen,15,DT + S3,8.464373750202894e-05
9d5c810df9ab5c6e1d0a,USC Trossen,15,DT + S5,8.196720615323867e-05
9d5c810df9ab5c6e1d0a,USC Trossen,15,DINOv2,0.35794463753700256
9d5c810df9ab5c6e1d0a,USC Trossen,15,Robometer progress,0.1935388147830963
9d5c810df9ab5c6e1d0a,USC Trossen,15,Robometer success,0.007345826830714941
9d5c810df9ab5c6e1d0a,USC Trossen,31,DT,-19.166240692138672
9d5c810df9ab5c6e1d0a,USC Trossen,31,S1,-20.030351638793945
9d5c810df9ab5c6e1d0a,USC Trossen,31,S3,-19.635318756103516
9d5c810df9ab5c6e1d0a,USC Trossen,31,S5,-19.29705810546875
9d5c810df9ab5c6e1d0a,USC Trossen,31,DT + S1,0.00020292551445401475
9d5c810df9ab5c6e1d0a,USC Trossen,31,DT + S3,0.0002606029093551428
9d5c810df9ab5c6e1d0a,USC Trossen,31,DT + S5,0.0002978896467526511
9d5c810df9ab5c6e1d0a,USC Trossen,31,DINOv2,0.608434796333313
9d5c810df9ab5c6e1d0a,USC Trossen,31,Robometer progress,0.24634072184562683
9d5c810df9ab5c6e1d0a,USC Trossen,31,Robometer success,0.0020507434383034706
9d5c810df9ab5c6e1d0a,USC Trossen,47,DT,-15.441561698913574
9d5c810df9ab5c6e1d0a,USC Trossen,47,S1,-18.586824417114258
9d5c810df9ab5c6e1d0a,USC Trossen,47,S3,-18.325571060180664
9d5c810df9ab5c6e1d0a,USC Trossen,47,S5,-18.27822494506836
9d5c810df9ab5c6e1d0a,USC Trossen,47,DT + S1,0.0005660325735508577
9d5c810df9ab5c6e1d0a,USC Trossen,47,DT + S3,0.0006806000725423808
9d5c810df9ab5c6e1d0a,USC Trossen,47,DT + S5,0.000686966726501519
9d5c810df9ab5c6e1d0a,USC Trossen,47,DINOv2,0.6389140486717224
9d5c810df9ab5c6e1d0a,USC Trossen,47,Robometer progress,0.7859188318252563
9d5c810df9ab5c6e1d0a,USC Trossen,47,Robometer success,0.5131195783615112
9d5c810df9ab5c6e1d0a,USC Trossen,63,DT,-1.6276700496673584
9d5c810df9ab5c6e1d0a,USC Trossen,63,S1,-0.08000651746988297
9d5c810df9ab5c6e1d0a,USC Trossen,63,S3,-0.06380142271518707
9d5c810df9ab5c6e1d0a,USC Trossen,63,S5,-0.09572584927082062
9d5c810df9ab5c6e1d0a,USC Trossen,63,DT + S1,0.8743447500950179
9d5c810df9ab5c6e1d0a,USC Trossen,63,DT + S3,0.8709803057190013
9d5c810df9ab5c6e1d0a,USC Trossen,63,DT + S5,0.8644164297273812
9d5c810df9ab5c6e1d0a,USC Trossen,63,DINOv2,1.0
9d5c810df9ab5c6e1d0a,USC Trossen,63,Robometer progress,0.8670791387557983
9d5c810df9ab5c6e1d0a,USC Trossen,63,Robometer success,0.9219217896461487
93605ebcaf3acb0d42ce,USC Trossen,0,DT,-25.463367462158203
93605ebcaf3acb0d42ce,USC Trossen,0,S1,-20.65777015686035
93605ebcaf3acb0d42ce,USC Trossen,0,S3,
93605ebcaf3acb0d42ce,USC Trossen,0,S5,
93605ebcaf3acb0d42ce,USC Trossen,0,DT + S1,7.75885422733134e-05
93605ebcaf3acb0d42ce,USC Trossen,0,DT + S3,
93605ebcaf3acb0d42ce,USC Trossen,0,DT + S5,
93605ebcaf3acb0d42ce,USC Trossen,0,DINOv2,0.34317079186439514
93605ebcaf3acb0d42ce,USC Trossen,0,Robometer progress,0.1915924847126007
93605ebcaf3acb0d42ce,USC Trossen,0,Robometer success,0.0059110685251653194
93605ebcaf3acb0d42ce,USC Trossen,4,DT,-23.932762145996094
93605ebcaf3acb0d42ce,USC Trossen,4,S1,-20.607929229736328
93605ebcaf3acb0d42ce,USC Trossen,4,S3,-20.41415023803711
93605ebcaf3acb0d42ce,USC Trossen,4,S5,-20.43840980529785
93605ebcaf3acb0d42ce,USC Trossen,4,DT + S1,9.38155471457979e-05
93605ebcaf3acb0d42ce,USC Trossen,4,DT + S3,0.00011123301267140745
93605ebcaf3acb0d42ce,USC Trossen,4,DT + S5,0.00010942048562320184
93605ebcaf3acb0d42ce,USC Trossen,4,DINOv2,0.29206180572509766
93605ebcaf3acb0d42ce,USC Trossen,4,Robometer progress,0.42041170597076416
93605ebcaf3acb0d42ce,USC Trossen,4,Robometer success,0.018833130598068237
93605ebcaf3acb0d42ce,USC Trossen,15,DT,-22.635671615600586
93605ebcaf3acb0d42ce,USC Trossen,15,S1,-19.5176944732666
93605ebcaf3acb0d42ce,USC Trossen,15,S3,-19.32504653930664
93605ebcaf3acb0d42ce,USC Trossen,15,S5,-19.59588050842285
93605ebcaf3acb0d42ce,USC Trossen,15,DT + S1,0.000172297178950527
93605ebcaf3acb0d42ce,USC Trossen,15,DT + S3,0.00020281808966947717
93605ebcaf3acb0d42ce,USC Trossen,15,DT + S5,0.0001795728263754488
93605ebcaf3acb0d42ce,USC Trossen,15,DINOv2,0.562404215335846
93605ebcaf3acb0d42ce,USC Trossen,15,Robometer progress,0.41350823640823364
93605ebcaf3acb0d42ce,USC Trossen,15,Robometer success,0.007345826830714941
93605ebcaf3acb0d42ce,USC Trossen,31,DT,-19.870328903198242
93605ebcaf3acb0d42ce,USC Trossen,31,S1,-18.906314849853516
93605ebcaf3acb0d42ce,USC Trossen,31,S3,-18.42186737060547
93605ebcaf3acb0d42ce,USC Trossen,31,S5,-18.452125549316406
93605ebcaf3acb0d42ce,USC Trossen,31,DT + S1,0.0003032634906604868
93605ebcaf3acb0d42ce,USC Trossen,31,DT + S3,0.0004018260908363479
93605ebcaf3acb0d42ce,USC Trossen,31,DT + S5,0.00039279504883595534
93605ebcaf3acb0d42ce,USC Trossen,31,DINOv2,0.6783000230789185
93605ebcaf3acb0d42ce,USC Trossen,31,Robometer progress,0.18393516540527344
93605ebcaf3acb0d42ce,USC Trossen,31,Robometer success,0.003273064736276865
93605ebcaf3acb0d42ce,USC Trossen,47,DT,-18.280479431152344
93605ebcaf3acb0d42ce,USC Trossen,47,S1,-18.62158966064453
93605ebcaf3acb0d42ce,USC Trossen,47,S3,-18.319028854370117
93605ebcaf3acb0d42ce,USC Trossen,47,S5,-18.565265655517578
93605ebcaf3acb0d42ce,USC Trossen,47,DT + S1,0.000407948706665281
93605ebcaf3acb0d42ce,USC Trossen,47,DT + S3,0.0004996525275420016
93605ebcaf3acb0d42ce,USC Trossen,47,DT + S5,0.00044606064895735077
93605ebcaf3acb0d42ce,USC Trossen,47,DINOv2,0.6102099418640137
93605ebcaf3acb0d42ce,USC Trossen,47,Robometer progress,0.526077151298523
93605ebcaf3acb0d42ce,USC Trossen,47,Robometer success,0.008847354911267757
93605ebcaf3acb0d42ce,USC Trossen,63,DT,-1.7657272815704346
93605ebcaf3acb0d42ce,USC Trossen,63,S1,-0.06974713504314423
93605ebcaf3acb0d42ce,USC Trossen,63,S3,-0.09005625545978546
93605ebcaf3acb0d42ce,USC Trossen,63,S5,-0.3900103271007538
93605ebcaf3acb0d42ce,USC Trossen,63,DT + S1,0.8731492530045416
93605ebcaf3acb0d42ce,USC Trossen,63,DT + S3,0.8680052431961068
93605ebcaf3acb0d42ce,USC Trossen,63,DT + S5,0.8473555806356556
93605ebcaf3acb0d42ce,USC Trossen,63,DINOv2,1.0000001192092896
93605ebcaf3acb0d42ce,USC Trossen,63,Robometer progress,0.9040841460227966
93605ebcaf3acb0d42ce,USC Trossen,63,Robometer success,0.9334307909011841
871bafb895b6902351a1,USC Trossen,0,DT,-23.29806137084961
871bafb895b6902351a1,USC Trossen,0,S1,-22.632936477661133
871bafb895b6902351a1,USC Trossen,0,S3,
871bafb895b6902351a1,USC Trossen,0,S5,
871bafb895b6902351a1,USC Trossen,0,DT + S1,4.241781302341863e-05
871bafb895b6902351a1,USC Trossen,0,DT + S3,
871bafb895b6902351a1,USC Trossen,0,DT + S5,
871bafb895b6902351a1,USC Trossen,0,DINOv2,0.23908358812332153
871bafb895b6902351a1,USC Trossen,0,Robometer progress,0.05312003195285797
871bafb895b6902351a1,USC Trossen,0,Robometer success,0.004905405919998884
871bafb895b6902351a1,USC Trossen,4,DT,-21.0560302734375
871bafb895b6902351a1,USC Trossen,4,S1,-22.766016006469727
871bafb895b6902351a1,USC Trossen,4,S3,-22.584491729736328
871bafb895b6902351a1,USC Trossen,4,S5,-22.584455490112305
871bafb895b6902351a1,USC Trossen,4,DT + S1,5.130866476504543e-05
871bafb895b6902351a1,USC Trossen,4,DT + S3,6.1233192053826e-05
871bafb895b6902351a1,USC Trossen,4,DT + S5,6.107510228217548e-05
871bafb895b6902351a1,USC Trossen,4,DINOv2,0.2575218379497528
871bafb895b6902351a1,USC Trossen,4,Robometer progress,0.15066656470298767
871bafb895b6902351a1,USC Trossen,4,Robometer success,0.020023440942168236
871bafb895b6902351a1,USC Trossen,15,DT,-24.465717315673828
871bafb895b6902351a1,USC Trossen,15,S1,-22.658266067504883
871bafb895b6902351a1,USC Trossen,15,S3,-22.47226905822754
871bafb895b6902351a1,USC Trossen,15,S5,-22.50373077392578
871bafb895b6902351a1,USC Trossen,15,DT + S1,3.689580523916381e-05
871bafb895b6902351a1,USC Trossen,15,DT + S3,4.4132644124309775e-05
871bafb895b6902351a1,USC Trossen,15,DT + S5,4.3442516919861945e-05
871bafb895b6902351a1,USC Trossen,15,DINOv2,0.5192549228668213
871bafb895b6902351a1,USC Trossen,15,Robometer progress,0.5931277275085449
871bafb895b6902351a1,USC Trossen,15,Robometer success,0.169956237077713
871bafb895b6902351a1,USC Trossen,31,DT,-22.221622467041016
871bafb895b6902351a1,USC Trossen,31,S1,-22.194290161132812
871bafb895b6902351a1,USC Trossen,31,S3,-21.924455642700195
871bafb895b6902351a1,USC Trossen,31,S5,-21.984012603759766
871bafb895b6902351a1,USC Trossen,31,DT + S1,5.7585764775338705e-05
871bafb895b6902351a1,USC Trossen,31,DT + S3,7.111384099992308e-05
871bafb895b6902351a1,USC Trossen,31,DT + S5,6.910555455296766e-05
871bafb895b6902351a1,USC Trossen,31,DINOv2,0.5294482707977295
871bafb895b6902351a1,USC Trossen,31,Robometer progress,0.24304986000061035
871bafb895b6902351a1,USC Trossen,31,Robometer success,0.002115703420713544
871bafb895b6902351a1,USC Trossen,47,DT,-21.43956756591797
871bafb895b6902351a1,USC Trossen,47,S1,-22.021697998046875
871bafb895b6902351a1,USC Trossen,47,S3,-21.955707550048828
871bafb895b6902351a1,USC Trossen,47,S5,-22.030969619750977
871bafb895b6902351a1,USC Trossen,47,DT + S1,6.756320486073428e-05
871bafb895b6902351a1,USC Trossen,47,DT + S3,7.648351720336345e-05
871bafb895b6902351a1,USC Trossen,47,DT + S5,7.383659124699853e-05
871bafb895b6902351a1,USC Trossen,47,DINOv2,0.6397601366043091
871bafb895b6902351a1,USC Trossen,47,Robometer progress,0.30171385407447815
871bafb895b6902351a1,USC Trossen,47,Robometer success,0.004609572235494852
871bafb895b6902351a1,USC Trossen,63,DT,-2.5299134254455566
871bafb895b6902351a1,USC Trossen,63,S1,-0.05795879662036896
871bafb895b6902351a1,USC Trossen,63,S3,-0.04919946566224098
871bafb895b6902351a1,USC Trossen,63,S5,-0.2267746478319168
871bafb895b6902351a1,USC Trossen,63,DT + S1,0.8641168615945749
871bafb895b6902351a1,USC Trossen,63,DT + S3,0.8601626809332596
871bafb895b6902351a1,USC Trossen,63,DT + S5,0.845334020407149
871bafb895b6902351a1,USC Trossen,63,DINOv2,1.0
871bafb895b6902351a1,USC Trossen,63,Robometer progress,0.5402431488037109
871bafb895b6902351a1,USC Trossen,63,Robometer success,0.020645929500460625
79c5544b9c92b08aa3ad,USC Trossen,0,DT,-26.59839630126953
79c5544b9c92b08aa3ad,USC Trossen,0,S1,-24.06792640686035
79c5544b9c92b08aa3ad,USC Trossen,0,S3,
79c5544b9c92b08aa3ad,USC Trossen,0,S5,
79c5544b9c92b08aa3ad,USC Trossen,0,DT + S1,1.5987733874695356e-05
79c5544b9c92b08aa3ad,USC Trossen,0,DT + S3,
79c5544b9c92b08aa3ad,USC Trossen,0,DT + S5,
79c5544b9c92b08aa3ad,USC Trossen,0,DINOv2,0.0775066539645195
79c5544b9c92b08aa3ad,USC Trossen,0,Robometer progress,0.025040211156010628
79c5544b9c92b08aa3ad,USC Trossen,0,Robometer success,0.00407013762742281
79c5544b9c92b08aa3ad,USC Trossen,4,DT,-27.280487060546875
79c5544b9c92b08aa3ad,USC Trossen,4,S1,-23.96820640563965
79c5544b9c92b08aa3ad,USC Trossen,4,S3,-23.864192962646484
79c5544b9c92b08aa3ad,USC Trossen,4,S5,-23.964317321777344
79c5544b9c92b08aa3ad,USC Trossen,4,DT + S1,1.5474494538847056e-05
79c5544b9c92b08aa3ad,USC Trossen,4,DT + S3,1.8033889163045704e-05
79c5544b9c92b08aa3ad,USC Trossen,4,DT + S5,1.7294275490681402e-05
79c5544b9c92b08aa3ad,USC Trossen,4,DINOv2,0.11749637126922607
79c5544b9c92b08aa3ad,USC Trossen,4,Robometer progress,0.08427663892507553
79c5544b9c92b08aa3ad,USC Trossen,4,Robometer success,0.010328153148293495
79c5544b9c92b08aa3ad,USC Trossen,15,DT,-32.829978942871094
79c5544b9c92b08aa3ad,USC Trossen,15,S1,-23.773698806762695
79c5544b9c92b08aa3ad,USC Trossen,15,S3,-23.58978271484375
79c5544b9c92b08aa3ad,USC Trossen,15,S5,-23.87445068359375
79c5544b9c92b08aa3ad,USC Trossen,15,DT + S1,9.121459655762103e-06
79c5544b9c92b08aa3ad,USC Trossen,15,DT + S3,1.0999255715980028e-05
79c5544b9c92b08aa3ad,USC Trossen,15,DT + S5,9.762064460690694e-06
79c5544b9c92b08aa3ad,USC Trossen,15,DINOv2,0.19963738322257996
79c5544b9c92b08aa3ad,USC Trossen,15,Robometer progress,0.008143540471792221
79c5544b9c92b08aa3ad,USC Trossen,15,Robometer success,0.002323162741959095
79c5544b9c92b08aa3ad,USC Trossen,31,DT,-28.314741134643555
79c5544b9c92b08aa3ad,USC Trossen,31,S1,-20.48900032043457
79c5544b9c92b08aa3ad,USC Trossen,31,S3,-20.20915412902832
79c5544b9c92b08aa3ad,USC Trossen,31,S5,-20.163692474365234
79c5544b9c92b08aa3ad,USC Trossen,31,DT + S1,6.089872659114908e-05
79c5544b9c92b08aa3ad,USC Trossen,31,DT + S3,7.491360105843464e-05
79c5544b9c92b08aa3ad,USC Trossen,31,DT + S5,7.587078712103085e-05
79c5544b9c92b08aa3ad,USC Trossen,31,DINOv2,0.3430245518684387
79c5544b9c92b08aa3ad,USC Trossen,31,Robometer progress,0.177184596657753
79c5544b9c92b08aa3ad,USC Trossen,31,Robometer success,0.002889581024646759
79c5544b9c92b08aa3ad,USC Trossen,47,DT,-11.235660552978516
79c5544b9c92b08aa3ad,USC Trossen,47,S1,-19.613243103027344
79c5544b9c92b08aa3ad,USC Trossen,47,S3,-19.279279708862305
79c5544b9c92b08aa3ad,USC Trossen,47,S5,-19.291366577148438
79c5544b9c92b08aa3ad,USC Trossen,47,DT + S1,0.0005807383183780842
79c5544b9c92b08aa3ad,USC Trossen,47,DT + S3,0.0007233545974885138
79c5544b9c92b08aa3ad,USC Trossen,47,DT + S5,0.0007131910138387384
79c5544b9c92b08aa3ad,USC Trossen,47,DINOv2,0.35423558950424194
79c5544b9c92b08aa3ad,USC Trossen,47,Robometer progress,0.38871681690216064
79c5544b9c92b08aa3ad,USC Trossen,47,Robometer success,0.006692850962281227
79c5544b9c92b08aa3ad,USC Trossen,63,DT,-1.7628419399261475
79c5544b9c92b08aa3ad,USC Trossen,63,S1,-0.08439826965332031
79c5544b9c92b08aa3ad,USC Trossen,63,S3,-0.10007171332836151
79c5544b9c92b08aa3ad,USC Trossen,63,S5,-0.1641090363264084
79c5544b9c92b08aa3ad,USC Trossen,63,DT + S1,0.8724908374635796
79c5544b9c92b08aa3ad,USC Trossen,63,DT + S3,0.8675581426494686
79c5544b9c92b08aa3ad,USC Trossen,63,DT + S5,0.8592373342301752
79c5544b9c92b08aa3ad,USC Trossen,63,DINOv2,1.0
79c5544b9c92b08aa3ad,USC Trossen,63,Robometer progress,0.4549205005168915
79c5544b9c92b08aa3ad,USC Trossen,63,Robometer success,0.034618835896253586
6eaad9dd4293d2f6e317,USC Trossen,0,DT,-26.637332916259766
6eaad9dd4293d2f6e317,USC Trossen,0,S1,-21.619224548339844
6eaad9dd4293d2f6e317,USC Trossen,0,S3,
6eaad9dd4293d2f6e317,USC Trossen,0,S5,
6eaad9dd4293d2f6e317,USC Trossen,0,DT + S1,4.5240014362423543e-05
6eaad9dd4293d2f6e317,USC Trossen,0,DT + S3,
6eaad9dd4293d2f6e317,USC Trossen,0,DT + S5,
6eaad9dd4293d2f6e317,USC Trossen,0,DINOv2,0.3080506920814514
6eaad9dd4293d2f6e317,USC Trossen,0,Robometer progress,0.11634406447410583
6eaad9dd4293d2f6e317,USC Trossen,0,Robometer success,0.015424552373588085
6eaad9dd4293d2f6e317,USC Trossen,4,DT,-29.6673583984375
6eaad9dd4293d2f6e317,USC Trossen,4,S1,-21.65668296813965
6eaad9dd4293d2f6e317,USC Trossen,4,S3,-21.463560104370117
6eaad9dd4293d2f6e317,USC Trossen,4,S5,-21.584665298461914
6eaad9dd4293d2f6e317,USC Trossen,4,DT + S1,3.1884461095393816e-05
6eaad9dd4293d2f6e317,USC Trossen,4,DT + S3,3.8089840286051475e-05
6eaad9dd4293d2f6e317,USC Trossen,4,DT + S5,3.605965980757731e-05
6eaad9dd4293d2f6e317,USC Trossen,4,DINOv2,0.3600388765335083
6eaad9dd4293d2f6e317,USC Trossen,4,Robometer progress,0.5662455558776855
6eaad9dd4293d2f6e317,USC Trossen,4,Robometer success,0.15304215252399445
6eaad9dd4293d2f6e317,USC Trossen,15,DT,-18.40052604675293
6eaad9dd4293d2f6e317,USC Trossen,15,S1,-20.180194854736328
6eaad9dd4293d2f6e317,USC Trossen,15,S3,-19.712846755981445
6eaad9dd4293d2f6e317,USC Trossen,15,S5,-20.238969802856445
6eaad9dd4293d2f6e317,USC Trossen,15,DT + S1,0.00020712018866144777
6eaad9dd4293d2f6e317,USC Trossen,15,DT + S3,0.00027438079883041166
6eaad9dd4293d2f6e317,USC Trossen,15,DT + S5,0.00021838971052460284
6eaad9dd4293d2f6e317,USC Trossen,15,DINOv2,0.6266361474990845
6eaad9dd4293d2f6e317,USC Trossen,15,Robometer progress,0.46985092759132385
6eaad9dd4293d2f6e317,USC Trossen,15,Robometer success,0.01971912756562233
6eaad9dd4293d2f6e317,USC Trossen,31,DT,-18.3820743560791
6eaad9dd4293d2f6e317,USC Trossen,31,S1,-19.488481521606445
6eaad9dd4293d2f6e317,USC Trossen,31,S3,-18.913986206054688
6eaad9dd4293d2f6e317,USC Trossen,31,S5,-18.779966354370117
6eaad9dd4293d2f6e317,USC Trossen,31,DT + S1,0.00027874778582180973
6eaad9dd4293d2f6e317,USC Trossen,31,DT + S3,0.00038473051926552626
6eaad9dd4293d2f6e317,USC Trossen,31,DT + S5,0.00040318196028882406
6eaad9dd4293d2f6e317,USC Trossen,31,DINOv2,0.43762487173080444
6eaad9dd4293d2f6e317,USC Trossen,31,Robometer progress,0.5276954770088196
6eaad9dd4293d2f6e317,USC Trossen,31,Robometer success,0.04885777831077576
6eaad9dd4293d2f6e317,USC Trossen,47,DT,-11.075102806091309
6eaad9dd4293d2f6e317,USC Trossen,47,S1,-18.737146377563477
6eaad9dd4293d2f6e317,USC Trossen,47,S3,-17.7945556640625
6eaad9dd4293d2f6e317,USC Trossen,47,S5,-17.644088745117188
6eaad9dd4293d2f6e317,USC Trossen,47,DT + S1,0.000858691063184119
6eaad9dd4293d2f6e317,USC Trossen,47,DT + S3,0.0013741203050678817
6eaad9dd4293d2f6e317,USC Trossen,47,DT + S5,0.0014463448313598616
6eaad9dd4293d2f6e317,USC Trossen,47,DINOv2,0.7850969433784485
6eaad9dd4293d2f6e317,USC Trossen,47,Robometer progress,0.5788067579269409
6eaad9dd4293d2f6e317,USC Trossen,47,Robometer success,0.05108273774385452
6eaad9dd4293d2f6e317,USC Trossen,63,DT,-2.234459400177002
6eaad9dd4293d2f6e317,USC Trossen,63,S1,-0.1271573007106781
6eaad9dd4293d2f6e317,USC Trossen,63,S3,-0.048466142266988754
6eaad9dd4293d2f6e317,USC Trossen,63,S5,-0.13606151938438416
6eaad9dd4293d2f6e317,USC Trossen,63,DT + S1,0.8644736343462899
6eaad9dd4293d2f6e317,USC Trossen,63,DT + S3,0.8640590569218362
6eaad9dd4293d2f6e317,USC Trossen,63,DT + S5,0.8543233750887648
6eaad9dd4293d2f6e317,USC Trossen,63,DINOv2,0.9999998807907104
6eaad9dd4293d2f6e317,USC Trossen,63,Robometer progress,0.5462990999221802
6eaad9dd4293d2f6e317,USC Trossen,63,Robometer success,0.039048291742801666
8ae977fb8c2ab401d127,USC Trossen,0,DT,-25.047529220581055
8ae977fb8c2ab401d127,USC Trossen,0,S1,-23.560688018798828
8ae977fb8c2ab401d127,USC Trossen,0,S3,
8ae977fb8c2ab401d127,USC Trossen,0,S5,
8ae977fb8c2ab401d127,USC Trossen,0,DT + S1,2.354878912923084e-05
8ae977fb8c2ab401d127,USC Trossen,0,DT + S3,
8ae977fb8c2ab401d127,USC Trossen,0,DT + S5,
8ae977fb8c2ab401d127,USC Trossen,0,DINOv2,0.17912185192108154
8ae977fb8c2ab401d127,USC Trossen,0,Robometer progress,0.02373446524143219
8ae977fb8c2ab401d127,USC Trossen,0,Robometer success,0.00407013762742281
8ae977fb8c2ab401d127,USC Trossen,4,DT,-22.927528381347656
8ae977fb8c2ab401d127,USC Trossen,4,S1,-23.456640243530273
8ae977fb8c2ab401d127,USC Trossen,4,S3,-23.219158172607422
8ae977fb8c2ab401d127,USC Trossen,4,S5,-23.314666748046875
8ae977fb8c2ab401d127,USC Trossen,4,DT + S1,3.109555832722296e-05
8ae977fb8c2ab401d127,USC Trossen,4,DT + S3,3.8168451043391924e-05
8ae977fb8c2ab401d127,USC Trossen,4,DT + S5,3.662175684876049e-05
8ae977fb8c2ab401d127,USC Trossen,4,DINOv2,0.27080827951431274
8ae977fb8c2ab401d127,USC Trossen,4,Robometer progress,0.03281816840171814
8ae977fb8c2ab401d127,USC Trossen,4,Robometer success,0.0060975621454417706
8ae977fb8c2ab401d127,USC Trossen,15,DT,-26.746227264404297
8ae977fb8c2ab401d127,USC Trossen,15,S1,-22.266693115234375
8ae977fb8c2ab401d127,USC Trossen,15,S3,-22.225088119506836
8ae977fb8c2ab401d127,USC Trossen,15,S5,-22.539045333862305
8ae977fb8c2ab401d127,USC Trossen,15,DT + S1,3.391371115016528e-05
8ae977fb8c2ab401d127,USC Trossen,15,DT + S3,3.811380896934487e-05
8ae977fb8c2ab401d127,USC Trossen,15,DT + S5,3.332050487717519e-05
8ae977fb8c2ab401d127,USC Trossen,15,DINOv2,0.7680429220199585
8ae977fb8c2ab401d127,USC Trossen,15,Robometer progress,0.2755175828933716
8ae977fb8c2ab401d127,USC Trossen,15,Robometer success,0.037326887249946594
8ae977fb8c2ab401d127,USC Trossen,31,DT,-26.993427276611328
8ae977fb8c2ab401d127,USC Trossen,31,S1,-22.233171463012695
8ae977fb8c2ab401d127,USC Trossen,31,S3,-22.130603790283203
8ae977fb8c2ab401d127,USC Trossen,31,S5,-22.212482452392578
8ae977fb8c2ab401d127,USC Trossen,31,DT + S1,3.3477637239047416e-05
8ae977fb8c2ab401d127,USC Trossen,31,DT + S3,3.859651201122132e-05
8ae977fb8c2ab401d127,USC Trossen,31,DT + S5,3.718237414246107e-05
8ae977fb8c2ab401d127,USC Trossen,31,DINOv2,0.5369842052459717
8ae977fb8c2ab401d127,USC Trossen,31,Robometer progress,0.6424762010574341
8ae977fb8c2ab401d127,USC Trossen,31,Robometer success,0.13117322325706482
8ae977fb8c2ab401d127,USC Trossen,47,DT,-23.30963897705078
8ae977fb8c2ab401d127,USC Trossen,47,S1,-21.835371017456055
8ae977fb8c2ab401d127,USC Trossen,47,S3,-21.266510009765625
8ae977fb8c2ab401d127,USC Trossen,47,S5,-20.785062789916992
8ae977fb8c2ab401d127,USC Trossen,47,DT + S1,5.952953418312794e-05
8ae977fb8c2ab401d127,USC Trossen,47,DT + S3,8.322255032581894e-05
8ae977fb8c2ab401d127,USC Trossen,47,DT + S5,0.00010133310240998742
8ae977fb8c2ab401d127,USC Trossen,47,DINOv2,0.6947771310806274
8ae977fb8c2ab401d127,USC Trossen,47,Robometer progress,0.763096809387207
8ae977fb8c2ab401d127,USC Trossen,47,Robometer success,0.5566405653953552
8ae977fb8c2ab401d127,USC Trossen,63,DT,-1.543471097946167
8ae977fb8c2ab401d127,USC Trossen,63,S1,-0.10379762947559357
8ae977fb8c2ab401d127,USC Trossen,63,S3,-0.09081380069255829
8ae977fb8c2ab401d127,USC Trossen,63,S5,-0.16650858521461487
8ae977fb8c2ab401d127,USC Trossen,63,DT + S1,0.8742491885414331
8ae977fb8c2ab401d127,USC Trossen,63,DT + S3,0.870742827263452
8ae977fb8c2ab401d127,USC Trossen,63,DT + S5,0.8620068601972066
8ae977fb8c2ab401d127,USC Trossen,63,DINOv2,1.0
8ae977fb8c2ab401d127,USC Trossen,63,Robometer progress,0.7958993315696716
8ae977fb8c2ab401d127,USC Trossen,63,Robometer success,0.7025300860404968
4d69130adbc2dcad9b88,USC Trossen,0,DT,-28.46587371826172
4d69130adbc2dcad9b88,USC Trossen,0,S1,-22.197153091430664
4d69130adbc2dcad9b88,USC Trossen,0,S3,
4d69130adbc2dcad9b88,USC Trossen,0,S5,
4d69130adbc2dcad9b88,USC Trossen,0,DT + S1,2.8904199991573384e-05
4d69130adbc2dcad9b88,USC Trossen,0,DT + S3,
4d69130adbc2dcad9b88,USC Trossen,0,DT + S5,
4d69130adbc2dcad9b88,USC Trossen,0,DINOv2,0.3259120583534241
4d69130adbc2dcad9b88,USC Trossen,0,Robometer progress,0.022244933992624283
4d69130adbc2dcad9b88,USC Trossen,0,Robometer success,0.004198795650154352
4d69130adbc2dcad9b88,USC Trossen,4,DT,-25.48546600341797
4d69130adbc2dcad9b88,USC Trossen,4,S1,-22.123140335083008
4d69130adbc2dcad9b88,USC Trossen,4,S3,-22.00787353515625
4d69130adbc2dcad9b88,USC Trossen,4,S5,-22.136821746826172
4d69130adbc2dcad9b88,USC Trossen,4,DT + S1,4.142875760267461e-05
4d69130adbc2dcad9b88,USC Trossen,4,DT + S3,4.7967016681125465e-05
4d69130adbc2dcad9b88,USC Trossen,4,DT + S5,4.529301701706299e-05
4d69130adbc2dcad9b88,USC Trossen,4,DINOv2,0.462749719619751
4d69130adbc2dcad9b88,USC Trossen,4,Robometer progress,0.029438674449920654
4d69130adbc2dcad9b88,USC Trossen,4,Robometer success,0.007577241398394108
4d69130adbc2dcad9b88,USC Trossen,15,DT,-22.768173217773438
4d69130adbc2dcad9b88,USC Trossen,15,S1,-21.274696350097656
4d69130adbc2dcad9b88,USC Trossen,15,S3,-20.551849365234375
4d69130adbc2dcad9b88,USC Trossen,15,S5,-20.17349624633789
4d69130adbc2dcad9b88,USC Trossen,15,DT + S1,8.02600695275621e-05
4d69130adbc2dcad9b88,USC Trossen,15,DT + S3,0.0001193036557840432
4d69130adbc2dcad9b88,USC Trossen,15,DT + S5,0.000138943845573677
4d69130adbc2dcad9b88,USC Trossen,15,DINOv2,0.45570850372314453
4d69130adbc2dcad9b88,USC Trossen,15,Robometer progress,0.26762789487838745
4d69130adbc2dcad9b88,USC Trossen,15,Robometer success,0.004609572235494852
4d69130adbc2dcad9b88,USC Trossen,31,DT,-23.04417610168457
4d69130adbc2dcad9b88,USC Trossen,31,S1,-21.065990447998047
4d69130adbc2dcad9b88,USC Trossen,31,S3,-20.845685958862305
4d69130adbc2dcad9b88,USC Trossen,31,S5,-20.95207977294922
4d69130adbc2dcad9b88,USC Trossen,31,DT + S1,8.51040914342783e-05
4d69130adbc2dcad9b88,USC Trossen,31,DT + S3,0.00010228152085861987
4d69130adbc2dcad9b88,USC Trossen,31,DT + S5,9.728072000339765e-05
4d69130adbc2dcad9b88,USC Trossen,31,DINOv2,0.7814576029777527
4d69130adbc2dcad9b88,USC Trossen,31,Robometer progress,0.49348127841949463
4d69130adbc2dcad9b88,USC Trossen,31,Robometer success,0.023330770432949066
4d69130adbc2dcad9b88,USC Trossen,47,DT,-11.470975875854492
4d69130adbc2dcad9b88,USC Trossen,47,S1,-19.156518936157227
4d69130adbc2dcad9b88,USC Trossen,47,S3,-18.797765731811523
4d69130adbc2dcad9b88,USC Trossen,47,S5,-18.684429168701172
4d69130adbc2dcad9b88,USC Trossen,47,DT + S1,0.0006875094577200223
4d69130adbc2dcad9b88,USC Trossen,47,DT + S3,0.0008630637851143189
4d69130adbc2dcad9b88,USC Trossen,47,DT + S5,0.0008960563094365386
4d69130adbc2dcad9b88,USC Trossen,47,DINOv2,0.8138003945350647
4d69130adbc2dcad9b88,USC Trossen,47,Robometer progress,0.5564099550247192
4d69130adbc2dcad9b88,USC Trossen,47,Robometer success,0.027585282921791077
4d69130adbc2dcad9b88,USC Trossen,63,DT,-2.043971061706543
4d69130adbc2dcad9b88,USC Trossen,63,S1,-0.08471908420324326
4d69130adbc2dcad9b88,USC Trossen,63,S3,-0.08078216761350632
4d69130adbc2dcad9b88,USC Trossen,63,S5,-0.2581191956996918
4d69130adbc2dcad9b88,USC Trossen,63,DT + S1,0.8689888179791221
4d69130adbc2dcad9b88,USC Trossen,63,DT + S3,0.8649186943970487
4d69130adbc2dcad9b88,USC Trossen,63,DT + S5,0.8505225629290539
4d69130adbc2dcad9b88,USC Trossen,63,DINOv2,0.9999998807907104
4d69130adbc2dcad9b88,USC Trossen,63,Robometer progress,0.5957270860671997
4d69130adbc2dcad9b88,USC Trossen,63,Robometer success,0.07369627058506012
8ccdf239dac2763fbe83,USC Trossen,0,DT,-22.886943817138672
8ccdf239dac2763fbe83,USC Trossen,0,S1,-24.431941986083984
8ccdf239dac2763fbe83,USC Trossen,0,S3,
8ccdf239dac2763fbe83,USC Trossen,0,S5,
8ccdf239dac2763fbe83,USC Trossen,0,DT + S1,2.0605092427990815e-05
8ccdf239dac2763fbe83,USC Trossen,0,DT + S3,
8ccdf239dac2763fbe83,USC Trossen,0,DT + S5,
8ccdf239dac2763fbe83,USC Trossen,0,DINOv2,0.05647357553243637
8ccdf239dac2763fbe83,USC Trossen,0,Robometer progress,0.021735165268182755
8ccdf239dac2763fbe83,USC Trossen,0,Robometer success,0.004198795650154352
8ccdf239dac2763fbe83,USC Trossen,4,DT,-22.681034088134766
8ccdf239dac2763fbe83,USC Trossen,4,S1,-24.433544158935547
8ccdf239dac2763fbe83,USC Trossen,4,S3,-24.305017471313477
8ccdf239dac2763fbe83,USC Trossen,4,S5,-24.35670280456543
8ccdf239dac2763fbe83,USC Trossen,4,DT + S1,2.1063569213406578e-05
8ccdf239dac2763fbe83,USC Trossen,4,DT + S3,2.4834975219010296e-05
8ccdf239dac2763fbe83,USC Trossen,4,DT + S5,2.4316532381454333e-05
8ccdf239dac2763fbe83,USC Trossen,4,DINOv2,0.06502178311347961
8ccdf239dac2763fbe83,USC Trossen,4,Robometer progress,0.05405744910240173
8ccdf239dac2763fbe83,USC Trossen,4,Robometer success,0.014063628390431404
8ccdf239dac2763fbe83,USC Trossen,15,DT,-36.74836730957031
8ccdf239dac2763fbe83,USC Trossen,15,S1,-23.757835388183594
8ccdf239dac2763fbe83,USC Trossen,15,S3,-23.482093811035156
8ccdf239dac2763fbe83,USC Trossen,15,S5,-23.678022384643555
8ccdf239dac2763fbe83,USC Trossen,15,DT + S1,5.9631920126668955e-06
8ccdf239dac2763fbe83,USC Trossen,15,DT + S3,7.482080128720596e-06
8ccdf239dac2763fbe83,USC Trossen,15,DT + S5,6.892441503468068e-06
8ccdf239dac2763fbe83,USC Trossen,15,DINOv2,0.8220808506011963
8ccdf239dac2763fbe83,USC Trossen,15,Robometer progress,0.6581881046295166
8ccdf239dac2763fbe83,USC Trossen,15,Robometer success,0.33982762694358826
8ccdf239dac2763fbe83,USC Trossen,31,DT,-22.06881332397461
8ccdf239dac2763fbe83,USC Trossen,31,S1,-23.281997680664062
8ccdf239dac2763fbe83,USC Trossen,31,S3,-23.150836944580078
8ccdf239dac2763fbe83,USC Trossen,31,S5,-23.305648803710938
8ccdf239dac2763fbe83,USC Trossen,31,DT + S1,3.682509907468087e-05
8ccdf239dac2763fbe83,USC Trossen,31,DT + S3,4.316896178999252e-05
8ccdf239dac2763fbe83,USC Trossen,31,DT + S5,4.039613355419922e-05
8ccdf239dac2763fbe83,USC Trossen,31,DINOv2,0.8504713177680969
8ccdf239dac2763fbe83,USC Trossen,31,Robometer progress,0.5967439413070679
8ccdf239dac2763fbe83,USC Trossen,31,Robometer success,0.1980641782283783
8ccdf239dac2763fbe83,USC Trossen,47,DT,-19.622116088867188
8ccdf239dac2763fbe83,USC Trossen,47,S1,-23.08946418762207
8ccdf239dac2763fbe83,USC Trossen,47,S3,-22.747955322265625
8ccdf239dac2763fbe83,USC Trossen,47,S5,-22.324968338012695
8ccdf239dac2763fbe83,USC Trossen,47,DT + S1,5.2347606985817706e-05
8ccdf239dac2763fbe83,USC Trossen,47,DT + S3,6.69198224502489e-05
8ccdf239dac2763fbe83,USC Trossen,47,DT + S5,7.97020159432379e-05
8ccdf239dac2763fbe83,USC Trossen,47,DINOv2,0.574908435344696
8ccdf239dac2763fbe83,USC Trossen,47,Robometer progress,0.7963278293609619
8ccdf239dac2763fbe83,USC Trossen,47,Robometer success,0.6575384140014648
8ccdf239dac2763fbe83,USC Trossen,63,DT,-1.6074910163879395
8ccdf239dac2763fbe83,USC Trossen,63,S1,-0.09936433285474777
8ccdf239dac2763fbe83,USC Trossen,63,S3,-0.0780811682343483
8ccdf239dac2763fbe83,USC Trossen,63,S5,-0.21351104974746704
8ccdf239dac2763fbe83,USC Trossen,63,DT + S1,0.8736803965219012
8ccdf239dac2763fbe83,USC Trossen,63,DT + S3,0.8705537737311724
8ccdf239dac2763fbe83,USC Trossen,63,DT + S5,0.8587971732449778
8ccdf239dac2763fbe83,USC Trossen,63,DINOv2,0.9999999403953552
8ccdf239dac2763fbe83,USC Trossen,63,Robometer progress,0.6553106307983398
8ccdf239dac2763fbe83,USC Trossen,63,Robometer success,0.20946967601776123
7f35707aa45c08602a31,USC Trossen,0,DT,-31.07217025756836
7f35707aa45c08602a31,USC Trossen,0,S1,-23.473140716552734
7f35707aa45c08602a31,USC Trossen,0,S3,
7f35707aa45c08602a31,USC Trossen,0,S5,
7f35707aa45c08602a31,USC Trossen,0,DT + S1,1.258533822381934e-05
7f35707aa45c08602a31,USC Trossen,0,DT + S3,
7f35707aa45c08602a31,USC Trossen,0,DT + S5,
7f35707aa45c08602a31,USC Trossen,0,DINOv2,0.17366646230220795
7f35707aa45c08602a31,USC Trossen,0,Robometer progress,0.02505430020391941
7f35707aa45c08602a31,USC Trossen,0,Robometer success,0.004755199886858463
7f35707aa45c08602a31,USC Trossen,4,DT,-27.222135543823242
7f35707aa45c08602a31,USC Trossen,4,S1,-23.492183685302734
7f35707aa45c08602a31,USC Trossen,4,S3,-23.258392333984375
7f35707aa45c08602a31,USC Trossen,4,S5,-23.35714340209961
7f35707aa45c08602a31,USC Trossen,4,DT + S1,1.9080455324985967e-05
7f35707aa45c08602a31,USC Trossen,4,DT + S3,2.3418862808602225e-05
7f35707aa45c08602a31,USC Trossen,4,DT + S5,2.24471001494408e-05
7f35707aa45c08602a31,USC Trossen,4,DINOv2,0.1346229761838913
7f35707aa45c08602a31,USC Trossen,4,Robometer progress,0.03972230851650238
7f35707aa45c08602a31,USC Trossen,4,Robometer success,0.007577241398394108
7f35707aa45c08602a31,USC Trossen,15,DT,-35.912757873535156
7f35707aa45c08602a31,USC Trossen,15,S1,-22.612354278564453
7f35707aa45c08602a31,USC Trossen,15,S3,-22.5131778717041
7f35707aa45c08602a31,USC Trossen,15,S5,-22.72651481628418
7f35707aa45c08602a31,USC Trossen,15,DT + S1,1.0657684800065955e-05
7f35707aa45c08602a31,USC Trossen,15,DT + S3,1.2329516453447836e-05
7f35707aa45c08602a31,USC Trossen,15,DT + S5,1.125536175429962e-05
7f35707aa45c08602a31,USC Trossen,15,DINOv2,0.7309962511062622
7f35707aa45c08602a31,USC Trossen,15,Robometer progress,0.5972349047660828
7f35707aa45c08602a31,USC Trossen,15,Robometer success,0.09138210862874985
7f35707aa45c08602a31,USC Trossen,31,DT,-71.40948486328125
7f35707aa45c08602a31,USC Trossen,31,S1,-22.49844741821289
7f35707aa45c08602a31,USC Trossen,31,S3,-22.450984954833984
7f35707aa45c08602a31,USC Trossen,31,S5,-22.45001220703125
7f35707aa45c08602a31,USC Trossen,31,DT + S1,2.2385766083941458e-07
7f35707aa45c08602a31,USC Trossen,31,DT + S3,2.5591844059132115e-07
7f35707aa45c08602a31,USC Trossen,31,DT + S5,2.5612436109587225e-07
7f35707aa45c08602a31,USC Trossen,31,DINOv2,0.6224269270896912
7f35707aa45c08602a31,USC Trossen,31,Robometer progress,0.7926998734474182
7f35707aa45c08602a31,USC Trossen,31,Robometer success,0.7065955400466919
7f35707aa45c08602a31,USC Trossen,47,DT,-29.353530883789062
7f35707aa45c08602a31,USC Trossen,47,S1,-21.468917846679688
7f35707aa45c08602a31,USC Trossen,47,S3,-21.041074752807617
7f35707aa45c08602a31,USC Trossen,47,S5,-21.251873016357422
7f35707aa45c08602a31,USC Trossen,47,DT + S1,3.575849385314049e-05
7f35707aa45c08602a31,USC Trossen,47,DT + S3,4.709573895552688e-05
7f35707aa45c08602a31,USC Trossen,47,DT + S5,4.290825060544487e-05
7f35707aa45c08602a31,USC Trossen,47,DINOv2,0.801106333732605
7f35707aa45c08602a31,USC Trossen,47,Robometer progress,0.7853707075119019
7f35707aa45c08602a31,USC Trossen,47,Robometer success,0.7563575506210327
7f35707aa45c08602a31,USC Trossen,63,DT,-1.6209180355072021
7f35707aa45c08602a31,USC Trossen,63,S1,-0.1082049235701561
7f35707aa45c08602a31,USC Trossen,63,S3,-0.11922812461853027
7f35707aa45c08602a31,USC Trossen,63,S5,-0.1394963562488556
7f35707aa45c08602a31,USC Trossen,63,DT + S1,0.8730997959836624
7f35707aa45c08602a31,USC Trossen,63,DT + S3,0.8684218218180302
7f35707aa45c08602a31,USC Trossen,63,DT + S5,0.8623408508677286
7f35707aa45c08602a31,USC Trossen,63,DINOv2,1.0
7f35707aa45c08602a31,USC Trossen,63,Robometer progress,0.8503340482711792
7f35707aa45c08602a31,USC Trossen,63,Robometer success,0.8499711751937866
a71bd90da025ae09c60e,USC Trossen,0,DT,-23.72336769104004
a71bd90da025ae09c60e,USC Trossen,0,S1,-23.337467193603516
a71bd90da025ae09c60e,USC Trossen,0,S3,
a71bd90da025ae09c60e,USC Trossen,0,S5,
a71bd90da025ae09c60e,USC Trossen,0,DT + S1,2.997008849377628e-05
a71bd90da025ae09c60e,USC Trossen,0,DT + S3,
a71bd90da025ae09c60e,USC Trossen,0,DT + S5,
a71bd90da025ae09c60e,USC Trossen,0,DINOv2,0.30228686332702637
a71bd90da025ae09c60e,USC Trossen,0,Robometer progress,0.2689577341079712
a71bd90da025ae09c60e,USC Trossen,0,Robometer success,0.02931223064661026
a71bd90da025ae09c60e,USC Trossen,4,DT,-24.635623931884766
a71bd90da025ae09c60e,USC Trossen,4,S1,-23.423856735229492
a71bd90da025ae09c60e,USC Trossen,4,S3,-23.237394332885742
a71bd90da025ae09c60e,USC Trossen,4,S5,-23.238819122314453
a71bd90da025ae09c60e,USC Trossen,4,DT + S1,2.6123284927013444e-05
a71bd90da025ae09c60e,USC Trossen,4,DT + S3,3.1394247424080076e-05
a71bd90da025ae09c60e,USC Trossen,4,DT + S5,3.1337513232655426e-05
a71bd90da025ae09c60e,USC Trossen,4,DINOv2,0.31110379099845886
a71bd90da025ae09c60e,USC Trossen,4,Robometer progress,0.5939749479293823
a71bd90da025ae09c60e,USC Trossen,4,Robometer success,0.18476751446723938
a71bd90da025ae09c60e,USC Trossen,15,DT,-23.871349334716797
a71bd90da025ae09c60e,USC Trossen,15,S1,-20.922344207763672
a71bd90da025ae09c60e,USC Trossen,15,S3,-20.593372344970703
a71bd90da025ae09c60e,USC Trossen,15,S5,-21.01738929748535
a71bd90da025ae09c60e,USC Trossen,15,DT + S1,8.259898097272591e-05
a71bd90da025ae09c60e,USC Trossen,15,DT + S3,0.00010385324283785575
a71bd90da025ae09c60e,USC Trossen,15,DT + S5,8.643535335852204e-05
a71bd90da025ae09c60e,USC Trossen,15,DINOv2,0.8088288903236389
a71bd90da025ae09c60e,USC Trossen,15,Robometer progress,0.4080900549888611
a71bd90da025ae09c60e,USC Trossen,15,Robometer success,0.009708477184176445
a71bd90da025ae09c60e,USC Trossen,31,DT,-24.512287139892578
a71bd90da025ae09c60e,USC Trossen,31,S1,-21.790082931518555
a71bd90da025ae09c60e,USC Trossen,31,S3,-21.689584732055664
a71bd90da025ae09c60e,USC Trossen,31,S5,-21.557952880859375
a71bd90da025ae09c60e,USC Trossen,31,DT + S1,5.315799053298863e-05
a71bd90da025ae09c60e,USC Trossen,31,DT + S3,6.1030132022661483e-05
a71bd90da025ae09c60e,USC Trossen,31,DT + S5,6.423489145026756e-05
a71bd90da025ae09c60e,USC Trossen,31,DINOv2,0.5078649520874023
a71bd90da025ae09c60e,USC Trossen,31,Robometer progress,0.5981829166412354
a71bd90da025ae09c60e,USC Trossen,31,Robometer success,0.04084571450948715
a71bd90da025ae09c60e,USC Trossen,47,DT,-11.591830253601074
a71bd90da025ae09c60e,USC Trossen,47,S1,-20.09682846069336
a71bd90da025ae09c60e,USC Trossen,47,S3,-19.74359703063965
a71bd90da025ae09c60e,USC Trossen,47,S5,-19.62490463256836
a71bd90da025ae09c60e,USC Trossen,47,DT + S1,0.0004543679463246343
a71bd90da025ae09c60e,USC Trossen,47,DT + S3,0.0005722370081187478
a71bd90da025ae09c60e,USC Trossen,47,DT + S5,0.00059645678339164
a71bd90da025ae09c60e,USC Trossen,47,DINOv2,0.6154539585113525
a71bd90da025ae09c60e,USC Trossen,47,Robometer progress,0.6361417770385742
a71bd90da025ae09c60e,USC Trossen,47,Robometer success,0.09670579433441162
a71bd90da025ae09c60e,USC Trossen,63,DT,-2.029294013977051
a71bd90da025ae09c60e,USC Trossen,63,S1,-0.07671773433685303
a71bd90da025ae09c60e,USC Trossen,63,S3,-0.05517946928739548
a71bd90da025ae09c60e,USC Trossen,63,S5,-0.0946560651063919
a71bd90da025ae09c60e,USC Trossen,63,DT + S1,0.8695604408807964
a71bd90da025ae09c60e,USC Trossen,63,DT + S3,0.8663591541650336
a71bd90da025ae09c60e,USC Trossen,63,DT + S5,0.8592170421272417
a71bd90da025ae09c60e,USC Trossen,63,DINOv2,1.0
a71bd90da025ae09c60e,USC Trossen,63,Robometer progress,0.276296466588974
a71bd90da025ae09c60e,USC Trossen,63,Robometer success,0.005384937860071659
b668abc481f9bee0d5e8,USC Trossen,0,DT,-25.2750301361084
b668abc481f9bee0d5e8,USC Trossen,0,S1,-23.94289207458496
b668abc481f9bee0d5e8,USC Trossen,0,S3,
b668abc481f9bee0d5e8,USC Trossen,0,S5,
b668abc481f9bee0d5e8,USC Trossen,0,DT + S1,1.9511061832919258e-05
b668abc481f9bee0d5e8,USC Trossen,0,DT + S3,
b668abc481f9bee0d5e8,USC Trossen,0,DT + S5,
b668abc481f9bee0d5e8,USC Trossen,0,DINOv2,0.21048855781555176
b668abc481f9bee0d5e8,USC Trossen,0,Robometer progress,0.08756464719772339
b668abc481f9bee0d5e8,USC Trossen,0,Robometer success,0.017442485317587852
b668abc481f9bee0d5e8,USC Trossen,4,DT,-24.399024963378906
b668abc481f9bee0d5e8,USC Trossen,4,S1,-23.926433563232422
b668abc481f9bee0d5e8,USC Trossen,4,S3,-23.771995544433594
b668abc481f9bee0d5e8,USC Trossen,4,S5,-23.819223403930664
b668abc481f9bee0d5e8,USC Trossen,4,DT + S1,2.163976580361392e-05
b668abc481f9bee0d5e8,USC Trossen,4,DT + S3,2.5731267174102315e-05
b668abc481f9bee0d5e8,USC Trossen,4,DT + S5,2.5220126500398128e-05
b668abc481f9bee0d5e8,USC Trossen,4,DINOv2,0.2901429533958435
b668abc481f9bee0d5e8,USC Trossen,4,Robometer progress,0.3025093674659729
b668abc481f9bee0d5e8,USC Trossen,4,Robometer success,0.08756384253501892
b668abc481f9bee0d5e8,USC Trossen,15,DT,-20.205739974975586
b668abc481f9bee0d5e8,USC Trossen,15,S1,-22.035076141357422
b668abc481f9bee0d5e8,USC Trossen,15,S3,-21.207815170288086
b668abc481f9bee0d5e8,USC Trossen,15,S5,-21.052555084228516
b668abc481f9bee0d5e8,USC Trossen,15,DT + S1,7.696197807102137e-05
b668abc481f9bee0d5e8,USC Trossen,15,DT + S3,0.00011997620435419394
b668abc481f9bee0d5e8,USC Trossen,15,DT + S5,0.0001273877796056602
b668abc481f9bee0d5e8,USC Trossen,15,DINOv2,0.5284303426742554
b668abc481f9bee0d5e8,USC Trossen,15,Robometer progress,0.47654449939727783
b668abc481f9bee0d5e8,USC Trossen,15,Robometer success,0.01640303246676922
b668abc481f9bee0d5e8,USC Trossen,31,DT,-17.639915466308594
b668abc481f9bee0d5e8,USC Trossen,31,S1,-21.67588233947754
b668abc481f9bee0d5e8,USC Trossen,31,S3,-21.409820556640625
b668abc481f9bee0d5e8,USC Trossen,31,S5,-21.137134552001953
b668abc481f9bee0d5e8,USC Trossen,31,DT + S1,0.00011901231896607976
b668abc481f9bee0d5e8,USC Trossen,31,DT + S3,0.00014609531757096624
b668abc481f9bee0d5e8,USC Trossen,31,DT + S5,0.00016297270059980853
b668abc481f9bee0d5e8,USC Trossen,31,DINOv2,0.6336656808853149
b668abc481f9bee0d5e8,USC Trossen,31,Robometer progress,0.5109665393829346
b668abc481f9bee0d5e8,USC Trossen,31,Robometer success,0.03676946833729744
b668abc481f9bee0d5e8,USC Trossen,47,DT,-20.531015396118164
b668abc481f9bee0d5e8,USC Trossen,47,S1,-22.022233963012695
b668abc481f9bee0d5e8,USC Trossen,47,S3,-21.29994773864746
b668abc481f9bee0d5e8,USC Trossen,47,S5,-21.101200103759766
b668abc481f9bee0d5e8,USC Trossen,47,DT + S1,7.466020997324523e-05
b668abc481f9bee0d5e8,USC Trossen,47,DT + S3,0.00011136254252255942
b668abc481f9bee0d5e8,USC Trossen,47,DT + S5,0.00012043807428184064
b668abc481f9bee0d5e8,USC Trossen,47,DINOv2,0.4969744384288788
b668abc481f9bee0d5e8,USC Trossen,47,Robometer progress,0.710178017616272
b668abc481f9bee0d5e8,USC Trossen,47,Robometer success,0.33982762694358826
b668abc481f9bee0d5e8,USC Trossen,63,DT,-2.233217477798462
b668abc481f9bee0d5e8,USC Trossen,63,S1,-0.06210516765713692
b668abc481f9bee0d5e8,USC Trossen,63,S3,-0.058047834783792496
b668abc481f9bee0d5e8,USC Trossen,63,S5,-0.1612902581691742
b668abc481f9bee0d5e8,USC Trossen,63,DT + S1,0.8677074757376756
b668abc481f9bee0d5e8,USC Trossen,63,DT + S3,0.8636009126521287
b668abc481f9bee0d5e8,USC Trossen,63,DT + S5,0.8530200753696864
b668abc481f9bee0d5e8,USC Trossen,63,DINOv2,1.0
b668abc481f9bee0d5e8,USC Trossen,63,Robometer progress,0.5876633524894714
b668abc481f9bee0d5e8,USC Trossen,63,Robometer success,0.08035746961832047
1990ded95ddd35f980ff,MIT Franka,0,DT,-18.93276023864746
1990ded95ddd35f980ff,MIT Franka,0,S1,-19.894546508789062
1990ded95ddd35f980ff,MIT Franka,0,S3,
1990ded95ddd35f980ff,MIT Franka,0,S5,
1990ded95ddd35f980ff,MIT Franka,0,DT + S1,0.00022062776984813268
1990ded95ddd35f980ff,MIT Franka,0,DT + S3,
1990ded95ddd35f980ff,MIT Franka,0,DT + S5,
1990ded95ddd35f980ff,MIT Franka,0,DINOv2,0.46399834752082825
1990ded95ddd35f980ff,MIT Franka,0,Robometer progress,0.012340418994426727
1990ded95ddd35f980ff,MIT Franka,0,Robometer success,0.0015487611526623368
1990ded95ddd35f980ff,MIT Franka,4,DT,-28.186904907226562
1990ded95ddd35f980ff,MIT Franka,4,S1,-20.33730697631836
1990ded95ddd35f980ff,MIT Franka,4,S3,-19.65951919555664
1990ded95ddd35f980ff,MIT Franka,4,S5,-19.559171676635742
1990ded95ddd35f980ff,MIT Franka,4,DT + S1,6.589076891980357e-05
1990ded95ddd35f980ff,MIT Franka,4,DT + S3,9.573792880646226e-05
1990ded95ddd35f980ff,MIT Franka,4,DT + S5,9.911886922382976e-05
1990ded95ddd35f980ff,MIT Franka,4,DINOv2,0.21639536321163177
1990ded95ddd35f980ff,MIT Franka,4,Robometer progress,0.5242616534233093
1990ded95ddd35f980ff,MIT Franka,4,Robometer success,0.04023794084787369
1990ded95ddd35f980ff,MIT Franka,7,DT,-32.701629638671875
1990ded95ddd35f980ff,MIT Franka,7,S1,-20.78728485107422
1990ded95ddd35f980ff,MIT Franka,7,S3,-20.482030868530273
1990ded95ddd35f980ff,MIT Franka,7,S5,-19.938343048095703
1990ded95ddd35f980ff,MIT Franka,7,DT + S1,3.306871846264577e-05
1990ded95ddd35f980ff,MIT Franka,7,DT + S3,4.1241439705718085e-05
1990ded95ddd35f980ff,MIT Franka,7,DT + S5,5.150267201605229e-05
1990ded95ddd35f980ff,MIT Franka,7,DINOv2,0.563936710357666
1990ded95ddd35f980ff,MIT Franka,7,Robometer progress,0.5478481650352478
1990ded95ddd35f980ff,MIT Franka,7,Robometer success,0.05108273774385452
1990ded95ddd35f980ff,MIT Franka,15,DT,-26.481924057006836
1990ded95ddd35f980ff,MIT Franka,15,S1,-20.591062545776367
1990ded95ddd35f980ff,MIT Franka,15,S3,-19.924283981323242
1990ded95ddd35f980ff,MIT Franka,15,S5,-19.962360382080078
1990ded95ddd35f980ff,MIT Franka,15,DT + S1,7.135291268844295e-05
1990ded95ddd35f980ff,MIT Franka,15,DT + S3,0.00010329485905197394
1990ded95ddd35f980ff,MIT Franka,15,DT + S5,0.00010095397974079542
1990ded95ddd35f980ff,MIT Franka,15,DINOv2,0.4287903606891632
1990ded95ddd35f980ff,MIT Franka,15,Robometer progress,0.6901063919067383
1990ded95ddd35f980ff,MIT Franka,15,Robometer success,0.2030746340751648
1990ded95ddd35f980ff,MIT Franka,23,DT,-25.887344360351562
1990ded95ddd35f980ff,MIT Franka,23,S1,-20.69148063659668
1990ded95ddd35f980ff,MIT Franka,23,S3,-19.992822647094727
1990ded95ddd35f980ff,MIT Franka,23,S5,-20.505271911621094
1990ded95ddd35f980ff,MIT Franka,23,DT + S1,7.299014877536703e-05
1990ded95ddd35f980ff,MIT Franka,23,DT + S3,0.00010713515068821855
1990ded95ddd35f980ff,MIT Franka,23,DT + S5,8.584360625582181e-05
1990ded95ddd35f980ff,MIT Franka,23,DINOv2,0.516599178314209
1990ded95ddd35f980ff,MIT Franka,23,Robometer progress,0.671495795249939
1990ded95ddd35f980ff,MIT Franka,23,Robometer success,0.22270013391971588
1990ded95ddd35f980ff,MIT Franka,31,DT,-2.0987253189086914
1990ded95ddd35f980ff,MIT Franka,31,S1,-0.05392131954431534
1990ded95ddd35f980ff,MIT Franka,31,S3,-0.06228501349687576
1990ded95ddd35f980ff,MIT Franka,31,S5,-0.11984159797430038
1990ded95ddd35f980ff,MIT Franka,31,DT + S1,0.8697953436003332
1990ded95ddd35f980ff,MIT Franka,31,DT + S3,0.8651247673071099
1990ded95ddd35f980ff,MIT Franka,31,DT + S5,0.8570038137531752
1990ded95ddd35f980ff,MIT Franka,31,DINOv2,0.9999998211860657
1990ded95ddd35f980ff,MIT Franka,31,Robometer progress,0.5543220043182373
1990ded95ddd35f980ff,MIT Franka,31,Robometer success,0.2798284888267517
cfb3ffee58bc97cef032,MIT Franka,0,DT,-21.688756942749023
cfb3ffee58bc97cef032,MIT Franka,0,S1,-19.121387481689453
cfb3ffee58bc97cef032,MIT Franka,0,S3,
cfb3ffee58bc97cef032,MIT Franka,0,S5,
cfb3ffee58bc97cef032,MIT Franka,0,DT + S1,0.00022645721382544398
cfb3ffee58bc97cef032,MIT Franka,0,DT + S3,
cfb3ffee58bc97cef032,MIT Franka,0,DT + S5,
cfb3ffee58bc97cef032,MIT Franka,0,DINOv2,0.5031527280807495
cfb3ffee58bc97cef032,MIT Franka,0,Robometer progress,0.16408398747444153
cfb3ffee58bc97cef032,MIT Franka,0,Robometer success,0.0012843081494793296
cfb3ffee58bc97cef032,MIT Franka,4,DT,-28.974830627441406
cfb3ffee58bc97cef032,MIT Franka,4,S1,-18.981029510498047
cfb3ffee58bc97cef032,MIT Franka,4,S3,-18.871829986572266
cfb3ffee58bc97cef032,MIT Franka,4,S5,-18.907974243164062
cfb3ffee58bc97cef032,MIT Franka,4,DT + S1,0.00010773152643356668
cfb3ffee58bc97cef032,MIT Franka,4,DT + S3,0.0001222910643105151
cfb3ffee58bc97cef032,MIT Franka,4,DT + S5,0.00011941246950669372
cfb3ffee58bc97cef032,MIT Franka,4,DINOv2,0.45847374200820923
cfb3ffee58bc97cef032,MIT Franka,4,Robometer progress,0.2075267732143402
cfb3ffee58bc97cef032,MIT Franka,4,Robometer success,0.0010649627074599266
cfb3ffee58bc97cef032,MIT Franka,7,DT,-24.89004135131836
cfb3ffee58bc97cef032,MIT Franka,7,S1,-18.99020767211914
cfb3ffee58bc97cef032,MIT Franka,7,S3,-18.80491065979004
cfb3ffee58bc97cef032,MIT Franka,7,S5,-18.815080642700195
cfb3ffee58bc97cef032,MIT Franka,7,DT + S1,0.000168308257360256
cfb3ffee58bc97cef032,MIT Franka,7,DT + S3,0.00019703880754690548
cfb3ffee58bc97cef032,MIT Franka,7,DT + S5,0.00019443174390055607
cfb3ffee58bc97cef032,MIT Franka,7,DINOv2,0.6771059632301331
cfb3ffee58bc97cef032,MIT Franka,7,Robometer progress,0.4809594452381134
cfb3ffee58bc97cef032,MIT Franka,7,Robometer success,0.0059110685251653194
cfb3ffee58bc97cef032,MIT Franka,15,DT,-26.47304916381836
cfb3ffee58bc97cef032,MIT Franka,15,S1,-18.86073875427246
cfb3ffee58bc97cef032,MIT Franka,15,S3,-18.642894744873047
cfb3ffee58bc97cef032,MIT Franka,15,S5,-18.821046829223633
cfb3ffee58bc97cef032,MIT Franka,15,DT + S1,0.0001493956351297674
cfb3ffee58bc97cef032,MIT Franka,15,DT + S3,0.00017725946658132366
cfb3ffee58bc97cef032,MIT Franka,15,DT + S5,0.00016299882135288005
cfb3ffee58bc97cef032,MIT Franka,15,DINOv2,0.6569344997406006
cfb3ffee58bc97cef032,MIT Franka,15,Robometer progress,0.6126787662506104
cfb3ffee58bc97cef032,MIT Franka,15,Robometer success,0.052618950605392456
cfb3ffee58bc97cef032,MIT Franka,23,DT,-28.841699600219727
cfb3ffee58bc97cef032,MIT Franka,23,S1,-19.175086975097656
cfb3ffee58bc97cef032,MIT Franka,23,S3,-19.104772567749023
cfb3ffee58bc97cef032,MIT Franka,23,S5,-18.704469680786133
cfb3ffee58bc97cef032,MIT Franka,23,DT + S1,0.00010063960139828452
cfb3ffee58bc97cef032,MIT Franka,23,DT + S3,0.00011250949723375729
cfb3ffee58bc97cef032,MIT Franka,23,DT + S5,0.00013195407839785683
cfb3ffee58bc97cef032,MIT Franka,23,DINOv2,0.629079282283783
cfb3ffee58bc97cef032,MIT Franka,23,Robometer progress,0.6336456537246704
cfb3ffee58bc97cef032,MIT Franka,23,Robometer success,0.05921025574207306
cfb3ffee58bc97cef032,MIT Franka,31,DT,-1.594853401184082
cfb3ffee58bc97cef032,MIT Franka,31,S1,-0.0915992334485054
cfb3ffee58bc97cef032,MIT Franka,31,S3,-0.07875179499387741
cfb3ffee58bc97cef032,MIT Franka,31,S5,-0.11820036917924881
cfb3ffee58bc97cef032,MIT Franka,31,DT + S1,0.8741987181571533
cfb3ffee58bc97cef032,MIT Franka,31,DT + S3,0.8706784377335931
cfb3ffee58bc97cef032,MIT Franka,31,DT + S5,0.863733872662285
cfb3ffee58bc97cef032,MIT Franka,31,DINOv2,1.0
cfb3ffee58bc97cef032,MIT Franka,31,Robometer progress,0.8171728849411011
cfb3ffee58bc97cef032,MIT Franka,31,Robometer success,0.8558511734008789
a81880790000e9924027,MIT Franka,0,DT,-25.242897033691406
a81880790000e9924027,MIT Franka,0,S1,-18.307828903198242
a81880790000e9924027,MIT Franka,0,S3,
a81880790000e9924027,MIT Franka,0,S5,
a81880790000e9924027,MIT Franka,0,DT + S1,0.00021657354865344073
a81880790000e9924027,MIT Franka,0,DT + S3,
a81880790000e9924027,MIT Franka,0,DT + S5,
a81880790000e9924027,MIT Franka,0,DINOv2,0.4850159287452698
a81880790000e9924027,MIT Franka,0,Robometer progress,0.04390442371368408
a81880790000e9924027,MIT Franka,0,Robometer success,0.0012843081494793296
a81880790000e9924027,MIT Franka,4,DT,-26.1787052154541
a81880790000e9924027,MIT Franka,4,S1,-18.3416805267334
a81880790000e9924027,MIT Franka,4,S3,-18.193681716918945
a81880790000e9924027,MIT Franka,4,S5,-18.26032066345215
a81880790000e9924027,MIT Franka,4,DT + S1,0.00019255696181659894
a81880790000e9924027,MIT Franka,4,DT + S3,0.00022116712664590693
a81880790000e9924027,MIT Franka,4,DT + S5,0.0002129259762603159
a81880790000e9924027,MIT Franka,4,DINOv2,0.4690702259540558
a81880790000e9924027,MIT Franka,4,Robometer progress,0.06750412285327911
a81880790000e9924027,MIT Franka,4,Robometer success,0.0016484829830005765
a81880790000e9924027,MIT Franka,7,DT,-20.479476928710938
a81880790000e9924027,MIT Franka,7,S1,-18.24341583251953
a81880790000e9924027,MIT Franka,7,S3,-18.223777770996094
a81880790000e9924027,MIT Franka,7,S5,-18.180694580078125
a81880790000e9924027,MIT Franka,7,DT + S1,0.00037621425987080455
a81880790000e9924027,MIT Franka,7,DT + S3,0.00040846693593574727
a81880790000e9924027,MIT Franka,7,DT + S5,0.0004116123983309061
a81880790000e9924027,MIT Franka,7,DINOv2,0.5248844027519226
a81880790000e9924027,MIT Franka,7,Robometer progress,0.07643201947212219
a81880790000e9924027,MIT Franka,7,Robometer success,0.0037072531413286924
a81880790000e9924027,MIT Franka,15,DT,-17.507122039794922
a81880790000e9924027,MIT Franka,15,S1,-17.881189346313477
a81880790000e9924027,MIT Franka,15,S3,-17.713275909423828
a81880790000e9924027,MIT Franka,15,S5,-17.764558792114258
a81880790000e9924027,MIT Franka,15,DT + S1,0.0006090956206947135
a81880790000e9924027,MIT Franka,15,DT + S3,0.0007017406362564996
a81880790000e9924027,MIT Franka,15,DT + S5,0.0006790049529139719
a81880790000e9924027,MIT Franka,15,DINOv2,0.6157513856887817
a81880790000e9924027,MIT Franka,15,Robometer progress,0.1847081184387207
a81880790000e9924027,MIT Franka,15,Robometer success,0.0012448433553799987
a81880790000e9924027,MIT Franka,23,DT,-19.51203727722168
a81880790000e9924027,MIT Franka,23,S1,-18.664918899536133
a81880790000e9924027,MIT Franka,23,S3,-18.629518508911133
a81880790000e9924027,MIT Franka,23,S5,-17.471702575683594
a81880790000e9924027,MIT Franka,23,DT + S1,0.0003496750393811786
a81880790000e9924027,MIT Franka,23,DT + S3,0.0003830050304540367
a81880790000e9924027,MIT Franka,23,DT + S5,0.0006159565347304165
a81880790000e9924027,MIT Franka,23,DINOv2,0.7269359827041626
a81880790000e9924027,MIT Franka,23,Robometer progress,0.5174526572227478
a81880790000e9924027,MIT Franka,23,Robometer success,0.01065251138061285
a81880790000e9924027,MIT Franka,31,DT,-1.6004021167755127
a81880790000e9924027,MIT Franka,31,S1,-0.0715944766998291
a81880790000e9924027,MIT Franka,31,S3,-0.04500984027981758
a81880790000e9924027,MIT Franka,31,S5,-0.08366258442401886
a81880790000e9924027,MIT Franka,31,DT + S1,0.8750673048230478
a81880790000e9924027,MIT Franka,31,DT + S3,0.8722005687605258
a81880790000e9924027,MIT Franka,31,DT + S5,0.8653570154519091
a81880790000e9924027,MIT Franka,31,DINOv2,1.0
a81880790000e9924027,MIT Franka,31,Robometer progress,0.6983279585838318
a81880790000e9924027,MIT Franka,31,Robometer success,0.21601155400276184
bfe3503fc247305147fe,MIT Franka,0,DT,-44.68857955932617
bfe3503fc247305147fe,MIT Franka,0,S1,-15.951241493225098
bfe3503fc247305147fe,MIT Franka,0,S3,
bfe3503fc247305147fe,MIT Franka,0,S5,
bfe3503fc247305147fe,MIT Franka,0,DT + S1,6.943674263729347e-05
bfe3503fc247305147fe,MIT Franka,0,DT + S3,
bfe3503fc247305147fe,MIT Franka,0,DT + S5,
bfe3503fc247305147fe,MIT Franka,0,DINOv2,0.6466598510742188
bfe3503fc247305147fe,MIT Franka,0,Robometer progress,0.1163930743932724
bfe3503fc247305147fe,MIT Franka,0,Robometer success,0.0010649627074599266
bfe3503fc247305147fe,MIT Franka,4,DT,-36.124916076660156
bfe3503fc247305147fe,MIT Franka,4,S1,-15.83592700958252
bfe3503fc247305147fe,MIT Franka,4,S3,-15.27148723602295
bfe3503fc247305147fe,MIT Franka,4,S5,-15.25604248046875
bfe3503fc247305147fe,MIT Franka,4,DT + S1,0.0001873863566337292
bfe3503fc247305147fe,MIT Franka,4,DT + S3,0.0002534770308935238
bfe3503fc247305147fe,MIT Franka,4,DT + S5,0.00025142280239790366
bfe3503fc247305147fe,MIT Franka,4,DINOv2,0.7094297409057617
bfe3503fc247305147fe,MIT Franka,4,Robometer progress,0.1796223223209381
bfe3503fc247305147fe,MIT Franka,4,Robometer success,0.0018675660248845816
bfe3503fc247305147fe,MIT Franka,7,DT,-37.04645538330078
bfe3503fc247305147fe,MIT Franka,7,S1,-15.538936614990234
bfe3503fc247305147fe,MIT Franka,7,S3,-15.20798397064209
bfe3503fc247305147fe,MIT Franka,7,S5,-15.138781547546387
bfe3503fc247305147fe,MIT Franka,7,DT + S1,0.00019215393253101018
bfe3503fc247305147fe,MIT Franka,7,DT + S3,0.00023526976791911388
bfe3503fc247305147fe,MIT Franka,7,DT + S5,0.0002386645436379292
bfe3503fc247305147fe,MIT Franka,7,DINOv2,0.6882882118225098
bfe3503fc247305147fe,MIT Franka,7,Robometer progress,0.19818593561649323
bfe3503fc247305147fe,MIT Franka,7,Robometer success,0.0015487611526623368
bfe3503fc247305147fe,MIT Franka,15,DT,-8.745477676391602
bfe3503fc247305147fe,MIT Franka,15,S1,-15.116349220275879
bfe3503fc247305147fe,MIT Franka,15,S3,-14.961755752563477
bfe3503fc247305147fe,MIT Franka,15,S5,-15.001811981201172
bfe3503fc247305147fe,MIT Franka,15,DT + S1,0.005178260277760792
bfe3503fc247305147fe,MIT Franka,15,DT + S3,0.005819622927277041
bfe3503fc247305147fe,MIT Franka,15,DT + S5,0.005627853798274021
bfe3503fc247305147fe,MIT Franka,15,DINOv2,0.6775660514831543
bfe3503fc247305147fe,MIT Franka,15,Robometer progress,0.4914834201335907
bfe3503fc247305147fe,MIT Franka,15,Robometer success,0.011687257327139378
bfe3503fc247305147fe,MIT Franka,23,DT,-6.584978103637695
bfe3503fc247305147fe,MIT Franka,23,S1,-14.730937004089355
bfe3503fc247305147fe,MIT Franka,23,S3,-14.178129196166992
bfe3503fc247305147fe,MIT Franka,23,S5,-14.226983070373535
bfe3503fc247305147fe,MIT Franka,23,DT + S1,0.007724382502020737
bfe3503fc247305147fe,MIT Franka,23,DT + S3,0.010215853225964482
bfe3503fc247305147fe,MIT Franka,23,DT + S5,0.009829767989338841
bfe3503fc247305147fe,MIT Franka,23,DINOv2,0.7123647332191467
bfe3503fc247305147fe,MIT Franka,23,Robometer progress,0.5629626512527466
bfe3503fc247305147fe,MIT Franka,23,Robometer success,0.009412589482963085
bfe3503fc247305147fe,MIT Franka,31,DT,-2.7706871032714844
bfe3503fc247305147fe,MIT Franka,31,S1,-0.08338965475559235
bfe3503fc247305147fe,MIT Franka,31,S3,-0.09744653850793839
bfe3503fc247305147fe,MIT Franka,31,S5,-0.37989169359207153
bfe3503fc247305147fe,MIT Franka,31,DT + S1,0.8596677215459233
bfe3503fc247305147fe,MIT Franka,31,DT + S3,0.8544429528034501
bfe3503fc247305147fe,MIT Franka,31,DT + S5,0.8331152544182003
bfe3503fc247305147fe,MIT Franka,31,DINOv2,0.9999999403953552
bfe3503fc247305147fe,MIT Franka,31,Robometer progress,0.8581322431564331
bfe3503fc247305147fe,MIT Franka,31,Robometer success,0.9219217896461487
fccadd3af1339ebdcd05,MIT Franka,0,DT,-27.42102813720703
fccadd3af1339ebdcd05,MIT Franka,0,S1,-14.084972381591797
fccadd3af1339ebdcd05,MIT Franka,0,S3,
fccadd3af1339ebdcd05,MIT Franka,0,S5,
fccadd3af1339ebdcd05,MIT Franka,0,DT + S1,0.0010310450829591488
fccadd3af1339ebdcd05,MIT Franka,0,DT + S3,
fccadd3af1339ebdcd05,MIT Franka,0,DT + S5,
fccadd3af1339ebdcd05,MIT Franka,0,DINOv2,0.8641159534454346
fccadd3af1339ebdcd05,MIT Franka,0,Robometer progress,0.11696091294288635
fccadd3af1339ebdcd05,MIT Franka,0,Robometer success,0.005554925184696913
fccadd3af1339ebdcd05,MIT Franka,4,DT,-20.728717803955078
fccadd3af1339ebdcd05,MIT Franka,4,S1,-13.923993110656738
fccadd3af1339ebdcd05,MIT Franka,4,S3,-13.253872871398926
fccadd3af1339ebdcd05,MIT Franka,4,S5,-12.727911949157715
fccadd3af1339ebdcd05,MIT Franka,4,DT + S1,0.00230580876352642
fccadd3af1339ebdcd05,MIT Franka,4,DT + S3,0.0032074437425703424
fccadd3af1339ebdcd05,MIT Franka,4,DT + S5,0.003919395485612181
fccadd3af1339ebdcd05,MIT Franka,4,DINOv2,0.6975588798522949
fccadd3af1339ebdcd05,MIT Franka,4,Robometer progress,0.2943440079689026
fccadd3af1339ebdcd05,MIT Franka,4,Robometer success,0.011331753805279732
fccadd3af1339ebdcd05,MIT Franka,7,DT,-18.755903244018555
fccadd3af1339ebdcd05,MIT Franka,7,S1,-13.589251518249512
fccadd3af1339ebdcd05,MIT Franka,7,S3,-12.961318969726562
fccadd3af1339ebdcd05,MIT Franka,7,S5,-12.889806747436523
fccadd3af1339ebdcd05,MIT Franka,7,DT + S1,0.003302276465881969
fccadd3af1339ebdcd05,MIT Franka,7,DT + S3,0.004499992505599383
fccadd3af1339ebdcd05,MIT Franka,7,DT + S5,0.004545626416992192
fccadd3af1339ebdcd05,MIT Franka,7,DINOv2,0.8312986493110657
fccadd3af1339ebdcd05,MIT Franka,7,Robometer progress,0.15144962072372437
fccadd3af1339ebdcd05,MIT Franka,7,Robometer success,0.008577484637498856
fccadd3af1339ebdcd05,MIT Franka,15,DT,-12.961084365844727
fccadd3af1339ebdcd05,MIT Franka,15,S1,-12.688247680664062
fccadd3af1339ebdcd05,MIT Franka,15,S3,-12.372106552124023
fccadd3af1339ebdcd05,MIT Franka,15,S5,-12.354828834533691
fccadd3af1339ebdcd05,MIT Franka,15,DT + S1,0.00913063661899693
fccadd3af1339ebdcd05,MIT Franka,15,DT + S3,0.010831357151134407
fccadd3af1339ebdcd05,MIT Franka,15,DT + S5,0.010682338239101549
fccadd3af1339ebdcd05,MIT Franka,15,DINOv2,0.8300942778587341
fccadd3af1339ebdcd05,MIT Franka,15,Robometer progress,0.49635377526283264
fccadd3af1339ebdcd05,MIT Franka,15,Robometer success,0.029760092496871948
fccadd3af1339ebdcd05,MIT Franka,23,DT,-2.4148807525634766
fccadd3af1339ebdcd05,MIT Franka,23,S1,-10.27118968963623
fccadd3af1339ebdcd05,MIT Franka,23,S3,-9.368186950683594
fccadd3af1339ebdcd05,MIT Franka,23,S5,-9.219703674316406
fccadd3af1339ebdcd05,MIT Franka,23,DT + S1,0.07629342873571139
fccadd3af1339ebdcd05,MIT Franka,23,DT + S3,0.1099215666596892
fccadd3af1339ebdcd05,MIT Franka,23,DT + S5,0.11338871036782457
fccadd3af1339ebdcd05,MIT Franka,23,DINOv2,0.9391683340072632
fccadd3af1339ebdcd05,MIT Franka,23,Robometer progress,0.699466347694397
fccadd3af1339ebdcd05,MIT Franka,23,Robometer success,0.13568955659866333
fccadd3af1339ebdcd05,MIT Franka,31,DT,-2.1864254474639893
fccadd3af1339ebdcd05,MIT Franka,31,S1,-0.09493917971849442
fccadd3af1339ebdcd05,MIT Franka,31,S3,-0.06705682724714279
fccadd3af1339ebdcd05,MIT Franka,31,S5,-0.14360783994197845
fccadd3af1339ebdcd05,MIT Franka,31,DT + S1,0.8666883978702264
fccadd3af1339ebdcd05,MIT Franka,31,DT + S3,0.8637600945769911
fccadd3af1339ebdcd05,MIT Franka,31,DT + S5,0.8545863018250198
fccadd3af1339ebdcd05,MIT Franka,31,DINOv2,1.0
fccadd3af1339ebdcd05,MIT Franka,31,Robometer progress,0.7133029699325562
fccadd3af1339ebdcd05,MIT Franka,31,Robometer success,0.20561504364013672
794c472e146ca60c3013,MIT Franka,0,DT,-16.315019607543945
794c472e146ca60c3013,MIT Franka,0,S1,-20.601390838623047
794c472e146ca60c3013,MIT Franka,0,S3,
794c472e146ca60c3013,MIT Franka,0,S5,
794c472e146ca60c3013,MIT Franka,0,DT + S1,0.00021777137270264442
794c472e146ca60c3013,MIT Franka,0,DT + S3,
794c472e146ca60c3013,MIT Franka,0,DT + S5,
794c472e146ca60c3013,MIT Franka,0,DINOv2,0.5282483100891113
794c472e146ca60c3013,MIT Franka,0,Robometer progress,0.03853146731853485
794c472e146ca60c3013,MIT Franka,0,Robometer success,0.0029810327105224133
794c472e146ca60c3013,MIT Franka,4,DT,-18.020423889160156
794c472e146ca60c3013,MIT Franka,4,S1,-20.360027313232422
794c472e146ca60c3013,MIT Franka,4,S3,-20.234575271606445
794c472e146ca60c3013,MIT Franka,4,S5,-20.28400993347168
794c472e146ca60c3013,MIT Franka,4,DT + S1,0.00020003369217612811
794c472e146ca60c3013,MIT Franka,4,DT + S3,0.0002297117029321871
794c472e146ca60c3013,MIT Franka,4,DT + S5,0.000223442619317529
794c472e146ca60c3013,MIT Franka,4,DINOv2,0.5737420320510864
794c472e146ca60c3013,MIT Franka,4,Robometer progress,0.31980466842651367
794c472e146ca60c3013,MIT Franka,4,Robometer success,0.03514484688639641
794c472e146ca60c3013,MIT Franka,7,DT,-16.76896858215332
794c472e146ca60c3013,MIT Franka,7,S1,-19.96905517578125
794c472e146ca60c3013,MIT Franka,7,S3,-19.84019660949707
794c472e146ca60c3013,MIT Franka,7,S5,-19.804380416870117
794c472e146ca60c3013,MIT Franka,7,DT + S1,0.00027126272598583485
794c472e146ca60c3013,MIT Franka,7,DT + S3,0.0003111287727263419
794c472e146ca60c3013,MIT Franka,7,DT + S5,0.00031339502630934593
794c472e146ca60c3013,MIT Franka,7,DINOv2,0.6215711236000061
794c472e146ca60c3013,MIT Franka,7,Robometer progress,0.4725727140903473
794c472e146ca60c3013,MIT Franka,7,Robometer success,0.05033063143491745
794c472e146ca60c3013,MIT Franka,15,DT,-25.064176559448242
794c472e146ca60c3013,MIT Franka,15,S1,-20.926593780517578
794c472e146ca60c3013,MIT Franka,15,S3,-20.77646827697754
794c472e146ca60c3013,MIT Franka,15,S5,-20.77425765991211
794c472e146ca60c3013,MIT Franka,15,DT + S1,7.229459516188898e-05
794c472e146ca60c3013,MIT Franka,15,DT + S3,8.434135413750445e-05
794c472e146ca60c3013,MIT Franka,15,DT + S5,8.395218292632112e-05
794c472e146ca60c3013,MIT Franka,15,DINOv2,0.5377776622772217
794c472e146ca60c3013,MIT Franka,15,Robometer progress,0.5964258313179016
794c472e146ca60c3013,MIT Franka,15,Robometer success,0.10669060051441193
794c472e146ca60c3013,MIT Franka,23,DT,-31.833826065063477
794c472e146ca60c3013,MIT Franka,23,S1,-21.039901733398438
794c472e146ca60c3013,MIT Franka,23,S3,-21.042675018310547
794c472e146ca60c3013,MIT Franka,23,S5,-20.89239501953125
794c472e146ca60c3013,MIT Franka,23,DT + S1,3.2670252602111256e-05
794c472e146ca60c3013,MIT Franka,23,DT + S3,3.583544120367928e-05
794c472e146ca60c3013,MIT Franka,23,DT + S5,3.798731829708624e-05
794c472e146ca60c3013,MIT Franka,23,DINOv2,0.5677995681762695
794c472e146ca60c3013,MIT Franka,23,Robometer progress,0.7138465642929077
794c472e146ca60c3013,MIT Franka,23,Robometer success,0.37022536993026733
794c472e146ca60c3013,MIT Franka,31,DT,-1.816714882850647
794c472e146ca60c3013,MIT Franka,31,S1,-0.07056024670600891
794c472e146ca60c3013,MIT Franka,31,S3,-0.04889633506536484
794c472e146ca60c3013,MIT Franka,31,S5,-0.5224637985229492
794c472e146ca60c3013,MIT Franka,31,DT + S1,0.8724870448738752
794c472e146ca60c3013,MIT Franka,31,DT + S3,0.8693415560567601
794c472e146ca60c3013,MIT Franka,31,DT + S5,0.839284797689618
794c472e146ca60c3013,MIT Franka,31,DINOv2,1.0000001192092896
794c472e146ca60c3013,MIT Franka,31,Robometer progress,0.48623746633529663
794c472e146ca60c3013,MIT Franka,31,Robometer success,0.09670579433441162
dcb220b185cc5ead1be1,MIT Franka,0,DT,-33.51428985595703
dcb220b185cc5ead1be1,MIT Franka,0,S1,-16.196657180786133
dcb220b185cc5ead1be1,MIT Franka,0,S3,
dcb220b185cc5ead1be1,MIT Franka,0,S5,
dcb220b185cc5ead1be1,MIT Franka,0,DT + S1,0.00021421083415934525
dcb220b185cc5ead1be1,MIT Franka,0,DT + S3,
dcb220b185cc5ead1be1,MIT Franka,0,DT + S5,
dcb220b185cc5ead1be1,MIT Franka,0,DINOv2,0.5140886306762695
dcb220b185cc5ead1be1,MIT Franka,0,Robometer progress,0.08044381439685822
dcb220b185cc5ead1be1,MIT Franka,0,Robometer success,0.0017546144081279635
dcb220b185cc5ead1be1,MIT Franka,4,DT,-29.87900161743164
dcb220b185cc5ead1be1,MIT Franka,4,S1,-15.934615135192871
dcb220b185cc5ead1be1,MIT Franka,4,S3,-15.526713371276855
dcb220b185cc5ead1be1,MIT Franka,4,S5,-15.432365417480469
dcb220b185cc5ead1be1,MIT Franka,4,DT + S1,0.0003575183883661441
dcb220b185cc5ead1be1,MIT Franka,4,DT + S3,0.0004521954375757649
dcb220b185cc5ead1be1,MIT Franka,4,DT + S5,0.0004636235235372031
dcb220b185cc5ead1be1,MIT Franka,4,DINOv2,0.6035789251327515
dcb220b185cc5ead1be1,MIT Franka,4,Robometer progress,0.48084428906440735
dcb220b185cc5ead1be1,MIT Franka,4,Robometer success,0.020023440942168236
dcb220b185cc5ead1be1,MIT Franka,7,DT,-30.33698081970215
dcb220b185cc5ead1be1,MIT Franka,7,S1,-15.969362258911133
dcb220b185cc5ead1be1,MIT Franka,7,S3,-15.411492347717285
dcb220b185cc5ead1be1,MIT Franka,7,S5,-15.331280708312988
dcb220b185cc5ead1be1,MIT Franka,7,DT + S1,0.0003349296119595834
dcb220b185cc5ead1be1,MIT Franka,7,DT + S3,0.00045135816474605237
dcb220b185cc5ead1be1,MIT Franka,7,DT + S5,0.00045995321809570906
dcb220b185cc5ead1be1,MIT Franka,7,DINOv2,0.6062688231468201
dcb220b185cc5ead1be1,MIT Franka,7,Robometer progress,0.8127108812332153
dcb220b185cc5ead1be1,MIT Franka,7,Robometer success,0.8104788661003113
dcb220b185cc5ead1be1,MIT Franka,15,DT,-24.947906494140625
dcb220b185cc5ead1be1,MIT Franka,15,S1,-15.699594497680664
dcb220b185cc5ead1be1,MIT Franka,15,S3,-15.27889633178711
dcb220b185cc5ead1be1,MIT Franka,15,S5,-15.214110374450684
dcb220b185cc5ead1be1,MIT Franka,15,DT + S1,0.0006802777122968696
dcb220b185cc5ead1be1,MIT Franka,15,DT + S3,0.0008625507028668441
dcb220b185cc5ead1be1,MIT Franka,15,DT + S5,0.0008728045831530797
dcb220b185cc5ead1be1,MIT Franka,15,DINOv2,0.6388986110687256
dcb220b185cc5ead1be1,MIT Franka,15,Robometer progress,0.8315336108207703
dcb220b185cc5ead1be1,MIT Franka,15,Robometer success,0.8092759251594543
dcb220b185cc5ead1be1,MIT Franka,23,DT,-13.174579620361328
dcb220b185cc5ead1be1,MIT Franka,23,S1,-14.959511756896973
dcb220b185cc5ead1be1,MIT Franka,23,S3,-14.140933990478516
dcb220b185cc5ead1be1,MIT Franka,23,S5,-13.94882869720459
dcb220b185cc5ead1be1,MIT Franka,23,DT + S1,0.003404425723153169
dcb220b185cc5ead1be1,MIT Franka,23,DT + S3,0.005056102106272369
dcb220b185cc5ead1be1,MIT Franka,23,DT + S5,0.005379872184534089
dcb220b185cc5ead1be1,MIT Franka,23,DINOv2,0.6925223469734192
dcb220b185cc5ead1be1,MIT Franka,23,Robometer progress,0.861060619354248
dcb220b185cc5ead1be1,MIT Franka,23,Robometer success,0.9019206762313843
dcb220b185cc5ead1be1,MIT Franka,31,DT,-2.8662214279174805
dcb220b185cc5ead1be1,MIT Franka,31,S1,-0.05455772206187248
dcb220b185cc5ead1be1,MIT Franka,31,S3,-0.09292103350162506
dcb220b185cc5ead1be1,MIT Franka,31,S5,-0.250933438539505
dcb220b185cc5ead1be1,MIT Franka,31,DT + S1,0.8598811808630706
dcb220b185cc5ead1be1,MIT Franka,31,DT + S3,0.8533707146154484
dcb220b185cc5ead1be1,MIT Franka,31,DT + S5,0.8390807101176637
dcb220b185cc5ead1be1,MIT Franka,31,DINOv2,1.0
dcb220b185cc5ead1be1,MIT Franka,31,Robometer progress,0.8361773490905762
dcb220b185cc5ead1be1,MIT Franka,31,Robometer success,0.8749346137046814
fa7eb41521e110479178,MIT Franka,0,DT,-30.946861267089844
fa7eb41521e110479178,MIT Franka,0,S1,-15.520881652832031
fa7eb41521e110479178,MIT Franka,0,S3,
fa7eb41521e110479178,MIT Franka,0,S5,
fa7eb41521e110479178,MIT Franka,0,DT + S1,0.0003791630117012865
fa7eb41521e110479178,MIT Franka,0,DT + S3,
fa7eb41521e110479178,MIT Franka,0,DT + S5,
fa7eb41521e110479178,MIT Franka,0,DINOv2,0.8794292211532593
fa7eb41521e110479178,MIT Franka,0,Robometer progress,0.13951024413108826
fa7eb41521e110479178,MIT Franka,0,Robometer success,0.004755199886858463
fa7eb41521e110479178,MIT Franka,4,DT,-38.53630828857422
fa7eb41521e110479178,MIT Franka,4,S1,-15.852982521057129
fa7eb41521e110479178,MIT Franka,4,S3,-14.872329711914062
fa7eb41521e110479178,MIT Franka,4,S5,-14.387194633483887
fa7eb41521e110479178,MIT Franka,4,DT + S1,0.00014262444112762853
fa7eb41521e110479178,MIT Franka,4,DT + S3,0.00023003364290712346
fa7eb41521e110479178,MIT Franka,4,DT + S5,0.00027762381486445316
fa7eb41521e110479178,MIT Franka,4,DINOv2,0.5949572920799255
fa7eb41521e110479178,MIT Franka,4,Robometer progress,0.6134926080703735
fa7eb41521e110479178,MIT Franka,4,Robometer success,0.05582314357161522
fa7eb41521e110479178,MIT Franka,7,DT,-30.400413513183594
fa7eb41521e110479178,MIT Franka,7,S1,-15.760229110717773
fa7eb41521e110479178,MIT Franka,7,S3,-14.796904563903809
fa7eb41521e110479178,MIT Franka,7,S5,-14.687755584716797
fa7eb41521e110479178,MIT Franka,7,DT + S1,0.00036361884853270955
fa7eb41521e110479178,MIT Franka,7,DT + S3,0.0005804127987664158
fa7eb41521e110479178,MIT Franka,7,DT + S5,0.0005980241909655734
fa7eb41521e110479178,MIT Franka,7,DINOv2,0.7879446744918823
fa7eb41521e110479178,MIT Franka,7,Robometer progress,0.6930732727050781
fa7eb41521e110479178,MIT Franka,7,Robometer success,0.18359363079071045
fa7eb41521e110479178,MIT Franka,15,DT,-25.144256591796875
fa7eb41521e110479178,MIT Franka,15,S1,-15.346623420715332
fa7eb41521e110479178,MIT Franka,15,S3,-14.861498832702637
fa7eb41521e110479178,MIT Franka,15,S5,-14.679986953735352
fa7eb41521e110479178,MIT Franka,15,DT + S1,0.0007738114352309404
fa7eb41521e110479178,MIT Franka,15,DT + S3,0.0010060483008557182
fa7eb41521e110479178,MIT Franka,15,DT + S5,0.0010681961304957275
fa7eb41521e110479178,MIT Franka,15,DINOv2,0.7177606225013733
fa7eb41521e110479178,MIT Franka,15,Robometer progress,0.6673340201377869
fa7eb41521e110479178,MIT Franka,15,Robometer success,0.14033624529838562
fa7eb41521e110479178,MIT Franka,23,DT,-5.776383399963379
fa7eb41521e110479178,MIT Franka,23,S1,-13.877620697021484
fa7eb41521e110479178,MIT Franka,23,S3,-13.250019073486328
fa7eb41521e110479178,MIT Franka,23,S5,-13.249345779418945
fa7eb41521e110479178,MIT Franka,23,DT + S1,0.012098073157095199
fa7eb41521e110479178,MIT Franka,23,DT + S3,0.016395880534475344
fa7eb41521e110479178,MIT Franka,23,DT + S5,0.01607858465513714
fa7eb41521e110479178,MIT Franka,23,DINOv2,0.7605291604995728
fa7eb41521e110479178,MIT Franka,23,Robometer progress,0.6871278285980225
fa7eb41521e110479178,MIT Franka,23,Robometer success,0.13477590680122375
fa7eb41521e110479178,MIT Franka,31,DT,-2.2426228523254395
fa7eb41521e110479178,MIT Franka,31,S1,-0.0907004177570343
fa7eb41521e110479178,MIT Franka,31,S3,-0.09523112326860428
fa7eb41521e110479178,MIT Franka,31,S5,-0.15473362803459167
fa7eb41521e110479178,MIT Franka,31,DT + S1,0.8661809705516497
fa7eb41521e110479178,MIT Franka,31,DT + S3,0.8616244021738769
fa7eb41521e110479178,MIT Franka,31,DT + S5,0.8532348322981248
fa7eb41521e110479178,MIT Franka,31,DINOv2,1.0000001192092896
fa7eb41521e110479178,MIT Franka,31,Robometer progress,0.8770449757575989
fa7eb41521e110479178,MIT Franka,31,Robometer success,0.851952850818634
9e9106b2948dea03789b,MIT Franka,0,DT,-42.020423889160156
9e9106b2948dea03789b,MIT Franka,0,S1,-18.699899673461914
9e9106b2948dea03789b,MIT Franka,0,S3,
9e9106b2948dea03789b,MIT Franka,0,S5,
9e9106b2948dea03789b,MIT Franka,0,DT + S1,2.8848382985302216e-05
9e9106b2948dea03789b,MIT Franka,0,DT + S3,
9e9106b2948dea03789b,MIT Franka,0,DT + S5,
9e9106b2948dea03789b,MIT Franka,0,DINOv2,0.43360435962677
9e9106b2948dea03789b,MIT Franka,0,Robometer progress,0.10443945229053497
9e9106b2948dea03789b,MIT Franka,0,Robometer success,0.0011335690505802631
9e9106b2948dea03789b,MIT Franka,4,DT,-31.542436599731445
9e9106b2948dea03789b,MIT Franka,4,S1,-18.526458740234375
9e9106b2948dea03789b,MIT Franka,4,S3,-18.56676483154297
9e9106b2948dea03789b,MIT Franka,4,S5,-18.695415496826172
9e9106b2948dea03789b,MIT Franka,4,DT + S1,9.855396990615144e-05
9e9106b2948dea03789b,MIT Franka,4,DT + S3,0.00010485668791184373
9e9106b2948dea03789b,MIT Franka,4,DT + S5,9.845944350560717e-05
9e9106b2948dea03789b,MIT Franka,4,DINOv2,0.4003738462924957
9e9106b2948dea03789b,MIT Franka,4,Robometer progress,0.20474329590797424
9e9106b2948dea03789b,MIT Franka,4,Robometer success,0.0018675660248845816
9e9106b2948dea03789b,MIT Franka,7,DT,-27.364822387695312
9e9106b2948dea03789b,MIT Franka,7,S1,-18.133251190185547
9e9106b2948dea03789b,MIT Franka,7,S3,-18.14703369140625
9e9106b2948dea03789b,MIT Franka,7,S5,-18.374008178710938
9e9106b2948dea03789b,MIT Franka,7,DT + S1,0.00018467509697425982
9e9106b2948dea03789b,MIT Franka,7,DT + S3,0.00019798962871131142
9e9106b2948dea03789b,MIT Franka,7,DT + S5,0.00017822935278458943
9e9106b2948dea03789b,MIT Franka,7,DINOv2,0.6121802926063538
9e9106b2948dea03789b,MIT Franka,7,Robometer progress,0.13273926079273224
9e9106b2948dea03789b,MIT Franka,7,Robometer success,0.0015011823270469904
9e9106b2948dea03789b,MIT Franka,15,DT,-36.20764923095703
9e9106b2948dea03789b,MIT Franka,15,S1,-18.477827072143555
9e9106b2948dea03789b,MIT Franka,15,S3,-18.419296264648438
9e9106b2948dea03789b,MIT Franka,15,S5,-18.324981689453125
9e9106b2948dea03789b,MIT Franka,15,DT + S1,6.017729590643407e-05
9e9106b2948dea03789b,MIT Franka,15,DT + S3,6.68180610573371e-05
9e9106b2948dea03789b,MIT Franka,15,DT + S5,6.888694929649615e-05
9e9106b2948dea03789b,MIT Franka,15,DINOv2,0.5232383012771606
9e9106b2948dea03789b,MIT Franka,15,Robometer progress,0.33777764439582825
9e9106b2948dea03789b,MIT Franka,15,Robometer success,0.0015011823270469904
9e9106b2948dea03789b,MIT Franka,23,DT,-22.5875301361084
9e9106b2948dea03789b,MIT Franka,23,S1,-17.306184768676758
9e9106b2948dea03789b,MIT Franka,23,S3,-17.258520126342773
9e9106b2948dea03789b,MIT Franka,23,S5,-17.286245346069336
9e9106b2948dea03789b,MIT Franka,23,DT + S1,0.0004447713675436702
9e9106b2948dea03789b,MIT Franka,23,DT + S3,0.0004862763564695869
9e9106b2948dea03789b,MIT Franka,23,DT + S5,0.00047495462312088424
9e9106b2948dea03789b,MIT Franka,23,DINOv2,0.5018397569656372
9e9106b2948dea03789b,MIT Franka,23,Robometer progress,0.5093691349029541
9e9106b2948dea03789b,MIT Franka,23,Robometer success,0.0060975621454417706
9e9106b2948dea03789b,MIT Franka,31,DT,-1.5370569229125977
9e9106b2948dea03789b,MIT Franka,31,S1,-0.07934527844190598
9e9106b2948dea03789b,MIT Franka,31,S3,-0.07936650514602661
9e9106b2948dea03789b,MIT Franka,31,S5,-0.25763729214668274
9e9106b2948dea03789b,MIT Franka,31,DT + S1,0.8754684504051882
9e9106b2948dea03789b,MIT Franka,31,DT + S3,0.8713629654427457
9e9106b2948dea03789b,MIT Franka,31,DT + S5,0.8574884201148195
9e9106b2948dea03789b,MIT Franka,31,DINOv2,0.9999998807907104
9e9106b2948dea03789b,MIT Franka,31,Robometer progress,0.7841788530349731
9e9106b2948dea03789b,MIT Franka,31,Robometer success,0.750552773475647
88ca0b7c80cf240572ac,MIT Franka,0,DT,-34.09526062011719
88ca0b7c80cf240572ac,MIT Franka,0,S1,-17.88495635986328
88ca0b7c80cf240572ac,MIT Franka,0,S3,
88ca0b7c80cf240572ac,MIT Franka,0,S5,
88ca0b7c80cf240572ac,MIT Franka,0,DT + S1,9.779969903377286e-05
88ca0b7c80cf240572ac,MIT Franka,0,DT + S3,
88ca0b7c80cf240572ac,MIT Franka,0,DT + S5,
88ca0b7c80cf240572ac,MIT Franka,0,DINOv2,0.5173318982124329
88ca0b7c80cf240572ac,MIT Franka,0,Robometer progress,0.10063651204109192
88ca0b7c80cf240572ac,MIT Franka,0,Robometer success,0.0011335690505802631
88ca0b7c80cf240572ac,MIT Franka,4,DT,-34.36644744873047
88ca0b7c80cf240572ac,MIT Franka,4,S1,-17.86971664428711
88ca0b7c80cf240572ac,MIT Franka,4,S3,-17.795392990112305
88ca0b7c80cf240572ac,MIT Franka,4,S5,-17.834575653076172
88ca0b7c80cf240572ac,MIT Franka,4,DT + S1,9.55395479975515e-05
88ca0b7c80cf240572ac,MIT Franka,4,DT + S3,0.0001063546284590003
88ca0b7c80cf240572ac,MIT Franka,4,DT + S5,0.00010355695455520465
88ca0b7c80cf240572ac,MIT Franka,4,DINOv2,0.6090513467788696
88ca0b7c80cf240572ac,MIT Franka,4,Robometer progress,0.16724707186222076
88ca0b7c80cf240572ac,MIT Franka,4,Robometer success,0.0008830457809381187
88ca0b7c80cf240572ac,MIT Franka,7,DT,-29.987279891967773
88ca0b7c80cf240572ac,MIT Franka,7,S1,-17.818622589111328
88ca0b7c80cf240572ac,MIT Franka,7,S3,-17.760183334350586
88ca0b7c80cf240572ac,MIT Franka,7,S5,-17.75746726989746
88ca0b7c80cf240572ac,MIT Franka,7,DT + S1,0.00015819704756056102
88ca0b7c80cf240572ac,MIT Franka,7,DT + S3,0.00017465155611968736
88ca0b7c80cf240572ac,MIT Franka,7,DT + S5,0.00017300916674569135
88ca0b7c80cf240572ac,MIT Franka,7,DINOv2,0.6441861391067505
88ca0b7c80cf240572ac,MIT Franka,7,Robometer progress,0.3890869617462158
88ca0b7c80cf240572ac,MIT Franka,7,Robometer success,0.0017546144081279635
88ca0b7c80cf240572ac,MIT Franka,15,DT,-29.021270751953125
88ca0b7c80cf240572ac,MIT Franka,15,S1,-17.815969467163086
88ca0b7c80cf240572ac,MIT Franka,15,S3,-17.826168060302734
88ca0b7c80cf240572ac,MIT Franka,15,S5,-17.835180282592773
88ca0b7c80cf240572ac,MIT Franka,15,DT + S1,0.00017616237171176155
88ca0b7c80cf240572ac,MIT Franka,15,DT + S3,0.0001888929455048676
88ca0b7c80cf240572ac,MIT Franka,15,DT + S5,0.00018620989900705755
88ca0b7c80cf240572ac,MIT Franka,15,DINOv2,0.5947262644767761
88ca0b7c80cf240572ac,MIT Franka,15,Robometer progress,0.4614905118942261
88ca0b7c80cf240572ac,MIT Franka,15,Robometer success,0.0033766122069209814
88ca0b7c80cf240572ac,MIT Franka,23,DT,-32.85490417480469
88ca0b7c80cf240572ac,MIT Franka,23,S1,-17.8863525390625
88ca0b7c80cf240572ac,MIT Franka,23,S3,-17.834508895874023
88ca0b7c80cf240572ac,MIT Franka,23,S5,-17.840242385864258
88ca0b7c80cf240572ac,MIT Franka,23,DT + S1,0.0001120555713000768
88ca0b7c80cf240572ac,MIT Franka,23,DT + S3,0.00012352236757440498
88ca0b7c80cf240572ac,MIT Franka,23,DT + S5,0.0001219669264990208
88ca0b7c80cf240572ac,MIT Franka,23,DINOv2,0.5899655818939209
88ca0b7c80cf240572ac,MIT Franka,23,Robometer progress,0.5018107891082764
88ca0b7c80cf240572ac,MIT Franka,23,Robometer success,0.005730246659368277
88ca0b7c80cf240572ac,MIT Franka,31,DT,-1.6031808853149414
88ca0b7c80cf240572ac,MIT Franka,31,S1,-0.08826901763677597
88ca0b7c80cf240572ac,MIT Franka,31,S3,-0.06401456147432327
88ca0b7c80cf240572ac,MIT Franka,31,S5,-0.34136396646499634
88ca0b7c80cf240572ac,MIT Franka,31,DT + S1,0.8742540059329166
88ca0b7c80cf240572ac,MIT Franka,31,DT + S3,0.8712723828359954
88ca0b7c80cf240572ac,MIT Franka,31,DT + S5,0.8522355484937545
88ca0b7c80cf240572ac,MIT Franka,31,DINOv2,0.9999999403953552
88ca0b7c80cf240572ac,MIT Franka,31,Robometer progress,0.8029862642288208
88ca0b7c80cf240572ac,MIT Franka,31,Robometer success,0.7620701193809509
4ab108ea18e86fd1fc4e,MIT Franka,0,DT,-27.02609634399414
4ab108ea18e86fd1fc4e,MIT Franka,0,S1,-12.404529571533203
4ab108ea18e86fd1fc4e,MIT Franka,0,S3,
4ab108ea18e86fd1fc4e,MIT Franka,0,S5,
4ab108ea18e86fd1fc4e,MIT Franka,0,DT + S1,0.002202742176605223
4ab108ea18e86fd1fc4e,MIT Franka,0,DT + S3,
4ab108ea18e86fd1fc4e,MIT Franka,0,DT + S5,
4ab108ea18e86fd1fc4e,MIT Franka,0,DINOv2,0.8728541731834412
4ab108ea18e86fd1fc4e,MIT Franka,0,Robometer progress,0.15272749960422516
4ab108ea18e86fd1fc4e,MIT Franka,0,Robometer success,0.0014550630003213882
4ab108ea18e86fd1fc4e,MIT Franka,4,DT,-24.391944885253906
4ab108ea18e86fd1fc4e,MIT Franka,4,S1,-12.401434898376465
4ab108ea18e86fd1fc4e,MIT Franka,4,S3,-12.039457321166992
4ab108ea18e86fd1fc4e,MIT Franka,4,S5,-11.945090293884277
4ab108ea18e86fd1fc4e,MIT Franka,4,DT + S1,0.0029463066652205827
4ab108ea18e86fd1fc4e,MIT Franka,4,DT + S3,0.003573222866994309
4ab108ea18e86fd1fc4e,MIT Franka,4,DT + S5,0.003639471469105905
4ab108ea18e86fd1fc4e,MIT Franka,4,DINOv2,0.8334048986434937
4ab108ea18e86fd1fc4e,MIT Franka,4,Robometer progress,0.17371076345443726
4ab108ea18e86fd1fc4e,MIT Franka,4,Robometer success,0.0013250223128125072
4ab108ea18e86fd1fc4e,MIT Franka,7,DT,-21.478483200073242
4ab108ea18e86fd1fc4e,MIT Franka,7,S1,-12.139106750488281
4ab108ea18e86fd1fc4e,MIT Franka,7,S3,-11.434210777282715
4ab108ea18e86fd1fc4e,MIT Franka,7,S5,-11.382813453674316
4ab108ea18e86fd1fc4e,MIT Franka,7,DT + S1,0.00453536655146592
4ab108ea18e86fd1fc4e,MIT Franka,7,DT + S3,0.006331469813447421
4ab108ea18e86fd1fc4e,MIT Franka,7,DT + S5,0.00632627029816234
4ab108ea18e86fd1fc4e,MIT Franka,7,DINOv2,0.8289624452590942
4ab108ea18e86fd1fc4e,MIT Franka,7,Robometer progress,0.15351277589797974
4ab108ea18e86fd1fc4e,MIT Franka,7,Robometer success,0.0015487611526623368
4ab108ea18e86fd1fc4e,MIT Franka,15,DT,-12.320195198059082
4ab108ea18e86fd1fc4e,MIT Franka,15,S1,-12.120322227478027
4ab108ea18e86fd1fc4e,MIT Franka,15,S3,-11.496986389160156
4ab108ea18e86fd1fc4e,MIT Franka,15,S5,-11.317380905151367
4ab108ea18e86fd1fc4e,MIT Franka,15,DT + S1,0.012442975855966744
4ab108ea18e86fd1fc4e,MIT Franka,15,DT + S3,0.016695293280025298
4ab108ea18e86fd1fc4e,MIT Franka,15,DT + S5,0.01757784780441295
4ab108ea18e86fd1fc4e,MIT Franka,15,DINOv2,0.6796009540557861
4ab108ea18e86fd1fc4e,MIT Franka,15,Robometer progress,0.48672932386398315
4ab108ea18e86fd1fc4e,MIT Franka,15,Robometer success,0.008577484637498856
4ab108ea18e86fd1fc4e,MIT Franka,23,DT,-6.469631671905518
4ab108ea18e86fd1fc4e,MIT Franka,23,S1,-11.597038269042969
4ab108ea18e86fd1fc4e,MIT Franka,23,S3,-11.074472427368164
4ab108ea18e86fd1fc4e,MIT Franka,23,S5,-11.089746475219727
4ab108ea18e86fd1fc4e,MIT Franka,23,DT + S1,0.029137433217469103
4ab108ea18e86fd1fc4e,MIT Franka,23,DT + S3,0.03714577875875548
4ab108ea18e86fd1fc4e,MIT Franka,23,DT + S5,0.036074988065997515
4ab108ea18e86fd1fc4e,MIT Franka,23,DINOv2,0.7222172021865845
4ab108ea18e86fd1fc4e,MIT Franka,23,Robometer progress,0.5171798467636108
4ab108ea18e86fd1fc4e,MIT Franka,23,Robometer success,0.012821214273571968
4ab108ea18e86fd1fc4e,MIT Franka,31,DT,-2.06166672706604
4ab108ea18e86fd1fc4e,MIT Franka,31,S1,-0.06875162571668625
4ab108ea18e86fd1fc4e,MIT Franka,31,S3,-0.15504489839076996
4ab108ea18e86fd1fc4e,MIT Franka,31,S5,-0.5340316891670227
4ab108ea18e86fd1fc4e,MIT Franka,31,DT + S1,0.8695412178020542
4ab108ea18e86fd1fc4e,MIT Franka,31,DT + S3,0.8609938225591415
4ab108ea18e86fd1fc4e,MIT Franka,31,DT + S5,0.8349557891156443
4ab108ea18e86fd1fc4e,MIT Franka,31,DINOv2,1.0
4ab108ea18e86fd1fc4e,MIT Franka,31,Robometer progress,0.8078233003616333
4ab108ea18e86fd1fc4e,MIT Franka,31,Robometer success,0.7853085398674011
53f9e2f11f8017f4000d,MIT Franka,0,DT,-34.68508529663086
53f9e2f11f8017f4000d,MIT Franka,0,S1,-18.375085830688477
53f9e2f11f8017f4000d,MIT Franka,0,S3,
53f9e2f11f8017f4000d,MIT Franka,0,S5,
53f9e2f11f8017f4000d,MIT Franka,0,DT + S1,7.435762393483465e-05
53f9e2f11f8017f4000d,MIT Franka,0,DT + S3,
53f9e2f11f8017f4000d,MIT Franka,0,DT + S5,
53f9e2f11f8017f4000d,MIT Franka,0,DINOv2,0.5678779482841492
53f9e2f11f8017f4000d,MIT Franka,0,Robometer progress,0.0968838632106781
53f9e2f11f8017f4000d,MIT Franka,0,Robometer success,0.0010649627074599266
53f9e2f11f8017f4000d,MIT Franka,4,DT,-28.558837890625
53f9e2f11f8017f4000d,MIT Franka,4,S1,-18.2960205078125
53f9e2f11f8017f4000d,MIT Franka,4,S3,-17.988910675048828
53f9e2f11f8017f4000d,MIT Franka,4,S5,-18.178743362426758
53f9e2f11f8017f4000d,MIT Franka,4,DT + S1,0.00015105239174117188
53f9e2f11f8017f4000d,MIT Franka,4,DT + S3,0.00018558876916605172
53f9e2f11f8017f4000d,MIT Franka,4,DT + S5,0.0001696509511370408
53f9e2f11f8017f4000d,MIT Franka,4,DINOv2,0.5215423703193665
53f9e2f11f8017f4000d,MIT Franka,4,Robometer progress,0.08679237961769104
53f9e2f11f8017f4000d,MIT Franka,4,Robometer success,0.0014550630003213882
53f9e2f11f8017f4000d,MIT Franka,7,DT,-37.3831901550293
53f9e2f11f8017f4000d,MIT Franka,7,S1,-18.514806747436523
53f9e2f11f8017f4000d,MIT Franka,7,S3,-18.05976676940918
53f9e2f11f8017f4000d,MIT Franka,7,S5,-18.020038604736328
53f9e2f11f8017f4000d,MIT Franka,7,DT + S1,5.20387716120354e-05
53f9e2f11f8017f4000d,MIT Franka,7,DT + S3,6.830939624373461e-05
53f9e2f11f8017f4000d,MIT Franka,7,DT + S5,6.879356275861304e-05
53f9e2f11f8017f4000d,MIT Franka,7,DINOv2,0.40813255310058594
53f9e2f11f8017f4000d,MIT Franka,7,Robometer progress,0.33558255434036255
53f9e2f11f8017f4000d,MIT Franka,7,Robometer success,0.002889581024646759
53f9e2f11f8017f4000d,MIT Franka,15,DT,-23.849990844726562
53f9e2f11f8017f4000d,MIT Franka,15,S1,-17.92200469970703
53f9e2f11f8017f4000d,MIT Franka,15,S3,-17.928621292114258
53f9e2f11f8017f4000d,MIT Franka,15,S5,-18.08759307861328
53f9e2f11f8017f4000d,MIT Franka,15,DT + S1,0.00029764870932989204
53f9e2f11f8017f4000d,MIT Franka,15,DT + S3,0.00031934281177050815
53f9e2f11f8017f4000d,MIT Franka,15,DT + S5,0.0002955987159161219
53f9e2f11f8017f4000d,MIT Franka,15,DINOv2,0.6407910585403442
53f9e2f11f8017f4000d,MIT Franka,15,Robometer progress,0.3371206223964691
53f9e2f11f8017f4000d,MIT Franka,15,Robometer success,0.0039454069919884205
53f9e2f11f8017f4000d,MIT Franka,23,DT,-24.839107513427734
53f9e2f11f8017f4000d,MIT Franka,23,S1,-18.311481475830078
53f9e2f11f8017f4000d,MIT Franka,23,S3,-18.293394088745117
53f9e2f11f8017f4000d,MIT Franka,23,S5,-18.31374168395996
53f9e2f11f8017f4000d,MIT Franka,23,DT + S1,0.00022607323612869193
53f9e2f11f8017f4000d,MIT Franka,23,DT + S3,0.0002457126246230198
53f9e2f11f8017f4000d,MIT Franka,23,DT + S5,0.00024121050403556348
53f9e2f11f8017f4000d,MIT Franka,23,DINOv2,0.5269192457199097
53f9e2f11f8017f4000d,MIT Franka,23,Robometer progress,0.5004957914352417
53f9e2f11f8017f4000d,MIT Franka,23,Robometer success,0.009412589482963085
53f9e2f11f8017f4000d,MIT Franka,31,DT,-1.4840047359466553
53f9e2f11f8017f4000d,MIT Franka,31,S1,-0.07690369337797165
53f9e2f11f8017f4000d,MIT Franka,31,S3,-0.08949442207813263
53f9e2f11f8017f4000d,MIT Franka,31,S5,-0.33687764406204224
53f9e2f11f8017f4000d,MIT Franka,31,DT + S1,0.8762174227387418
53f9e2f11f8017f4000d,MIT Franka,31,DT + S3,0.8715387578784514
53f9e2f11f8017f4000d,MIT Franka,31,DT + S5,0.8541107161576943
53f9e2f11f8017f4000d,MIT Franka,31,DINOv2,1.0
53f9e2f11f8017f4000d,MIT Franka,31,Robometer progress,0.7537927627563477
53f9e2f11f8017f4000d,MIT Franka,31,Robometer success,0.4428774416446686
1521bace2d726b289763,MIT Franka,0,DT,-22.40094757080078
1521bace2d726b289763,MIT Franka,0,S1,-17.95401382446289
1521bace2d726b289763,MIT Franka,0,S3,
1521bace2d726b289763,MIT Franka,0,S5,
1521bace2d726b289763,MIT Franka,0,DT + S1,0.0003444309610700372
1521bace2d726b289763,MIT Franka,0,DT + S3,
1521bace2d726b289763,MIT Franka,0,DT + S5,
1521bace2d726b289763,MIT Franka,0,DINOv2,0.3793151378631592
1521bace2d726b289763,MIT Franka,0,Robometer progress,0.08905178308486938
1521bace2d726b289763,MIT Franka,0,Robometer success,0.0014550630003213882
1521bace2d726b289763,MIT Franka,4,DT,-47.2672119140625
1521bace2d726b289763,MIT Franka,4,S1,-18.173358917236328
1521bace2d726b289763,MIT Franka,4,S3,-17.662729263305664
1521bace2d726b289763,MIT Franka,4,S5,-17.739898681640625
1521bace2d726b289763,MIT Franka,4,DT + S1,2.0256520262874896e-05
1521bace2d726b289763,MIT Franka,4,DT + S3,2.7245471725040873e-05
1521bace2d726b289763,MIT Franka,4,DT + S5,2.6125361823767618e-05
1521bace2d726b289763,MIT Franka,4,DINOv2,0.33299219608306885
1521bace2d726b289763,MIT Franka,4,Robometer progress,0.5196951627731323
1521bace2d726b289763,MIT Franka,4,Robometer success,0.03021458350121975
1521bace2d726b289763,MIT Franka,7,DT,-33.222900390625
1521bace2d726b289763,MIT Franka,7,S1,-18.10594367980957
1521bace2d726b289763,MIT Franka,7,S3,-18.030855178833008
1521bace2d726b289763,MIT Franka,7,S5,-18.11428451538086
1521bace2d726b289763,MIT Franka,7,DT + S1,9.79827696682491e-05
1521bace2d726b289763,MIT Franka,7,DT + S3,0.00010922218139519278
1521bace2d726b289763,MIT Franka,7,DT + S5,0.00010443194619926743
1521bace2d726b289763,MIT Franka,7,DINOv2,0.42422303557395935
1521bace2d726b289763,MIT Franka,7,Robometer progress,0.5091854333877563
1521bace2d726b289763,MIT Franka,7,Robometer success,0.03963883966207504
1521bace2d726b289763,MIT Franka,15,DT,-26.992042541503906
1521bace2d726b289763,MIT Franka,15,S1,-17.89190101623535
1521bace2d726b289763,MIT Franka,15,S3,-17.70379066467285
1521bace2d726b289763,MIT Franka,15,S5,-17.634302139282227
1521bace2d726b289763,MIT Franka,15,DT + S1,0.00021327771145291614
1521bace2d726b289763,MIT Franka,15,DT + S3,0.0002485441128120191
1521bace2d726b289763,MIT Franka,15,DT + S5,0.0002531161340222432
1521bace2d726b289763,MIT Franka,15,DINOv2,0.47061413526535034
1521bace2d726b289763,MIT Franka,15,Robometer progress,0.8017627596855164
1521bace2d726b289763,MIT Franka,15,Robometer success,0.7446563243865967
1521bace2d726b289763,MIT Franka,23,DT,-32.79801940917969
1521bace2d726b289763,MIT Franka,23,S1,-18.218809127807617
1521bace2d726b289763,MIT Franka,23,S3,-18.140026092529297
1521bace2d726b289763,MIT Franka,23,S5,-18.019023895263672
1521bace2d726b289763,MIT Franka,23,DT + S1,9.785337022385067e-05
1521bace2d726b289763,MIT Franka,23,DT + S3,0.00010930544709244936
1521bace2d726b289763,MIT Franka,23,DT + S5,0.00011387524862721296
1521bace2d726b289763,MIT Franka,23,DINOv2,0.4689871668815613
1521bace2d726b289763,MIT Franka,23,Robometer progress,0.8611207008361816
1521bace2d726b289763,MIT Franka,23,Robometer success,0.8856314420700073
1521bace2d726b289763,MIT Franka,31,DT,-1.9221352338790894
1521bace2d726b289763,MIT Franka,31,S1,-0.07204753160476685
1521bace2d726b289763,MIT Franka,31,S3,-0.08293139189481735
1521bace2d726b289763,MIT Franka,31,S5,-0.11254513263702393
1521bace2d726b289763,MIT Franka,31,DT + S1,0.8711178069444061
1521bace2d726b289763,MIT Franka,31,DT + S3,0.8663707875695027
1521bace2d726b289763,MIT Franka,31,DT + S5,0.8597333651302322
1521bace2d726b289763,MIT Franka,31,DINOv2,1.0
1521bace2d726b289763,MIT Franka,31,Robometer progress,0.8730212450027466
1521bace2d726b289763,MIT Franka,31,Robometer success,0.8558511734008789
99a77e59bae9076ca85b,MIT Franka,0,DT,-30.178281784057617
99a77e59bae9076ca85b,MIT Franka,0,S1,-19.69660758972168
99a77e59bae9076ca85b,MIT Franka,0,S3,
99a77e59bae9076ca85b,MIT Franka,0,S5,
99a77e59bae9076ca85b,MIT Franka,0,DT + S1,6.953555882928908e-05
99a77e59bae9076ca85b,MIT Franka,0,DT + S3,
99a77e59bae9076ca85b,MIT Franka,0,DT + S5,
99a77e59bae9076ca85b,MIT Franka,0,DINOv2,0.5162950158119202
99a77e59bae9076ca85b,MIT Franka,0,Robometer progress,0.07680721580982208
99a77e59bae9076ca85b,MIT Franka,0,Robometer success,0.0015011823270469904
99a77e59bae9076ca85b,MIT Franka,4,DT,-27.47467803955078
99a77e59bae9076ca85b,MIT Franka,4,S1,-19.79445457458496
99a77e59bae9076ca85b,MIT Franka,4,S3,-19.657752990722656
99a77e59bae9076ca85b,MIT Franka,4,S5,-19.743438720703125
99a77e59bae9076ca85b,MIT Franka,4,DT + S1,8.983818720009575e-05
99a77e59bae9076ca85b,MIT Franka,4,DT + S3,0.00010360888997212063
99a77e59bae9076ca85b,MIT Franka,4,DT + S5,9.92207030975734e-05
99a77e59bae9076ca85b,MIT Franka,4,DINOv2,0.36823517084121704
99a77e59bae9076ca85b,MIT Franka,4,Robometer progress,0.5558927059173584
99a77e59bae9076ca85b,MIT Franka,4,Robometer success,0.011331753805279732
99a77e59bae9076ca85b,MIT Franka,7,DT,-28.613569259643555
99a77e59bae9076ca85b,MIT Franka,7,S1,-19.51531982421875
99a77e59bae9076ca85b,MIT Franka,7,S3,-19.402326583862305
99a77e59bae9076ca85b,MIT Franka,7,S5,-19.556020736694336
99a77e59bae9076ca85b,MIT Franka,7,DT + S1,8.92616552429086e-05
99a77e59bae9076ca85b,MIT Franka,7,DT + S3,0.00010179167297888062
99a77e59bae9076ca85b,MIT Franka,7,DT + S5,9.470640009026226e-05
99a77e59bae9076ca85b,MIT Franka,7,DINOv2,0.5193182826042175
99a77e59bae9076ca85b,MIT Franka,7,Robometer progress,0.19430845975875854
99a77e59bae9076ca85b,MIT Franka,7,Robometer success,0.0012065897462889552
99a77e59bae9076ca85b,MIT Franka,15,DT,-26.421985626220703
99a77e59bae9076ca85b,MIT Franka,15,S1,-19.494009017944336
99a77e59bae9076ca85b,MIT Franka,15,S3,-19.396854400634766
99a77e59bae9076ca85b,MIT Franka,15,S5,-19.49336814880371
99a77e59bae9076ca85b,MIT Franka,15,DT + S1,0.00011467957258382358
99a77e59bae9076ca85b,MIT Franka,15,DT + S3,0.00012980800813299973
99a77e59bae9076ca85b,MIT Franka,15,DT + S5,0.00012368211482908045
99a77e59bae9076ca85b,MIT Franka,15,DINOv2,0.6213585138320923
99a77e59bae9076ca85b,MIT Franka,15,Robometer progress,0.30065786838531494
99a77e59bae9076ca85b,MIT Franka,15,Robometer success,0.003172682598233223
99a77e59bae9076ca85b,MIT Franka,23,DT,-24.54167938232422
99a77e59bae9076ca85b,MIT Franka,23,S1,-19.038551330566406
99a77e59bae9076ca85b,MIT Franka,23,S3,-18.825592041015625
99a77e59bae9076ca85b,MIT Franka,23,S5,-18.950313568115234
99a77e59bae9076ca85b,MIT Franka,23,DT + S1,0.00017132490353988027
99a77e59bae9076ca85b,MIT Franka,23,DT + S3,0.00020295376512951982
99a77e59bae9076ca85b,MIT Franka,23,DT + S5,0.00019088857075923743
99a77e59bae9076ca85b,MIT Franka,23,DINOv2,0.7064571976661682
99a77e59bae9076ca85b,MIT Franka,23,Robometer progress,0.5887728333473206
99a77e59bae9076ca85b,MIT Franka,23,Robometer success,0.02517884224653244
99a77e59bae9076ca85b,MIT Franka,31,DT,-1.7305034399032593
99a77e59bae9076ca85b,MIT Franka,31,S1,-0.0812157541513443
99a77e59bae9076ca85b,MIT Franka,31,S3,-0.08684132993221283
99a77e59bae9076ca85b,MIT Franka,31,S5,-0.32165321707725525
99a77e59bae9076ca85b,MIT Franka,31,DT + S1,0.8730373077261974
99a77e59bae9076ca85b,MIT Franka,31,DT + S3,0.8686025856167601
99a77e59bae9076ca85b,MIT Franka,31,DT + S5,0.85151295732258
99a77e59bae9076ca85b,MIT Franka,31,DINOv2,0.9999999403953552
99a77e59bae9076ca85b,MIT Franka,31,Robometer progress,0.8247283697128296
99a77e59bae9076ca85b,MIT Franka,31,Robometer success,0.8705973029136658
89e2f519c429fab670d5,MIT Franka,0,DT,-41.6894645690918
89e2f519c429fab670d5,MIT Franka,0,S1,-16.072296142578125
89e2f519c429fab670d5,MIT Franka,0,S3,
89e2f519c429fab670d5,MIT Franka,0,S5,
89e2f519c429fab670d5,MIT Franka,0,DT + S1,9.176686410970587e-05
89e2f519c429fab670d5,MIT Franka,0,DT + S3,
89e2f519c429fab670d5,MIT Franka,0,DT + S5,
89e2f519c429fab670d5,MIT Franka,0,DINOv2,0.7134265899658203
89e2f519c429fab670d5,MIT Franka,0,Robometer progress,0.10283999145030975
89e2f519c429fab670d5,MIT Franka,0,Robometer success,0.0011695103021338582
89e2f519c429fab670d5,MIT Franka,4,DT,-42.573246002197266
89e2f519c429fab670d5,MIT Franka,4,S1,-15.90137767791748
89e2f519c429fab670d5,MIT Franka,4,S3,-15.689891815185547
89e2f519c429fab670d5,MIT Franka,4,S5,-15.547405242919922
89e2f519c429fab670d5,MIT Franka,4,DT + S1,8.954739138441967e-05
89e2f519c429fab670d5,MIT Franka,4,DT + S3,0.00010465994570975534
89e2f519c429fab670d5,MIT Franka,4,DT + S5,0.00010961283052148724
89e2f519c429fab670d5,MIT Franka,4,DINOv2,0.698249101638794
89e2f519c429fab670d5,MIT Franka,4,Robometer progress,0.10635221749544144
89e2f519c429fab670d5,MIT Franka,4,Robometer success,0.0012065897462889552
89e2f519c429fab670d5,MIT Franka,7,DT,-46.50376892089844
89e2f519c429fab670d5,MIT Franka,7,S1,-15.928529739379883
89e2f519c429fab670d5,MIT Franka,7,S3,-15.311406135559082
89e2f519c429fab670d5,MIT Franka,7,S5,-15.373580932617188
89e2f519c429fab670d5,MIT Franka,7,DT + S1,5.740249992218646e-05
89e2f519c429fab670d5,MIT Franka,7,DT + S3,7.968021779760086e-05
89e2f519c429fab670d5,MIT Franka,7,DT + S5,7.65621715940164e-05
89e2f519c429fab670d5,MIT Franka,7,DINOv2,0.5600641369819641
89e2f519c429fab670d5,MIT Franka,7,Robometer progress,0.10449902713298798
89e2f519c429fab670d5,MIT Franka,7,Robometer success,0.0013670255430042744
89e2f519c429fab670d5,MIT Franka,15,DT,-36.47404479980469
89e2f519c429fab670d5,MIT Franka,15,S1,-15.270463943481445
89e2f519c429fab670d5,MIT Franka,15,S3,-14.66428279876709
89e2f519c429fab670d5,MIT Franka,15,S5,-14.578289031982422
89e2f519c429fab670d5,MIT Franka,15,DT + S1,0.0002294884562142388
89e2f519c429fab670d5,MIT Franka,15,DT + S3,0.00031491885063172475
89e2f519c429fab670d5,MIT Franka,15,DT + S5,0.0003213951609238777
89e2f519c429fab670d5,MIT Franka,15,DINOv2,0.7968840599060059
89e2f519c429fab670d5,MIT Franka,15,Robometer progress,0.13054445385932922
89e2f519c429fab670d5,MIT Franka,15,Robometer success,0.0011695103021338582
89e2f519c429fab670d5,MIT Franka,23,DT,-20.65265655517578
89e2f519c429fab670d5,MIT Franka,23,S1,-14.927727699279785
89e2f519c429fab670d5,MIT Franka,23,S3,-14.345414161682129
89e2f519c429fab670d5,MIT Franka,23,S5,-14.336673736572266
89e2f519c429fab670d5,MIT Franka,23,DT + S1,0.0015165932362982283
89e2f519c429fab670d5,MIT Franka,23,DT + S3,0.0020457168805559783
89e2f519c429fab670d5,MIT Franka,23,DT + S5,0.0020181689132472195
89e2f519c429fab670d5,MIT Franka,23,DINOv2,0.7273657917976379
89e2f519c429fab670d5,MIT Franka,23,Robometer progress,0.4278087615966797
89e2f519c429fab670d5,MIT Franka,23,Robometer success,0.001987774157896638
89e2f519c429fab670d5,MIT Franka,31,DT,-1.9764214754104614
89e2f519c429fab670d5,MIT Franka,31,S1,-0.13103322684764862
89e2f519c429fab670d5,MIT Franka,31,S3,-0.08522801846265793
89e2f519c429fab670d5,MIT Franka,31,S5,-0.24840779602527618
89e2f519c429fab670d5,MIT Franka,31,DT + S1,0.86758083240593
89e2f519c429fab670d5,MIT Franka,31,DT + S3,0.8655661778355326
89e2f519c429fab670d5,MIT Franka,31,DT + S5,0.8519772064436371
89e2f519c429fab670d5,MIT Franka,31,DINOv2,0.9999999403953552
89e2f519c429fab670d5,MIT Franka,31,Robometer progress,0.8292273283004761
89e2f519c429fab670d5,MIT Franka,31,Robometer success,0.8856314420700073
2906adec58d1d829f2e4,MIT Franka,0,DT,-24.27338409423828
2906adec58d1d829f2e4,MIT Franka,0,S1,-18.576030731201172
2906adec58d1d829f2e4,MIT Franka,0,S3,
2906adec58d1d829f2e4,MIT Franka,0,S5,
2906adec58d1d829f2e4,MIT Franka,0,DT + S1,0.00021494216457929272
2906adec58d1d829f2e4,MIT Franka,0,DT + S3,
2906adec58d1d829f2e4,MIT Franka,0,DT + S5,
2906adec58d1d829f2e4,MIT Franka,0,DINOv2,0.7250165939331055
2906adec58d1d829f2e4,MIT Franka,0,Robometer progress,0.07147713005542755
2906adec58d1d829f2e4,MIT Franka,0,Robometer success,0.0010649627074599266
2906adec58d1d829f2e4,MIT Franka,4,DT,-22.238876342773438
2906adec58d1d829f2e4,MIT Franka,4,S1,-18.444063186645508
2906adec58d1d829f2e4,MIT Franka,4,S3,-18.283876419067383
2906adec58d1d829f2e4,MIT Franka,4,S5,-18.343395233154297
2906adec58d1d829f2e4,MIT Franka,4,DT + S1,0.00028451486413015603
2906adec58d1d829f2e4,MIT Franka,4,DT + S3,0.0003282739640096125
2906adec58d1d829f2e4,MIT Franka,4,DT + S5,0.00031695746553530213
2906adec58d1d829f2e4,MIT Franka,4,DINOv2,0.6799558997154236
2906adec58d1d829f2e4,MIT Franka,4,Robometer progress,0.2240864336490631
2906adec58d1d829f2e4,MIT Franka,4,Robometer success,0.0016484829830005765
2906adec58d1d829f2e4,MIT Franka,7,DT,-22.961196899414062
2906adec58d1d829f2e4,MIT Franka,7,S1,-18.731840133666992
2906adec58d1d829f2e4,MIT Franka,7,S3,-18.419160842895508
2906adec58d1d829f2e4,MIT Franka,7,S5,-18.34760856628418
2906adec58d1d829f2e4,MIT Franka,7,DT + S1,0.0002324071088983238
2906adec58d1d829f2e4,MIT Franka,7,DT + S3,0.0002864570974859873
2906adec58d1d829f2e4,MIT Franka,7,DT + S5,0.0002922737333440656
2906adec58d1d829f2e4,MIT Franka,7,DINOv2,0.7783653736114502
2906adec58d1d829f2e4,MIT Franka,7,Robometer progress,0.4826708436012268
2906adec58d1d829f2e4,MIT Franka,7,Robometer success,0.0060975621454417706
2906adec58d1d829f2e4,MIT Franka,15,DT,-27.349864959716797
2906adec58d1d829f2e4,MIT Franka,15,S1,-19.118505477905273
2906adec58d1d829f2e4,MIT Franka,15,S3,-18.821683883666992
2906adec58d1d829f2e4,MIT Franka,15,S5,-18.85892677307129
2906adec58d1d829f2e4,MIT Franka,15,DT + S1,0.00012151707126007984
2906adec58d1d829f2e4,MIT Franka,15,DT + S3,0.00014931498123887677
2906adec58d1d829f2e4,MIT Franka,15,DT + S5,0.00014570511038295805
2906adec58d1d829f2e4,MIT Franka,15,DINOv2,0.6552717685699463
2906adec58d1d829f2e4,MIT Franka,15,Robometer progress,0.3267846703529358
2906adec58d1d829f2e4,MIT Franka,15,Robometer success,0.0017007222631946206
2906adec58d1d829f2e4,MIT Franka,23,DT,-17.989770889282227
2906adec58d1d829f2e4,MIT Franka,23,S1,-19.06639289855957
2906adec58d1d829f2e4,MIT Franka,23,S3,-18.86688804626465
2906adec58d1d829f2e4,MIT Franka,23,S5,-19.016761779785156
2906adec58d1d829f2e4,MIT Franka,23,DT + S1,0.0003484545315421467
2906adec58d1d829f2e4,MIT Franka,23,DT + S3,0.00040970932617290007
2906adec58d1d829f2e4,MIT Franka,23,DT + S5,0.0003811872617318356
2906adec58d1d829f2e4,MIT Franka,23,DINOv2,0.6184795498847961
2906adec58d1d829f2e4,MIT Franka,23,Robometer progress,0.6866993308067322
2906adec58d1d829f2e4,MIT Franka,23,Robometer success,0.24077458679676056
2906adec58d1d829f2e4,MIT Franka,31,DT,-1.533314824104309
2906adec58d1d829f2e4,MIT Franka,31,S1,-0.07076429575681686
2906adec58d1d829f2e4,MIT Franka,31,S3,-0.058333948254585266
2906adec58d1d829f2e4,MIT Franka,31,S5,-0.18226338922977448
2906adec58d1d829f2e4,MIT Franka,31,DT + S1,0.875911773938688
2906adec58d1d829f2e4,MIT Franka,31,DT + S3,0.8723973938715763
2906adec58d1d829f2e4,MIT Franka,31,DT + S5,0.8613531022556061
2906adec58d1d829f2e4,MIT Franka,31,DINOv2,1.0
2906adec58d1d829f2e4,MIT Franka,31,Robometer progress,0.8965049386024475
2906adec58d1d829f2e4,MIT Franka,31,Robometer success,0.9643214344978333
d32b6a2ef83db85aefd2,UTD SO101,0,DT,-18.783565521240234
d32b6a2ef83db85aefd2,UTD SO101,0,S1,-15.854697227478027
d32b6a2ef83db85aefd2,UTD SO101,0,S3,
d32b6a2ef83db85aefd2,UTD SO101,0,S5,
d32b6a2ef83db85aefd2,UTD SO101,0,DT + S1,0.0012552092529371291
d32b6a2ef83db85aefd2,UTD SO101,0,DT + S3,
d32b6a2ef83db85aefd2,UTD SO101,0,DT + S5,
d32b6a2ef83db85aefd2,UTD SO101,0,DINOv2,0.8988050222396851
d32b6a2ef83db85aefd2,UTD SO101,0,Robometer progress,0.15791980922222137
d32b6a2ef83db85aefd2,UTD SO101,0,Robometer success,0.01590639166533947
d32b6a2ef83db85aefd2,UTD SO101,4,DT,-20.966468811035156
d32b6a2ef83db85aefd2,UTD SO101,4,S1,-15.580194473266602
d32b6a2ef83db85aefd2,UTD SO101,4,S3,-15.152822494506836
d32b6a2ef83db85aefd2,UTD SO101,4,S5,-14.953760147094727
d32b6a2ef83db85aefd2,UTD SO101,4,DT + S1,0.0011095859495716595
d32b6a2ef83db85aefd2,UTD SO101,4,DT + S3,0.0014080336237491321
d32b6a2ef83db85aefd2,UTD SO101,4,DT + S5,0.0015063669417437497
d32b6a2ef83db85aefd2,UTD SO101,4,DINOv2,0.9009310007095337
d32b6a2ef83db85aefd2,UTD SO101,4,Robometer progress,0.2836926579475403
d32b6a2ef83db85aefd2,UTD SO101,4,Robometer success,0.03258974477648735
d32b6a2ef83db85aefd2,UTD SO101,15,DT,-20.580867767333984
d32b6a2ef83db85aefd2,UTD SO101,15,S1,-15.358954429626465
d32b6a2ef83db85aefd2,UTD SO101,15,S3,-14.583514213562012
d32b6a2ef83db85aefd2,UTD SO101,15,S5,-14.411988258361816
d32b6a2ef83db85aefd2,UTD SO101,15,DT + S1,0.0012721200957298924
d32b6a2ef83db85aefd2,UTD SO101,15,DT + S3,0.0018657089434400342
d32b6a2ef83db85aefd2,UTD SO101,15,DT + S5,0.001971055028098996
d32b6a2ef83db85aefd2,UTD SO101,15,DINOv2,0.9020165205001831
d32b6a2ef83db85aefd2,UTD SO101,15,Robometer progress,0.13960589468479156
d32b6a2ef83db85aefd2,UTD SO101,15,Robometer success,0.025565214455127716
d32b6a2ef83db85aefd2,UTD SO101,31,DT,-5.96937370300293
d32b6a2ef83db85aefd2,UTD SO101,31,S1,-14.246996879577637
d32b6a2ef83db85aefd2,UTD SO101,31,S3,-13.620072364807129
d32b6a2ef83db85aefd2,UTD SO101,31,S5,-13.470977783203125
d32b6a2ef83db85aefd2,UTD SO101,31,DT + S1,0.010137150252018959
d32b6a2ef83db85aefd2,UTD SO101,31,DT + S3,0.013774073495636493
d32b6a2ef83db85aefd2,UTD SO101,31,DT + S5,0.014370401020509136
d32b6a2ef83db85aefd2,UTD SO101,31,DINOv2,0.9112616777420044
d32b6a2ef83db85aefd2,UTD SO101,31,Robometer progress,0.49241888523101807
d32b6a2ef83db85aefd2,UTD SO101,31,Robometer success,0.16026602685451508
d32b6a2ef83db85aefd2,UTD SO101,47,DT,-5.433764457702637
d32b6a2ef83db85aefd2,UTD SO101,47,S1,-14.039908409118652
d32b6a2ef83db85aefd2,UTD SO101,47,S3,-13.442195892333984
d32b6a2ef83db85aefd2,UTD SO101,47,S5,-13.045063018798828
d32b6a2ef83db85aefd2,UTD SO101,47,DT + S1,0.0117277004123135
d32b6a2ef83db85aefd2,UTD SO101,47,DT + S3,0.015713523156036285
d32b6a2ef83db85aefd2,UTD SO101,47,DT + S5,0.018148721770096275
d32b6a2ef83db85aefd2,UTD SO101,47,DINOv2,0.8772011399269104
d32b6a2ef83db85aefd2,UTD SO101,47,Robometer progress,0.5454967021942139
d32b6a2ef83db85aefd2,UTD SO101,47,Robometer success,0.2120688259601593
d32b6a2ef83db85aefd2,UTD SO101,63,DT,-2.5197174549102783
d32b6a2ef83db85aefd2,UTD SO101,63,S1,-0.04827389493584633
d32b6a2ef83db85aefd2,UTD SO101,63,S3,-0.13239076733589172
d32b6a2ef83db85aefd2,UTD SO101,63,S5,-0.20258913934230804
d32b6a2ef83db85aefd2,UTD SO101,63,DT + S1,0.8647326717488242
d32b6a2ef83db85aefd2,UTD SO101,63,DT + S3,0.8560374360097035
d32b6a2ef83db85aefd2,UTD SO101,63,DT + S5,0.8467995316661526
d32b6a2ef83db85aefd2,UTD SO101,63,DINOv2,1.0
d32b6a2ef83db85aefd2,UTD SO101,63,Robometer progress,0.1457747370004654
d32b6a2ef83db85aefd2,UTD SO101,63,Robometer success,0.015424552373588085
2ca5fc0da88c83fe3045,UTD SO101,0,DT,-20.853784561157227
2ca5fc0da88c83fe3045,UTD SO101,0,S1,-15.813817024230957
2ca5fc0da88c83fe3045,UTD SO101,0,S3,
2ca5fc0da88c83fe3045,UTD SO101,0,S5,
2ca5fc0da88c83fe3045,UTD SO101,0,DT + S1,0.0010169893668721818
2ca5fc0da88c83fe3045,UTD SO101,0,DT + S3,
2ca5fc0da88c83fe3045,UTD SO101,0,DT + S5,
2ca5fc0da88c83fe3045,UTD SO101,0,DINOv2,0.6466139554977417
2ca5fc0da88c83fe3045,UTD SO101,0,Robometer progress,0.2307237982749939
2ca5fc0da88c83fe3045,UTD SO101,0,Robometer success,0.007577241398394108
2ca5fc0da88c83fe3045,UTD SO101,4,DT,-22.74554443359375
2ca5fc0da88c83fe3045,UTD SO101,4,S1,-15.776545524597168
2ca5fc0da88c83fe3045,UTD SO101,4,S3,-15.295169830322266
2ca5fc0da88c83fe3045,UTD SO101,4,S5,-15.106983184814453
2ca5fc0da88c83fe3045,UTD SO101,4,DT + S1,0.0008390013478799409
2ca5fc0da88c83fe3045,UTD SO101,4,DT + S3,0.0010910074745940084
2ca5fc0da88c83fe3045,UTD SO101,4,DT + S5,0.0011623520782858515
2ca5fc0da88c83fe3045,UTD SO101,4,DINOv2,0.6475058794021606
2ca5fc0da88c83fe3045,UTD SO101,4,Robometer progress,0.23472560942173004
2ca5fc0da88c83fe3045,UTD SO101,4,Robometer success,0.008061991073191166
2ca5fc0da88c83fe3045,UTD SO101,15,DT,-13.515430450439453
2ca5fc0da88c83fe3045,UTD SO101,15,S1,-15.469449043273926
2ca5fc0da88c83fe3045,UTD SO101,15,S3,-15.00190544128418
2ca5fc0da88c83fe3045,UTD SO101,15,S5,-14.834268569946289
2ca5fc0da88c83fe3045,UTD SO101,15,DT + S1,0.002639980376513103
2ca5fc0da88c83fe3045,UTD SO101,15,DT + S3,0.003395879468634325
2ca5fc0da88c83fe3045,UTD SO101,15,DT + S5,0.0035825260321562216
2ca5fc0da88c83fe3045,UTD SO101,15,DINOv2,0.6498819589614868
2ca5fc0da88c83fe3045,UTD SO101,15,Robometer progress,0.2152990698814392
2ca5fc0da88c83fe3045,UTD SO101,15,Robometer success,0.01065251138061285
2ca5fc0da88c83fe3045,UTD SO101,31,DT,-11.43558120727539
2ca5fc0da88c83fe3045,UTD SO101,31,S1,-14.870182991027832
2ca5fc0da88c83fe3045,UTD SO101,31,S3,-14.369086265563965
2ca5fc0da88c83fe3045,UTD SO101,31,S5,-14.140158653259277
2ca5fc0da88c83fe3045,UTD SO101,31,DT + S1,0.004279910137195487
2ca5fc0da88c83fe3045,UTD SO101,31,DT + S3,0.0055578687049456935
2ca5fc0da88c83fe3045,UTD SO101,31,DT + S5,0.006006713543170374
2ca5fc0da88c83fe3045,UTD SO101,31,DINOv2,0.7422721982002258
2ca5fc0da88c83fe3045,UTD SO101,31,Robometer progress,0.2583973705768585
2ca5fc0da88c83fe3045,UTD SO101,31,Robometer success,0.0018675660248845816
2ca5fc0da88c83fe3045,UTD SO101,47,DT,-6.825761795043945
2ca5fc0da88c83fe3045,UTD SO101,47,S1,-13.56051254272461
2ca5fc0da88c83fe3045,UTD SO101,47,S3,-12.817915916442871
2ca5fc0da88c83fe3045,UTD SO101,47,S5,-12.68946647644043
2ca5fc0da88c83fe3045,UTD SO101,47,DT + S1,0.012334856818383488
2ca5fc0da88c83fe3045,UTD SO101,47,DT + S3,0.017503111897006044
2ca5fc0da88c83fe3045,UTD SO101,47,DT + S5,0.018079189921952676
2ca5fc0da88c83fe3045,UTD SO101,47,DINOv2,0.8635340929031372
2ca5fc0da88c83fe3045,UTD SO101,47,Robometer progress,0.6087343692779541
2ca5fc0da88c83fe3045,UTD SO101,47,Robometer success,0.06465348601341248
2ca5fc0da88c83fe3045,UTD SO101,63,DT,-1.903045415878296
2ca5fc0da88c83fe3045,UTD SO101,63,S1,-0.05211275443434715
2ca5fc0da88c83fe3045,UTD SO101,63,S3,-0.07105812430381775
2ca5fc0da88c83fe3045,UTD SO101,63,S5,-0.14115901291370392
2ca5fc0da88c83fe3045,UTD SO101,63,DT + S1,0.872303957999282
2ca5fc0da88c83fe3045,UTD SO101,63,DT + S3,0.867189882977009
2ca5fc0da88c83fe3045,UTD SO101,63,DT + S5,0.8585362980180334
2ca5fc0da88c83fe3045,UTD SO101,63,DINOv2,1.0000001192092896
2ca5fc0da88c83fe3045,UTD SO101,63,Robometer progress,0.7419462203979492
2ca5fc0da88c83fe3045,UTD SO101,63,Robometer success,0.4258439540863037
71c3ff7896d0a7c33d5f,UTD SO101,0,DT,-28.10927963256836
71c3ff7896d0a7c33d5f,UTD SO101,0,S1,-15.698982238769531
71c3ff7896d0a7c33d5f,UTD SO101,0,S3,
71c3ff7896d0a7c33d5f,UTD SO101,0,S5,
71c3ff7896d0a7c33d5f,UTD SO101,0,DT + S1,0.00048038570409939175
71c3ff7896d0a7c33d5f,UTD SO101,0,DT + S3,
71c3ff7896d0a7c33d5f,UTD SO101,0,DT + S5,
71c3ff7896d0a7c33d5f,UTD SO101,0,DINOv2,0.7912715673446655
71c3ff7896d0a7c33d5f,UTD SO101,0,Robometer progress,0.137374147772789
71c3ff7896d0a7c33d5f,UTD SO101,0,Robometer success,0.0017007222631946206
71c3ff7896d0a7c33d5f,UTD SO101,4,DT,-27.795921325683594
71c3ff7896d0a7c33d5f,UTD SO101,4,S1,-15.586881637573242
71c3ff7896d0a7c33d5f,UTD SO101,4,S3,-15.142505645751953
71c3ff7896d0a7c33d5f,UTD SO101,4,S5,-14.881813049316406
71c3ff7896d0a7c33d5f,UTD SO101,4,DT + S1,0.0005215968871998985
71c3ff7896d0a7c33d5f,UTD SO101,4,DT + S3,0.0006681265212823302
71c3ff7896d0a7c33d5f,UTD SO101,4,DT + S5,0.0007338156969118444
71c3ff7896d0a7c33d5f,UTD SO101,4,DINOv2,0.8060123920440674
71c3ff7896d0a7c33d5f,UTD SO101,4,Robometer progress,0.1375640332698822
71c3ff7896d0a7c33d5f,UTD SO101,4,Robometer success,0.0017007222631946206
71c3ff7896d0a7c33d5f,UTD SO101,15,DT,-27.158748626708984
71c3ff7896d0a7c33d5f,UTD SO101,15,S1,-15.452997207641602
71c3ff7896d0a7c33d5f,UTD SO101,15,S3,-14.826306343078613
71c3ff7896d0a7c33d5f,UTD SO101,15,S5,-14.448580741882324
71c3ff7896d0a7c33d5f,UTD SO101,15,DT + S1,0.0005923787548306501
71c3ff7896d0a7c33d5f,UTD SO101,15,DT + S3,0.0008184303262119014
71c3ff7896d0a7c33d5f,UTD SO101,15,DT + S5,0.0009434462607887374
71c3ff7896d0a7c33d5f,UTD SO101,15,DINOv2,0.7848554849624634
71c3ff7896d0a7c33d5f,UTD SO101,15,Robometer progress,0.13208410143852234
71c3ff7896d0a7c33d5f,UTD SO101,15,Robometer success,0.0020507434383034706
71c3ff7896d0a7c33d5f,UTD SO101,31,DT,-21.565227508544922
71c3ff7896d0a7c33d5f,UTD SO101,31,S1,-14.878995895385742
71c3ff7896d0a7c33d5f,UTD SO101,31,S3,-14.400409698486328
71c3ff7896d0a7c33d5f,UTD SO101,31,S5,-14.388009071350098
71c3ff7896d0a7c33d5f,UTD SO101,31,DT + S1,0.0014004684334682777
71c3ff7896d0a7c33d5f,UTD SO101,31,DT + S3,0.0018086057202960735
71c3ff7896d0a7c33d5f,UTD SO101,31,DT + S5,0.0017872569944420895
71c3ff7896d0a7c33d5f,UTD SO101,31,DINOv2,0.5868708491325378
71c3ff7896d0a7c33d5f,UTD SO101,31,Robometer progress,0.5820732116699219
71c3ff7896d0a7c33d5f,UTD SO101,31,Robometer success,0.013222821988165379
71c3ff7896d0a7c33d5f,UTD SO101,47,DT,-6.2971038818359375
71c3ff7896d0a7c33d5f,UTD SO101,47,S1,-14.281759262084961
71c3ff7896d0a7c33d5f,UTD SO101,47,S3,-13.550650596618652
71c3ff7896d0a7c33d5f,UTD SO101,47,S5,-13.30373477935791
71c3ff7896d0a7c33d5f,UTD SO101,47,DT + S1,0.009638524464689477
71c3ff7896d0a7c33d5f,UTD SO101,47,DT + S3,0.01368188069267311
71c3ff7896d0a7c33d5f,UTD SO101,47,DT + S5,0.014861063182782326
71c3ff7896d0a7c33d5f,UTD SO101,47,DINOv2,0.8007290363311768
71c3ff7896d0a7c33d5f,UTD SO101,47,Robometer progress,0.7108044624328613
71c3ff7896d0a7c33d5f,UTD SO101,47,Robometer success,0.16559311747550964
71c3ff7896d0a7c33d5f,UTD SO101,63,DT,-1.991987943649292
71c3ff7896d0a7c33d5f,UTD SO101,63,S1,-0.06820322573184967
71c3ff7896d0a7c33d5f,UTD SO101,63,S3,-0.13581305742263794
71c3ff7896d0a7c33d5f,UTD SO101,63,S5,-0.36786678433418274
71c3ff7896d0a7c33d5f,UTD SO101,63,DT + S1,0.8704361609708974
71c3ff7896d0a7c33d5f,UTD SO101,63,DT + S3,0.8628680438699611
71c3ff7896d0a7c33d5f,UTD SO101,63,DT + S5,0.8453302443699879
71c3ff7896d0a7c33d5f,UTD SO101,63,DINOv2,1.0
71c3ff7896d0a7c33d5f,UTD SO101,63,Robometer progress,0.8876959085464478
71c3ff7896d0a7c33d5f,UTD SO101,63,Robometer success,0.957912266254425
2d54a0612535c86396c7,UTD SO101,0,DT,-30.955963134765625
2d54a0612535c86396c7,UTD SO101,0,S1,-15.48987102508545
2d54a0612535c86396c7,UTD SO101,0,S3,
2d54a0612535c86396c7,UTD SO101,0,S5,
2d54a0612535c86396c7,UTD SO101,0,DT + S1,0.000383824713621755
2d54a0612535c86396c7,UTD SO101,0,DT + S3,
2d54a0612535c86396c7,UTD SO101,0,DT + S5,
2d54a0612535c86396c7,UTD SO101,0,DINOv2,0.8233540654182434
2d54a0612535c86396c7,UTD SO101,0,Robometer progress,0.14684318006038666
2d54a0612535c86396c7,UTD SO101,0,Robometer success,0.0029810327105224133
2d54a0612535c86396c7,UTD SO101,4,DT,-28.454416275024414
2d54a0612535c86396c7,UTD SO101,4,S1,-15.350669860839844
2d54a0612535c86396c7,UTD SO101,4,S3,-14.802767753601074
2d54a0612535c86396c7,UTD SO101,4,S5,-14.60930061340332
2d54a0612535c86396c7,UTD SO101,4,DT + S1,0.0005365023604593504
2d54a0612535c86396c7,UTD SO101,4,DT + S3,0.0007169457397583231
2d54a0612535c86396c7,UTD SO101,4,DT + S5,0.0007651505291049754
2d54a0612535c86396c7,UTD SO101,4,DINOv2,0.8240212202072144
2d54a0612535c86396c7,UTD SO101,4,Robometer progress,0.14684651792049408
2d54a0612535c86396c7,UTD SO101,4,Robometer success,0.002323162741959095
2d54a0612535c86396c7,UTD SO101,15,DT,-21.854965209960938
2d54a0612535c86396c7,UTD SO101,15,S1,-14.980314254760742
2d54a0612535c86396c7,UTD SO101,15,S3,-14.604619979858398
2d54a0612535c86396c7,UTD SO101,15,S5,-14.407919883728027
2d54a0612535c86396c7,UTD SO101,15,DT + S1,0.0012992188996713704
2d54a0612535c86396c7,UTD SO101,15,DT + S3,0.001608008874485531
2d54a0612535c86396c7,UTD SO101,15,DT + S5,0.0017170147079070529
2d54a0612535c86396c7,UTD SO101,15,DINOv2,0.8473588824272156
2d54a0612535c86396c7,UTD SO101,15,Robometer progress,0.13736002147197723
2d54a0612535c86396c7,UTD SO101,15,Robometer success,0.0035936026833951473
2d54a0612535c86396c7,UTD SO101,31,DT,-23.532756805419922
2d54a0612535c86396c7,UTD SO101,31,S1,-14.345376968383789
2d54a0612535c86396c7,UTD SO101,31,S3,-13.712411880493164
2d54a0612535c86396c7,UTD SO101,31,S5,-13.558688163757324
2d54a0612535c86396c7,UTD SO101,31,DT + S1,0.0014156495560855523
2d54a0612535c86396c7,UTD SO101,31,DT + S3,0.0019457612943181682
2d54a0612535c86396c7,UTD SO101,31,DT + S5,0.002037614958506288
2d54a0612535c86396c7,UTD SO101,31,DINOv2,0.8856642246246338
2d54a0612535c86396c7,UTD SO101,31,Robometer progress,0.45308244228363037
2d54a0612535c86396c7,UTD SO101,31,Robometer success,0.004755199886858463
2d54a0612535c86396c7,UTD SO101,47,DT,-6.107035160064697
2d54a0612535c86396c7,UTD SO101,47,S1,-13.161097526550293
2d54a0612535c86396c7,UTD SO101,47,S3,-12.57934856414795
2d54a0612535c86396c7,UTD SO101,47,S5,-12.37768268585205
2d54a0612535c86396c7,UTD SO101,47,DT + S1,0.015776290433580403
2d54a0612535c86396c7,UTD SO101,47,DT + S3,0.02086988917762417
2d54a0612535c86396c7,UTD SO101,47,DT + S5,0.022200659930281773
2d54a0612535c86396c7,UTD SO101,47,DINOv2,0.8986666202545166
2d54a0612535c86396c7,UTD SO101,47,Robometer progress,0.6098815202713013
2d54a0612535c86396c7,UTD SO101,47,Robometer success,0.05921025574207306
2d54a0612535c86396c7,UTD SO101,63,DT,-2.186753749847412
2d54a0612535c86396c7,UTD SO101,63,S1,-0.05029819905757904
2d54a0612535c86396c7,UTD SO101,63,S3,-0.1507067084312439
2d54a0612535c86396c7,UTD SO101,63,S5,-0.23824527859687805
2d54a0612535c86396c7,UTD SO101,63,DT + S1,0.868868987391348
2d54a0612535c86396c7,UTD SO101,63,DT + S3,0.8595608339712649
2d54a0612535c86396c7,UTD SO101,63,DT + S5,0.8495849292070907
2d54a0612535c86396c7,UTD SO101,63,DINOv2,1.0
2d54a0612535c86396c7,UTD SO101,63,Robometer progress,0.8699969053268433
2d54a0612535c86396c7,UTD SO101,63,Robometer success,0.8418256044387817
a078c19ccb0a2c0e04e2,UTD SO101,0,DT,-23.64086151123047
a078c19ccb0a2c0e04e2,UTD SO101,0,S1,-15.770730972290039
a078c19ccb0a2c0e04e2,UTD SO101,0,S3,
a078c19ccb0a2c0e04e2,UTD SO101,0,S5,
a078c19ccb0a2c0e04e2,UTD SO101,0,DT + S1,0.0007621233452425655
a078c19ccb0a2c0e04e2,UTD SO101,0,DT + S3,
a078c19ccb0a2c0e04e2,UTD SO101,0,DT + S5,
a078c19ccb0a2c0e04e2,UTD SO101,0,DINOv2,0.713933527469635
a078c19ccb0a2c0e04e2,UTD SO101,0,Robometer progress,0.19073748588562012
a078c19ccb0a2c0e04e2,UTD SO101,0,Robometer success,0.005554925184696913
a078c19ccb0a2c0e04e2,UTD SO101,4,DT,-22.5760440826416
a078c19ccb0a2c0e04e2,UTD SO101,4,S1,-15.608075141906738
a078c19ccb0a2c0e04e2,UTD SO101,4,S3,-15.03635311126709
a078c19ccb0a2c0e04e2,UTD SO101,4,S5,-14.883121490478516
a078c19ccb0a2c0e04e2,UTD SO101,4,DT + S1,0.0009184351459816476
a078c19ccb0a2c0e04e2,UTD SO101,4,DT + S3,0.0012392105106027484
a078c19ccb0a2c0e04e2,UTD SO101,4,DT + S5,0.0013004543303287992
a078c19ccb0a2c0e04e2,UTD SO101,4,DINOv2,0.7107152938842773
a078c19ccb0a2c0e04e2,UTD SO101,4,Robometer progress,0.17907482385635376
a078c19ccb0a2c0e04e2,UTD SO101,4,Robometer success,0.0059110685251653194
a078c19ccb0a2c0e04e2,UTD SO101,15,DT,-18.12464714050293
a078c19ccb0a2c0e04e2,UTD SO101,15,S1,-15.458428382873535
a078c19ccb0a2c0e04e2,UTD SO101,15,S3,-14.992420196533203
a078c19ccb0a2c0e04e2,UTD SO101,15,S5,-14.723390579223633
a078c19ccb0a2c0e04e2,UTD SO101,15,DT + S1,0.0015977496531721013
a078c19ccb0a2c0e04e2,UTD SO101,15,DT + S3,0.0020571991711796456
a078c19ccb0a2c0e04e2,UTD SO101,15,DT + S5,0.002265031359817079
a078c19ccb0a2c0e04e2,UTD SO101,15,DINOv2,0.7442359328269958
a078c19ccb0a2c0e04e2,UTD SO101,15,Robometer progress,0.1457502841949463
a078c19ccb0a2c0e04e2,UTD SO101,15,Robometer success,0.0064882696606218815
a078c19ccb0a2c0e04e2,UTD SO101,31,DT,-11.393841743469238
a078c19ccb0a2c0e04e2,UTD SO101,31,S1,-14.622941970825195
a078c19ccb0a2c0e04e2,UTD SO101,31,S3,-13.89815616607666
a078c19ccb0a2c0e04e2,UTD SO101,31,S5,-13.551605224609375
a078c19ccb0a2c0e04e2,UTD SO101,31,DT + S1,0.004775472997334255
a078c19ccb0a2c0e04e2,UTD SO101,31,DT + S3,0.0067984216244267506
a078c19ccb0a2c0e04e2,UTD SO101,31,DT + S5,0.0077085444489761006
a078c19ccb0a2c0e04e2,UTD SO101,31,DINOv2,0.7241425514221191
a078c19ccb0a2c0e04e2,UTD SO101,31,Robometer progress,0.5239975452423096
a078c19ccb0a2c0e04e2,UTD SO101,31,Robometer success,0.01590639166533947
a078c19ccb0a2c0e04e2,UTD SO101,47,DT,-4.740337371826172
a078c19ccb0a2c0e04e2,UTD SO101,47,S1,-13.012170791625977
a078c19ccb0a2c0e04e2,UTD SO101,47,S3,-12.424184799194336
a078c19ccb0a2c0e04e2,UTD SO101,47,S5,-12.028428077697754
a078c19ccb0a2c0e04e2,UTD SO101,47,DT + S1,0.01947005520229809
a078c19ccb0a2c0e04e2,UTD SO101,47,DT + S3,0.025758993041316795
a078c19ccb0a2c0e04e2,UTD SO101,47,DT + S5,0.029634115847286424
a078c19ccb0a2c0e04e2,UTD SO101,47,DINOv2,0.8300740718841553
a078c19ccb0a2c0e04e2,UTD SO101,47,Robometer progress,0.7940808534622192
a078c19ccb0a2c0e04e2,UTD SO101,47,Robometer success,0.7049732804298401
a078c19ccb0a2c0e04e2,UTD SO101,63,DT,-2.005995273590088
a078c19ccb0a2c0e04e2,UTD SO101,63,S1,-0.05677143111824989
a078c19ccb0a2c0e04e2,UTD SO101,63,S3,-0.1433432698249817
a078c19ccb0a2c0e04e2,UTD SO101,63,S5,-0.3579006791114807
a078c19ccb0a2c0e04e2,UTD SO101,63,DT + S1,0.8708115387336354
a078c19ccb0a2c0e04e2,UTD SO101,63,DT + S3,0.8623100537443874
a078c19ccb0a2c0e04e2,UTD SO101,63,DT + S5,0.8456746983252124
a078c19ccb0a2c0e04e2,UTD SO101,63,DINOv2,1.0
a078c19ccb0a2c0e04e2,UTD SO101,63,Robometer progress,0.9124423861503601
a078c19ccb0a2c0e04e2,UTD SO101,63,Robometer success,0.9702399373054504
3a6df3b456ed9a18fab4,UTD SO101,0,DT,-27.650644302368164
3a6df3b456ed9a18fab4,UTD SO101,0,S1,-15.800132751464844
3a6df3b456ed9a18fab4,UTD SO101,0,S3,
3a6df3b456ed9a18fab4,UTD SO101,0,S5,
3a6df3b456ed9a18fab4,UTD SO101,0,DT + S1,0.00048394956063512704
3a6df3b456ed9a18fab4,UTD SO101,0,DT + S3,
3a6df3b456ed9a18fab4,UTD SO101,0,DT + S5,
3a6df3b456ed9a18fab4,UTD SO101,0,DINOv2,0.851380467414856
3a6df3b456ed9a18fab4,UTD SO101,0,Robometer progress,0.07050316035747528
3a6df3b456ed9a18fab4,UTD SO101,0,Robometer success,0.0015487611526623368
3a6df3b456ed9a18fab4,UTD SO101,4,DT,-21.245744705200195
3a6df3b456ed9a18fab4,UTD SO101,4,S1,-15.25694751739502
3a6df3b456ed9a18fab4,UTD SO101,4,S3,-14.828742027282715
3a6df3b456ed9a18fab4,UTD SO101,4,S5,-14.74172592163086
3a6df3b456ed9a18fab4,UTD SO101,4,DT + S1,0.001234869621235074
3a6df3b456ed9a18fab4,UTD SO101,4,DT + S3,0.0015647045670741286
3a6df3b456ed9a18fab4,UTD SO101,4,DT + S5,0.0015964305230305477
3a6df3b456ed9a18fab4,UTD SO101,4,DINOv2,0.8548183441162109
3a6df3b456ed9a18fab4,UTD SO101,4,Robometer progress,0.09907824546098709
3a6df3b456ed9a18fab4,UTD SO101,4,Robometer success,0.0016484829830005765
3a6df3b456ed9a18fab4,UTD SO101,15,DT,-14.113035202026367
3a6df3b456ed9a18fab4,UTD SO101,15,S1,-14.498173713684082
3a6df3b456ed9a18fab4,UTD SO101,15,S3,-13.670199394226074
3a6df3b456ed9a18fab4,UTD SO101,15,S5,-13.285723686218262
3a6df3b456ed9a18fab4,UTD SO101,15,DT + S1,0.0037363514804522975
3a6df3b456ed9a18fab4,UTD SO101,15,DT + S3,0.005556738876855173
3a6df3b456ed9a18fab4,UTD SO101,15,DT + S5,0.006400507943089055
3a6df3b456ed9a18fab4,UTD SO101,15,DINOv2,0.676712155342102
3a6df3b456ed9a18fab4,UTD SO101,15,Robometer progress,0.14498046040534973
3a6df3b456ed9a18fab4,UTD SO101,15,Robometer success,0.002115703420713544
3a6df3b456ed9a18fab4,UTD SO101,31,DT,-6.857088088989258
3a6df3b456ed9a18fab4,UTD SO101,31,S1,-14.163680076599121
3a6df3b456ed9a18fab4,UTD SO101,31,S3,-13.526580810546875
3a6df3b456ed9a18fab4,UTD SO101,31,S5,-13.358469009399414
3a6df3b456ed9a18fab4,UTD SO101,31,DT + S1,0.009530854145833744
3a6df3b456ed9a18fab4,UTD SO101,31,DT + S3,0.013005122670771339
3a6df3b456ed9a18fab4,UTD SO101,31,DT + S5,0.0136742039294625
3a6df3b456ed9a18fab4,UTD SO101,31,DINOv2,0.9132610559463501
3a6df3b456ed9a18fab4,UTD SO101,31,Robometer progress,0.555252730846405
3a6df3b456ed9a18fab4,UTD SO101,31,Robometer success,0.01971912756562233
3a6df3b456ed9a18fab4,UTD SO101,47,DT,-4.202693939208984
3a6df3b456ed9a18fab4,UTD SO101,47,S1,-12.325541496276855
3a6df3b456ed9a18fab4,UTD SO101,47,S3,-11.431506156921387
3a6df3b456ed9a18fab4,UTD SO101,47,S5,-11.087363243103027
3a6df3b456ed9a18fab4,UTD SO101,47,DT + S1,0.027462395926530842
3a6df3b456ed9a18fab4,UTD SO101,47,DT + S3,0.040850288132151615
3a6df3b456ed9a18fab4,UTD SO101,47,DT + S5,0.04585087900096112
3a6df3b456ed9a18fab4,UTD SO101,47,DINOv2,0.9593015313148499
3a6df3b456ed9a18fab4,UTD SO101,47,Robometer progress,0.8424816727638245
3a6df3b456ed9a18fab4,UTD SO101,47,Robometer success,0.869714617729187
3a6df3b456ed9a18fab4,UTD SO101,63,DT,-2.1513142585754395
3a6df3b456ed9a18fab4,UTD SO101,63,S1,-0.055642690509557724
3a6df3b456ed9a18fab4,UTD SO101,63,S3,-0.04568789526820183
3a6df3b456ed9a18fab4,UTD SO101,63,S5,-0.06621457636356354
3a6df3b456ed9a18fab4,UTD SO101,63,DT + S1,0.8690540961744028
3a6df3b456ed9a18fab4,UTD SO101,63,DT + S3,0.8652651342045629
3a6df3b456ed9a18fab4,UTD SO101,63,DT + S5,0.8590371637453316
3a6df3b456ed9a18fab4,UTD SO101,63,DINOv2,1.0
3a6df3b456ed9a18fab4,UTD SO101,63,Robometer progress,0.9038565158843994
3a6df3b456ed9a18fab4,UTD SO101,63,Robometer success,0.9324532747268677
410f46b61ad6d367eb3b,UTD SO101,0,DT,-29.575435638427734
410f46b61ad6d367eb3b,UTD SO101,0,S1,-16.955589294433594
410f46b61ad6d367eb3b,UTD SO101,0,S3,
410f46b61ad6d367eb3b,UTD SO101,0,S5,
410f46b61ad6d367eb3b,UTD SO101,0,DT + S1,0.0002391919345306327
410f46b61ad6d367eb3b,UTD SO101,0,DT + S3,
410f46b61ad6d367eb3b,UTD SO101,0,DT + S5,
410f46b61ad6d367eb3b,UTD SO101,0,DINOv2,0.8191763162612915
410f46b61ad6d367eb3b,UTD SO101,0,Robometer progress,0.20250053703784943
410f46b61ad6d367eb3b,UTD SO101,0,Robometer success,0.00628990214318037
410f46b61ad6d367eb3b,UTD SO101,4,DT,-25.963085174560547
410f46b61ad6d367eb3b,UTD SO101,4,S1,-17.008134841918945
410f46b61ad6d367eb3b,UTD SO101,4,S3,-16.521142959594727
410f46b61ad6d367eb3b,UTD SO101,4,S5,-16.266542434692383
410f46b61ad6d367eb3b,UTD SO101,4,DT + S1,0.0003482126684243189
410f46b61ad6d367eb3b,UTD SO101,4,DT + S3,0.00045763622482536474
410f46b61ad6d367eb3b,UTD SO101,4,DT + S5,0.000502528418382829
410f46b61ad6d367eb3b,UTD SO101,4,DINOv2,0.8240469694137573
410f46b61ad6d367eb3b,UTD SO101,4,Robometer progress,0.21701517701148987
410f46b61ad6d367eb3b,UTD SO101,4,Robometer success,0.007815888151526451
410f46b61ad6d367eb3b,UTD SO101,15,DT,-28.973907470703125
410f46b61ad6d367eb3b,UTD SO101,15,S1,-16.60200309753418
410f46b61ad6d367eb3b,UTD SO101,15,S3,-16.102035522460938
410f46b61ad6d367eb3b,UTD SO101,15,S5,-15.750295639038086
410f46b61ad6d367eb3b,UTD SO101,15,DT + S1,0.0002971731471449422
410f46b61ad6d367eb3b,UTD SO101,15,DT + S3,0.00039212694725809295
410f46b61ad6d367eb3b,UTD SO101,15,DT + S5,0.00044822674491900373
410f46b61ad6d367eb3b,UTD SO101,15,DINOv2,0.8703308701515198
410f46b61ad6d367eb3b,UTD SO101,15,Robometer progress,0.6060358285903931
410f46b61ad6d367eb3b,UTD SO101,15,Robometer success,0.055005285888910294
410f46b61ad6d367eb3b,UTD SO101,31,DT,-34.8267822265625
410f46b61ad6d367eb3b,UTD SO101,31,S1,-16.24184226989746
410f46b61ad6d367eb3b,UTD SO101,31,S3,-15.948673248291016
410f46b61ad6d367eb3b,UTD SO101,31,S5,-15.90238094329834
410f46b61ad6d367eb3b,UTD SO101,31,DT + S1,0.00018183275213029567
410f46b61ad6d367eb3b,UTD SO101,31,DT + S3,0.00021987408231243432
410f46b61ad6d367eb3b,UTD SO101,31,DT + S5,0.00022117554349370303
410f46b61ad6d367eb3b,UTD SO101,31,DINOv2,0.8767327070236206
410f46b61ad6d367eb3b,UTD SO101,31,Robometer progress,0.7002032995223999
410f46b61ad6d367eb3b,UTD SO101,31,Robometer success,0.21601155400276184
410f46b61ad6d367eb3b,UTD SO101,47,DT,-7.622187614440918
410f46b61ad6d367eb3b,UTD SO101,47,S1,-16.49016571044922
410f46b61ad6d367eb3b,UTD SO101,47,S3,-15.982483863830566
410f46b61ad6d367eb3b,UTD SO101,47,S5,-15.792577743530273
410f46b61ad6d367eb3b,UTD SO101,47,DT + S1,0.0032679949610036926
410f46b61ad6d367eb3b,UTD SO101,47,DT + S3,0.004292045882503175
410f46b61ad6d367eb3b,UTD SO101,47,DT + S5,0.004576169641083407
410f46b61ad6d367eb3b,UTD SO101,47,DINOv2,0.8174151182174683
410f46b61ad6d367eb3b,UTD SO101,47,Robometer progress,0.810930609703064
410f46b61ad6d367eb3b,UTD SO101,47,Robometer success,0.6334102749824524
410f46b61ad6d367eb3b,UTD SO101,63,DT,-2.2563376426696777
410f46b61ad6d367eb3b,UTD SO101,63,S1,-0.07425804436206818
410f46b61ad6d367eb3b,UTD SO101,63,S3,-0.09961799532175064
410f46b61ad6d367eb3b,UTD SO101,63,S5,-0.2586613595485687
410f46b61ad6d367eb3b,UTD SO101,63,DT + S1,0.8668174406783274
410f46b61ad6d367eb3b,UTD SO101,63,DT + S3,0.8612241512500594
410f46b61ad6d367eb3b,UTD SO101,63,DT + S5,0.8475034583918329
410f46b61ad6d367eb3b,UTD SO101,63,DINOv2,1.0
410f46b61ad6d367eb3b,UTD SO101,63,Robometer progress,0.9090055227279663
410f46b61ad6d367eb3b,UTD SO101,63,Robometer success,0.9566342234611511
77af4507559b19303094,UTD SO101,0,DT,-36.643951416015625
77af4507559b19303094,UTD SO101,0,S1,-16.00493049621582
77af4507559b19303094,UTD SO101,0,S3,
77af4507559b19303094,UTD SO101,0,S5,
77af4507559b19303094,UTD SO101,0,DT + S1,0.0001646647853824335
77af4507559b19303094,UTD SO101,0,DT + S3,
77af4507559b19303094,UTD SO101,0,DT + S5,
77af4507559b19303094,UTD SO101,0,DINOv2,0.6159330606460571
77af4507559b19303094,UTD SO101,0,Robometer progress,0.2957218885421753
77af4507559b19303094,UTD SO101,0,Robometer success,0.02161533385515213
77af4507559b19303094,UTD SO101,4,DT,-32.71363067626953
77af4507559b19303094,UTD SO101,4,S1,-15.811117172241211
77af4507559b19303094,UTD SO101,4,S3,-15.479022026062012
77af4507559b19303094,UTD SO101,4,S5,-15.379995346069336
77af4507559b19303094,UTD SO101,4,DT + S1,0.0002757732893552209
77af4507559b19303094,UTD SO101,4,DT + S3,0.00033790676310032486
77af4507559b19303094,UTD SO101,4,DT + S5,0.00034716084412050825
77af4507559b19303094,UTD SO101,4,DINOv2,0.6404650211334229
77af4507559b19303094,UTD SO101,4,Robometer progress,0.26807719469070435
77af4507559b19303094,UTD SO101,4,Robometer success,0.014503579586744308
77af4507559b19303094,UTD SO101,15,DT,-33.54119110107422
77af4507559b19303094,UTD SO101,15,S1,-16.1929874420166
77af4507559b19303094,UTD SO101,15,S3,-15.598556518554688
77af4507559b19303094,UTD SO101,15,S5,-15.344260215759277
77af4507559b19303094,UTD SO101,15,DT + S1,0.000213911400624232
77af4507559b19303094,UTD SO101,15,DT + S3,0.0002934108063340719
77af4507559b19303094,UTD SO101,15,DT + S5,0.0003217870203525604
77af4507559b19303094,UTD SO101,15,DINOv2,0.6179108023643494
77af4507559b19303094,UTD SO101,15,Robometer progress,0.20695917308330536
77af4507559b19303094,UTD SO101,15,Robometer success,0.014503579586744308
77af4507559b19303094,UTD SO101,31,DT,-19.049856185913086
77af4507559b19303094,UTD SO101,31,S1,-15.941681861877441
77af4507559b19303094,UTD SO101,31,S3,-15.542120933532715
77af4507559b19303094,UTD SO101,31,S5,-15.391397476196289
77af4507559b19303094,UTD SO101,31,DT + S1,0.001174609584446114
77af4507559b19303094,UTD SO101,31,DT + S3,0.001475459923661082
77af4507559b19303094,UTD SO101,31,DT + S5,0.0015477744549595028
77af4507559b19303094,UTD SO101,31,DINOv2,0.6713594198226929
77af4507559b19303094,UTD SO101,31,Robometer progress,0.20013251900672913
77af4507559b19303094,UTD SO101,31,Robometer success,0.01590639166533947
77af4507559b19303094,UTD SO101,47,DT,-4.622611045837402
77af4507559b19303094,UTD SO101,47,S1,-15.193641662597656
77af4507559b19303094,UTD SO101,47,S3,-14.57905387878418
77af4507559b19303094,UTD SO101,47,S5,-14.601078033447266
77af4507559b19303094,UTD SO101,47,DT + S1,0.007870463667945431
77af4507559b19303094,UTD SO101,47,DT + S3,0.01070198712186693
77af4507559b19303094,UTD SO101,47,DT + S5,0.01041894837299695
77af4507559b19303094,UTD SO101,47,DINOv2,0.8640217781066895
77af4507559b19303094,UTD SO101,47,Robometer progress,0.5971982479095459
77af4507559b19303094,UTD SO101,47,Robometer success,0.2146914303302765
77af4507559b19303094,UTD SO101,63,DT,-2.2919063568115234
77af4507559b19303094,UTD SO101,63,S1,-0.053550444543361664
77af4507559b19303094,UTD SO101,63,S3,-0.11295504122972488
77af4507559b19303094,UTD SO101,63,S5,-0.19725139439105988
77af4507559b19303094,UTD SO101,63,DT + S1,0.8673836182285292
77af4507559b19303094,UTD SO101,63,DT + S3,0.8600823888958362
77af4507559b19303094,UTD SO101,63,DT + S5,0.8503023836799296
77af4507559b19303094,UTD SO101,63,DINOv2,1.0
77af4507559b19303094,UTD SO101,63,Robometer progress,0.8372655510902405
77af4507559b19303094,UTD SO101,63,Robometer success,0.8080672025680542
e5540d6ab7ba21c44ed6,UTD SO101,0,DT,-28.377185821533203
e5540d6ab7ba21c44ed6,UTD SO101,0,S1,-17.009279251098633
e5540d6ab7ba21c44ed6,UTD SO101,0,S3,
e5540d6ab7ba21c44ed6,UTD SO101,0,S5,
e5540d6ab7ba21c44ed6,UTD SO101,0,DT + S1,0.0002667683734066958
e5540d6ab7ba21c44ed6,UTD SO101,0,DT + S3,
e5540d6ab7ba21c44ed6,UTD SO101,0,DT + S5,
e5540d6ab7ba21c44ed6,UTD SO101,0,DINOv2,0.8806554079055786
e5540d6ab7ba21c44ed6,UTD SO101,0,Robometer progress,0.13593028485774994
e5540d6ab7ba21c44ed6,UTD SO101,0,Robometer success,0.0030753696337342262
e5540d6ab7ba21c44ed6,UTD SO101,4,DT,-27.34929847717285
e5540d6ab7ba21c44ed6,UTD SO101,4,S1,-16.960155487060547
e5540d6ab7ba21c44ed6,UTD SO101,4,S3,-16.607025146484375
e5540d6ab7ba21c44ed6,UTD SO101,4,S5,-16.477293014526367
e5540d6ab7ba21c44ed6,UTD SO101,4,DT + S1,0.00030507746465450905
e5540d6ab7ba21c44ed6,UTD SO101,4,DT + S3,0.00037905277762036247
e5540d6ab7ba21c44ed6,UTD SO101,4,DT + S5,0.00039512744949394093
e5540d6ab7ba21c44ed6,UTD SO101,4,DINOv2,0.8846362829208374
e5540d6ab7ba21c44ed6,UTD SO101,4,Robometer progress,0.1539289951324463
e5540d6ab7ba21c44ed6,UTD SO101,4,Robometer success,0.005060331895947456
e5540d6ab7ba21c44ed6,UTD SO101,15,DT,-18.299571990966797
e5540d6ab7ba21c44ed6,UTD SO101,15,S1,-16.688478469848633
e5540d6ab7ba21c44ed6,UTD SO101,15,S3,-16.266250610351562
e5540d6ab7ba21c44ed6,UTD SO101,15,S5,-16.09609603881836
e5540d6ab7ba21c44ed6,UTD SO101,15,DT + S1,0.000928040025303744
e5540d6ab7ba21c44ed6,UTD SO101,15,DT + S3,0.0011818166120136642
e5540d6ab7ba21c44ed6,UTD SO101,15,DT + S5,0.001251423244119281
e5540d6ab7ba21c44ed6,UTD SO101,15,DINOv2,0.8783833980560303
e5540d6ab7ba21c44ed6,UTD SO101,15,Robometer progress,0.136588454246521
e5540d6ab7ba21c44ed6,UTD SO101,15,Robometer success,0.0033766122069209814
e5540d6ab7ba21c44ed6,UTD SO101,31,DT,-9.57790756225586
e5540d6ab7ba21c44ed6,UTD SO101,31,S1,-16.749343872070312
e5540d6ab7ba21c44ed6,UTD SO101,31,S3,-16.17232322692871
e5540d6ab7ba21c44ed6,UTD SO101,31,S5,-16.069318771362305
e5540d6ab7ba21c44ed6,UTD SO101,31,DT + S1,0.0023608492852063593
e5540d6ab7ba21c44ed6,UTD SO101,31,DT + S3,0.0031996943344700414
e5540d6ab7ba21c44ed6,UTD SO101,31,DT + S5,0.0032916906412961766
e5540d6ab7ba21c44ed6,UTD SO101,31,DINOv2,0.8604553937911987
e5540d6ab7ba21c44ed6,UTD SO101,31,Robometer progress,0.1584467738866806
e5540d6ab7ba21c44ed6,UTD SO101,31,Robometer success,0.007345826830714941
e5540d6ab7ba21c44ed6,UTD SO101,47,DT,-4.315985679626465
e5540d6ab7ba21c44ed6,UTD SO101,47,S1,-16.761110305786133
e5540d6ab7ba21c44ed6,UTD SO101,47,S3,-16.359344482421875
e5540d6ab7ba21c44ed6,UTD SO101,47,S5,-16.188936233520508
e5540d6ab7ba21c44ed6,UTD SO101,47,DT + S1,0.0041871351137031535
e5540d6ab7ba21c44ed6,UTD SO101,47,DT + S3,0.005262361266724202
e5540d6ab7ba21c44ed6,UTD SO101,47,DT + S5,0.005567492728370313
e5540d6ab7ba21c44ed6,UTD SO101,47,DINOv2,0.8421345949172974
e5540d6ab7ba21c44ed6,UTD SO101,47,Robometer progress,0.5339948534965515
e5540d6ab7ba21c44ed6,UTD SO101,47,Robometer success,0.06754669547080994
e5540d6ab7ba21c44ed6,UTD SO101,63,DT,-2.0814290046691895
e5540d6ab7ba21c44ed6,UTD SO101,63,S1,-0.059019699692726135
e5540d6ab7ba21c44ed6,UTD SO101,63,S3,-0.10106544196605682
e5540d6ab7ba21c44ed6,UTD SO101,63,S5,-0.2461058795452118
e5540d6ab7ba21c44ed6,UTD SO101,63,DT + S1,0.8697649112244266
e5540d6ab7ba21c44ed6,UTD SO101,63,DT + S3,0.8634338471063653
e5540d6ab7ba21c44ed6,UTD SO101,63,DT + S5,0.850639349278893
e5540d6ab7ba21c44ed6,UTD SO101,63,DINOv2,1.0
e5540d6ab7ba21c44ed6,UTD SO101,63,Robometer progress,0.5021929144859314
e5540d6ab7ba21c44ed6,UTD SO101,63,Robometer success,0.20055769383907318
4411a2fb8c2c5424465c,UTD SO101,0,DT,-26.374942779541016
4411a2fb8c2c5424465c,UTD SO101,0,S1,-16.49128532409668
4411a2fb8c2c5424465c,UTD SO101,0,S3,
4411a2fb8c2c5424465c,UTD SO101,0,S5,
4411a2fb8c2c5424465c,UTD SO101,0,DT + S1,0.0004148100511804301
4411a2fb8c2c5424465c,UTD SO101,0,DT + S3,
4411a2fb8c2c5424465c,UTD SO101,0,DT + S5,
4411a2fb8c2c5424465c,UTD SO101,0,DINOv2,0.6099033951759338
4411a2fb8c2c5424465c,UTD SO101,0,Robometer progress,0.11191093921661377
4411a2fb8c2c5424465c,UTD SO101,0,Robometer success,0.0020507434383034706
4411a2fb8c2c5424465c,UTD SO101,4,DT,-29.53756332397461
4411a2fb8c2c5424465c,UTD SO101,4,S1,-16.452333450317383
4411a2fb8c2c5424465c,UTD SO101,4,S3,-16.016036987304688
4411a2fb8c2c5424465c,UTD SO101,4,S5,-15.863776206970215
4411a2fb8c2c5424465c,UTD SO101,4,DT + S1,0.0002976868720778508
4411a2fb8c2c5424465c,UTD SO101,4,DT + S3,0.00038215746696871613
4411a2fb8c2c5424465c,UTD SO101,4,DT + S5,0.00040177512183167723
4411a2fb8c2c5424465c,UTD SO101,4,DINOv2,0.5754249095916748
4411a2fb8c2c5424465c,UTD SO101,4,Robometer progress,0.13196396827697754
4411a2fb8c2c5424465c,UTD SO101,4,Robometer success,0.0028009270317852497
4411a2fb8c2c5424465c,UTD SO101,15,DT,-24.01091766357422
4411a2fb8c2c5424465c,UTD SO101,15,S1,-16.438961029052734
4411a2fb8c2c5424465c,UTD SO101,15,S3,-15.900062561035156
4411a2fb8c2c5424465c,UTD SO101,15,S5,-15.684806823730469
4411a2fb8c2c5424465c,UTD SO101,15,DT + S1,0.0005503264090750113
4411a2fb8c2c5424465c,UTD SO101,15,DT + S3,0.0007363078717038871
4411a2fb8c2c5424465c,UTD SO101,15,DT + S5,0.0007943318497972834
4411a2fb8c2c5424465c,UTD SO101,15,DINOv2,0.6077553033828735
4411a2fb8c2c5424465c,UTD SO101,15,Robometer progress,0.11250098049640656
4411a2fb8c2c5424465c,UTD SO101,15,Robometer success,0.0030753696337342262
4411a2fb8c2c5424465c,UTD SO101,31,DT,-25.294919967651367
4411a2fb8c2c5424465c,UTD SO101,31,S1,-16.377090454101562
4411a2fb8c2c5424465c,UTD SO101,31,S3,-16.00432777404785
4411a2fb8c2c5424465c,UTD SO101,31,S5,-15.824928283691406
4411a2fb8c2c5424465c,UTD SO101,31,DT + S1,0.0004905215028320248
4411a2fb8c2c5424465c,UTD SO101,31,DT + S3,0.00061203744881425
4411a2fb8c2c5424465c,UTD SO101,31,DT + S5,0.0006506104438512223
4411a2fb8c2c5424465c,UTD SO101,31,DINOv2,0.6072851419448853
4411a2fb8c2c5424465c,UTD SO101,31,Robometer progress,0.6179821491241455
4411a2fb8c2c5424465c,UTD SO101,31,Robometer success,0.031618766486644745
4411a2fb8c2c5424465c,UTD SO101,47,DT,-5.073497295379639
4411a2fb8c2c5424465c,UTD SO101,47,S1,-15.556349754333496
4411a2fb8c2c5424465c,UTD SO101,47,S3,-14.954771995544434
4411a2fb8c2c5424465c,UTD SO101,47,S5,-14.967588424682617
4411a2fb8c2c5424465c,UTD SO101,47,DT + S1,0.006424865419477308
4411a2fb8c2c5424465c,UTD SO101,47,DT + S3,0.008712928760778886
4411a2fb8c2c5424465c,UTD SO101,47,DT + S5,0.008520424364114666
4411a2fb8c2c5424465c,UTD SO101,47,DINOv2,0.7893190383911133
4411a2fb8c2c5424465c,UTD SO101,47,Robometer progress,0.8091240525245667
4411a2fb8c2c5424465c,UTD SO101,47,Robometer success,0.8140527606010437
4411a2fb8c2c5424465c,UTD SO101,63,DT,-2.4709930419921875
4411a2fb8c2c5424465c,UTD SO101,63,S1,-0.0500725619494915
4411a2fb8c2c5424465c,UTD SO101,63,S3,-0.10519160330295563
4411a2fb8c2c5424465c,UTD SO101,63,S5,-0.1888730823993683
4411a2fb8c2c5424465c,UTD SO101,63,DT + S1,0.8652700719708842
4411a2fb8c2c5424465c,UTD SO101,63,DT + S3,0.858095274288327
4411a2fb8c2c5424465c,UTD SO101,63,DT + S5,0.8482337602395638
4411a2fb8c2c5424465c,UTD SO101,63,DINOv2,1.0
4411a2fb8c2c5424465c,UTD SO101,63,Robometer progress,0.8088715672492981
4411a2fb8c2c5424465c,UTD SO101,63,Robometer success,0.7476159334182739
0db5dfdfc68e9ee9c3b7,USC xArm,0,DT,-11.384190559387207
0db5dfdfc68e9ee9c3b7,USC xArm,0,S1,-11.993966102600098
0db5dfdfc68e9ee9c3b7,USC xArm,0,S3,
0db5dfdfc68e9ee9c3b7,USC xArm,0,S5,
0db5dfdfc68e9ee9c3b7,USC xArm,0,DT + S1,0.01452808685924577
0db5dfdfc68e9ee9c3b7,USC xArm,0,DT + S3,
0db5dfdfc68e9ee9c3b7,USC xArm,0,DT + S5,
0db5dfdfc68e9ee9c3b7,USC xArm,0,DINOv2,0.7979288101196289
0db5dfdfc68e9ee9c3b7,USC xArm,0,Robometer progress,0.142380952835083
0db5dfdfc68e9ee9c3b7,USC xArm,0,Robometer success,0.0013250223128125072
0db5dfdfc68e9ee9c3b7,USC xArm,4,DT,-13.179712295532227
0db5dfdfc68e9ee9c3b7,USC xArm,4,S1,-11.788580894470215
0db5dfdfc68e9ee9c3b7,USC xArm,4,S3,-11.365574836730957
0db5dfdfc68e9ee9c3b7,USC xArm,4,S5,-11.336480140686035
0db5dfdfc68e9ee9c3b7,USC xArm,4,DT + S1,0.01303120553836274
0db5dfdfc68e9ee9c3b7,USC xArm,4,DT + S3,0.016064267132068474
0db5dfdfc68e9ee9c3b7,USC xArm,4,DT + S5,0.015894049999919502
0db5dfdfc68e9ee9c3b7,USC xArm,4,DINOv2,0.768868088722229
0db5dfdfc68e9ee9c3b7,USC xArm,4,Robometer progress,0.14712509512901306
0db5dfdfc68e9ee9c3b7,USC xArm,4,Robometer success,0.0013670255430042744
0db5dfdfc68e9ee9c3b7,USC xArm,15,DT,-12.58060073852539
0db5dfdfc68e9ee9c3b7,USC xArm,15,S1,-11.755691528320312
0db5dfdfc68e9ee9c3b7,USC xArm,15,S3,-11.288966178894043
0db5dfdfc68e9ee9c3b7,USC xArm,15,S5,-11.08574390411377
0db5dfdfc68e9ee9c3b7,USC xArm,15,DT + S1,0.014101911825080611
0db5dfdfc68e9ee9c3b7,USC xArm,15,DT + S3,0.017690316696775028
0db5dfdfc68e9ee9c3b7,USC xArm,15,DT + S5,0.01879968427682977
0db5dfdfc68e9ee9c3b7,USC xArm,15,DINOv2,0.8463119268417358
0db5dfdfc68e9ee9c3b7,USC xArm,15,Robometer progress,0.13984118402004242
0db5dfdfc68e9ee9c3b7,USC xArm,15,Robometer success,0.0019267346942797303
0db5dfdfc68e9ee9c3b7,USC xArm,31,DT,-13.279650688171387
0db5dfdfc68e9ee9c3b7,USC xArm,31,S1,-13.631908416748047
0db5dfdfc68e9ee9c3b7,USC xArm,31,S3,-12.140288352966309
0db5dfdfc68e9ee9c3b7,USC xArm,31,S5,-11.909125328063965
0db5dfdfc68e9ee9c3b7,USC xArm,31,DT + S1,0.005913622776456486
0db5dfdfc68e9ee9c3b7,USC xArm,31,DT + S3,0.011522142143663656
0db5dfdfc68e9ee9c3b7,USC xArm,31,DT + S5,0.012411026245607843
0db5dfdfc68e9ee9c3b7,USC xArm,31,DINOv2,0.8618309497833252
0db5dfdfc68e9ee9c3b7,USC xArm,31,Robometer progress,0.46929267048835754
0db5dfdfc68e9ee9c3b7,USC xArm,31,Robometer success,0.008061991073191166
0db5dfdfc68e9ee9c3b7,USC xArm,47,DT,-4.339053153991699
0db5dfdfc68e9ee9c3b7,USC xArm,47,S1,-11.744868278503418
0db5dfdfc68e9ee9c3b7,USC xArm,47,S3,-10.822042465209961
0db5dfdfc68e9ee9c3b7,USC xArm,47,S5,-10.577862739562988
0db5dfdfc68e9ee9c3b7,USC xArm,47,DT + S1,0.03440859065868275
0db5dfdfc68e9ee9c3b7,USC xArm,47,DT + S3,0.05143183764531522
0db5dfdfc68e9ee9c3b7,USC xArm,47,DT + S5,0.055360241131464566
0db5dfdfc68e9ee9c3b7,USC xArm,47,DINOv2,0.794573187828064
0db5dfdfc68e9ee9c3b7,USC xArm,47,Robometer progress,0.6446429491043091
0db5dfdfc68e9ee9c3b7,USC xArm,47,Robometer success,0.04023794084787369
0db5dfdfc68e9ee9c3b7,USC xArm,63,DT,-2.3932318687438965
0db5dfdfc68e9ee9c3b7,USC xArm,63,S1,-0.058100808411836624
0db5dfdfc68e9ee9c3b7,USC xArm,63,S3,-0.11622220277786255
0db5dfdfc68e9ee9c3b7,USC xArm,63,S5,-0.20932260155677795
0db5dfdfc68e9ee9c3b7,USC xArm,63,DT + S1,0.8658686943670441
0db5dfdfc68e9ee9c3b7,USC xArm,63,DT + S3,0.8585701067471742
0db5dfdfc68e9ee9c3b7,USC xArm,63,DT + S5,0.8482303324283459
0db5dfdfc68e9ee9c3b7,USC xArm,63,DINOv2,1.0
0db5dfdfc68e9ee9c3b7,USC xArm,63,Robometer progress,0.8931409120559692
0db5dfdfc68e9ee9c3b7,USC xArm,63,Robometer success,0.9653811454772949
cf8a8e033889361c6172,USC xArm,0,DT,-29.38329315185547
cf8a8e033889361c6172,USC xArm,0,S1,-14.140481948852539
cf8a8e033889361c6172,USC xArm,0,S3,
cf8a8e033889361c6172,USC xArm,0,S5,
cf8a8e033889361c6172,USC xArm,0,DT + S1,0.000811298213433225
cf8a8e033889361c6172,USC xArm,0,DT + S3,
cf8a8e033889361c6172,USC xArm,0,DT + S5,
cf8a8e033889361c6172,USC xArm,0,DINOv2,0.7142844200134277
cf8a8e033889361c6172,USC xArm,0,Robometer progress,0.5861374735832214
cf8a8e033889361c6172,USC xArm,0,Robometer success,0.1225232183933258
cf8a8e033889361c6172,USC xArm,4,DT,-30.721866607666016
cf8a8e033889361c6172,USC xArm,4,S1,-13.942729949951172
cf8a8e033889361c6172,USC xArm,4,S3,-13.703886985778809
cf8a8e033889361c6172,USC xArm,4,S5,-13.696273803710938
cf8a8e033889361c6172,USC xArm,4,DT + S1,0.0007616818595374735
cf8a8e033889361c6172,USC xArm,4,DT + S3,0.0008871163269779589
cf8a8e033889361c6172,USC xArm,4,DT + S5,0.0008743141034122697
cf8a8e033889361c6172,USC xArm,4,DINOv2,0.7103684544563293
cf8a8e033889361c6172,USC xArm,4,Robometer progress,0.6256179809570312
cf8a8e033889361c6172,USC xArm,4,Robometer success,0.15304215252399445
cf8a8e033889361c6172,USC xArm,15,DT,-22.818378448486328
cf8a8e033889361c6172,USC xArm,15,S1,-13.055388450622559
cf8a8e033889361c6172,USC xArm,15,S3,-12.72582721710205
cf8a8e033889361c6172,USC xArm,15,S5,-12.663427352905273
cf8a8e033889361c6172,USC xArm,15,DT + S1,0.0026519870092388785
cf8a8e033889361c6172,USC xArm,15,DT + S3,0.0031836012148693175
cf8a8e033889361c6172,USC xArm,15,DT + S5,0.0032032127927460333
cf8a8e033889361c6172,USC xArm,15,DINOv2,0.7109711766242981
cf8a8e033889361c6172,USC xArm,15,Robometer progress,0.4913712441921234
cf8a8e033889361c6172,USC xArm,15,Robometer success,0.07263670116662979
cf8a8e033889361c6172,USC xArm,31,DT,-20.91352081298828
cf8a8e033889361c6172,USC xArm,31,S1,-12.69803524017334
cf8a8e033889361c6172,USC xArm,31,S3,-12.32104778289795
cf8a8e033889361c6172,USC xArm,31,S5,-12.114739418029785
cf8a8e033889361c6172,USC xArm,31,DT + S1,0.0038056539754387966
cf8a8e033889361c6172,USC xArm,31,DT + S3,0.004646860408106727
cf8a8e033889361c6172,USC xArm,31,DT + S5,0.0049604132535869235
cf8a8e033889361c6172,USC xArm,31,DINOv2,0.754453182220459
cf8a8e033889361c6172,USC xArm,31,Robometer progress,0.5947117805480957
cf8a8e033889361c6172,USC xArm,31,Robometer success,0.13568955659866333
cf8a8e033889361c6172,USC xArm,47,DT,-3.685407876968384
cf8a8e033889361c6172,USC xArm,47,S1,-11.159682273864746
cf8a8e033889361c6172,USC xArm,47,S3,-10.463349342346191
cf8a8e033889361c6172,USC xArm,47,S5,-10.43580436706543
cf8a8e033889361c6172,USC xArm,47,DT + S1,0.04685107882069829
cf8a8e033889361c6172,USC xArm,47,DT + S3,0.06345027083518585
cf8a8e033889361c6172,USC xArm,47,DT + S5,0.06264185171778869
cf8a8e033889361c6172,USC xArm,47,DINOv2,0.8846293091773987
cf8a8e033889361c6172,USC xArm,47,Robometer progress,0.7943969964981079
cf8a8e033889361c6172,USC xArm,47,Robometer success,0.6233768463134766
cf8a8e033889361c6172,USC xArm,63,DT,-1.7985905408859253
cf8a8e033889361c6172,USC xArm,63,S1,-0.07541623711585999
cf8a8e033889361c6172,USC xArm,63,S3,-0.09805899858474731
cf8a8e033889361c6172,USC xArm,63,S5,-0.21227622032165527
cf8a8e033889361c6172,USC xArm,63,DT + S1,0.8724788060437492
cf8a8e033889361c6172,USC xArm,63,DT + S3,0.8672036242052857
cf8a8e033889361c6172,USC xArm,63,DT + S5,0.8562963483381137
cf8a8e033889361c6172,USC xArm,63,DINOv2,1.0
cf8a8e033889361c6172,USC xArm,63,Robometer progress,0.8553478121757507
cf8a8e033889361c6172,USC xArm,63,Robometer success,0.7648916244506836
2778bccb75ac95d73c01,USC xArm,0,DT,-17.250286102294922
2778bccb75ac95d73c01,USC xArm,0,S1,-11.806878089904785
2778bccb75ac95d73c01,USC xArm,0,S3,
2778bccb75ac95d73c01,USC xArm,0,S5,
2778bccb75ac95d73c01,USC xArm,0,DT + S1,0.00829592796904172
2778bccb75ac95d73c01,USC xArm,0,DT + S3,
2778bccb75ac95d73c01,USC xArm,0,DT + S5,
2778bccb75ac95d73c01,USC xArm,0,DINOv2,0.624502956867218
2778bccb75ac95d73c01,USC xArm,0,Robometer progress,0.15426352620124817
2778bccb75ac95d73c01,USC xArm,0,Robometer success,0.005554925184696913
2778bccb75ac95d73c01,USC xArm,4,DT,-17.20240020751953
2778bccb75ac95d73c01,USC xArm,4,S1,-11.478538513183594
2778bccb75ac95d73c01,USC xArm,4,S3,-10.987236976623535
2778bccb75ac95d73c01,USC xArm,4,S5,-10.78942584991455
2778bccb75ac95d73c01,USC xArm,4,DT + S1,0.009581137006085129
2778bccb75ac95d73c01,USC xArm,4,DT + S3,0.01215392888828283
2778bccb75ac95d73c01,USC xArm,4,DT + S5,0.012888756489417095
2778bccb75ac95d73c01,USC xArm,4,DINOv2,0.6508843898773193
2778bccb75ac95d73c01,USC xArm,4,Robometer progress,0.2835589051246643
2778bccb75ac95d73c01,USC xArm,4,Robometer success,0.01590639166533947
2778bccb75ac95d73c01,USC xArm,15,DT,-17.490367889404297
2778bccb75ac95d73c01,USC xArm,15,S1,-11.52216911315918
2778bccb75ac95d73c01,USC xArm,15,S3,-11.077004432678223
2778bccb75ac95d73c01,USC xArm,15,S5,-10.846687316894531
2778bccb75ac95d73c01,USC xArm,15,DT + S1,0.009115017297317327
2778bccb75ac95d73c01,USC xArm,15,DT + S3,0.011348119505015372
2778bccb75ac95d73c01,USC xArm,15,DT + S5,0.012199971013062675
2778bccb75ac95d73c01,USC xArm,15,DINOv2,0.7658939361572266
2778bccb75ac95d73c01,USC xArm,15,Robometer progress,0.4403826892375946
2778bccb75ac95d73c01,USC xArm,15,Robometer success,0.017442485317587852
2778bccb75ac95d73c01,USC xArm,31,DT,-18.535987854003906
2778bccb75ac95d73c01,USC xArm,31,S1,-11.330453872680664
2778bccb75ac95d73c01,USC xArm,31,S3,-10.649995803833008
2778bccb75ac95d73c01,USC xArm,31,S5,-10.544510841369629
2778bccb75ac95d73c01,USC xArm,31,DT + S1,0.008817817331234523
2778bccb75ac95d73c01,USC xArm,31,DT + S3,0.01209797153100022
2778bccb75ac95d73c01,USC xArm,31,DT + S5,0.01234243687709535
2778bccb75ac95d73c01,USC xArm,31,DINOv2,0.794277548789978
2778bccb75ac95d73c01,USC xArm,31,Robometer progress,0.6632179021835327
2778bccb75ac95d73c01,USC xArm,31,Robometer success,0.1233656257390976
2778bccb75ac95d73c01,USC xArm,47,DT,-12.001008033752441
2778bccb75ac95d73c01,USC xArm,47,S1,-10.766737937927246
2778bccb75ac95d73c01,USC xArm,47,S3,-10.185644149780273
2778bccb75ac95d73c01,USC xArm,47,S5,-9.808267593383789
2778bccb75ac95d73c01,USC xArm,47,DT + S1,0.022719707953077508
2778bccb75ac95d73c01,USC xArm,47,DT + S3,0.02962724707071322
2778bccb75ac95d73c01,USC xArm,47,DT + S5,0.03369713353573526
2778bccb75ac95d73c01,USC xArm,47,DINOv2,0.7777764797210693
2778bccb75ac95d73c01,USC xArm,47,Robometer progress,0.7235097289085388
2778bccb75ac95d73c01,USC xArm,47,Robometer success,0.3711366057395935
2778bccb75ac95d73c01,USC xArm,63,DT,-1.9580163955688477
2778bccb75ac95d73c01,USC xArm,63,S1,-0.06583189964294434
2778bccb75ac95d73c01,USC xArm,63,S3,-0.08199316263198853
2778bccb75ac95d73c01,USC xArm,63,S5,-0.3051392436027527
2778bccb75ac95d73c01,USC xArm,63,DT + S1,0.8709714751932004
2778bccb75ac95d73c01,USC xArm,63,DT + S3,0.8659594260466763
2778bccb75ac95d73c01,USC xArm,63,DT + S5,0.84921363888908
2778bccb75ac95d73c01,USC xArm,63,DINOv2,1.0
2778bccb75ac95d73c01,USC xArm,63,Robometer progress,0.8544402122497559
2778bccb75ac95d73c01,USC xArm,63,Robometer success,0.8887587189674377
838bba447445fc5c7c25,USC xArm,0,DT,-17.284709930419922
838bba447445fc5c7c25,USC xArm,0,S1,-10.61648941040039
838bba447445fc5c7c25,USC xArm,0,S3,
838bba447445fc5c7c25,USC xArm,0,S5,
838bba447445fc5c7c25,USC xArm,0,DT + S1,0.013657703842747634
838bba447445fc5c7c25,USC xArm,0,DT + S3,
838bba447445fc5c7c25,USC xArm,0,DT + S5,
838bba447445fc5c7c25,USC xArm,0,DINOv2,0.8632762432098389
838bba447445fc5c7c25,USC xArm,0,Robometer progress,0.13238471746444702
838bba447445fc5c7c25,USC xArm,0,Robometer success,0.0033766122069209814
838bba447445fc5c7c25,USC xArm,4,DT,-18.2718505859375
838bba447445fc5c7c25,USC xArm,4,S1,-10.69072151184082
838bba447445fc5c7c25,USC xArm,4,S3,-10.352213859558105
838bba447445fc5c7c25,USC xArm,4,S5,-10.209806442260742
838bba447445fc5c7c25,USC xArm,4,DT + S1,0.011889455611163453
838bba447445fc5c7c25,USC xArm,4,DT + S3,0.014088192990727196
838bba447445fc5c7c25,USC xArm,4,DT + S5,0.01458523369904681
838bba447445fc5c7c25,USC xArm,4,DINOv2,0.8777574300765991
838bba447445fc5c7c25,USC xArm,4,Robometer progress,0.15417514741420746
838bba447445fc5c7c25,USC xArm,4,Robometer success,0.002889581024646759
838bba447445fc5c7c25,USC xArm,15,DT,-9.835655212402344
838bba447445fc5c7c25,USC xArm,15,S1,-10.673269271850586
838bba447445fc5c7c25,USC xArm,15,S3,-10.023386001586914
838bba447445fc5c7c25,USC xArm,15,S5,-9.85398006439209
838bba447445fc5c7c25,USC xArm,15,DT + S1,0.02979816110634627
838bba447445fc5c7c25,USC xArm,15,DT + S3,0.03982017120447043
838bba447445fc5c7c25,USC xArm,15,DT + S5,0.04159126317171213
838bba447445fc5c7c25,USC xArm,15,DINOv2,0.7341126203536987
838bba447445fc5c7c25,USC xArm,15,Robometer progress,0.3833506107330322
838bba447445fc5c7c25,USC xArm,15,Robometer success,0.0059110685251653194
838bba447445fc5c7c25,USC xArm,31,DT,-9.063119888305664
838bba447445fc5c7c25,USC xArm,31,S1,-10.809122085571289
838bba447445fc5c7c25,USC xArm,31,S3,-10.199915885925293
838bba447445fc5c7c25,USC xArm,31,S5,-9.951641082763672
838bba447445fc5c7c25,USC xArm,31,DT + S1,0.030594170608249448
838bba447445fc5c7c25,USC xArm,31,DT + S3,0.040228555011574095
838bba447445fc5c7c25,USC xArm,31,DT + S5,0.04337829828437245
838bba447445fc5c7c25,USC xArm,31,DINOv2,0.7761130332946777
838bba447445fc5c7c25,USC xArm,31,Robometer progress,0.4245794415473938
838bba447445fc5c7c25,USC xArm,31,Robometer success,0.005730246659368277
838bba447445fc5c7c25,USC xArm,47,DT,-3.624213933944702
838bba447445fc5c7c25,USC xArm,47,S1,-8.153480529785156
838bba447445fc5c7c25,USC xArm,47,S3,-7.6415486335754395
838bba447445fc5c7c25,USC xArm,47,S5,-7.5323896408081055
838bba447445fc5c7c25,USC xArm,47,DT + S1,0.1513855366304099
838bba447445fc5c7c25,USC xArm,47,DT + S3,0.18272549791677828
838bba447445fc5c7c25,USC xArm,47,DT + S5,0.18505100743142386
838bba447445fc5c7c25,USC xArm,47,DINOv2,0.8613849878311157
838bba447445fc5c7c25,USC xArm,47,Robometer progress,0.7109151482582092
838bba447445fc5c7c25,USC xArm,47,Robometer success,0.3242354094982147
838bba447445fc5c7c25,USC xArm,63,DT,-2.064974784851074
838bba447445fc5c7c25,USC xArm,63,S1,-0.05924224108457565
838bba447445fc5c7c25,USC xArm,63,S3,-0.09515980631113052
838bba447445fc5c7c25,USC xArm,63,S5,-0.16136974096298218
838bba447445fc5c7c25,USC xArm,63,DT + S1,0.8699594235746997
838bba447445fc5c7c25,USC xArm,63,DT + S3,0.8639392726830813
838bba447445fc5c7c25,USC xArm,63,DT + S5,0.8553177090848672
838bba447445fc5c7c25,USC xArm,63,DINOv2,1.0000001192092896
838bba447445fc5c7c25,USC xArm,63,Robometer progress,0.85129714012146
838bba447445fc5c7c25,USC xArm,63,Robometer success,0.869714617729187
aeb1a3aa85990f74cd61,USC xArm,0,DT,-27.50928497314453
aeb1a3aa85990f74cd61,USC xArm,0,S1,-12.03466510772705
aeb1a3aa85990f74cd61,USC xArm,0,S3,
aeb1a3aa85990f74cd61,USC xArm,0,S5,
aeb1a3aa85990f74cd61,USC xArm,0,DT + S1,0.0024448363583443023
aeb1a3aa85990f74cd61,USC xArm,0,DT + S3,
aeb1a3aa85990f74cd61,USC xArm,0,DT + S5,
aeb1a3aa85990f74cd61,USC xArm,0,DINOv2,0.6411758065223694
aeb1a3aa85990f74cd61,USC xArm,0,Robometer progress,0.13651949167251587
aeb1a3aa85990f74cd61,USC xArm,0,Robometer success,0.0019267346942797303
aeb1a3aa85990f74cd61,USC xArm,4,DT,-26.66873550415039
aeb1a3aa85990f74cd61,USC xArm,4,S1,-12.021465301513672
aeb1a3aa85990f74cd61,USC xArm,4,S3,-11.557064056396484
aeb1a3aa85990f74cd61,USC xArm,4,S5,-11.424751281738281
aeb1a3aa85990f74cd61,USC xArm,4,DT + S1,0.0026965735269083423
aeb1a3aa85990f74cd61,USC xArm,4,DT + S3,0.0034088488910315813
aeb1a3aa85990f74cd61,USC xArm,4,DT + S5,0.0035250093124835173
aeb1a3aa85990f74cd61,USC xArm,4,DINOv2,0.6651756763458252
aeb1a3aa85990f74cd61,USC xArm,4,Robometer progress,0.14749152958393097
aeb1a3aa85990f74cd61,USC xArm,4,Robometer success,0.0020507434383034706
aeb1a3aa85990f74cd61,USC xArm,15,DT,-8.17721176147461
aeb1a3aa85990f74cd61,USC xArm,15,S1,-12.230652809143066
aeb1a3aa85990f74cd61,USC xArm,15,S3,-11.280479431152344
aeb1a3aa85990f74cd61,USC xArm,15,S5,-10.724486351013184
aeb1a3aa85990f74cd61,USC xArm,15,DT + S1,0.018622335373432046
aeb1a3aa85990f74cd61,USC xArm,15,DT + S3,0.02848750861808098
aeb1a3aa85990f74cd61,USC xArm,15,DT + S5,0.03489354440602706
aeb1a3aa85990f74cd61,USC xArm,15,DINOv2,0.8690897822380066
aeb1a3aa85990f74cd61,USC xArm,15,Robometer progress,0.4873955249786377
aeb1a3aa85990f74cd61,USC xArm,15,Robometer success,0.010986941866576672
aeb1a3aa85990f74cd61,USC xArm,31,DT,-11.481904983520508
aeb1a3aa85990f74cd61,USC xArm,31,S1,-12.235050201416016
aeb1a3aa85990f74cd61,USC xArm,31,S3,-11.513345718383789
aeb1a3aa85990f74cd61,USC xArm,31,S5,-11.232772827148438
aeb1a3aa85990f74cd61,USC xArm,31,DT + S1,0.012988238847366806
aeb1a3aa85990f74cd61,USC xArm,31,DT + S3,0.018153929506528367
aeb1a3aa85990f74cd61,USC xArm,31,DT + S5,0.01992096772649335
aeb1a3aa85990f74cd61,USC xArm,31,DINOv2,0.8624545335769653
aeb1a3aa85990f74cd61,USC xArm,31,Robometer progress,0.6434460282325745
aeb1a3aa85990f74cd61,USC xArm,31,Robometer success,0.07369627058506012
aeb1a3aa85990f74cd61,USC xArm,47,DT,-2.7855725288391113
aeb1a3aa85990f74cd61,USC xArm,47,S1,-9.888269424438477
aeb1a3aa85990f74cd61,USC xArm,47,S3,-8.974715232849121
aeb1a3aa85990f74cd61,USC xArm,47,S5,-8.597296714782715
aeb1a3aa85990f74cd61,USC xArm,47,DT + S1,0.08538567224886506
aeb1a3aa85990f74cd61,USC xArm,47,DT + S3,0.12274012876349376
aeb1a3aa85990f74cd61,USC xArm,47,DT + S5,0.13746151106412133
aeb1a3aa85990f74cd61,USC xArm,47,DINOv2,0.916865348815918
aeb1a3aa85990f74cd61,USC xArm,47,Robometer progress,0.6812249422073364
aeb1a3aa85990f74cd61,USC xArm,47,Robometer success,0.1677633374929428
aeb1a3aa85990f74cd61,USC xArm,63,DT,-1.8707832098007202
aeb1a3aa85990f74cd61,USC xArm,63,S1,-0.06937936693429947
aeb1a3aa85990f74cd61,USC xArm,63,S3,-0.11675269156694412
aeb1a3aa85990f74cd61,USC xArm,63,S5,-0.23231269419193268
aeb1a3aa85990f74cd61,USC xArm,63,DT + S1,0.8718789843543581
aeb1a3aa85990f74cd61,USC xArm,63,DT + S3,0.8653736053960178
aeb1a3aa85990f74cd61,USC xArm,63,DT + S5,0.8542759520457911
aeb1a3aa85990f74cd61,USC xArm,63,DINOv2,0.9999999403953552
aeb1a3aa85990f74cd61,USC xArm,63,Robometer progress,0.9032943844795227
aeb1a3aa85990f74cd61,USC xArm,63,Robometer success,0.9518632292747498
e76754be37846631ac2d,USC xArm,0,DT,-34.97572326660156
e76754be37846631ac2d,USC xArm,0,S1,-12.7366304397583
e76754be37846631ac2d,USC xArm,0,S3,
e76754be37846631ac2d,USC xArm,0,S5,
e76754be37846631ac2d,USC xArm,0,DT + S1,0.0007972651584444327
e76754be37846631ac2d,USC xArm,0,DT + S3,
e76754be37846631ac2d,USC xArm,0,DT + S5,
e76754be37846631ac2d,USC xArm,0,DINOv2,0.6095613241195679
e76754be37846631ac2d,USC xArm,0,Robometer progress,0.14611594378948212
e76754be37846631ac2d,USC xArm,0,Robometer success,0.002323162741959095
e76754be37846631ac2d,USC xArm,4,DT,-26.704103469848633
e76754be37846631ac2d,USC xArm,4,S1,-12.516766548156738
e76754be37846631ac2d,USC xArm,4,S3,-12.05848217010498
e76754be37846631ac2d,USC xArm,4,S5,-12.09271240234375
e76754be37846631ac2d,USC xArm,4,DT + S1,0.002175674339274241
e76754be37846631ac2d,USC xArm,4,DT + S3,0.002751600547116742
e76754be37846631ac2d,USC xArm,4,DT + S5,0.0026565284339015297
e76754be37846631ac2d,USC xArm,4,DINOv2,0.5983935594558716
e76754be37846631ac2d,USC xArm,4,Robometer progress,0.1512438803911209
e76754be37846631ac2d,USC xArm,4,Robometer success,0.001987774157896638
e76754be37846631ac2d,USC xArm,15,DT,-34.33953857421875
e76754be37846631ac2d,USC xArm,15,S1,-12.53675365447998
e76754be37846631ac2d,USC xArm,15,S3,-11.990747451782227
e76754be37846631ac2d,USC xArm,15,S5,-11.723034858703613
e76754be37846631ac2d,USC xArm,15,DT + S1,0.0009311450977255618
e76754be37846631ac2d,USC xArm,15,DT + S3,0.0012251709181415333
e76754be37846631ac2d,USC xArm,15,DT + S5,0.0013425587124838152
e76754be37846631ac2d,USC xArm,15,DINOv2,0.8515405058860779
e76754be37846631ac2d,USC xArm,15,Robometer progress,0.46792441606521606
e76754be37846631ac2d,USC xArm,15,Robometer success,0.008315778337419033
e76754be37846631ac2d,USC xArm,31,DT,-11.225053787231445
e76754be37846631ac2d,USC xArm,31,S1,-12.14543342590332
e76754be37846631ac2d,USC xArm,31,S3,-11.79155158996582
e76754be37846631ac2d,USC xArm,31,S5,-11.712897300720215
e76754be37846631ac2d,USC xArm,31,DT + S1,0.013869342676432061
e76754be37846631ac2d,USC xArm,31,DT + S3,0.016636648124558374
e76754be37846631ac2d,USC xArm,31,DT + S5,0.016810431436202228
e76754be37846631ac2d,USC xArm,31,DINOv2,0.8584094643592834
e76754be37846631ac2d,USC xArm,31,Robometer progress,0.6955322623252869
e76754be37846631ac2d,USC xArm,31,Robometer success,0.2018132209777832
e76754be37846631ac2d,USC xArm,47,DT,-1.8627965450286865
e76754be37846631ac2d,USC xArm,47,S1,-9.902555465698242
e76754be37846631ac2d,USC xArm,47,S3,-9.201656341552734
e76754be37846631ac2d,USC xArm,47,S5,-9.10715103149414
e76754be37846631ac2d,USC xArm,47,DT + S1,0.0931529609433871
e76754be37846631ac2d,USC xArm,47,DT + S3,0.1233801220768803
e76754be37846631ac2d,USC xArm,47,DT + S5,0.1246852040890784
e76754be37846631ac2d,USC xArm,47,DINOv2,0.9146290421485901
e76754be37846631ac2d,USC xArm,47,Robometer progress,0.7394269704818726
e76754be37846631ac2d,USC xArm,47,Robometer success,0.38769033551216125
e76754be37846631ac2d,USC xArm,63,DT,-2.130138635635376
e76754be37846631ac2d,USC xArm,63,S1,-0.07535308599472046
e76754be37846631ac2d,USC xArm,63,S3,-0.10373667627573013
e76754be37846631ac2d,USC xArm,63,S5,-0.18618859350681305
e76754be37846631ac2d,USC xArm,63,DT + S1,0.8683613440837253
e76754be37846631ac2d,USC xArm,63,DT + S3,0.8626683015244931
e76754be37846631ac2d,USC xArm,63,DT + S5,0.8531316590519371
e76754be37846631ac2d,USC xArm,63,DINOv2,1.0
e76754be37846631ac2d,USC xArm,63,Robometer progress,0.9013736248016357
e76754be37846631ac2d,USC xArm,63,Robometer success,0.9314625263214111
8ecf15b7cf83d06ff70d,USC xArm,0,DT,-13.980588912963867
8ecf15b7cf83d06ff70d,USC xArm,0,S1,-11.471611976623535
8ecf15b7cf83d06ff70d,USC xArm,0,S3,
8ecf15b7cf83d06ff70d,USC xArm,0,S5,
8ecf15b7cf83d06ff70d,USC xArm,0,DT + S1,0.013649024884968912
8ecf15b7cf83d06ff70d,USC xArm,0,DT + S3,
8ecf15b7cf83d06ff70d,USC xArm,0,DT + S5,
8ecf15b7cf83d06ff70d,USC xArm,0,DINOv2,0.9018495082855225
8ecf15b7cf83d06ff70d,USC xArm,0,Robometer progress,0.1386108249425888
8ecf15b7cf83d06ff70d,USC xArm,0,Robometer success,0.0017546144081279635
8ecf15b7cf83d06ff70d,USC xArm,4,DT,-14.765853881835938
8ecf15b7cf83d06ff70d,USC xArm,4,S1,-11.253965377807617
8ecf15b7cf83d06ff70d,USC xArm,4,S3,-10.808114051818848
8ecf15b7cf83d06ff70d,USC xArm,4,S5,-10.633264541625977
8ecf15b7cf83d06ff70d,USC xArm,4,DT + S1,0.013734131882055472
8ecf15b7cf83d06ff70d,USC xArm,4,DT + S3,0.01704450574760017
8ecf15b7cf83d06ff70d,USC xArm,4,DT + S5,0.017891372503770188
8ecf15b7cf83d06ff70d,USC xArm,4,DINOv2,0.9105085134506226
8ecf15b7cf83d06ff70d,USC xArm,4,Robometer progress,0.14244601130485535
8ecf15b7cf83d06ff70d,USC xArm,4,Robometer success,0.001987774157896638
8ecf15b7cf83d06ff70d,USC xArm,15,DT,-10.620107650756836
8ecf15b7cf83d06ff70d,USC xArm,15,S1,-11.17669677734375
8ecf15b7cf83d06ff70d,USC xArm,15,S3,-10.802813529968262
8ecf15b7cf83d06ff70d,USC xArm,15,S5,-10.508288383483887
8ecf15b7cf83d06ff70d,USC xArm,15,DT + S1,0.02222122074490041
8ecf15b7cf83d06ff70d,USC xArm,15,DT + S3,0.026677615487941633
8ecf15b7cf83d06ff70d,USC xArm,15,DT + S5,0.02937847972232057
8ecf15b7cf83d06ff70d,USC xArm,15,DINOv2,0.8659636378288269
8ecf15b7cf83d06ff70d,USC xArm,15,Robometer progress,0.18659678101539612
8ecf15b7cf83d06ff70d,USC xArm,15,Robometer success,0.0023967307060956955
8ecf15b7cf83d06ff70d,USC xArm,31,DT,-9.455681800842285
8ecf15b7cf83d06ff70d,USC xArm,31,S1,-10.845157623291016
8ecf15b7cf83d06ff70d,USC xArm,31,S3,-10.286006927490234
8ecf15b7cf83d06ff70d,USC xArm,31,S5,-10.274842262268066
8ecf15b7cf83d06ff70d,USC xArm,31,DT + S1,0.02890236351917724
8ecf15b7cf83d06ff70d,USC xArm,31,DT + S3,0.03727367061688839
8ecf15b7cf83d06ff70d,USC xArm,31,DT + S5,0.03654524478222029
8ecf15b7cf83d06ff70d,USC xArm,31,DINOv2,0.8383090496063232
8ecf15b7cf83d06ff70d,USC xArm,31,Robometer progress,0.5581561923027039
8ecf15b7cf83d06ff70d,USC xArm,31,Robometer success,0.020023440942168236
8ecf15b7cf83d06ff70d,USC xArm,47,DT,-5.035857200622559
8ecf15b7cf83d06ff70d,USC xArm,47,S1,-10.129608154296875
8ecf15b7cf83d06ff70d,USC xArm,47,S3,-9.169431686401367
8ecf15b7cf83d06ff70d,USC xArm,47,S5,-9.064363479614258
8ecf15b7cf83d06ff70d,USC xArm,47,DT + S1,0.061673719321159864
8ecf15b7cf83d06ff70d,USC xArm,47,DT + S3,0.09145784929371259
8ecf15b7cf83d06ff70d,USC xArm,47,DT + S5,0.0928452461716291
8ecf15b7cf83d06ff70d,USC xArm,47,DINOv2,0.8325932025909424
8ecf15b7cf83d06ff70d,USC xArm,47,Robometer progress,0.6720700263977051
8ecf15b7cf83d06ff70d,USC xArm,47,Robometer success,0.06954174488782883
8ecf15b7cf83d06ff70d,USC xArm,63,DT,-2.095780849456787
8ecf15b7cf83d06ff70d,USC xArm,63,S1,-0.06329795718193054
8ecf15b7cf83d06ff70d,USC xArm,63,S3,-0.04249095916748047
8ecf15b7cf83d06ff70d,USC xArm,63,S5,-0.07434674352407455
8ecf15b7cf83d06ff70d,USC xArm,63,DT + S1,0.8693785695125464
8ecf15b7cf83d06ff70d,USC xArm,63,DT + S3,0.8661310906100118
8ecf15b7cf83d06ff70d,USC xArm,63,DT + S5,0.8593628857543385
8ecf15b7cf83d06ff70d,USC xArm,63,DINOv2,1.0
8ecf15b7cf83d06ff70d,USC xArm,63,Robometer progress,0.8883039951324463
8ecf15b7cf83d06ff70d,USC xArm,63,Robometer success,0.9597620368003845
685a0a8b393143ef0a70,USC xArm,0,DT,-33.20683288574219
685a0a8b393143ef0a70,USC xArm,0,S1,-12.174540519714355
685a0a8b393143ef0a70,USC xArm,0,S3,
685a0a8b393143ef0a70,USC xArm,0,S5,
685a0a8b393143ef0a70,USC xArm,0,DT + S1,0.001230819589965563
685a0a8b393143ef0a70,USC xArm,0,DT + S3,
685a0a8b393143ef0a70,USC xArm,0,DT + S5,
685a0a8b393143ef0a70,USC xArm,0,DINOv2,0.804080605506897
685a0a8b393143ef0a70,USC xArm,0,Robometer progress,0.13014914095401764
685a0a8b393143ef0a70,USC xArm,0,Robometer success,0.0018675660248845816
685a0a8b393143ef0a70,USC xArm,4,DT,-29.258426666259766
685a0a8b393143ef0a70,USC xArm,4,S1,-11.973359107971191
685a0a8b393143ef0a70,USC xArm,4,S3,-11.544153213500977
685a0a8b393143ef0a70,USC xArm,4,S5,-11.411486625671387
685a0a8b393143ef0a70,USC xArm,4,DT + S1,0.002070424186607387
685a0a8b393143ef0a70,USC xArm,4,DT + S3,0.0025806253242797745
685a0a8b393143ef0a70,USC xArm,4,DT + S5,0.002669415011598859
685a0a8b393143ef0a70,USC xArm,4,DINOv2,0.7949134111404419
685a0a8b393143ef0a70,USC xArm,4,Robometer progress,0.12903308868408203
685a0a8b393143ef0a70,USC xArm,4,Robometer success,0.0016484829830005765
685a0a8b393143ef0a70,USC xArm,15,DT,-37.05833435058594
685a0a8b393143ef0a70,USC xArm,15,S1,-12.36510181427002
685a0a8b393143ef0a70,USC xArm,15,S3,-11.782769203186035
685a0a8b393143ef0a70,USC xArm,15,S5,-11.625486373901367
685a0a8b393143ef0a70,USC xArm,15,DT + S1,0.0007426452946949295
685a0a8b393143ef0a70,USC xArm,15,DT + S3,0.0009920550307162754
685a0a8b393143ef0a70,USC xArm,15,DT + S5,0.001037829762059938
685a0a8b393143ef0a70,USC xArm,15,DINOv2,0.8057419061660767
685a0a8b393143ef0a70,USC xArm,15,Robometer progress,0.3798399567604065
685a0a8b393143ef0a70,USC xArm,15,Robometer success,0.0024726230185478926
685a0a8b393143ef0a70,USC xArm,31,DT,-27.212871551513672
685a0a8b393143ef0a70,USC xArm,31,S1,-12.316429138183594
685a0a8b393143ef0a70,USC xArm,31,S3,-11.66271686553955
685a0a8b393143ef0a70,USC xArm,31,S5,-11.338085174560547
685a0a8b393143ef0a70,USC xArm,31,DT + S1,0.00224041698505829
685a0a8b393143ef0a70,USC xArm,31,DT + S3,0.003072403285138713
685a0a8b393143ef0a70,USC xArm,31,DT + S5,0.0034435715608602227
685a0a8b393143ef0a70,USC xArm,31,DINOv2,0.7400824427604675
685a0a8b393143ef0a70,USC xArm,31,Robometer progress,0.4623810052871704
685a0a8b393143ef0a70,USC xArm,31,Robometer success,0.008315778337419033
685a0a8b393143ef0a70,USC xArm,47,DT,-10.227192878723145
685a0a8b393143ef0a70,USC xArm,47,S1,-10.792684555053711
685a0a8b393143ef0a70,USC xArm,47,S3,-9.836563110351562
685a0a8b393143ef0a70,USC xArm,47,S5,-9.53414535522461
685a0a8b393143ef0a70,USC xArm,47,DT + S1,0.02719529052979529
685a0a8b393143ef0a70,USC xArm,47,DT + S3,0.04120278290496381
685a0a8b393143ef0a70,USC xArm,47,DT + S5,0.04537355371194536
685a0a8b393143ef0a70,USC xArm,47,DINOv2,0.9302393198013306
685a0a8b393143ef0a70,USC xArm,47,Robometer progress,0.4791145324707031
685a0a8b393143ef0a70,USC xArm,47,Robometer success,0.015424552373588085
685a0a8b393143ef0a70,USC xArm,63,DT,-2.0983922481536865
685a0a8b393143ef0a70,USC xArm,63,S1,-0.07946357876062393
685a0a8b393143ef0a70,USC xArm,63,S3,-0.1111457571387291
685a0a8b393143ef0a70,USC xArm,63,S5,-0.2847679555416107
685a0a8b393143ef0a70,USC xArm,63,DT + S1,0.8685606912736218
685a0a8b393143ef0a70,USC xArm,63,DT + S3,0.8627123255695801
685a0a8b393143ef0a70,USC xArm,63,DT + S5,0.848330094265661
685a0a8b393143ef0a70,USC xArm,63,DINOv2,1.0
685a0a8b393143ef0a70,USC xArm,63,Robometer progress,0.8763253688812256
685a0a8b393143ef0a70,USC xArm,63,Robometer success,0.9161096215248108
b857841e7377b34b50b7,USC xArm,0,DT,-31.57275390625
b857841e7377b34b50b7,USC xArm,0,S1,-14.064139366149902
b857841e7377b34b50b7,USC xArm,0,S3,
b857841e7377b34b50b7,USC xArm,0,S5,
b857841e7377b34b50b7,USC xArm,0,DT + S1,0.0006585764702761341
b857841e7377b34b50b7,USC xArm,0,DT + S3,
b857841e7377b34b50b7,USC xArm,0,DT + S5,
b857841e7377b34b50b7,USC xArm,0,DINOv2,0.556353747844696
b857841e7377b34b50b7,USC xArm,0,Robometer progress,0.2392844557762146
b857841e7377b34b50b7,USC xArm,0,Robometer success,0.009412589482963085
b857841e7377b34b50b7,USC xArm,4,DT,-26.138965606689453
b857841e7377b34b50b7,USC xArm,4,S1,-14.174212455749512
b857841e7377b34b50b7,USC xArm,4,S3,-13.339766502380371
b857841e7377b34b50b7,USC xArm,4,S5,-13.207563400268555
b857841e7377b34b50b7,USC xArm,4,DT + S1,0.001143021348415141
b857841e7377b34b50b7,USC xArm,4,DT + S3,0.0017095907132009956
b857841e7377b34b50b7,USC xArm,4,DT + S5,0.0017733999879959786
b857841e7377b34b50b7,USC xArm,4,DINOv2,0.6308729648590088
b857841e7377b34b50b7,USC xArm,4,Robometer progress,0.20197901129722595
b857841e7377b34b50b7,USC xArm,4,Robometer success,0.004609572235494852
b857841e7377b34b50b7,USC xArm,15,DT,-20.62747573852539
b857841e7377b34b50b7,USC xArm,15,S1,-14.523576736450195
b857841e7377b34b50b7,USC xArm,15,S3,-14.27428150177002
b857841e7377b34b50b7,USC xArm,15,S5,-14.101737022399902
b857841e7377b34b50b7,USC xArm,15,DT + S1,0.0018064063206675192
b857841e7377b34b50b7,USC xArm,15,DT + S3,0.0021135640940159804
b857841e7377b34b50b7,USC xArm,15,DT + S5,0.0022326086660751114
b857841e7377b34b50b7,USC xArm,15,DINOv2,0.7626008987426758
b857841e7377b34b50b7,USC xArm,15,Robometer progress,0.23508164286613464
b857841e7377b34b50b7,USC xArm,15,Robometer success,0.0044683837331831455
b857841e7377b34b50b7,USC xArm,31,DT,-15.049177169799805
b857841e7377b34b50b7,USC xArm,31,S1,-14.304206848144531
b857841e7377b34b50b7,USC xArm,31,S3,-13.656698226928711
b857841e7377b34b50b7,USC xArm,31,S5,-13.559748649597168
b857841e7377b34b50b7,USC xArm,31,DT + S1,0.003661089743323656
b857841e7377b34b50b7,USC xArm,31,DT + S3,0.005044634229776073
b857841e7377b34b50b7,USC xArm,31,DT + S5,0.005155184244377874
b857841e7377b34b50b7,USC xArm,31,DINOv2,0.7455126047134399
b857841e7377b34b50b7,USC xArm,31,Robometer progress,0.570745587348938
b857841e7377b34b50b7,USC xArm,31,Robometer success,0.020332353189587593
b857841e7377b34b50b7,USC xArm,47,DT,-2.7360658645629883
b857841e7377b34b50b7,USC xArm,47,S1,-12.73045825958252
b857841e7377b34b50b7,USC xArm,47,S3,-12.007861137390137
b857841e7377b34b50b7,USC xArm,47,S5,-11.777312278747559
b857841e7377b34b50b7,USC xArm,47,DT + S1,0.027167553790615754
b857841e7377b34b50b7,USC xArm,47,DT + S3,0.03778068170755827
b857841e7377b34b50b7,USC xArm,47,DT + S5,0.04056652895979946
b857841e7377b34b50b7,USC xArm,47,DINOv2,0.873328447341919
b857841e7377b34b50b7,USC xArm,47,Robometer progress,0.6932514905929565
b857841e7377b34b50b7,USC xArm,47,Robometer success,0.2523840367794037
b857841e7377b34b50b7,USC xArm,63,DT,-2.320324420928955
b857841e7377b34b50b7,USC xArm,63,S1,-0.07891996949911118
b857841e7377b34b50b7,USC xArm,63,S3,-0.09968100488185883
b857841e7377b34b50b7,USC xArm,63,S5,-0.15313391387462616
b857841e7377b34b50b7,USC xArm,63,DT + S1,0.8657703936874879
b857841e7377b34b50b7,USC xArm,63,DT + S3,0.8603783719752877
b857841e7377b34b50b7,USC xArm,63,DT + S5,0.8522473043677516
b857841e7377b34b50b7,USC xArm,63,DINOv2,0.9999998807907104
b857841e7377b34b50b7,USC xArm,63,Robometer progress,0.9210281372070312
b857841e7377b34b50b7,USC xArm,63,Robometer success,0.954647421836853
12f0864b72f4d72ba705,USC xArm,0,DT,-17.47369384765625
12f0864b72f4d72ba705,USC xArm,0,S1,-12.346909523010254
12f0864b72f4d72ba705,USC xArm,0,S3,
12f0864b72f4d72ba705,USC xArm,0,S5,
12f0864b72f4d72ba705,USC xArm,0,DT + S1,0.006440894304912569
12f0864b72f4d72ba705,USC xArm,0,DT + S3,
12f0864b72f4d72ba705,USC xArm,0,DT + S5,
12f0864b72f4d72ba705,USC xArm,0,DINOv2,0.8016927242279053
12f0864b72f4d72ba705,USC xArm,0,Robometer progress,0.151754230260849
12f0864b72f4d72ba705,USC xArm,0,Robometer success,0.015424552373588085
12f0864b72f4d72ba705,USC xArm,4,DT,-19.30532455444336
12f0864b72f4d72ba705,USC xArm,4,S1,-12.188921928405762
12f0864b72f4d72ba705,USC xArm,4,S3,-11.701312065124512
12f0864b72f4d72ba705,USC xArm,4,S5,-11.55954647064209
12f0864b72f4d72ba705,USC xArm,4,DT + S1,0.005635168506588694
12f0864b72f4d72ba705,USC xArm,4,DT + S3,0.007178779566250693
12f0864b72f4d72ba705,USC xArm,4,DT + S5,0.007450077744694399
12f0864b72f4d72ba705,USC xArm,4,DINOv2,0.8334397077560425
12f0864b72f4d72ba705,USC xArm,4,Robometer progress,0.1728166937828064
12f0864b72f4d72ba705,USC xArm,4,Robometer success,0.009708477184176445
12f0864b72f4d72ba705,USC xArm,15,DT,-24.435211181640625
12f0864b72f4d72ba705,USC xArm,15,S1,-13.05444622039795
12f0864b72f4d72ba705,USC xArm,15,S3,-12.284401893615723
12f0864b72f4d72ba705,USC xArm,15,S5,-12.013394355773926
12f0864b72f4d72ba705,USC xArm,15,DT + S1,0.0022210352561845676
12f0864b72f4d72ba705,USC xArm,15,DT + S3,0.003209199281668187
12f0864b72f4d72ba705,USC xArm,15,DT + S5,0.003520450765316486
12f0864b72f4d72ba705,USC xArm,15,DINOv2,0.7015407085418701
12f0864b72f4d72ba705,USC xArm,15,Robometer progress,0.4778333902359009
12f0864b72f4d72ba705,USC xArm,15,Robometer success,0.03676946833729744
12f0864b72f4d72ba705,USC xArm,31,DT,-16.268268585205078
12f0864b72f4d72ba705,USC xArm,31,S1,-12.621989250183105
12f0864b72f4d72ba705,USC xArm,31,S3,-12.180603981018066
12f0864b72f4d72ba705,USC xArm,31,S5,-11.966705322265625
12f0864b72f4d72ba705,USC xArm,31,DT + S1,0.006540849017721601
12f0864b72f4d72ba705,USC xArm,31,DT + S3,0.008184415617471507
12f0864b72f4d72ba705,USC xArm,31,DT + S5,0.008757396828705173
12f0864b72f4d72ba705,USC xArm,31,DINOv2,0.7603332996368408
12f0864b72f4d72ba705,USC xArm,31,Robometer progress,0.6386353969573975
12f0864b72f4d72ba705,USC xArm,31,Robometer success,0.1980641782283783
12f0864b72f4d72ba705,USC xArm,47,DT,-5.150575637817383
12f0864b72f4d72ba705,USC xArm,47,S1,-10.271702766418457
12f0864b72f4d72ba705,USC xArm,47,S3,-9.548928260803223
12f0864b72f4d72ba705,USC xArm,47,S5,-9.19520092010498
12f0864b72f4d72ba705,USC xArm,47,DT + S1,0.05756831535910976
12f0864b72f4d72ba705,USC xArm,47,DT + S3,0.0781150168439591
12f0864b72f4d72ba705,USC xArm,47,DT + S5,0.08732087325613694
12f0864b72f4d72ba705,USC xArm,47,DINOv2,0.8972446322441101
12f0864b72f4d72ba705,USC xArm,47,Robometer progress,0.8293108940124512
12f0864b72f4d72ba705,USC xArm,47,Robometer success,0.7704647779464722
12f0864b72f4d72ba705,USC xArm,63,DT,-2.3155088424682617
12f0864b72f4d72ba705,USC xArm,63,S1,-0.0543852262198925
12f0864b72f4d72ba705,USC xArm,63,S3,-0.10597284138202667
12f0864b72f4d72ba705,USC xArm,63,S5,-0.17938865721225739
12f0864b72f4d72ba705,USC xArm,63,DT + S1,0.8670431083783884
12f0864b72f4d72ba705,USC xArm,63,DT + S3,0.8601237517049423
12f0864b72f4d72ba705,USC xArm,63,DT + S5,0.8509239350664899
12f0864b72f4d72ba705,USC xArm,63,DINOv2,1.0
12f0864b72f4d72ba705,USC xArm,63,Robometer progress,0.9452340006828308
12f0864b72f4d72ba705,USC xArm,63,Robometer success,0.9585376977920532
f564050b6f7e140da6e1,USC xArm,0,DT,-47.69408416748047
f564050b6f7e140da6e1,USC xArm,0,S1,-13.001561164855957
f564050b6f7e140da6e1,USC xArm,0,S3,
f564050b6f7e140da6e1,USC xArm,0,S5,
f564050b6f7e140da6e1,USC xArm,0,DT + S1,0.00017543754034789202
f564050b6f7e140da6e1,USC xArm,0,DT + S3,
f564050b6f7e140da6e1,USC xArm,0,DT + S5,
f564050b6f7e140da6e1,USC xArm,0,DINOv2,0.6352177262306213
f564050b6f7e140da6e1,USC xArm,0,Robometer progress,0.35992783308029175
f564050b6f7e140da6e1,USC xArm,0,Robometer success,0.037326887249946594
f564050b6f7e140da6e1,USC xArm,4,DT,-41.25669860839844
f564050b6f7e140da6e1,USC xArm,4,S1,-12.616848945617676
f564050b6f7e140da6e1,USC xArm,4,S3,-12.230396270751953
f564050b6f7e140da6e1,USC xArm,4,S5,-12.186941146850586
f564050b6f7e140da6e1,USC xArm,4,DT + S1,0.00042010889774851646
f564050b6f7e140da6e1,USC xArm,4,DT + S3,0.0005182834203944881
f564050b6f7e140da6e1,USC xArm,4,DT + S5,0.0005175219566490336
f564050b6f7e140da6e1,USC xArm,4,DINOv2,0.6150109767913818
f564050b6f7e140da6e1,USC xArm,4,Robometer progress,0.3043375015258789
f564050b6f7e140da6e1,USC xArm,4,Robometer success,0.020964240655303
f564050b6f7e140da6e1,USC xArm,15,DT,-40.431251525878906
f564050b6f7e140da6e1,USC xArm,15,S1,-12.653225898742676
f564050b6f7e140da6e1,USC xArm,15,S3,-12.069644927978516
f564050b6f7e140da6e1,USC xArm,15,S5,-11.75538444519043
f564050b6f7e140da6e1,USC xArm,15,DT + S1,0.0004530154409892813
f564050b6f7e140da6e1,USC xArm,15,DT + S3,0.0006071544841628797
f564050b6f7e140da6e1,USC xArm,15,DT + S5,0.0006788220484833653
f564050b6f7e140da6e1,USC xArm,15,DINOv2,0.8249378204345703
f564050b6f7e140da6e1,USC xArm,15,Robometer progress,0.5625998377799988
f564050b6f7e140da6e1,USC xArm,15,Robometer success,0.030675802379846573
f564050b6f7e140da6e1,USC xArm,31,DT,-21.573392868041992
f564050b6f7e140da6e1,USC xArm,31,S1,-11.720235824584961
f564050b6f7e140da6e1,USC xArm,31,S3,-11.167547225952148
f564050b6f7e140da6e1,USC xArm,31,S5,-10.69013500213623
f564050b6f7e140da6e1,USC xArm,31,DT + S1,0.005361714386522055
f564050b6f7e140da6e1,USC xArm,31,DT + S3,0.007004961075020687
f564050b6f7e140da6e1,USC xArm,31,DT + S5,0.008351583488234683
f564050b6f7e140da6e1,USC xArm,31,DINOv2,0.8796851634979248
f564050b6f7e140da6e1,USC xArm,31,Robometer progress,0.6874973773956299
f564050b6f7e140da6e1,USC xArm,31,Robometer success,0.18594719469547272
f564050b6f7e140da6e1,USC xArm,47,DT,-7.146607398986816
f564050b6f7e140da6e1,USC xArm,47,S1,-10.750955581665039
f564050b6f7e140da6e1,USC xArm,47,S3,-10.104104042053223
f564050b6f7e140da6e1,USC xArm,47,S5,-9.912727355957031
f564050b6f7e140da6e1,USC xArm,47,DT + S1,0.038424793557241176
f564050b6f7e140da6e1,USC xArm,47,DT + S3,0.051116291361198676
f564050b6f7e140da6e1,USC xArm,47,DT + S5,0.053827275788159046
f564050b6f7e140da6e1,USC xArm,47,DINOv2,0.8223893046379089
f564050b6f7e140da6e1,USC xArm,47,Robometer progress,0.7025922536849976
f564050b6f7e140da6e1,USC xArm,47,Robometer success,0.31489261984825134
f564050b6f7e140da6e1,USC xArm,63,DT,-1.8381997346878052
f564050b6f7e140da6e1,USC xArm,63,S1,-0.07800718396902084
f564050b6f7e140da6e1,USC xArm,63,S3,-0.08841729164123535
f564050b6f7e140da6e1,USC xArm,63,S5,-0.2393696904182434
f564050b6f7e140da6e1,USC xArm,63,DT + S1,0.8718689801706305
f564050b6f7e140da6e1,USC xArm,63,DT + S3,0.8671694839104612
f564050b6f7e140da6e1,USC xArm,63,DT + S5,0.8543533929908476
f564050b6f7e140da6e1,USC xArm,63,DINOv2,0.9999998807907104
f564050b6f7e140da6e1,USC xArm,63,Robometer progress,0.8735666871070862
f564050b6f7e140da6e1,USC xArm,63,Robometer success,0.9136765599250793
04761ddcf3867c2cb656,USC Franka,0,DT,-11.663647651672363
04761ddcf3867c2cb656,USC Franka,0,S1,-16.350008010864258
04761ddcf3867c2cb656,USC Franka,0,S3,
04761ddcf3867c2cb656,USC Franka,0,S5,
04761ddcf3867c2cb656,USC Franka,0,DT + S1,0.0022247634339514484
04761ddcf3867c2cb656,USC Franka,0,DT + S3,
04761ddcf3867c2cb656,USC Franka,0,DT + S5,
04761ddcf3867c2cb656,USC Franka,0,DINOv2,0.606669008731842
04761ddcf3867c2cb656,USC Franka,0,Robometer progress,0.4734690189361572
04761ddcf3867c2cb656,USC Franka,0,Robometer success,0.06371499598026276
04761ddcf3867c2cb656,USC Franka,4,DT,-6.323905944824219
04761ddcf3867c2cb656,USC Franka,4,S1,-16.39523696899414
04761ddcf3867c2cb656,USC Franka,4,S3,-15.831318855285645
04761ddcf3867c2cb656,USC Franka,4,S5,-15.945372581481934
04761ddcf3867c2cb656,USC Franka,4,DT + S1,0.003923860958362219
04761ddcf3867c2cb656,USC Franka,4,DT + S3,0.005270164655343302
04761ddcf3867c2cb656,USC Franka,4,DT + S5,0.004948429904026743
04761ddcf3867c2cb656,USC Franka,4,DINOv2,0.6199550628662109
04761ddcf3867c2cb656,USC Franka,4,Robometer progress,0.3571975827217102
04761ddcf3867c2cb656,USC Franka,4,Robometer success,0.01912403479218483
04761ddcf3867c2cb656,USC Franka,15,DT,-6.468526363372803
04761ddcf3867c2cb656,USC Franka,15,S1,-16.614063262939453
04761ddcf3867c2cb656,USC Franka,15,S3,-16.284570693969727
04761ddcf3867c2cb656,USC Franka,15,S5,-16.309961318969727
04761ddcf3867c2cb656,USC Franka,15,DT + S1,0.0035191044710329205
04761ddcf3867c2cb656,USC Franka,15,DT + S3,0.004290713511980992
04761ddcf3867c2cb656,USC Franka,15,DT + S5,0.00418374080360895
04761ddcf3867c2cb656,USC Franka,15,DINOv2,0.7529706954956055
04761ddcf3867c2cb656,USC Franka,15,Robometer progress,0.2818881869316101
04761ddcf3867c2cb656,USC Franka,15,Robometer success,0.013636835850775242
04761ddcf3867c2cb656,USC Franka,31,DT,-6.439510345458984
04761ddcf3867c2cb656,USC Franka,31,S1,-16.010164260864258
04761ddcf3867c2cb656,USC Franka,31,S3,-15.542132377624512
04761ddcf3867c2cb656,USC Franka,31,S5,-15.664287567138672
04761ddcf3867c2cb656,USC Franka,31,DT + S1,0.004562842534287279
04761ddcf3867c2cb656,USC Franka,31,DT + S3,0.005873326341788691
04761ddcf3867c2cb656,USC Franka,31,DT + S5,0.005493625414394346
04761ddcf3867c2cb656,USC Franka,31,DINOv2,0.7572241425514221
04761ddcf3867c2cb656,USC Franka,31,Robometer progress,0.5233408212661743
04761ddcf3867c2cb656,USC Franka,31,Robometer success,0.05665242671966553
04761ddcf3867c2cb656,USC Franka,47,DT,-3.66225528717041
04761ddcf3867c2cb656,USC Franka,47,S1,-15.821540832519531
04761ddcf3867c2cb656,USC Franka,47,S3,-15.240500450134277
04761ddcf3867c2cb656,USC Franka,47,S5,-15.22176456451416
04761ddcf3867c2cb656,USC Franka,47,DT + S1,0.006701262394044697
04761ddcf3867c2cb656,USC Franka,47,DT + S3,0.009019397140339681
04761ddcf3867c2cb656,USC Franka,47,DT + S5,0.008940191269327923
04761ddcf3867c2cb656,USC Franka,47,DINOv2,0.7732576131820679
04761ddcf3867c2cb656,USC Franka,47,Robometer progress,0.773984432220459
04761ddcf3867c2cb656,USC Franka,47,Robometer success,0.5406813025474548
04761ddcf3867c2cb656,USC Franka,63,DT,-1.6875098943710327
04761ddcf3867c2cb656,USC Franka,63,S1,-0.07874992489814758
04761ddcf3867c2cb656,USC Franka,63,S3,-0.0749635323882103
04761ddcf3867c2cb656,USC Franka,63,S5,-0.15211059153079987
04761ddcf3867c2cb656,USC Franka,63,DT + S1,0.8736776531897884
04761ddcf3867c2cb656,USC Franka,63,DT + S3,0.8697082500231262
04761ddcf3867c2cb656,USC Franka,63,DT + S5,0.860838395656179
04761ddcf3867c2cb656,USC Franka,63,DINOv2,1.0
04761ddcf3867c2cb656,USC Franka,63,Robometer progress,0.8036341071128845
04761ddcf3867c2cb656,USC Franka,63,Robometer success,0.750552773475647
ba989543b10dfba901f1,USC Franka,0,DT,-11.576980590820312
ba989543b10dfba901f1,USC Franka,0,S1,-16.394737243652344
ba989543b10dfba901f1,USC Franka,0,S3,
ba989543b10dfba901f1,USC Franka,0,S5,
ba989543b10dfba901f1,USC Franka,0,DT + S1,0.0022037117716553196
ba989543b10dfba901f1,USC Franka,0,DT + S3,
ba989543b10dfba901f1,USC Franka,0,DT + S5,
ba989543b10dfba901f1,USC Franka,0,DINOv2,0.6305780410766602
ba989543b10dfba901f1,USC Franka,0,Robometer progress,0.3554517328739166
ba989543b10dfba901f1,USC Franka,0,Robometer success,0.03358950838446617
ba989543b10dfba901f1,USC Franka,4,DT,-10.845479011535645
ba989543b10dfba901f1,USC Franka,4,S1,-16.2667179107666
ba989543b10dfba901f1,USC Franka,4,S3,-15.750883102416992
ba989543b10dfba901f1,USC Franka,4,S5,-15.748147964477539
ba989543b10dfba901f1,USC Franka,4,DT + S1,0.0025219668795336838
ba989543b10dfba901f1,USC Franka,4,DT + S3,0.0033232413373538356
ba989543b10dfba901f1,USC Franka,4,DT + S5,0.003276417334267293
ba989543b10dfba901f1,USC Franka,4,DINOv2,0.7602056860923767
ba989543b10dfba901f1,USC Franka,4,Robometer progress,0.35011255741119385
ba989543b10dfba901f1,USC Franka,4,Robometer success,0.021948253735899925
ba989543b10dfba901f1,USC Franka,15,DT,-10.988103866577148
ba989543b10dfba901f1,USC Franka,15,S1,-16.11600112915039
ba989543b10dfba901f1,USC Franka,15,S3,-15.854292869567871
ba989543b10dfba901f1,USC Franka,15,S5,-15.835043907165527
ba989543b10dfba901f1,USC Franka,15,DT + S1,0.0026471516339137387
ba989543b10dfba901f1,USC Franka,15,DT + S3,0.003132868613178458
ba989543b10dfba901f1,USC Franka,15,DT + S5,0.0031106931768023057
ba989543b10dfba901f1,USC Franka,15,DINOv2,0.8071131706237793
ba989543b10dfba901f1,USC Franka,15,Robometer progress,0.5857512354850769
ba989543b10dfba901f1,USC Franka,15,Robometer success,0.07477004081010818
ba989543b10dfba901f1,USC Franka,31,DT,-3.233355760574341
ba989543b10dfba901f1,USC Franka,31,S1,-15.511191368103027
ba989543b10dfba901f1,USC Franka,31,S3,-14.17037296295166
ba989543b10dfba901f1,USC Franka,31,S5,-14.111550331115723
ba989543b10dfba901f1,USC Franka,31,DT + S1,0.00800942698031457
ba989543b10dfba901f1,USC Franka,31,DT + S3,0.014745801164757726
ba989543b10dfba901f1,USC Franka,31,DT + S5,0.014832754672595766
ba989543b10dfba901f1,USC Franka,31,DINOv2,0.810530424118042
ba989543b10dfba901f1,USC Franka,31,Robometer progress,0.8395949602127075
ba989543b10dfba901f1,USC Franka,31,Robometer success,0.8489722013473511
ba989543b10dfba901f1,USC Franka,47,DT,-1.7265559434890747
ba989543b10dfba901f1,USC Franka,47,S1,-14.343682289123535
ba989543b10dfba901f1,USC Franka,47,S3,-13.344585418701172
ba989543b10dfba901f1,USC Franka,47,S5,-13.466675758361816
ba989543b10dfba901f1,USC Franka,47,DT + S1,0.015442702947872197
ba989543b10dfba901f1,USC Franka,47,DT + S3,0.02438959098547057
ba989543b10dfba901f1,USC Franka,47,DT + S5,0.0227473461407752
ba989543b10dfba901f1,USC Franka,47,DINOv2,0.8267649412155151
ba989543b10dfba901f1,USC Franka,47,Robometer progress,0.8755978345870972
ba989543b10dfba901f1,USC Franka,47,Robometer success,0.8322367072105408
ba989543b10dfba901f1,USC Franka,63,DT,-2.0786619186401367
ba989543b10dfba901f1,USC Franka,63,S1,-0.07429195940494537
ba989543b10dfba901f1,USC Franka,63,S3,-0.10244175791740417
ba989543b10dfba901f1,USC Franka,63,S5,-0.14152248203754425
ba989543b10dfba901f1,USC Franka,63,DT + S1,0.8690599348563549
ba989543b10dfba901f1,USC Franka,63,DT + S3,0.863401421335161
ba989543b10dfba901f1,USC Franka,63,DT + S5,0.8561586373916988
ba989543b10dfba901f1,USC Franka,63,DINOv2,0.9999999403953552
ba989543b10dfba901f1,USC Franka,63,Robometer progress,0.8617526888847351
ba989543b10dfba901f1,USC Franka,63,Robometer success,0.8244618773460388
83e2280a36599166c8ae,USC Franka,0,DT,-12.204712867736816
83e2280a36599166c8ae,USC Franka,0,S1,-15.292096138000488
83e2280a36599166c8ae,USC Franka,0,S3,
83e2280a36599166c8ae,USC Franka,0,S5,
83e2280a36599166c8ae,USC Franka,0,DT + S1,0.0032877631660766372
83e2280a36599166c8ae,USC Franka,0,DT + S3,
83e2280a36599166c8ae,USC Franka,0,DT + S5,
83e2280a36599166c8ae,USC Franka,0,DINOv2,0.5694184899330139
83e2280a36599166c8ae,USC Franka,0,Robometer progress,0.29014456272125244
83e2280a36599166c8ae,USC Franka,0,Robometer success,0.028007520362734795
83e2280a36599166c8ae,USC Franka,4,DT,-9.752607345581055
83e2280a36599166c8ae,USC Franka,4,S1,-15.3765230178833
83e2280a36599166c8ae,USC Franka,4,S3,-14.699592590332031
83e2280a36599166c8ae,USC Franka,4,S5,-14.80025863647461
83e2280a36599166c8ae,USC Franka,4,DT + S1,0.004151801552616344
83e2280a36599166c8ae,USC Franka,4,DT + S3,0.005817414709746982
83e2280a36599166c8ae,USC Franka,4,DT + S5,0.0054832509625415615
83e2280a36599166c8ae,USC Franka,4,DINOv2,0.5332314372062683
83e2280a36599166c8ae,USC Franka,4,Robometer progress,0.37308287620544434
83e2280a36599166c8ae,USC Franka,4,Robometer success,0.030675802379846573
83e2280a36599166c8ae,USC Franka,15,DT,-6.84808349609375
83e2280a36599166c8ae,USC Franka,15,S1,-16.343904495239258
83e2280a36599166c8ae,USC Franka,15,S3,-15.499056816101074
83e2280a36599166c8ae,USC Franka,15,S5,-15.413342475891113
83e2280a36599166c8ae,USC Franka,15,DT + S1,0.003786140998799938
83e2280a36599166c8ae,USC Franka,15,DT + S3,0.005719021818536796
83e2280a36599166c8ae,USC Franka,15,DT + S5,0.005832861062126946
83e2280a36599166c8ae,USC Franka,15,DINOv2,0.6235750317573547
83e2280a36599166c8ae,USC Franka,15,Robometer progress,0.3802999258041382
83e2280a36599166c8ae,USC Franka,15,Robometer success,0.005384937860071659
83e2280a36599166c8ae,USC Franka,31,DT,-5.313404560089111
83e2280a36599166c8ae,USC Franka,31,S1,-16.142366409301758
83e2280a36599166c8ae,USC Franka,31,S3,-15.837215423583984
83e2280a36599166c8ae,USC Franka,31,S5,-15.689301490783691
83e2280a36599166c8ae,USC Franka,31,DT + S1,0.004880898400611497
83e2280a36599166c8ae,USC Franka,31,DT + S3,0.005871029754915415
83e2280a36599166c8ae,USC Franka,31,DT + S5,0.006148058787603894
83e2280a36599166c8ae,USC Franka,31,DINOv2,0.6065716743469238
83e2280a36599166c8ae,USC Franka,31,Robometer progress,0.49418210983276367
83e2280a36599166c8ae,USC Franka,31,Robometer success,0.13660839200019836
83e2280a36599166c8ae,USC Franka,47,DT,-2.906222343444824
83e2280a36599166c8ae,USC Franka,47,S1,-12.622858047485352
83e2280a36599166c8ae,USC Franka,47,S3,-11.542410850524902
83e2280a36599166c8ae,USC Franka,47,S5,-11.260956764221191
83e2280a36599166c8ae,USC Franka,47,DT + S1,0.02789428054994587
83e2280a36599166c8ae,USC Franka,47,DT + S3,0.04477430255292591
83e2280a36599166c8ae,USC Franka,47,DT + S5,0.04899709114489102
83e2280a36599166c8ae,USC Franka,47,DINOv2,0.8468630313873291
83e2280a36599166c8ae,USC Franka,47,Robometer progress,0.5694565773010254
83e2280a36599166c8ae,USC Franka,47,Robometer success,0.1980641782283783
83e2280a36599166c8ae,USC Franka,63,DT,-2.433910846710205
83e2280a36599166c8ae,USC Franka,63,S1,-0.07924995571374893
83e2280a36599166c8ae,USC Franka,63,S3,-0.07585986703634262
83e2280a36599166c8ae,USC Franka,63,S5,-0.2473451793193817
83e2280a36599166c8ae,USC Franka,63,DT + S1,0.8642926057283132
83e2280a36599166c8ae,USC Franka,63,DT + S3,0.8600825126955453
83e2280a36599166c8ae,USC Franka,63,DT + S5,0.8455856957806075
83e2280a36599166c8ae,USC Franka,63,DINOv2,0.9999999403953552
83e2280a36599166c8ae,USC Franka,63,Robometer progress,0.7879219651222229
83e2280a36599166c8ae,USC Franka,63,Robometer success,0.6495786309242249
929dc4fdb66bae110742,USC Franka,0,DT,-8.889861106872559
929dc4fdb66bae110742,USC Franka,0,S1,-15.504278182983398
929dc4fdb66bae110742,USC Franka,0,S3,
929dc4fdb66bae110742,USC Franka,0,S5,
929dc4fdb66bae110742,USC Franka,0,DT + S1,0.004322997281966213
929dc4fdb66bae110742,USC Franka,0,DT + S3,
929dc4fdb66bae110742,USC Franka,0,DT + S5,
929dc4fdb66bae110742,USC Franka,0,DINOv2,0.6247812509536743
929dc4fdb66bae110742,USC Franka,0,Robometer progress,0.581855297088623
929dc4fdb66bae110742,USC Franka,0,Robometer success,0.169956237077713
929dc4fdb66bae110742,USC Franka,4,DT,-8.573677062988281
929dc4fdb66bae110742,USC Franka,4,S1,-15.623119354248047
929dc4fdb66bae110742,USC Franka,4,S3,-14.939682960510254
929dc4fdb66bae110742,USC Franka,4,S5,-14.898037910461426
929dc4fdb66bae110742,USC Franka,4,DT + S1,0.004255313164161025
929dc4fdb66bae110742,USC Franka,4,DT + S3,0.005984883216962311
929dc4fdb66bae110742,USC Franka,4,DT + S5,0.005987734893446381
929dc4fdb66bae110742,USC Franka,4,DINOv2,0.6157437562942505
929dc4fdb66bae110742,USC Franka,4,Robometer progress,0.6022992134094238
929dc4fdb66bae110742,USC Franka,4,Robometer success,0.14511536061763763
929dc4fdb66bae110742,USC Franka,15,DT,-5.352018356323242
929dc4fdb66bae110742,USC Franka,15,S1,-15.848153114318848
929dc4fdb66bae110742,USC Franka,15,S3,-15.234341621398926
929dc4fdb66bae110742,USC Franka,15,S5,-14.957730293273926
929dc4fdb66bae110742,USC Franka,15,DT + S1,0.005506561041061234
929dc4fdb66bae110742,USC Franka,15,DT + S3,0.007521570717234482
929dc4fdb66bae110742,USC Franka,15,DT + S5,0.00829976680445822
929dc4fdb66bae110742,USC Franka,15,DINOv2,0.6898825168609619
929dc4fdb66bae110742,USC Franka,15,Robometer progress,0.7728825211524963
929dc4fdb66bae110742,USC Franka,15,Robometer success,0.5626571178436279
929dc4fdb66bae110742,USC Franka,31,DT,-5.811192512512207
929dc4fdb66bae110742,USC Franka,31,S1,-15.430096626281738
929dc4fdb66bae110742,USC Franka,31,S3,-15.089088439941406
929dc4fdb66bae110742,USC Franka,31,S5,-15.09541130065918
929dc4fdb66bae110742,USC Franka,31,DT + S1,0.00625205724858912
929dc4fdb66bae110742,USC Franka,31,DT + S3,0.007601492371566255
929dc4fdb66bae110742,USC Franka,31,DT + S5,0.007455573592180618
929dc4fdb66bae110742,USC Franka,31,DINOv2,0.7549209594726562
929dc4fdb66bae110742,USC Franka,31,Robometer progress,0.8297408223152161
929dc4fdb66bae110742,USC Franka,31,Robometer success,0.7287483215332031
929dc4fdb66bae110742,USC Franka,47,DT,-3.323420286178589
929dc4fdb66bae110742,USC Franka,47,S1,-13.033843040466309
929dc4fdb66bae110742,USC Franka,47,S3,-11.977478981018066
929dc4fdb66bae110742,USC Franka,47,S5,-11.678735733032227
929dc4fdb66bae110742,USC Franka,47,DT + S1,0.02248159614627014
929dc4fdb66bae110742,USC Franka,47,DT + S3,0.03594315510447929
929dc4fdb66bae110742,USC Franka,47,DT + S5,0.039672650177976984
929dc4fdb66bae110742,USC Franka,47,DINOv2,0.8813745379447937
929dc4fdb66bae110742,USC Franka,47,Robometer progress,0.648130476474762
929dc4fdb66bae110742,USC Franka,47,Robometer success,0.1225232183933258
929dc4fdb66bae110742,USC Franka,63,DT,-2.2268636226654053
929dc4fdb66bae110742,USC Franka,63,S1,-0.05511602386832237
929dc4fdb66bae110742,USC Franka,63,S3,-0.11737125366926193
929dc4fdb66bae110742,USC Franka,63,S5,-0.29019585251808167
929dc4fdb66bae110742,USC Franka,63,DT + S1,0.8681294911148211
929dc4fdb66bae110742,USC Franka,63,DT + S3,0.8607177919337546
929dc4fdb66bae110742,USC Franka,63,DT + S5,0.846209877131387
929dc4fdb66bae110742,USC Franka,63,DINOv2,1.0
929dc4fdb66bae110742,USC Franka,63,Robometer progress,0.6381890177726746
929dc4fdb66bae110742,USC Franka,63,Robometer success,0.09268777817487717
8b5b221e00560bebc6c8,USC Franka,0,DT,-22.763160705566406
8b5b221e00560bebc6c8,USC Franka,0,S1,-14.81052017211914
8b5b221e00560bebc6c8,USC Franka,0,S3,
8b5b221e00560bebc6c8,USC Franka,0,S5,
8b5b221e00560bebc6c8,USC Franka,0,DT + S1,0.0012638254981336692
8b5b221e00560bebc6c8,USC Franka,0,DT + S3,
8b5b221e00560bebc6c8,USC Franka,0,DT + S5,
8b5b221e00560bebc6c8,USC Franka,0,DINOv2,0.6027616262435913
8b5b221e00560bebc6c8,USC Franka,0,Robometer progress,0.1657223403453827
8b5b221e00560bebc6c8,USC Franka,0,Robometer success,0.0017546144081279635
8b5b221e00560bebc6c8,USC Franka,4,DT,-15.861540794372559
8b5b221e00560bebc6c8,USC Franka,4,S1,-14.627259254455566
8b5b221e00560bebc6c8,USC Franka,4,S3,-14.456589698791504
8b5b221e00560bebc6c8,USC Franka,4,S5,-14.390545845031738
8b5b221e00560bebc6c8,USC Franka,4,DT + S1,0.002918849495154527
8b5b221e00560bebc6c8,USC Franka,4,DT + S3,0.003301098002617268
8b5b221e00560bebc6c8,USC Franka,4,DT + S5,0.0033352015267577168
8b5b221e00560bebc6c8,USC Franka,4,DINOv2,0.601249098777771
8b5b221e00560bebc6c8,USC Franka,4,Robometer progress,0.16330155730247498
8b5b221e00560bebc6c8,USC Franka,4,Robometer success,0.0017546144081279635
8b5b221e00560bebc6c8,USC Franka,15,DT,-7.18998384475708
8b5b221e00560bebc6c8,USC Franka,15,S1,-14.80042552947998
8b5b221e00560bebc6c8,USC Franka,15,S3,-14.072566032409668
8b5b221e00560bebc6c8,USC Franka,15,S5,-13.42635440826416
8b5b221e00560bebc6c8,USC Franka,15,DT + S1,0.0070201302843571475
8b5b221e00560bebc6c8,USC Franka,15,DT + S3,0.009995031905434973
8b5b221e00560bebc6c8,USC Franka,15,DT + S5,0.012824624648576886
8b5b221e00560bebc6c8,USC Franka,15,DINOv2,0.7662014961242676
8b5b221e00560bebc6c8,USC Franka,15,Robometer progress,0.2820758819580078
8b5b221e00560bebc6c8,USC Franka,15,Robometer success,0.0034834241960197687
8b5b221e00560bebc6c8,USC Franka,31,DT,-6.224199295043945
8b5b221e00560bebc6c8,USC Franka,31,S1,-15.557043075561523
8b5b221e00560bebc6c8,USC Franka,31,S3,-15.130582809448242
8b5b221e00560bebc6c8,USC Franka,31,S5,-15.004009246826172
8b5b221e00560bebc6c8,USC Franka,31,DT + S1,0.005662375439697757
8b5b221e00560bebc6c8,USC Franka,31,DT + S3,0.007141767984567275
8b5b221e00560bebc6c8,USC Franka,31,DT + S5,0.00740344601661037
8b5b221e00560bebc6c8,USC Franka,31,DINOv2,0.8139608502388
8b5b221e00560bebc6c8,USC Franka,31,Robometer progress,0.6677331924438477
8b5b221e00560bebc6c8,USC Franka,31,Robometer success,0.11436853557825089
8b5b221e00560bebc6c8,USC Franka,47,DT,-4.735385894775391
8b5b221e00560bebc6c8,USC Franka,47,S1,-14.251479148864746
8b5b221e00560bebc6c8,USC Franka,47,S3,-13.329279899597168
8b5b221e00560bebc6c8,USC Franka,47,S5,-13.046208381652832
8b5b221e00560bebc6c8,USC Franka,47,DT + S1,0.01157471636425347
8b5b221e00560bebc6c8,USC Franka,47,DT + S3,0.017755653469860678
8b5b221e00560bebc6c8,USC Franka,47,DT + S5,0.01955811655431242
8b5b221e00560bebc6c8,USC Franka,47,DINOv2,0.7547458410263062
8b5b221e00560bebc6c8,USC Franka,47,Robometer progress,0.7144522666931152
8b5b221e00560bebc6c8,USC Franka,47,Robometer success,0.3593641221523285
8b5b221e00560bebc6c8,USC Franka,63,DT,-1.6124422550201416
8b5b221e00560bebc6c8,USC Franka,63,S1,-0.0757988840341568
8b5b221e00560bebc6c8,USC Franka,63,S3,-0.10344240069389343
8b5b221e00560bebc6c8,USC Franka,63,S5,-0.6067934632301331
8b5b221e00560bebc6c8,USC Franka,63,DT + S1,0.8747257965292815
8b5b221e00560bebc6c8,USC Franka,63,DT + S3,0.8692847523503999
8b5b221e00560bebc6c8,USC Franka,63,DT + S5,0.8375378969115407
8b5b221e00560bebc6c8,USC Franka,63,DINOv2,1.0000001192092896
8b5b221e00560bebc6c8,USC Franka,63,Robometer progress,0.9271228909492493
8b5b221e00560bebc6c8,USC Franka,63,Robometer success,0.9728307723999023
421f5de7add1bdb65463,USC Franka,0,DT,-14.104329109191895
421f5de7add1bdb65463,USC Franka,0,S1,-15.334321975708008
421f5de7add1bdb65463,USC Franka,0,S3,
421f5de7add1bdb65463,USC Franka,0,S5,
421f5de7add1bdb65463,USC Franka,0,DT + S1,0.0026209414093486994
421f5de7add1bdb65463,USC Franka,0,DT + S3,
421f5de7add1bdb65463,USC Franka,0,DT + S5,
421f5de7add1bdb65463,USC Franka,0,DINOv2,0.7422138452529907
421f5de7add1bdb65463,USC Franka,0,Robometer progress,0.15402564406394958
421f5de7add1bdb65463,USC Franka,0,Robometer success,0.0018102108733728528
421f5de7add1bdb65463,USC Franka,4,DT,-13.42538070678711
421f5de7add1bdb65463,USC Franka,4,S1,-15.258828163146973
421f5de7add1bdb65463,USC Franka,4,S3,-15.2275390625
421f5de7add1bdb65463,USC Franka,4,S5,-15.244342803955078
421f5de7add1bdb65463,USC Franka,4,DT + S1,0.0029161285977383654
421f5de7add1bdb65463,USC Franka,4,DT + S3,0.0031199096815072254
421f5de7add1bdb65463,USC Franka,4,DT + S5,0.0030486214080739735
421f5de7add1bdb65463,USC Franka,4,DINOv2,0.745643138885498
421f5de7add1bdb65463,USC Franka,4,Robometer progress,0.1502622365951538
421f5de7add1bdb65463,USC Franka,4,Robometer success,0.0017007222631946206
421f5de7add1bdb65463,USC Franka,15,DT,-13.883806228637695
421f5de7add1bdb65463,USC Franka,15,S1,-16.06874656677246
421f5de7add1bdb65463,USC Franka,15,S3,-15.277389526367188
421f5de7add1bdb65463,USC Franka,15,S5,-14.418153762817383
421f5de7add1bdb65463,USC Franka,15,DT + S1,0.001964480288705546
421f5de7add1bdb65463,USC Franka,15,DT + S3,0.0029056710794495315
421f5de7add1bdb65463,USC Franka,15,DT + S5,0.0040936220898022055
421f5de7add1bdb65463,USC Franka,15,DINOv2,0.7323733568191528
421f5de7add1bdb65463,USC Franka,15,Robometer progress,0.24712759256362915
421f5de7add1bdb65463,USC Franka,15,Robometer success,0.0023967307060956955
421f5de7add1bdb65463,USC Franka,31,DT,-7.022856712341309
421f5de7add1bdb65463,USC Franka,31,S1,-15.92897891998291
421f5de7add1bdb65463,USC Franka,31,S3,-15.262106895446777
421f5de7add1bdb65463,USC Franka,31,S5,-15.259146690368652
421f5de7add1bdb65463,USC Franka,31,DT + S1,0.004430114446419873
421f5de7add1bdb65463,USC Franka,31,DT + S3,0.006195382522328451
421f5de7add1bdb65463,USC Franka,31,DT + S5,0.006102157670233179
421f5de7add1bdb65463,USC Franka,31,DINOv2,0.8109566569328308
421f5de7add1bdb65463,USC Franka,31,Robometer progress,0.7173562049865723
421f5de7add1bdb65463,USC Franka,31,Robometer success,0.3302551507949829
421f5de7add1bdb65463,USC Franka,47,DT,-4.423242568969727
421f5de7add1bdb65463,USC Franka,47,S1,-15.137720108032227
421f5de7add1bdb65463,USC Franka,47,S3,-14.180901527404785
421f5de7add1bdb65463,USC Franka,47,S5,-14.095706939697266
421f5de7add1bdb65463,USC Franka,47,DT + S1,0.00823646120802092
421f5de7add1bdb65463,USC Franka,47,DT + S3,0.01290515905057036
421f5de7add1bdb65463,USC Franka,47,DT + S5,0.013124965054293117
421f5de7add1bdb65463,USC Franka,47,DINOv2,0.738693118095398
421f5de7add1bdb65463,USC Franka,47,Robometer progress,0.8021191954612732
421f5de7add1bdb65463,USC Franka,47,Robometer success,0.7786493301391602
421f5de7add1bdb65463,USC Franka,63,DT,-1.6709357500076294
421f5de7add1bdb65463,USC Franka,63,S1,-0.05630705505609512
421f5de7add1bdb65463,USC Franka,63,S3,-0.1031019315123558
421f5de7add1bdb65463,USC Franka,63,S5,-0.2332247495651245
421f5de7add1bdb65463,USC Franka,63,DT + S1,0.8749303869707374
421f5de7add1bdb65463,USC Franka,63,DT + S3,0.8685689186254637
421f5de7add1bdb65463,USC Franka,63,DT + S5,0.8569404800924529
421f5de7add1bdb65463,USC Franka,63,DINOv2,1.0
421f5de7add1bdb65463,USC Franka,63,Robometer progress,0.9227570295333862
421f5de7add1bdb65463,USC Franka,63,Robometer success,0.9752018451690674
ef08b157dc6c28d51072,USC Franka,0,DT,-9.261825561523438
ef08b157dc6c28d51072,USC Franka,0,S1,-14.637262344360352
ef08b157dc6c28d51072,USC Franka,0,S3,
ef08b157dc6c28d51072,USC Franka,0,S5,
ef08b157dc6c28d51072,USC Franka,0,DT + S1,0.005996037085856919
ef08b157dc6c28d51072,USC Franka,0,DT + S3,
ef08b157dc6c28d51072,USC Franka,0,DT + S5,
ef08b157dc6c28d51072,USC Franka,0,DINOv2,0.7069602608680725
ef08b157dc6c28d51072,USC Franka,0,Robometer progress,0.06748643517494202
ef08b157dc6c28d51072,USC Franka,0,Robometer success,0.0017007222631946206
ef08b157dc6c28d51072,USC Franka,4,DT,-7.105045318603516
ef08b157dc6c28d51072,USC Franka,4,S1,-14.584562301635742
ef08b157dc6c28d51072,USC Franka,4,S3,-14.277007102966309
ef08b157dc6c28d51072,USC Franka,4,S5,-14.25216007232666
ef08b157dc6c28d51072,USC Franka,4,DT + S1,0.007763768154949876
ef08b157dc6c28d51072,USC Franka,4,DT + S3,0.009264087352665078
ef08b157dc6c28d51072,USC Franka,4,DT + S5,0.009192508237686841
ef08b157dc6c28d51072,USC Franka,4,DINOv2,0.7306987047195435
ef08b157dc6c28d51072,USC Franka,4,Robometer progress,0.0905328094959259
ef08b157dc6c28d51072,USC Franka,4,Robometer success,0.0024726230185478926
ef08b157dc6c28d51072,USC Franka,15,DT,-5.93606424331665
ef08b157dc6c28d51072,USC Franka,15,S1,-14.832231521606445
ef08b157dc6c28d51072,USC Franka,15,S3,-14.363245010375977
ef08b157dc6c28d51072,USC Franka,15,S5,-14.2409086227417
ef08b157dc6c28d51072,USC Franka,15,DT + S1,0.007944356014279078
ef08b157dc6c28d51072,USC Franka,15,DT + S3,0.010149639522677481
ef08b157dc6c28d51072,USC Franka,15,DT + S5,0.010487563592807213
ef08b157dc6c28d51072,USC Franka,15,DINOv2,0.8365292549133301
ef08b157dc6c28d51072,USC Franka,15,Robometer progress,0.40028446912765503
ef08b157dc6c28d51072,USC Franka,15,Robometer success,0.00712142838165164
ef08b157dc6c28d51072,USC Franka,31,DT,-4.786488056182861
ef08b157dc6c28d51072,USC Franka,31,S1,-14.307145118713379
ef08b157dc6c28d51072,USC Franka,31,S3,-13.969663619995117
ef08b157dc6c28d51072,USC Franka,31,S5,-13.729748725891113
ef08b157dc6c28d51072,USC Franka,31,DT + S1,0.01124341830231038
ef08b157dc6c28d51072,USC Franka,31,DT + S3,0.013543877804350039
ef08b157dc6c28d51072,USC Franka,31,DT + S5,0.014678236938015538
ef08b157dc6c28d51072,USC Franka,31,DINOv2,0.8592773675918579
ef08b157dc6c28d51072,USC Franka,31,Robometer progress,0.5585929155349731
ef08b157dc6c28d51072,USC Franka,31,Robometer success,0.04336579889059067
ef08b157dc6c28d51072,USC Franka,47,DT,-1.662481665611267
ef08b157dc6c28d51072,USC Franka,47,S1,-12.351223945617676
ef08b157dc6c28d51072,USC Franka,47,S3,-11.178529739379883
ef08b157dc6c28d51072,USC Franka,47,S5,-11.19914436340332
ef08b157dc6c28d51072,USC Franka,47,DT + S1,0.03563564645944465
ef08b157dc6c28d51072,USC Franka,47,DT + S3,0.05893765323289931
ef08b157dc6c28d51072,USC Franka,47,DT + S5,0.05714866060525253
ef08b157dc6c28d51072,USC Franka,47,DINOv2,0.8934579491615295
ef08b157dc6c28d51072,USC Franka,47,Robometer progress,0.7586772441864014
ef08b157dc6c28d51072,USC Franka,47,Robometer success,0.46611642837524414
ef08b157dc6c28d51072,USC Franka,63,DT,-1.9167907238006592
ef08b157dc6c28d51072,USC Franka,63,S1,-0.059932462871074677
ef08b157dc6c28d51072,USC Franka,63,S3,-0.14849013090133667
ef08b157dc6c28d51072,USC Franka,63,S5,-0.21581299602985382
ef08b157dc6c28d51072,USC Franka,63,DT + S1,0.8717627257053763
ef08b157dc6c28d51072,USC Franka,63,DT + S3,0.863214425187788
ef08b157dc6c28d51072,USC Franka,63,DT + S5,0.8545072833221878
ef08b157dc6c28d51072,USC Franka,63,DINOv2,0.9999999403953552
ef08b157dc6c28d51072,USC Franka,63,Robometer progress,0.844605028629303
ef08b157dc6c28d51072,USC Franka,63,Robometer success,0.7634837031364441
d824d7b304016c948e7d,USC Franka,0,DT,-7.885329246520996
d824d7b304016c948e7d,USC Franka,0,S1,-14.222184181213379
d824d7b304016c948e7d,USC Franka,0,S3,
d824d7b304016c948e7d,USC Franka,0,S5,
d824d7b304016c948e7d,USC Franka,0,DT + S1,0.008310355797131833
d824d7b304016c948e7d,USC Franka,0,DT + S3,
d824d7b304016c948e7d,USC Franka,0,DT + S5,
d824d7b304016c948e7d,USC Franka,0,DINOv2,0.5094993114471436
d824d7b304016c948e7d,USC Franka,0,Robometer progress,0.0721055343747139
d824d7b304016c948e7d,USC Franka,0,Robometer success,0.0017007222631946206
d824d7b304016c948e7d,USC Franka,4,DT,-6.318446159362793
d824d7b304016c948e7d,USC Franka,4,S1,-13.941288948059082
d824d7b304016c948e7d,USC Franka,4,S3,-13.400023460388184
d824d7b304016c948e7d,USC Franka,4,S5,-13.487483978271484
d824d7b304016c948e7d,USC Franka,4,DT + S1,0.011102415146660388
d824d7b304016c948e7d,USC Franka,4,DT + S3,0.014530362075874832
d824d7b304016c948e7d,USC Franka,4,DT + S5,0.01374329068180683
d824d7b304016c948e7d,USC Franka,4,DINOv2,0.6685872673988342
d824d7b304016c948e7d,USC Franka,4,Robometer progress,0.08118687570095062
d824d7b304016c948e7d,USC Franka,4,Robometer success,0.0014103584690019488
d824d7b304016c948e7d,USC Franka,15,DT,-3.359896659851074
d824d7b304016c948e7d,USC Franka,15,S1,-13.707758903503418
d824d7b304016c948e7d,USC Franka,15,S3,-12.97880744934082
d824d7b304016c948e7d,USC Franka,15,S5,-12.925684928894043
d824d7b304016c948e7d,USC Franka,15,DT + S1,0.016893397067782506
d824d7b304016c948e7d,USC Franka,15,DT + S3,0.023787629216298376
d824d7b304016c948e7d,USC Franka,15,DT + S5,0.02382186502133702
d824d7b304016c948e7d,USC Franka,15,DINOv2,0.8096965551376343
d824d7b304016c948e7d,USC Franka,15,Robometer progress,0.37509268522262573
d824d7b304016c948e7d,USC Franka,15,Robometer success,0.008847354911267757
d824d7b304016c948e7d,USC Franka,31,DT,-3.0035834312438965
d824d7b304016c948e7d,USC Franka,31,S1,-13.667862892150879
d824d7b304016c948e7d,USC Franka,31,S3,-13.096735000610352
d824d7b304016c948e7d,USC Franka,31,S5,-12.989234924316406
d824d7b304016c948e7d,USC Franka,31,DT + S1,0.017853993849018077
d824d7b304016c948e7d,USC Franka,31,DT + S3,0.02354598977816034
d824d7b304016c948e7d,USC Franka,31,DT + S5,0.02411453571016643
d824d7b304016c948e7d,USC Franka,31,DINOv2,0.9008392691612244
d824d7b304016c948e7d,USC Franka,31,Robometer progress,0.5926434397697449
d824d7b304016c948e7d,USC Franka,31,Robometer success,0.08035746961832047
d824d7b304016c948e7d,USC Franka,47,DT,-2.2503716945648193
d824d7b304016c948e7d,USC Franka,47,S1,-11.167265892028809
d824d7b304016c948e7d,USC Franka,47,S3,-10.110506057739258
d824d7b304016c948e7d,USC Franka,47,S5,-9.923837661743164
d824d7b304016c948e7d,USC Franka,47,DT + S1,0.05427461609820019
d824d7b304016c948e7d,USC Franka,47,DT + S3,0.08426327000642193
d824d7b304016c948e7d,USC Franka,47,DT + S5,0.08838460565503865
d824d7b304016c948e7d,USC Franka,47,DINOv2,0.9472700357437134
d824d7b304016c948e7d,USC Franka,47,Robometer progress,0.8282153606414795
d824d7b304016c948e7d,USC Franka,47,Robometer success,0.6951311230659485
d824d7b304016c948e7d,USC Franka,63,DT,-2.2825379371643066
d824d7b304016c948e7d,USC Franka,63,S1,-0.049703434109687805
d824d7b304016c948e7d,USC Franka,63,S3,-0.08043008297681808
d824d7b304016c948e7d,USC Franka,63,S5,-0.24727565050125122
d824d7b304016c948e7d,USC Franka,63,DT + S1,0.8676908229421073
d824d7b304016c948e7d,USC Franka,63,DT + S3,0.8618437154467754
d824d7b304016c948e7d,USC Franka,63,DT + S5,0.84774788018059
d824d7b304016c948e7d,USC Franka,63,DINOv2,1.0
d824d7b304016c948e7d,USC Franka,63,Robometer progress,0.8872236013412476
d824d7b304016c948e7d,USC Franka,63,Robometer success,0.9032942056655884
c80ded648068cf744b84,USC Koch,0,DT,-48.04779052734375
c80ded648068cf744b84,USC Koch,0,S1,-15.907191276550293
c80ded648068cf744b84,USC Koch,0,S3,
c80ded648068cf744b84,USC Koch,0,S5,
c80ded648068cf744b84,USC Koch,0,DT + S1,4.8864544909946916e-05
c80ded648068cf744b84,USC Koch,0,DT + S3,
c80ded648068cf744b84,USC Koch,0,DT + S5,
c80ded648068cf744b84,USC Koch,0,DINOv2,0.7593633532524109
c80ded648068cf744b84,USC Koch,0,Robometer progress,0.16277652978897095
c80ded648068cf744b84,USC Koch,0,Robometer success,0.009412589482963085
c80ded648068cf744b84,USC Koch,4,DT,-16.73465919494629
c80ded648068cf744b84,USC Koch,4,S1,-15.454587936401367
c80ded648068cf744b84,USC Koch,4,S3,-15.159564971923828
c80ded648068cf744b84,USC Koch,4,S5,-15.106435775756836
c80ded648068cf744b84,USC Koch,4,DT + S1,0.0018647722336663963
c80ded648068cf744b84,USC Koch,4,DT + S3,0.0022335760612385742
c80ded648068cf744b84,USC Koch,4,DT + S5,0.002247447253124202
c80ded648068cf744b84,USC Koch,4,DINOv2,0.6769646406173706
c80ded648068cf744b84,USC Koch,4,Robometer progress,0.2094118297100067
c80ded648068cf744b84,USC Koch,4,Robometer success,0.008577484637498856
c80ded648068cf744b84,USC Koch,7,DT,-12.887015342712402
c80ded648068cf744b84,USC Koch,7,S1,-15.23784065246582
c80ded648068cf744b84,USC Koch,7,S3,-14.791523933410645
c80ded648068cf744b84,USC Koch,7,S5,-14.796354293823242
c80ded648068cf744b84,USC Koch,7,DT + S1,0.0031215481313377545
c80ded648068cf744b84,USC Koch,7,DT + S3,0.00397315608227436
c80ded648068cf744b84,USC Koch,7,DT + S5,0.003898755672871621
c80ded648068cf744b84,USC Koch,7,DINOv2,0.8302098512649536
c80ded648068cf744b84,USC Koch,7,Robometer progress,0.23470599949359894
c80ded648068cf744b84,USC Koch,7,Robometer success,0.014503579586744308
c80ded648068cf744b84,USC Koch,15,DT,-5.781897068023682
c80ded648068cf744b84,USC Koch,15,S1,-14.106269836425781
c80ded648068cf744b84,USC Koch,15,S3,-13.660539627075195
c80ded648068cf744b84,USC Koch,15,S5,-13.680071830749512
c80ded648068cf744b84,USC Koch,15,DT + S1,0.010979623002966102
c80ded648068cf744b84,USC Koch,15,DT + S3,0.013822757216615184
c80ded648068cf744b84,USC Koch,15,DT + S5,0.01345151602372615
c80ded648068cf744b84,USC Koch,15,DINOv2,0.8949275016784668
c80ded648068cf744b84,USC Koch,15,Robometer progress,0.49660879373550415
c80ded648068cf744b84,USC Koch,15,Robometer success,0.042087726294994354
c80ded648068cf744b84,USC Koch,23,DT,-1.7514727115631104
c80ded648068cf744b84,USC Koch,23,S1,-11.598104476928711
c80ded648068cf744b84,USC Koch,23,S3,-10.991909980773926
c80ded648068cf744b84,USC Koch,23,S5,-10.895895957946777
c80ded648068cf744b84,USC Koch,23,DT + S1,0.048030793312652004
c80ded648068cf744b84,USC Koch,23,DT + S3,0.06286770910526497
c80ded648068cf744b84,USC Koch,23,DT + S5,0.06380585779037419
c80ded648068cf744b84,USC Koch,23,DINOv2,0.9143511056900024
c80ded648068cf744b84,USC Koch,23,Robometer progress,0.725849449634552
c80ded648068cf744b84,USC Koch,23,Robometer success,0.3123700022697449
c80ded648068cf744b84,USC Koch,31,DT,-1.5386765003204346
c80ded648068cf744b84,USC Koch,31,S1,-0.07200648635625839
c80ded648068cf744b84,USC Koch,31,S3,-0.09205179661512375
c80ded648068cf744b84,USC Koch,31,S5,-0.1675391048192978
c80ded648068cf744b84,USC Koch,31,DT + S1,0.8757899145919805
c80ded648068cf744b84,USC Koch,31,DT + S3,0.8707435087765127
c80ded648068cf744b84,USC Koch,31,DT + S5,0.862018144527947
c80ded648068cf744b84,USC Koch,31,DINOv2,1.0000001192092896
c80ded648068cf744b84,USC Koch,31,Robometer progress,0.8774834275245667
c80ded648068cf744b84,USC Koch,31,Robometer success,0.8469578623771667
c5c10a4e7f73c3afbbb3,USC Koch,0,DT,-8.729202270507812
c5c10a4e7f73c3afbbb3,USC Koch,0,S1,-14.437814712524414
c5c10a4e7f73c3afbbb3,USC Koch,0,S3,
c5c10a4e7f73c3afbbb3,USC Koch,0,S5,
c5c10a4e7f73c3afbbb3,USC Koch,0,DT + S1,0.00691669969688728
c5c10a4e7f73c3afbbb3,USC Koch,0,DT + S3,
c5c10a4e7f73c3afbbb3,USC Koch,0,DT + S5,
c5c10a4e7f73c3afbbb3,USC Koch,0,DINOv2,0.798885703086853
c5c10a4e7f73c3afbbb3,USC Koch,0,Robometer progress,0.14526531100273132
c5c10a4e7f73c3afbbb3,USC Koch,0,Robometer success,0.008061991073191166
c5c10a4e7f73c3afbbb3,USC Koch,4,DT,-5.892294406890869
c5c10a4e7f73c3afbbb3,USC Koch,4,S1,-14.27894115447998
c5c10a4e7f73c3afbbb3,USC Koch,4,S3,-14.067941665649414
c5c10a4e7f73c3afbbb3,USC Koch,4,S5,-13.794169425964355
c5c10a4e7f73c3afbbb3,USC Koch,4,DT + S1,0.010085785348881063
c5c10a4e7f73c3afbbb3,USC Koch,4,DT + S3,0.011531654628390888
c5c10a4e7f73c3afbbb3,USC Koch,4,DT + S5,0.012678994423117831
c5c10a4e7f73c3afbbb3,USC Koch,4,DINOv2,0.8060921430587769
c5c10a4e7f73c3afbbb3,USC Koch,4,Robometer progress,0.22656551003456116
c5c10a4e7f73c3afbbb3,USC Koch,4,Robometer success,0.0120537793263793
c5c10a4e7f73c3afbbb3,USC Koch,7,DT,-4.72327184677124
c5c10a4e7f73c3afbbb3,USC Koch,7,S1,-13.934178352355957
c5c10a4e7f73c3afbbb3,USC Koch,7,S3,-13.772517204284668
c5c10a4e7f73c3afbbb3,USC Koch,7,S5,-13.672621726989746
c5c10a4e7f73c3afbbb3,USC Koch,7,DT + S1,0.013247477079499087
c5c10a4e7f73c3afbbb3,USC Koch,7,DT + S3,0.014798937551717403
c5c10a4e7f73c3afbbb3,USC Koch,7,DT + S5,0.015131566529155345
c5c10a4e7f73c3afbbb3,USC Koch,7,DINOv2,0.8314610719680786
c5c10a4e7f73c3afbbb3,USC Koch,7,Robometer progress,0.3491365909576416
c5c10a4e7f73c3afbbb3,USC Koch,7,Robometer success,0.0384661927819252
c5c10a4e7f73c3afbbb3,USC Koch,15,DT,-3.8095788955688477
c5c10a4e7f73c3afbbb3,USC Koch,15,S1,-13.085367202758789
c5c10a4e7f73c3afbbb3,USC Koch,15,S3,-12.72339153289795
c5c10a4e7f73c3afbbb3,USC Koch,15,S5,-12.500375747680664
c5c10a4e7f73c3afbbb3,USC Koch,15,DT + S1,0.020879834910176084
c5c10a4e7f73c3afbbb3,USC Koch,15,DT + S3,0.025173396862984
c5c10a4e7f73c3afbbb3,USC Koch,15,DT + S5,0.02700795725885714
c5c10a4e7f73c3afbbb3,USC Koch,15,DINOv2,0.8460206985473633
c5c10a4e7f73c3afbbb3,USC Koch,15,Robometer progress,0.4393104910850525
c5c10a4e7f73c3afbbb3,USC Koch,15,Robometer success,0.0427221953868866
c5c10a4e7f73c3afbbb3,USC Koch,23,DT,-1.7860686779022217
c5c10a4e7f73c3afbbb3,USC Koch,23,S1,-11.651350975036621
c5c10a4e7f73c3afbbb3,USC Koch,23,S3,-11.132526397705078
c5c10a4e7f73c3afbbb3,USC Koch,23,S5,-11.150460243225098
c5c10a4e7f73c3afbbb3,USC Koch,23,DT + S1,0.046832434299869906
c5c10a4e7f73c3afbbb3,USC Koch,23,DT + S3,0.059258667860725575
c5c10a4e7f73c3afbbb3,USC Koch,23,DT + S5,0.05751738908894974
c5c10a4e7f73c3afbbb3,USC Koch,23,DINOv2,0.9483902454376221
c5c10a4e7f73c3afbbb3,USC Koch,23,Robometer progress,0.5030592679977417
c5c10a4e7f73c3afbbb3,USC Koch,23,Robometer success,0.08269733935594559
c5c10a4e7f73c3afbbb3,USC Koch,31,DT,-1.672226071357727
c5c10a4e7f73c3afbbb3,USC Koch,31,S1,-0.07972602546215057
c5c10a4e7f73c3afbbb3,USC Koch,31,S3,-0.06599724292755127
c5c10a4e7f73c3afbbb3,USC Koch,31,S5,-0.07562509924173355
c5c10a4e7f73c3afbbb3,USC Koch,31,DT + S1,0.8738175161559878
c5c10a4e7f73c3afbbb3,USC Koch,31,DT + S3,0.8703248168371036
c5c10a4e7f73c3afbbb3,USC Koch,31,DT + S5,0.8648293358294016
c5c10a4e7f73c3afbbb3,USC Koch,31,DINOv2,1.0
c5c10a4e7f73c3afbbb3,USC Koch,31,Robometer progress,0.4357823133468628
c5c10a4e7f73c3afbbb3,USC Koch,31,Robometer success,0.07159119844436646
02634ae8607b18bde8ce,USC Koch,0,DT,-7.734654903411865
02634ae8607b18bde8ce,USC Koch,0,S1,-15.220852851867676
02634ae8607b18bde8ce,USC Koch,0,S3,
02634ae8607b18bde8ce,USC Koch,0,S5,
02634ae8607b18bde8ce,USC Koch,0,DT + S1,0.005534079918387789
02634ae8607b18bde8ce,USC Koch,0,DT + S3,
02634ae8607b18bde8ce,USC Koch,0,DT + S5,
02634ae8607b18bde8ce,USC Koch,0,DINOv2,0.7696623802185059
02634ae8607b18bde8ce,USC Koch,0,Robometer progress,0.15857648849487305
02634ae8607b18bde8ce,USC Koch,0,Robometer success,0.0015011823270469904
02634ae8607b18bde8ce,USC Koch,4,DT,-5.299068450927734
02634ae8607b18bde8ce,USC Koch,4,S1,-15.542999267578125
02634ae8607b18bde8ce,USC Koch,4,S3,-15.20215129852295
02634ae8607b18bde8ce,USC Koch,4,S5,-14.914791107177734
02634ae8607b18bde8ce,USC Koch,4,DT + S1,0.0063036889594861745
02634ae8607b18bde8ce,USC Koch,4,DT + S3,0.0076675007179438145
02634ae8607b18bde8ce,USC Koch,4,DT + S5,0.008498019041630406
02634ae8607b18bde8ce,USC Koch,4,DINOv2,0.7343367338180542
02634ae8607b18bde8ce,USC Koch,4,Robometer progress,0.3053906261920929
02634ae8607b18bde8ce,USC Koch,4,Robometer success,0.0030753696337342262
02634ae8607b18bde8ce,USC Koch,7,DT,-11.71658706665039
02634ae8607b18bde8ce,USC Koch,7,S1,-15.617478370666504
02634ae8607b18bde8ce,USC Koch,7,S3,-15.274807929992676
02634ae8607b18bde8ce,USC Koch,7,S5,-15.21399211883545
02634ae8607b18bde8ce,USC Koch,7,DT + S1,0.003020659785206638
02634ae8607b18bde8ce,USC Koch,7,DT + S3,0.0036882114693351895
02634ae8607b18bde8ce,USC Koch,7,DT + S5,0.0037225717216551124
02634ae8607b18bde8ce,USC Koch,7,DINOv2,0.6033153533935547
02634ae8607b18bde8ce,USC Koch,7,Robometer progress,0.5402258634567261
02634ae8607b18bde8ce,USC Koch,7,Robometer success,0.019419347867369652
02634ae8607b18bde8ce,USC Koch,15,DT,-7.526019096374512
02634ae8607b18bde8ce,USC Koch,15,S1,-15.433243751525879
02634ae8607b18bde8ce,USC Koch,15,S3,-15.199438095092773
02634ae8607b18bde8ce,USC Koch,15,S5,-14.93784236907959
02634ae8607b18bde8ce,USC Koch,15,DT + S1,0.005174196037716268
02634ae8607b18bde8ce,USC Koch,15,DT + S3,0.006019779532170792
02634ae8607b18bde8ce,USC Koch,15,DT + S5,0.006602758614724041
02634ae8607b18bde8ce,USC Koch,15,DINOv2,0.4552074670791626
02634ae8607b18bde8ce,USC Koch,15,Robometer progress,0.7736470699310303
02634ae8607b18bde8ce,USC Koch,15,Robometer success,0.581303060054779
02634ae8607b18bde8ce,USC Koch,23,DT,-3.8892741203308105
02634ae8607b18bde8ce,USC Koch,23,S1,-14.631994247436523
02634ae8607b18bde8ce,USC Koch,23,S3,-14.349085807800293
02634ae8607b18bde8ce,USC Koch,23,S5,-14.162610054016113
02634ae8607b18bde8ce,USC Koch,23,DT + S1,0.01081060937238062
02634ae8607b18bde8ce,USC Koch,23,DT + S3,0.012752201202391232
02634ae8607b18bde8ce,USC Koch,23,DT + S5,0.013527530732638723
02634ae8607b18bde8ce,USC Koch,23,DINOv2,0.6228024959564209
02634ae8607b18bde8ce,USC Koch,23,Robometer progress,0.8679023385047913
02634ae8607b18bde8ce,USC Koch,23,Robometer success,0.9489172697067261
02634ae8607b18bde8ce,USC Koch,31,DT,-1.826277494430542
02634ae8607b18bde8ce,USC Koch,31,S1,-0.06193962320685387
02634ae8607b18bde8ce,USC Koch,31,S3,-0.06745441257953644
02634ae8607b18bde8ce,USC Koch,31,S5,-0.1112191453576088
02634ae8607b18bde8ce,USC Koch,31,DT + S1,0.8727786120101358
02634ae8607b18bde8ce,USC Koch,31,DT + S3,0.8683319980219415
02634ae8607b18bde8ce,USC Koch,31,DT + S5,0.8610646951143295
02634ae8607b18bde8ce,USC Koch,31,DINOv2,1.0000001192092896
02634ae8607b18bde8ce,USC Koch,31,Robometer progress,0.9374330639839172
02634ae8607b18bde8ce,USC Koch,31,Robometer success,0.961533784866333
bfdc31fbcfa977652ab5,USC Koch,0,DT,-29.345298767089844
bfdc31fbcfa977652ab5,USC Koch,0,S1,-15.551234245300293
bfdc31fbcfa977652ab5,USC Koch,0,S3,
bfdc31fbcfa977652ab5,USC Koch,0,S5,
bfdc31fbcfa977652ab5,USC Koch,0,DT + S1,0.000446499848886839
bfdc31fbcfa977652ab5,USC Koch,0,DT + S3,
bfdc31fbcfa977652ab5,USC Koch,0,DT + S5,
bfdc31fbcfa977652ab5,USC Koch,0,DINOv2,0.5668373107910156
bfdc31fbcfa977652ab5,USC Koch,0,Robometer progress,0.1545337438583374
bfdc31fbcfa977652ab5,USC Koch,0,Robometer success,0.0016484829830005765
bfdc31fbcfa977652ab5,USC Koch,4,DT,-19.81636619567871
bfdc31fbcfa977652ab5,USC Koch,4,S1,-15.093717575073242
bfdc31fbcfa977652ab5,USC Koch,4,S3,-14.93061637878418
bfdc31fbcfa977652ab5,USC Koch,4,S5,-14.854361534118652
bfdc31fbcfa977652ab5,USC Koch,4,DT + S1,0.0015492767239693695
bfdc31fbcfa977652ab5,USC Koch,4,DT + S3,0.0017537099587450389
bfdc31fbcfa977652ab5,USC Koch,4,DT + S5,0.001781385061732876
bfdc31fbcfa977652ab5,USC Koch,4,DINOv2,0.6469330787658691
bfdc31fbcfa977652ab5,USC Koch,4,Robometer progress,0.2107906937599182
bfdc31fbcfa977652ab5,USC Koch,4,Robometer success,0.001597845577634871
bfdc31fbcfa977652ab5,USC Koch,7,DT,-13.593952178955078
bfdc31fbcfa977652ab5,USC Koch,7,S1,-15.252788543701172
bfdc31fbcfa977652ab5,USC Koch,7,S3,-14.843974113464355
bfdc31fbcfa977652ab5,USC Koch,7,S5,-14.717458724975586
bfdc31fbcfa977652ab5,USC Koch,7,DT + S1,0.002869975072407879
bfdc31fbcfa977652ab5,USC Koch,7,DT + S3,0.0035972815816204136
bfdc31fbcfa977652ab5,USC Koch,7,DT + S5,0.0037293541081417168
bfdc31fbcfa977652ab5,USC Koch,7,DINOv2,0.5785731077194214
bfdc31fbcfa977652ab5,USC Koch,7,Robometer progress,0.34500885009765625
bfdc31fbcfa977652ab5,USC Koch,7,Robometer success,0.004609572235494852
bfdc31fbcfa977652ab5,USC Koch,15,DT,-7.179999351501465
bfdc31fbcfa977652ab5,USC Koch,15,S1,-15.437836647033691
bfdc31fbcfa977652ab5,USC Koch,15,S3,-14.951669692993164
bfdc31fbcfa977652ab5,USC Koch,15,S5,-14.357175827026367
bfdc31fbcfa977652ab5,USC Koch,15,DT + S1,0.0053637565266952325
bfdc31fbcfa977652ab5,USC Koch,15,DT + S3,0.006933765121411498
bfdc31fbcfa977652ab5,USC Koch,15,DT + S5,0.008728789303902414
bfdc31fbcfa977652ab5,USC Koch,15,DINOv2,0.4969731271266937
bfdc31fbcfa977652ab5,USC Koch,15,Robometer progress,0.757033109664917
bfdc31fbcfa977652ab5,USC Koch,15,Robometer success,0.4915779232978821
bfdc31fbcfa977652ab5,USC Koch,23,DT,-5.33259391784668
bfdc31fbcfa977652ab5,USC Koch,23,S1,-13.704692840576172
bfdc31fbcfa977652ab5,USC Koch,23,S3,-13.368813514709473
bfdc31fbcfa977652ab5,USC Koch,23,S5,-13.215822219848633
bfdc31fbcfa977652ab5,USC Koch,23,DT + S1,0.013655387392356397
bfdc31fbcfa977652ab5,USC Koch,23,DT + S3,0.016376397887200127
bfdc31fbcfa977652ab5,USC Koch,23,DT + S5,0.017102687877815152
bfdc31fbcfa977652ab5,USC Koch,23,DINOv2,0.6660621166229248
bfdc31fbcfa977652ab5,USC Koch,23,Robometer progress,0.8906617164611816
bfdc31fbcfa977652ab5,USC Koch,23,Robometer success,0.9343951344490051
bfdc31fbcfa977652ab5,USC Koch,31,DT,-1.8584003448486328
bfdc31fbcfa977652ab5,USC Koch,31,S1,-0.06339652836322784
bfdc31fbcfa977652ab5,USC Koch,31,S3,-0.12524811923503876
bfdc31fbcfa977652ab5,USC Koch,31,S5,-0.1546461433172226
bfdc31fbcfa977652ab5,USC Koch,31,DT + S1,0.8723158438778547
bfdc31fbcfa977652ab5,USC Koch,31,DT + S3,0.8651155245120395
bfdc31fbcfa977652ab5,USC Koch,31,DT + S5,0.8584455523170144
bfdc31fbcfa977652ab5,USC Koch,31,DINOv2,1.0
bfdc31fbcfa977652ab5,USC Koch,31,Robometer progress,0.9379438161849976
bfdc31fbcfa977652ab5,USC Koch,31,Robometer success,0.9559813141822815
1f4c7ff71b4757bf4795,USC Koch,0,DT,-20.14784049987793
1f4c7ff71b4757bf4795,USC Koch,0,S1,-14.421120643615723
1f4c7ff71b4757bf4795,USC Koch,0,S3,
1f4c7ff71b4757bf4795,USC Koch,0,S5,
1f4c7ff71b4757bf4795,USC Koch,0,DT + S1,0.0019891603524266753
1f4c7ff71b4757bf4795,USC Koch,0,DT + S3,
1f4c7ff71b4757bf4795,USC Koch,0,DT + S5,
1f4c7ff71b4757bf4795,USC Koch,0,DINOv2,0.6423389315605164
1f4c7ff71b4757bf4795,USC Koch,0,Robometer progress,0.16439786553382874
1f4c7ff71b4757bf4795,USC Koch,0,Robometer success,0.0012843081494793296
1f4c7ff71b4757bf4795,USC Koch,4,DT,-22.79110336303711
1f4c7ff71b4757bf4795,USC Koch,4,S1,-14.715896606445312
1f4c7ff71b4757bf4795,USC Koch,4,S3,-14.255948066711426
1f4c7ff71b4757bf4795,USC Koch,4,S5,-14.053901672363281
1f4c7ff71b4757bf4795,USC Koch,4,DT + S1,0.0013117697629773213
1f4c7ff71b4757bf4795,USC Koch,4,DT + S3,0.0016799132233580772
1f4c7ff71b4757bf4795,USC Koch,4,DT + S5,0.001796797601943757
1f4c7ff71b4757bf4795,USC Koch,4,DINOv2,0.6863166093826294
1f4c7ff71b4757bf4795,USC Koch,4,Robometer progress,0.43558087944984436
1f4c7ff71b4757bf4795,USC Koch,4,Robometer success,0.008061991073191166
1f4c7ff71b4757bf4795,USC Koch,7,DT,-10.835744857788086
1f4c7ff71b4757bf4795,USC Koch,7,S1,-14.582596778869629
1f4c7ff71b4757bf4795,USC Koch,7,S3,-14.390461921691895
1f4c7ff71b4757bf4795,USC Koch,7,S5,-14.33099365234375
1f4c7ff71b4757bf4795,USC Koch,7,DT + S1,0.0051645165729926135
1f4c7ff71b4757bf4795,USC Koch,7,DT + S3,0.00588153267163586
1f4c7ff71b4757bf4795,USC Koch,7,DT + S5,0.005923292741339881
1f4c7ff71b4757bf4795,USC Koch,7,DINOv2,0.6003060340881348
1f4c7ff71b4757bf4795,USC Koch,7,Robometer progress,0.4615996479988098
1f4c7ff71b4757bf4795,USC Koch,7,Robometer success,0.013636835850775242
1f4c7ff71b4757bf4795,USC Koch,15,DT,-8.888940811157227
1f4c7ff71b4757bf4795,USC Koch,15,S1,-14.91118335723877
1f4c7ff71b4757bf4795,USC Koch,15,S3,-14.640872955322266
1f4c7ff71b4757bf4795,USC Koch,15,S5,-14.005000114440918
1f4c7ff71b4757bf4795,USC Koch,15,DT + S1,0.0055610529740806195
1f4c7ff71b4757bf4795,USC Koch,15,DT + S3,0.006551794077114086
1f4c7ff71b4757bf4795,USC Koch,15,DT + S5,0.008388117040840097
1f4c7ff71b4757bf4795,USC Koch,15,DINOv2,0.442528635263443
1f4c7ff71b4757bf4795,USC Koch,15,Robometer progress,0.6542884111404419
1f4c7ff71b4757bf4795,USC Koch,15,Robometer success,0.13939638435840607
1f4c7ff71b4757bf4795,USC Koch,23,DT,-5.914090633392334
1f4c7ff71b4757bf4795,USC Koch,23,S1,-13.887627601623535
1f4c7ff71b4757bf4795,USC Koch,23,S3,-13.714247703552246
1f4c7ff71b4757bf4795,USC Koch,23,S5,-13.673919677734375
1f4c7ff71b4757bf4795,USC Koch,23,DT + S1,0.011867883704984587
1f4c7ff71b4757bf4795,USC Koch,23,DT + S3,0.013325710795168243
1f4c7ff71b4757bf4795,USC Koch,23,DT + S5,0.013293956172906034
1f4c7ff71b4757bf4795,USC Koch,23,DINOv2,0.5390995740890503
1f4c7ff71b4757bf4795,USC Koch,23,Robometer progress,0.868126630783081
1f4c7ff71b4757bf4795,USC Koch,23,Robometer success,0.9273632764816284
1f4c7ff71b4757bf4795,USC Koch,31,DT,-1.9634469747543335
1f4c7ff71b4757bf4795,USC Koch,31,S1,-0.05145212262868881
1f4c7ff71b4757bf4795,USC Koch,31,S3,-0.09019208699464798
1f4c7ff71b4757bf4795,USC Koch,31,S5,-0.12565679848194122
1f4c7ff71b4757bf4795,USC Koch,31,DT + S1,0.8715922435492405
1f4c7ff71b4757bf4795,USC Koch,31,DT + S3,0.8654890502222943
1f4c7ff71b4757bf4795,USC Koch,31,DT + S5,0.8585193665993346
1f4c7ff71b4757bf4795,USC Koch,31,DINOv2,0.9999999403953552
1f4c7ff71b4757bf4795,USC Koch,31,Robometer progress,0.9324182868003845
1f4c7ff71b4757bf4795,USC Koch,31,Robometer success,0.9643214344978333
da31ef67cd5ba86f5b5c,USC Koch,0,DT,-20.315820693969727
da31ef67cd5ba86f5b5c,USC Koch,0,S1,-14.384183883666992
da31ef67cd5ba86f5b5c,USC Koch,0,S3,
da31ef67cd5ba86f5b5c,USC Koch,0,S5,
da31ef67cd5ba86f5b5c,USC Koch,0,DT + S1,0.0019836972328949663
da31ef67cd5ba86f5b5c,USC Koch,0,DT + S3,
da31ef67cd5ba86f5b5c,USC Koch,0,DT + S5,
da31ef67cd5ba86f5b5c,USC Koch,0,DINOv2,0.8433870077133179
da31ef67cd5ba86f5b5c,USC Koch,0,Robometer progress,0.13209117949008942
da31ef67cd5ba86f5b5c,USC Koch,0,Robometer success,0.0015487611526623368
da31ef67cd5ba86f5b5c,USC Koch,4,DT,-11.410550117492676
da31ef67cd5ba86f5b5c,USC Koch,4,S1,-13.966623306274414
da31ef67cd5ba86f5b5c,USC Koch,4,S3,-13.657259941101074
da31ef67cd5ba86f5b5c,USC Koch,4,S5,-13.699118614196777
da31ef67cd5ba86f5b5c,USC Koch,4,DT + S1,0.006296984699927068
da31ef67cd5ba86f5b5c,USC Koch,4,DT + S3,0.007504453472593193
da31ef67cd5ba86f5b5c,USC Koch,4,DT + S5,0.007236714386444529
da31ef67cd5ba86f5b5c,USC Koch,4,DINOv2,0.7882949113845825
da31ef67cd5ba86f5b5c,USC Koch,4,Robometer progress,0.1395023763179779
da31ef67cd5ba86f5b5c,USC Koch,4,Robometer success,0.0017007222631946206
da31ef67cd5ba86f5b5c,USC Koch,7,DT,-11.170490264892578
da31ef67cd5ba86f5b5c,USC Koch,7,S1,-13.75762939453125
da31ef67cd5ba86f5b5c,USC Koch,7,S3,-13.278383255004883
da31ef67cd5ba86f5b5c,USC Koch,7,S5,-13.35324764251709
da31ef67cd5ba86f5b5c,USC Koch,7,DT + S1,0.007063202244142127
da31ef67cd5ba86f5b5c,USC Koch,7,DT + S3,0.009022801378635124
da31ef67cd5ba86f5b5c,USC Koch,7,DT + S5,0.008577046613380554
da31ef67cd5ba86f5b5c,USC Koch,7,DINOv2,0.8599324226379395
da31ef67cd5ba86f5b5c,USC Koch,7,Robometer progress,0.19169218838214874
da31ef67cd5ba86f5b5c,USC Koch,7,Robometer success,0.0017007222631946206
da31ef67cd5ba86f5b5c,USC Koch,15,DT,-7.521609306335449
da31ef67cd5ba86f5b5c,USC Koch,15,S1,-13.396263122558594
da31ef67cd5ba86f5b5c,USC Koch,15,S3,-13.249725341796875
da31ef67cd5ba86f5b5c,USC Koch,15,S5,-13.176777839660645
da31ef67cd5ba86f5b5c,USC Koch,15,DT + S1,0.01225446179534471
da31ef67cd5ba86f5b5c,USC Koch,15,DT + S3,0.01357484243810665
da31ef67cd5ba86f5b5c,USC Koch,15,DT + S5,0.013716532030098432
da31ef67cd5ba86f5b5c,USC Koch,15,DINOv2,0.836713433265686
da31ef67cd5ba86f5b5c,USC Koch,15,Robometer progress,0.5542051792144775
da31ef67cd5ba86f5b5c,USC Koch,15,Robometer success,0.014063628390431404
da31ef67cd5ba86f5b5c,USC Koch,23,DT,-3.0761799812316895
da31ef67cd5ba86f5b5c,USC Koch,23,S1,-13.23619556427002
da31ef67cd5ba86f5b5c,USC Koch,23,S3,-12.667876243591309
da31ef67cd5ba86f5b5c,USC Koch,23,S5,-12.601628303527832
da31ef67cd5ba86f5b5c,USC Koch,23,DT + S1,0.02121948910909285
da31ef67cd5ba86f5b5c,USC Koch,23,DT + S3,0.02785440479807507
da31ef67cd5ba86f5b5c,USC Koch,23,DT + S5,0.02802829493367729
da31ef67cd5ba86f5b5c,USC Koch,23,DINOv2,0.9150752425193787
da31ef67cd5ba86f5b5c,USC Koch,23,Robometer progress,0.5739715099334717
da31ef67cd5ba86f5b5c,USC Koch,23,Robometer success,0.01640303246676922
da31ef67cd5ba86f5b5c,USC Koch,31,DT,-1.548812747001648
da31ef67cd5ba86f5b5c,USC Koch,31,S1,-0.07205568999052048
da31ef67cd5ba86f5b5c,USC Koch,31,S3,-0.13165462017059326
da31ef67cd5ba86f5b5c,USC Koch,31,S5,-0.19378049671649933
da31ef67cd5ba86f5b5c,USC Koch,31,DT + S1,0.8756660712063637
da31ef67cd5ba86f5b5c,USC Koch,31,DT + S3,0.8687295831622396
da31ef67cd5ba86f5b5c,USC Koch,31,DT + S5,0.8605717302606585
da31ef67cd5ba86f5b5c,USC Koch,31,DINOv2,0.9999998807907104
da31ef67cd5ba86f5b5c,USC Koch,31,Robometer progress,0.6981426477432251
da31ef67cd5ba86f5b5c,USC Koch,31,Robometer success,0.13660839200019836
18a46b14f47bd1a2f7a8,USC Koch,0,DT,-21.844554901123047
18a46b14f47bd1a2f7a8,USC Koch,0,S1,-15.125658988952637
18a46b14f47bd1a2f7a8,USC Koch,0,S3,
18a46b14f47bd1a2f7a8,USC Koch,0,S5,
18a46b14f47bd1a2f7a8,USC Koch,0,DT + S1,0.0012226139341690906
18a46b14f47bd1a2f7a8,USC Koch,0,DT + S3,
18a46b14f47bd1a2f7a8,USC Koch,0,DT + S5,
18a46b14f47bd1a2f7a8,USC Koch,0,DINOv2,0.7724826335906982
18a46b14f47bd1a2f7a8,USC Koch,0,Robometer progress,0.09525062888860703
18a46b14f47bd1a2f7a8,USC Koch,0,Robometer success,0.005384937860071659
18a46b14f47bd1a2f7a8,USC Koch,4,DT,-10.096831321716309
18a46b14f47bd1a2f7a8,USC Koch,4,S1,-14.40559196472168
18a46b14f47bd1a2f7a8,USC Koch,4,S3,-14.290525436401367
18a46b14f47bd1a2f7a8,USC Koch,4,S5,-14.233932495117188
18a46b14f47bd1a2f7a8,USC Koch,4,DT + S1,0.006036718983642696
18a46b14f47bd1a2f7a8,USC Koch,4,DT + S3,0.006647887958940759
18a46b14f47bd1a2f7a8,USC Koch,4,DT + S5,0.00668555317276067
18a46b14f47bd1a2f7a8,USC Koch,4,DINOv2,0.7793145179748535
18a46b14f47bd1a2f7a8,USC Koch,4,Robometer progress,0.35443511605262756
18a46b14f47bd1a2f7a8,USC Koch,4,Robometer success,0.03622005507349968
18a46b14f47bd1a2f7a8,USC Koch,7,DT,-12.984085083007812
18a46b14f47bd1a2f7a8,USC Koch,7,S1,-14.741029739379883
18a46b14f47bd1a2f7a8,USC Koch,7,S3,-14.297080993652344
18a46b14f47bd1a2f7a8,USC Koch,7,S5,-14.125550270080566
18a46b14f47bd1a2f7a8,USC Koch,7,DT + S1,0.0038146492365616477
18a46b14f47bd1a2f7a8,USC Koch,7,DT + S3,0.004835845124367809
18a46b14f47bd1a2f7a8,USC Koch,7,DT + S5,0.005102989701367867
18a46b14f47bd1a2f7a8,USC Koch,7,DINOv2,0.5303764343261719
18a46b14f47bd1a2f7a8,USC Koch,7,Robometer progress,0.5819517374038696
18a46b14f47bd1a2f7a8,USC Koch,7,Robometer success,0.06278920918703079
18a46b14f47bd1a2f7a8,USC Koch,15,DT,-6.154966354370117
18a46b14f47bd1a2f7a8,USC Koch,15,S1,-14.964704513549805
18a46b14f47bd1a2f7a8,USC Koch,15,S3,-14.409415245056152
18a46b14f47bd1a2f7a8,USC Koch,15,S5,-14.102987289428711
18a46b14f47bd1a2f7a8,USC Koch,15,DT + S1,0.007333474505290631
18a46b14f47bd1a2f7a8,USC Koch,15,DT + S3,0.009721962381878618
18a46b14f47bd1a2f7a8,USC Koch,15,DT + S5,0.010843553489493153
18a46b14f47bd1a2f7a8,USC Koch,15,DINOv2,0.679641604423523
18a46b14f47bd1a2f7a8,USC Koch,15,Robometer progress,0.7544896602630615
18a46b14f47bd1a2f7a8,USC Koch,15,Robometer success,0.5650587677955627
18a46b14f47bd1a2f7a8,USC Koch,23,DT,-4.1537275314331055
18a46b14f47bd1a2f7a8,USC Koch,23,S1,-14.679197311401367
18a46b14f47bd1a2f7a8,USC Koch,23,S3,-14.537005424499512
18a46b14f47bd1a2f7a8,USC Koch,23,S5,-14.271162033081055
18a46b14f47bd1a2f7a8,USC Koch,23,DT + S1,0.010296168414451346
18a46b14f47bd1a2f7a8,USC Koch,23,DT + S3,0.011460243946838512
18a46b14f47bd1a2f7a8,USC Koch,23,DT + S5,0.012568247272548076
18a46b14f47bd1a2f7a8,USC Koch,23,DINOv2,0.7400938868522644
18a46b14f47bd1a2f7a8,USC Koch,23,Robometer progress,0.87992262840271
18a46b14f47bd1a2f7a8,USC Koch,23,Robometer success,0.9489172697067261
18a46b14f47bd1a2f7a8,USC Koch,31,DT,-2.008537530899048
18a46b14f47bd1a2f7a8,USC Koch,31,S1,-0.04401470348238945
18a46b14f47bd1a2f7a8,USC Koch,31,S3,-0.08177574723958969
18a46b14f47bd1a2f7a8,USC Koch,31,S5,-0.4648311734199524
18a46b14f47bd1a2f7a8,USC Koch,31,DT + S1,0.8713910529724935
18a46b14f47bd1a2f7a8,USC Koch,31,DT + S3,0.8653243064365567
18a46b14f47bd1a2f7a8,USC Koch,31,DT + S5,0.8396993969326909
18a46b14f47bd1a2f7a8,USC Koch,31,DINOv2,1.0
18a46b14f47bd1a2f7a8,USC Koch,31,Robometer progress,0.9422642588615417
18a46b14f47bd1a2f7a8,USC Koch,31,Robometer success,0.9744347929954529
8ef5a3476d261a2c8100,USC Koch,0,DT,-15.467732429504395
8ef5a3476d261a2c8100,USC Koch,0,S1,-14.473626136779785
8ef5a3476d261a2c8100,USC Koch,0,S3,
8ef5a3476d261a2c8100,USC Koch,0,S5,
8ef5a3476d261a2c8100,USC Koch,0,DT + S1,0.0032536629361239826
8ef5a3476d261a2c8100,USC Koch,0,DT + S3,
8ef5a3476d261a2c8100,USC Koch,0,DT + S5,
8ef5a3476d261a2c8100,USC Koch,0,DINOv2,0.6486326456069946
8ef5a3476d261a2c8100,USC Koch,0,Robometer progress,0.15173281729221344
8ef5a3476d261a2c8100,USC Koch,0,Robometer success,0.001597845577634871
8ef5a3476d261a2c8100,USC Koch,4,DT,-13.878388404846191
8ef5a3476d261a2c8100,USC Koch,4,S1,-14.477059364318848
8ef5a3476d261a2c8100,USC Koch,4,S3,-14.252302169799805
8ef5a3476d261a2c8100,USC Koch,4,S5,-14.107575416564941
8ef5a3476d261a2c8100,USC Koch,4,DT + S1,0.003868398354503724
8ef5a3476d261a2c8100,USC Koch,4,DT + S3,0.004468183082484601
8ef5a3476d261a2c8100,USC Koch,4,DT + S5,0.004662602967107919
8ef5a3476d261a2c8100,USC Koch,4,DINOv2,0.6539721488952637
8ef5a3476d261a2c8100,USC Koch,4,Robometer progress,0.3046256899833679
8ef5a3476d261a2c8100,USC Koch,4,Robometer success,0.004905405919998884
8ef5a3476d261a2c8100,USC Koch,7,DT,-21.15030288696289
8ef5a3476d261a2c8100,USC Koch,7,S1,-14.864416122436523
8ef5a3476d261a2c8100,USC Koch,7,S3,-14.46017074584961
8ef5a3476d261a2c8100,USC Koch,7,S5,-14.19198989868164
8ef5a3476d261a2c8100,USC Koch,7,DT + S1,0.0014750241546084217
8ef5a3476d261a2c8100,USC Koch,7,DT + S3,0.0018459153282893482
8ef5a3476d261a2c8100,USC Koch,7,DT + S5,0.0020302040284465796
8ef5a3476d261a2c8100,USC Koch,7,DINOv2,0.626301646232605
8ef5a3476d261a2c8100,USC Koch,7,Robometer progress,0.4323916435241699
8ef5a3476d261a2c8100,USC Koch,7,Robometer success,0.010013571009039879
8ef5a3476d261a2c8100,USC Koch,15,DT,-16.10123062133789
8ef5a3476d261a2c8100,USC Koch,15,S1,-14.982224464416504
8ef5a3476d261a2c8100,USC Koch,15,S3,-14.33749008178711
8ef5a3476d261a2c8100,USC Koch,15,S5,-14.238601684570312
8ef5a3476d261a2c8100,USC Koch,15,DT + S1,0.002444507535021834
8ef5a3476d261a2c8100,USC Koch,15,DT + S3,0.003380228684927145
8ef5a3476d261a2c8100,USC Koch,15,DT + S5,0.003461626225127028
8ef5a3476d261a2c8100,USC Koch,15,DINOv2,0.5297822952270508
8ef5a3476d261a2c8100,USC Koch,15,Robometer progress,0.766283392906189
8ef5a3476d261a2c8100,USC Koch,15,Robometer success,0.6610482335090637
8ef5a3476d261a2c8100,USC Koch,23,DT,-6.559578895568848
8ef5a3476d261a2c8100,USC Koch,23,S1,-13.99903392791748
8ef5a3476d261a2c8100,USC Koch,23,S3,-13.406736373901367
8ef5a3476d261a2c8100,USC Koch,23,S5,-13.371444702148438
8ef5a3476d261a2c8100,USC Koch,23,DT + S1,0.010554097259289078
8ef5a3476d261a2c8100,USC Koch,23,DT + S3,0.014116377919694563
8ef5a3476d261a2c8100,USC Koch,23,DT + S5,0.014046514381890965
8ef5a3476d261a2c8100,USC Koch,23,DINOv2,0.5798362493515015
8ef5a3476d261a2c8100,USC Koch,23,Robometer progress,0.901771068572998
8ef5a3476d261a2c8100,USC Koch,23,Robometer success,0.9449946880340576
8ef5a3476d261a2c8100,USC Koch,31,DT,-1.912672519683838
8ef5a3476d261a2c8100,USC Koch,31,S1,-0.04794180393218994
8ef5a3476d261a2c8100,USC Koch,31,S3,-0.0742693543434143
8ef5a3476d261a2c8100,USC Koch,31,S5,-0.1201360747218132
8ef5a3476d261a2c8100,USC Koch,31,DT + S1,0.8723839390102719
8ef5a3476d261a2c8100,USC Koch,31,DT + S3,0.866912178593488
8ef5a3476d261a2c8100,USC Koch,31,DT + S5,0.8594749829818952
8ef5a3476d261a2c8100,USC Koch,31,DINOv2,1.0
8ef5a3476d261a2c8100,USC Koch,31,Robometer progress,0.9255894422531128
8ef5a3476d261a2c8100,USC Koch,31,Robometer success,0.961533784866333
3eb901fd819485824b5c,USC Koch,0,DT,-6.556780815124512
3eb901fd819485824b5c,USC Koch,0,S1,-14.825997352600098
3eb901fd819485824b5c,USC Koch,0,S3,
3eb901fd819485824b5c,USC Koch,0,S5,
3eb901fd819485824b5c,USC Koch,0,DT + S1,0.007442639577885498
3eb901fd819485824b5c,USC Koch,0,DT + S3,
3eb901fd819485824b5c,USC Koch,0,DT + S5,
3eb901fd819485824b5c,USC Koch,0,DINOv2,0.704739511013031
3eb901fd819485824b5c,USC Koch,0,Robometer progress,0.18108707666397095
3eb901fd819485824b5c,USC Koch,0,Robometer success,0.0120537793263793
3eb901fd819485824b5c,USC Koch,4,DT,-4.292425155639648
3eb901fd819485824b5c,USC Koch,4,S1,-14.369558334350586
3eb901fd819485824b5c,USC Koch,4,S3,-14.128469467163086
3eb901fd819485824b5c,USC Koch,4,S5,-14.14940071105957
3eb901fd819485824b5c,USC Koch,4,DT + S1,0.011556960105061988
3eb901fd819485824b5c,USC Koch,4,DT + S3,0.013377646699315614
3eb901fd819485824b5c,USC Koch,4,DT + S5,0.01302011113794297
3eb901fd819485824b5c,USC Koch,4,DINOv2,0.7091058492660522
3eb901fd819485824b5c,USC Koch,4,Robometer progress,0.19734719395637512
3eb901fd819485824b5c,USC Koch,4,Robometer success,0.006903838831931353
3eb901fd819485824b5c,USC Koch,7,DT,-4.513362884521484
3eb901fd819485824b5c,USC Koch,7,S1,-14.116147994995117
3eb901fd819485824b5c,USC Koch,7,S3,-13.853574752807617
3eb901fd819485824b5c,USC Koch,7,S5,-13.739195823669434
3eb901fd819485824b5c,USC Koch,7,DT + S1,0.01255379507668096
3eb901fd819485824b5c,USC Koch,7,DT + S3,0.01463890818421965
3eb901fd819485824b5c,USC Koch,7,DT + S5,0.015059658469547254
3eb901fd819485824b5c,USC Koch,7,DINOv2,0.7588955163955688
3eb901fd819485824b5c,USC Koch,7,Robometer progress,0.1910182535648346
3eb901fd819485824b5c,USC Koch,7,Robometer success,0.008315778337419033
3eb901fd819485824b5c,USC Koch,15,DT,-2.9068422317504883
3eb901fd819485824b5c,USC Koch,15,S1,-13.721407890319824
3eb901fd819485824b5c,USC Koch,15,S3,-13.347586631774902
3eb901fd819485824b5c,USC Koch,15,S5,-13.277518272399902
3eb901fd819485824b5c,USC Koch,15,DT + S1,0.017641685835958525
3eb901fd819485824b5c,USC Koch,15,DT + S3,0.02145975816137419
3eb901fd819485824b5c,USC Koch,15,DT + S5,0.021653766530337386
3eb901fd819485824b5c,USC Koch,15,DINOv2,0.8454347848892212
3eb901fd819485824b5c,USC Koch,15,Robometer progress,0.49649131298065186
3eb901fd819485824b5c,USC Koch,15,Robometer success,0.02931223064661026
3eb901fd819485824b5c,USC Koch,23,DT,-2.1263275146484375
3eb901fd819485824b5c,USC Koch,23,S1,-13.071242332458496
3eb901fd819485824b5c,USC Koch,23,S3,-12.535829544067383
3eb901fd819485824b5c,USC Koch,23,S5,-12.447466850280762
3eb901fd819485824b5c,USC Koch,23,DT + S1,0.025176219037720382
3eb901fd819485824b5c,USC Koch,23,DT + S3,0.03252849529714751
3eb901fd819485824b5c,USC Koch,23,DT + S5,0.03301575586930396
3eb901fd819485824b5c,USC Koch,23,DINOv2,0.8464758396148682
3eb901fd819485824b5c,USC Koch,23,Robometer progress,0.49691465497016907
3eb901fd819485824b5c,USC Koch,23,Robometer success,0.04672495648264885
3eb901fd819485824b5c,USC Koch,31,DT,-1.847569227218628
3eb901fd819485824b5c,USC Koch,31,S1,-0.08162976801395416
3eb901fd819485824b5c,USC Koch,31,S3,-0.09612403064966202
3eb901fd819485824b5c,USC Koch,31,S5,-0.21936669945716858
3eb901fd819485824b5c,USC Koch,31,DT + S1,0.8715807424429555
3eb901fd819485824b5c,USC Koch,31,DT + S3,0.8666766115991414
3eb901fd819485824b5c,USC Koch,31,DT + S5,0.8552657696114571
3eb901fd819485824b5c,USC Koch,31,DINOv2,1.0
3eb901fd819485824b5c,USC Koch,31,Robometer progress,0.8088268041610718
3eb901fd819485824b5c,USC Koch,31,Robometer success,0.6876299977302551
80a411c894831a219e4c,USC Koch,0,DT,-18.66017723083496
80a411c894831a219e4c,USC Koch,0,S1,-14.99129867553711
80a411c894831a219e4c,USC Koch,0,S3,
80a411c894831a219e4c,USC Koch,0,S5,
80a411c894831a219e4c,USC Koch,0,DT + S1,0.001837844790006687
80a411c894831a219e4c,USC Koch,0,DT + S3,
80a411c894831a219e4c,USC Koch,0,DT + S5,
80a411c894831a219e4c,USC Koch,0,DINOv2,0.5031520128250122
80a411c894831a219e4c,USC Koch,0,Robometer progress,0.15991689264774323
80a411c894831a219e4c,USC Koch,0,Robometer success,0.0034834241960197687
80a411c894831a219e4c,USC Koch,4,DT,-18.583776473999023
80a411c894831a219e4c,USC Koch,4,S1,-15.21035099029541
80a411c894831a219e4c,USC Koch,4,S3,-14.985011100769043
80a411c894831a219e4c,USC Koch,4,S5,-14.865909576416016
80a411c894831a219e4c,USC Koch,4,DT + S1,0.001688308172675724
80a411c894831a219e4c,USC Koch,4,DT + S3,0.0019622656606640664
80a411c894831a219e4c,USC Koch,4,DT + S5,0.002029290893783916
80a411c894831a219e4c,USC Koch,4,DINOv2,0.5079640746116638
80a411c894831a219e4c,USC Koch,4,Robometer progress,0.18375705182552338
80a411c894831a219e4c,USC Koch,4,Robometer success,0.0039454069919884205
80a411c894831a219e4c,USC Koch,7,DT,-16.50652503967285
80a411c894831a219e4c,USC Koch,7,S1,-15.264592170715332
80a411c894831a219e4c,USC Koch,7,S3,-15.034040451049805
80a411c894831a219e4c,USC Koch,7,S5,-14.963433265686035
80a411c894831a219e4c,USC Koch,7,DT + S1,0.0020732373268056332
80a411c894831a219e4c,USC Koch,7,DT + S3,0.0024140538456732985
80a411c894831a219e4c,USC Koch,7,DT + S5,0.0024462722148093944
80a411c894831a219e4c,USC Koch,7,DINOv2,0.37924033403396606
80a411c894831a219e4c,USC Koch,7,Robometer progress,0.2095794379711151
80a411c894831a219e4c,USC Koch,7,Robometer success,0.003273064736276865
80a411c894831a219e4c,USC Koch,15,DT,-12.52554702758789
80a411c894831a219e4c,USC Koch,15,S1,-15.346972465515137
80a411c894831a219e4c,USC Koch,15,S3,-15.226479530334473
80a411c894831a219e4c,USC Koch,15,S5,-15.261062622070312
80a411c894831a219e4c,USC Koch,15,DT + S1,0.003100715925049643
80a411c894831a219e4c,USC Koch,15,DT + S3,0.003444625852226014
80a411c894831a219e4c,USC Koch,15,DT + S5,0.003340848540179203
80a411c894831a219e4c,USC Koch,15,DINOv2,0.3949015140533447
80a411c894831a219e4c,USC Koch,15,Robometer progress,0.71026611328125
80a411c894831a219e4c,USC Koch,15,Robometer success,0.272024542093277
80a411c894831a219e4c,USC Koch,23,DT,-2.879347085952759
80a411c894831a219e4c,USC Koch,23,S1,-14.077646255493164
80a411c894831a219e4c,USC Koch,23,S3,-13.670307159423828
80a411c894831a219e4c,USC Koch,23,S5,-13.885461807250977
80a411c894831a219e4c,USC Koch,23,DT + S1,0.015237918349188705
80a411c894831a219e4c,USC Koch,23,DT + S3,0.01884208224617445
80a411c894831a219e4c,USC Koch,23,DT + S5,0.01691709667779331
80a411c894831a219e4c,USC Koch,23,DINOv2,0.5924397706985474
80a411c894831a219e4c,USC Koch,23,Robometer progress,0.8879629969596863
80a411c894831a219e4c,USC Koch,23,Robometer success,0.9149009585380554
80a411c894831a219e4c,USC Koch,31,DT,-1.9586024284362793
80a411c894831a219e4c,USC Koch,31,S1,-0.051994141191244125
80a411c894831a219e4c,USC Koch,31,S3,-0.09079772233963013
80a411c894831a219e4c,USC Koch,31,S5,-0.13110175728797913
80a411c894831a219e4c,USC Koch,31,DT + S1,0.8716261129954437
80a411c894831a219e4c,USC Koch,31,DT + S3,0.8655213646210161
80a411c894831a219e4c,USC Koch,31,DT + S5,0.8583067782687364
80a411c894831a219e4c,USC Koch,31,DINOv2,1.0000001192092896
80a411c894831a219e4c,USC Koch,31,Robometer progress,0.8997994661331177
80a411c894831a219e4c,USC Koch,31,Robometer success,0.8902942538261414
528d32c8617d3a1f7918,USC Koch,0,DT,-31.371036529541016
528d32c8617d3a1f7918,USC Koch,0,S1,-14.987095832824707
528d32c8617d3a1f7918,USC Koch,0,S3,
528d32c8617d3a1f7918,USC Koch,0,S5,
528d32c8617d3a1f7918,USC Koch,0,DT + S1,0.000454333568876759
528d32c8617d3a1f7918,USC Koch,0,DT + S3,
528d32c8617d3a1f7918,USC Koch,0,DT + S5,
528d32c8617d3a1f7918,USC Koch,0,DINOv2,0.7775943279266357
528d32c8617d3a1f7918,USC Koch,0,Robometer progress,0.18895864486694336
528d32c8617d3a1f7918,USC Koch,0,Robometer success,0.005384937860071659
528d32c8617d3a1f7918,USC Koch,4,DT,-26.906875610351562
528d32c8617d3a1f7918,USC Koch,4,S1,-15.231149673461914
528d32c8617d3a1f7918,USC Koch,4,S3,-14.871160507202148
528d32c8617d3a1f7918,USC Koch,4,S5,-14.685637474060059
528d32c8617d3a1f7918,USC Koch,4,DT + S1,0.0006694473420701202
528d32c8617d3a1f7918,USC Koch,4,DT + S3,0.0008256657342294901
528d32c8617d3a1f7918,USC Koch,4,DT + S5,0.0008782679519333472
528d32c8617d3a1f7918,USC Koch,4,DINOv2,0.8010966181755066
528d32c8617d3a1f7918,USC Koch,4,Robometer progress,0.26151108741760254
528d32c8617d3a1f7918,USC Koch,4,Robometer success,0.009412589482963085
528d32c8617d3a1f7918,USC Koch,7,DT,-22.425214767456055
528d32c8617d3a1f7918,USC Koch,7,S1,-15.534269332885742
528d32c8617d3a1f7918,USC Koch,7,S3,-15.269563674926758
528d32c8617d3a1f7918,USC Koch,7,S5,-14.912653923034668
528d32c8617d3a1f7918,USC Koch,7,DT + S1,0.000963650221054414
528d32c8617d3a1f7918,USC Koch,7,DT + S3,0.0011422816367210608
528d32c8617d3a1f7918,USC Koch,7,DT + S5,0.0013059120295714822
528d32c8617d3a1f7918,USC Koch,7,DINOv2,0.7400760650634766
528d32c8617d3a1f7918,USC Koch,7,Robometer progress,0.5332990884780884
528d32c8617d3a1f7918,USC Koch,7,Robometer success,0.06656918674707413
528d32c8617d3a1f7918,USC Koch,15,DT,-13.669916152954102
528d32c8617d3a1f7918,USC Koch,15,S1,-15.651533126831055
528d32c8617d3a1f7918,USC Koch,15,S3,-15.27376937866211
528d32c8617d3a1f7918,USC Koch,15,S5,-14.952804565429688
528d32c8617d3a1f7918,USC Koch,15,DT + S1,0.0024020421137033467
528d32c8617d3a1f7918,USC Koch,15,DT + S3,0.0029790970716019344
528d32c8617d3a1f7918,USC Koch,15,DT + S5,0.003352375521572402
528d32c8617d3a1f7918,USC Koch,15,DINOv2,0.6938638687133789
528d32c8617d3a1f7918,USC Koch,15,Robometer progress,0.7433782815933228
528d32c8617d3a1f7918,USC Koch,15,Robometer success,0.5609742999076843
528d32c8617d3a1f7918,USC Koch,23,DT,-10.536585807800293
528d32c8617d3a1f7918,USC Koch,23,S1,-15.080984115600586
528d32c8617d3a1f7918,USC Koch,23,S3,-14.835061073303223
528d32c8617d3a1f7918,USC Koch,23,S5,-14.693184852600098
528d32c8617d3a1f7918,USC Koch,23,DT + S1,0.0043190823989247866
528d32c8617d3a1f7918,USC Koch,23,DT + S3,0.005045400351259991
528d32c8617d3a1f7918,USC Koch,23,DT + S5,0.0052628410699708415
528d32c8617d3a1f7918,USC Koch,23,DINOv2,0.6400675773620605
528d32c8617d3a1f7918,USC Koch,23,Robometer progress,0.9356318116188049
528d32c8617d3a1f7918,USC Koch,23,Robometer success,0.9736446738243103
528d32c8617d3a1f7918,USC Koch,31,DT,-1.7494633197784424
528d32c8617d3a1f7918,USC Koch,31,S1,-0.05595491826534271
528d32c8617d3a1f7918,USC Koch,31,S3,-0.1214132159948349
528d32c8617d3a1f7918,USC Koch,31,S5,-0.16575174033641815
528d32c8617d3a1f7918,USC Koch,31,DT + S1,0.8739969265897479
528d32c8617d3a1f7918,USC Koch,31,DT + S3,0.8666929880766769
528d32c8617d3a1f7918,USC Koch,31,DT + S5,0.8593317945986175
528d32c8617d3a1f7918,USC Koch,31,DINOv2,1.0000001192092896
528d32c8617d3a1f7918,USC Koch,31,Robometer progress,0.9524675607681274
528d32c8617d3a1f7918,USC Koch,31,Robometer success,0.976669192314148
76b2491a9948ee46fffb,USC Koch,0,DT,-26.640701293945312
76b2491a9948ee46fffb,USC Koch,0,S1,-14.955400466918945
76b2491a9948ee46fffb,USC Koch,0,S3,
76b2491a9948ee46fffb,USC Koch,0,S5,
76b2491a9948ee46fffb,USC Koch,0,DT + S1,0.0007753366834124169
76b2491a9948ee46fffb,USC Koch,0,DT + S3,
76b2491a9948ee46fffb,USC Koch,0,DT + S5,
76b2491a9948ee46fffb,USC Koch,0,DINOv2,0.8633732199668884
76b2491a9948ee46fffb,USC Koch,0,Robometer progress,0.1496368944644928
76b2491a9948ee46fffb,USC Koch,0,Robometer success,0.010013571009039879
76b2491a9948ee46fffb,USC Koch,4,DT,-27.042980194091797
76b2491a9948ee46fffb,USC Koch,4,S1,-14.938163757324219
76b2491a9948ee46fffb,USC Koch,4,S3,-14.610621452331543
76b2491a9948ee46fffb,USC Koch,4,S5,-14.534595489501953
76b2491a9948ee46fffb,USC Koch,4,DT + S1,0.0007472112324065037
76b2491a9948ee46fffb,USC Koch,4,DT + S3,0.0009075677109656846
76b2491a9948ee46fffb,USC Koch,4,DT + S5,0.0009217184535235716
76b2491a9948ee46fffb,USC Koch,4,DINOv2,0.9256311655044556
76b2491a9948ee46fffb,USC Koch,4,Robometer progress,0.46361345052719116
76b2491a9948ee46fffb,USC Koch,4,Robometer success,0.07055959850549698
76b2491a9948ee46fffb,USC Koch,7,DT,-18.25603485107422
76b2491a9948ee46fffb,USC Koch,7,S1,-14.820348739624023
76b2491a9948ee46fffb,USC Koch,7,S3,-14.451214790344238
76b2491a9948ee46fffb,USC Koch,7,S5,-14.482645988464355
76b2491a9948ee46fffb,USC Koch,7,DT + S1,0.0020664196228854467
76b2491a9948ee46fffb,USC Koch,7,DT + S3,0.00254497613024479
76b2491a9948ee46fffb,USC Koch,7,DT + S5,0.002469006042585401
76b2491a9948ee46fffb,USC Koch,7,DINOv2,0.8640128970146179
76b2491a9948ee46fffb,USC Koch,7,Robometer progress,0.26186925172805786
76b2491a9948ee46fffb,USC Koch,7,Robometer success,0.05749328061938286
76b2491a9948ee46fffb,USC Koch,15,DT,-11.37118911743164
76b2491a9948ee46fffb,USC Koch,15,S1,-14.99583911895752
76b2491a9948ee46fffb,USC Koch,15,S3,-14.120003700256348
76b2491a9948ee46fffb,USC Koch,15,S5,-13.97821044921875
76b2491a9948ee46fffb,USC Koch,15,DT + S1,0.004086236508684715
76b2491a9948ee46fffb,USC Koch,15,DT + S3,0.0062116806320276045
76b2491a9948ee46fffb,USC Koch,15,DT + S5,0.006471015155650884
76b2491a9948ee46fffb,USC Koch,15,DINOv2,0.8305349349975586
76b2491a9948ee46fffb,USC Koch,15,Robometer progress,0.2173885703086853
76b2491a9948ee46fffb,USC Koch,15,Robometer success,0.0064882696606218815
76b2491a9948ee46fffb,USC Koch,23,DT,-5.956143856048584
76b2491a9948ee46fffb,USC Koch,23,S1,-14.702669143676758
76b2491a9948ee46fffb,USC Koch,23,S3,-14.263956069946289
76b2491a9948ee46fffb,USC Koch,23,S5,-14.063796997070312
76b2491a9948ee46fffb,USC Koch,23,DT + S1,0.008373570676884799
76b2491a9948ee46fffb,USC Koch,23,DT + S3,0.010554963698593624
76b2491a9948ee46fffb,USC Koch,23,DT + S5,0.01126166942798394
76b2491a9948ee46fffb,USC Koch,23,DINOv2,0.8684412240982056
76b2491a9948ee46fffb,USC Koch,23,Robometer progress,0.3476948142051697
76b2491a9948ee46fffb,USC Koch,23,Robometer success,0.00712142838165164
76b2491a9948ee46fffb,USC Koch,31,DT,-1.6821171045303345
76b2491a9948ee46fffb,USC Koch,31,S1,-0.07684077322483063
76b2491a9948ee46fffb,USC Koch,31,S3,-0.08452963829040527
76b2491a9948ee46fffb,USC Koch,31,S5,-0.1025509461760521
76b2491a9948ee46fffb,USC Koch,31,DT + S1,0.8738330321668099
76b2491a9948ee46fffb,USC Koch,31,DT + S3,0.8693188413566628
76b2491a9948ee46fffb,USC Koch,31,DT + S5,0.8633770752614909
76b2491a9948ee46fffb,USC Koch,31,DINOv2,0.9999998807907104
76b2491a9948ee46fffb,USC Koch,31,Robometer progress,0.31803858280181885
76b2491a9948ee46fffb,USC Koch,31,Robometer success,0.025565214455127716
