episode_id,source_id,dataset,method,view,n_samples,voc,undefined
22cf6e699a560a69729c,ykorkmaz__aloha_open_bottle_ep_000000,USC Trossen,DT,common endpoint included,5,0.8510445993153196,False
22cf6e699a560a69729c,ykorkmaz__aloha_open_bottle_ep_000000,USC Trossen,S1,common endpoint included,5,0.7715765630982607,False
22cf6e699a560a69729c,ykorkmaz__aloha_open_bottle_ep_000000,USC Trossen,S3,common endpoint included,5,0.779813800947764,False
22cf6e699a560a69729c,ykorkmaz__aloha_open_bottle_ep_000000,USC Trossen,S5,common endpoint included,5,0.7846284253186353,False
22cf6e699a560a69729c,ykorkmaz__aloha_open_bottle_ep_000000,USC Trossen,DT + S1,common endpoint included,5,0.7291489629346981,False
22cf6e699a560a69729c,ykorkmaz__aloha_open_bottle_ep_000000,USC Trossen,DT + S3,common endpoint included,5,0.7291869145671971,False
22cf6e699a560a69729c,ykorkmaz__aloha_open_bottle_ep_000000,USC Trossen,DT + S5,common endpoint included,5,0.7292010658733783,False
22cf6e699a560a69729c,ykorkmaz__aloha_open_bottle_ep_000000,USC Trossen,DINOv2,common endpoint included,5,0.8816062321064644,False
22cf6e699a560a69729c,ykorkmaz__aloha_open_bottle_ep_000000,USC Trossen,Robometer progress,common endpoint included,5,0.7310652790686687,False
22cf6e699a560a69729c,ykorkmaz__aloha_open_bottle_ep_000000,USC Trossen,Robometer success,common endpoint included,5,0.7451756056044672,False
22cf6e699a560a69729c,ykorkmaz__aloha_open_bottle_ep_000000,USC Trossen,Elapsed time (control),common endpoint included,5,0.9999999999999998,False
22cf6e699a560a69729c,ykorkmaz__aloha_open_bottle_ep_000000,USC Trossen,DT,common endpoint excluded,4,0.9790722165461576,False
22cf6e699a560a69729c,ykorkmaz__aloha_open_bottle_ep_000000,USC Trossen,S1,common endpoint excluded,4,0.8997864558820721,False
22cf6e699a560a69729c,ykorkmaz__aloha_open_bottle_ep_000000,USC Trossen,S3,common endpoint excluded,4,0.8930841509650957,False
22cf6e699a560a69729c,ykorkmaz__aloha_open_bottle_ep_000000,USC Trossen,S5,common endpoint excluded,4,0.9447396929002283,False
22cf6e699a560a69729c,ykorkmaz__aloha_open_bottle_ep_000000,USC Trossen,DT + S1,common endpoint excluded,4,0.980904270382662,False
22cf6e699a560a69729c,ykorkmaz__aloha_open_bottle_ep_000000,USC Trossen,DT + S3,common endpoint excluded,4,0.9809779986419456,False
22cf6e699a560a69729c,ykorkmaz__aloha_open_bottle_ep_000000,USC Trossen,DT + S5,common endpoint excluded,4,0.9953463418739088,False
22cf6e699a560a69729c,ykorkmaz__aloha_open_bottle_ep_000000,USC Trossen,DINOv2,common endpoint excluded,4,0.7864889645388995,False
22cf6e699a560a69729c,ykorkmaz__aloha_open_bottle_ep_000000,USC Trossen,Robometer progress,common endpoint excluded,4,0.4527207991053959,False
22cf6e699a560a69729c,ykorkmaz__aloha_open_bottle_ep_000000,USC Trossen,Robometer success,common endpoint excluded,4,0.4378958765979262,False
22cf6e699a560a69729c,ykorkmaz__aloha_open_bottle_ep_000000,USC Trossen,Elapsed time (control),common endpoint excluded,4,1.0,False
22cf6e699a560a69729c,ykorkmaz__aloha_open_bottle_ep_000000,USC Trossen,Robometer progress,released grid / current prediction,5,0.7572066353356647,False
22cf6e699a560a69729c,ykorkmaz__aloha_open_bottle_ep_000000,USC Trossen,Robometer progress,released grid / released aggregation,5,0.9555673869625547,False
6544caffaab91229bce0,ykorkmaz__aloha_open_bottle_ep_000001,USC Trossen,DT,common endpoint included,5,0.8650827145579668,False
6544caffaab91229bce0,ykorkmaz__aloha_open_bottle_ep_000001,USC Trossen,S1,common endpoint included,5,0.7687966907418674,False
6544caffaab91229bce0,ykorkmaz__aloha_open_bottle_ep_000001,USC Trossen,S3,common endpoint included,5,0.7761966330133814,False
6544caffaab91229bce0,ykorkmaz__aloha_open_bottle_ep_000001,USC Trossen,S5,common endpoint included,5,0.7812215497087578,False
6544caffaab91229bce0,ykorkmaz__aloha_open_bottle_ep_000001,USC Trossen,DT + S1,common endpoint included,5,0.7291374659350089,False
6544caffaab91229bce0,ykorkmaz__aloha_open_bottle_ep_000001,USC Trossen,DT + S3,common endpoint included,5,0.7291801797921544,False
6544caffaab91229bce0,ykorkmaz__aloha_open_bottle_ep_000001,USC Trossen,DT + S5,common endpoint included,5,0.7291898046430288,False
6544caffaab91229bce0,ykorkmaz__aloha_open_bottle_ep_000001,USC Trossen,DINOv2,common endpoint included,5,0.6061344714241348,False
6544caffaab91229bce0,ykorkmaz__aloha_open_bottle_ep_000001,USC Trossen,Robometer progress,common endpoint included,5,0.97613471426341,False
6544caffaab91229bce0,ykorkmaz__aloha_open_bottle_ep_000001,USC Trossen,Robometer success,common endpoint included,5,0.8105452941053947,False
6544caffaab91229bce0,ykorkmaz__aloha_open_bottle_ep_000001,USC Trossen,Elapsed time (control),common endpoint included,5,0.9999999999999998,False
6544caffaab91229bce0,ykorkmaz__aloha_open_bottle_ep_000001,USC Trossen,DT,common endpoint excluded,4,0.8998949397372615,False
6544caffaab91229bce0,ykorkmaz__aloha_open_bottle_ep_000001,USC Trossen,S1,common endpoint excluded,4,0.8732589704924367,False
6544caffaab91229bce0,ykorkmaz__aloha_open_bottle_ep_000001,USC Trossen,S3,common endpoint excluded,4,0.9063192600681129,False
6544caffaab91229bce0,ykorkmaz__aloha_open_bottle_ep_000001,USC Trossen,S5,common endpoint excluded,4,0.9295343929911257,False
6544caffaab91229bce0,ykorkmaz__aloha_open_bottle_ep_000001,USC Trossen,DT + S1,common endpoint excluded,4,0.931662581435754,False
6544caffaab91229bce0,ykorkmaz__aloha_open_bottle_ep_000001,USC Trossen,DT + S3,common endpoint excluded,4,0.9114814013167493,False
6544caffaab91229bce0,ykorkmaz__aloha_open_bottle_ep_000001,USC Trossen,DT + S5,common endpoint excluded,4,0.931864021394591,False
6544caffaab91229bce0,ykorkmaz__aloha_open_bottle_ep_000001,USC Trossen,DINOv2,common endpoint excluded,4,-0.8377005661224628,False
6544caffaab91229bce0,ykorkmaz__aloha_open_bottle_ep_000001,USC Trossen,Robometer progress,common endpoint excluded,4,0.9495965044300374,False
6544caffaab91229bce0,ykorkmaz__aloha_open_bottle_ep_000001,USC Trossen,Robometer success,common endpoint excluded,4,0.7867876782588767,False
6544caffaab91229bce0,ykorkmaz__aloha_open_bottle_ep_000001,USC Trossen,Elapsed time (control),common endpoint excluded,4,1.0,False
6544caffaab91229bce0,ykorkmaz__aloha_open_bottle_ep_000001,USC Trossen,Robometer progress,released grid / current prediction,5,0.9792471669566982,False
6544caffaab91229bce0,ykorkmaz__aloha_open_bottle_ep_000001,USC Trossen,Robometer progress,released grid / released aggregation,5,0.9768755973923685,False
3830a519577ad721f31e,ykorkmaz__aloha_open_bottle_ep_000002,USC Trossen,DT,common endpoint included,5,0.8481538823612025,False
3830a519577ad721f31e,ykorkmaz__aloha_open_bottle_ep_000002,USC Trossen,S1,common endpoint included,5,0.7800230946236382,False
3830a519577ad721f31e,ykorkmaz__aloha_open_bottle_ep_000002,USC Trossen,S3,common endpoint included,5,0.7982195937022942,False
3830a519577ad721f31e,ykorkmaz__aloha_open_bottle_ep_000002,USC Trossen,S5,common endpoint included,5,0.8012964779011934,False
3830a519577ad721f31e,ykorkmaz__aloha_open_bottle_ep_000002,USC Trossen,DT + S1,common endpoint included,5,0.7296096299247311,False
3830a519577ad721f31e,ykorkmaz__aloha_open_bottle_ep_000002,USC Trossen,DT + S3,common endpoint included,5,0.7298725261463218,False
3830a519577ad721f31e,ykorkmaz__aloha_open_bottle_ep_000002,USC Trossen,DT + S5,common endpoint included,5,0.7298932556251831,False
3830a519577ad721f31e,ykorkmaz__aloha_open_bottle_ep_000002,USC Trossen,DINOv2,common endpoint included,5,0.6479694854632662,False
3830a519577ad721f31e,ykorkmaz__aloha_open_bottle_ep_000002,USC Trossen,Robometer progress,common endpoint included,5,0.8101775152949708,False
3830a519577ad721f31e,ykorkmaz__aloha_open_bottle_ep_000002,USC Trossen,Robometer success,common endpoint included,5,0.7501873085256775,False
3830a519577ad721f31e,ykorkmaz__aloha_open_bottle_ep_000002,USC Trossen,Elapsed time (control),common endpoint included,5,0.9999999999999998,False
3830a519577ad721f31e,ykorkmaz__aloha_open_bottle_ep_000002,USC Trossen,DT,common endpoint excluded,4,0.6421110208565156,False
3830a519577ad721f31e,ykorkmaz__aloha_open_bottle_ep_000002,USC Trossen,S1,common endpoint excluded,4,0.9191542601668834,False
3830a519577ad721f31e,ykorkmaz__aloha_open_bottle_ep_000002,USC Trossen,S3,common endpoint excluded,4,0.9357706754269661,False
3830a519577ad721f31e,ykorkmaz__aloha_open_bottle_ep_000002,USC Trossen,S5,common endpoint excluded,4,0.9478814416143568,False
3830a519577ad721f31e,ykorkmaz__aloha_open_bottle_ep_000002,USC Trossen,DT + S1,common endpoint excluded,4,0.797250677635079,False
3830a519577ad721f31e,ykorkmaz__aloha_open_bottle_ep_000002,USC Trossen,DT + S3,common endpoint excluded,4,0.8110628525983864,False
3830a519577ad721f31e,ykorkmaz__aloha_open_bottle_ep_000002,USC Trossen,DT + S5,common endpoint excluded,4,0.8140518079691812,False
3830a519577ad721f31e,ykorkmaz__aloha_open_bottle_ep_000002,USC Trossen,DINOv2,common endpoint excluded,4,-0.10418810028059222,False
3830a519577ad721f31e,ykorkmaz__aloha_open_bottle_ep_000002,USC Trossen,Robometer progress,common endpoint excluded,4,0.9178749078499453,False
3830a519577ad721f31e,ykorkmaz__aloha_open_bottle_ep_000002,USC Trossen,Robometer success,common endpoint excluded,4,0.9647675335177122,False
3830a519577ad721f31e,ykorkmaz__aloha_open_bottle_ep_000002,USC Trossen,Elapsed time (control),common endpoint excluded,4,1.0,False
3830a519577ad721f31e,ykorkmaz__aloha_open_bottle_ep_000002,USC Trossen,Robometer progress,released grid / current prediction,5,0.8573693167573729,False
3830a519577ad721f31e,ykorkmaz__aloha_open_bottle_ep_000002,USC Trossen,Robometer progress,released grid / released aggregation,5,0.9658057847029355,False
8c29c70a2fa05b0bbaf1,ykorkmaz__aloha_open_drawer_ep_000000,USC Trossen,DT,common endpoint included,5,0.9668239017213321,False
8c29c70a2fa05b0bbaf1,ykorkmaz__aloha_open_drawer_ep_000000,USC Trossen,S1,common endpoint included,5,0.8152805015621506,False
8c29c70a2fa05b0bbaf1,ykorkmaz__aloha_open_drawer_ep_000000,USC Trossen,S3,common endpoint included,5,0.8292025313803005,False
8c29c70a2fa05b0bbaf1,ykorkmaz__aloha_open_drawer_ep_000000,USC Trossen,S5,common endpoint included,5,0.8359475125951588,False
8c29c70a2fa05b0bbaf1,ykorkmaz__aloha_open_drawer_ep_000000,USC Trossen,DT + S1,common endpoint included,5,0.729788403903483,False
8c29c70a2fa05b0bbaf1,ykorkmaz__aloha_open_drawer_ep_000000,USC Trossen,DT + S3,common endpoint included,5,0.7301950379419111,False
8c29c70a2fa05b0bbaf1,ykorkmaz__aloha_open_drawer_ep_000000,USC Trossen,DT + S5,common endpoint included,5,0.7303259480302239,False
8c29c70a2fa05b0bbaf1,ykorkmaz__aloha_open_drawer_ep_000000,USC Trossen,DINOv2,common endpoint included,5,0.9914959289433884,False
8c29c70a2fa05b0bbaf1,ykorkmaz__aloha_open_drawer_ep_000000,USC Trossen,Robometer progress,common endpoint included,5,0.9114006934308104,False
8c29c70a2fa05b0bbaf1,ykorkmaz__aloha_open_drawer_ep_000000,USC Trossen,Robometer success,common endpoint included,5,0.9009885874999057,False
8c29c70a2fa05b0bbaf1,ykorkmaz__aloha_open_drawer_ep_000000,USC Trossen,Elapsed time (control),common endpoint included,5,0.9999999999999998,False
8c29c70a2fa05b0bbaf1,ykorkmaz__aloha_open_drawer_ep_000000,USC Trossen,DT,common endpoint excluded,4,0.9540616887942348,False
8c29c70a2fa05b0bbaf1,ykorkmaz__aloha_open_drawer_ep_000000,USC Trossen,S1,common endpoint excluded,4,0.9871256567649587,False
8c29c70a2fa05b0bbaf1,ykorkmaz__aloha_open_drawer_ep_000000,USC Trossen,S3,common endpoint excluded,4,0.992390405182676,False
8c29c70a2fa05b0bbaf1,ykorkmaz__aloha_open_drawer_ep_000000,USC Trossen,S5,common endpoint excluded,4,0.981322662429432,False
8c29c70a2fa05b0bbaf1,ykorkmaz__aloha_open_drawer_ep_000000,USC Trossen,DT + S1,common endpoint excluded,4,0.8958588375356114,False
8c29c70a2fa05b0bbaf1,ykorkmaz__aloha_open_drawer_ep_000000,USC Trossen,DT + S3,common endpoint excluded,4,0.8799159704764143,False
8c29c70a2fa05b0bbaf1,ykorkmaz__aloha_open_drawer_ep_000000,USC Trossen,DT + S5,common endpoint excluded,4,0.8685327637252445,False
8c29c70a2fa05b0bbaf1,ykorkmaz__aloha_open_drawer_ep_000000,USC Trossen,DINOv2,common endpoint excluded,4,0.9900996553477193,False
8c29c70a2fa05b0bbaf1,ykorkmaz__aloha_open_drawer_ep_000000,USC Trossen,Robometer progress,common endpoint excluded,4,0.8068878806748058,False
8c29c70a2fa05b0bbaf1,ykorkmaz__aloha_open_drawer_ep_000000,USC Trossen,Robometer success,common endpoint excluded,4,0.7973624081912809,False
8c29c70a2fa05b0bbaf1,ykorkmaz__aloha_open_drawer_ep_000000,USC Trossen,Elapsed time (control),common endpoint excluded,4,1.0,False
8c29c70a2fa05b0bbaf1,ykorkmaz__aloha_open_drawer_ep_000000,USC Trossen,Robometer progress,released grid / current prediction,5,0.9767328568388463,False
8c29c70a2fa05b0bbaf1,ykorkmaz__aloha_open_drawer_ep_000000,USC Trossen,Robometer progress,released grid / released aggregation,5,0.882833791062587,False
9d5c810df9ab5c6e1d0a,ykorkmaz__aloha_open_drawer_ep_000001,USC Trossen,DT,common endpoint included,5,0.916371330723023,False
9d5c810df9ab5c6e1d0a,ykorkmaz__aloha_open_drawer_ep_000001,USC Trossen,S1,common endpoint included,5,0.8073304326267005,False
9d5c810df9ab5c6e1d0a,ykorkmaz__aloha_open_drawer_ep_000001,USC Trossen,S3,common endpoint included,5,0.8134035068099432,False
9d5c810df9ab5c6e1d0a,ykorkmaz__aloha_open_drawer_ep_000001,USC Trossen,S5,common endpoint included,5,0.8174927739591835,False
9d5c810df9ab5c6e1d0a,ykorkmaz__aloha_open_drawer_ep_000001,USC Trossen,DT + S1,common endpoint included,5,0.729383185453145,False
9d5c810df9ab5c6e1d0a,ykorkmaz__aloha_open_drawer_ep_000001,USC Trossen,DT + S3,common endpoint included,5,0.7294565792202081,False
9d5c810df9ab5c6e1d0a,ykorkmaz__aloha_open_drawer_ep_000001,USC Trossen,DT + S5,common endpoint included,5,0.7294712651928891,False
9d5c810df9ab5c6e1d0a,ykorkmaz__aloha_open_drawer_ep_000001,USC Trossen,DINOv2,common endpoint included,5,0.9422275498350845,False
9d5c810df9ab5c6e1d0a,ykorkmaz__aloha_open_drawer_ep_000001,USC Trossen,Robometer progress,common endpoint included,5,0.8726213418705264,False
9d5c810df9ab5c6e1d0a,ykorkmaz__aloha_open_drawer_ep_000001,USC Trossen,Robometer success,common endpoint included,5,0.9081248203495075,False
9d5c810df9ab5c6e1d0a,ykorkmaz__aloha_open_drawer_ep_000001,USC Trossen,Elapsed time (control),common endpoint included,5,0.9999999999999998,False
9d5c810df9ab5c6e1d0a,ykorkmaz__aloha_open_drawer_ep_000001,USC Trossen,DT,common endpoint excluded,4,0.9624998052955053,False
9d5c810df9ab5c6e1d0a,ykorkmaz__aloha_open_drawer_ep_000001,USC Trossen,S1,common endpoint excluded,4,0.9698734995138503,False
9d5c810df9ab5c6e1d0a,ykorkmaz__aloha_open_drawer_ep_000001,USC Trossen,S3,common endpoint excluded,4,0.9741887429131262,False
9d5c810df9ab5c6e1d0a,ykorkmaz__aloha_open_drawer_ep_000001,USC Trossen,S5,common endpoint excluded,4,0.9661852319901518,False
9d5c810df9ab5c6e1d0a,ykorkmaz__aloha_open_drawer_ep_000001,USC Trossen,DT + S1,common endpoint excluded,4,0.920039244991383,False
9d5c810df9ab5c6e1d0a,ykorkmaz__aloha_open_drawer_ep_000001,USC Trossen,DT + S3,common endpoint excluded,4,0.9303371993007432,False
9d5c810df9ab5c6e1d0a,ykorkmaz__aloha_open_drawer_ep_000001,USC Trossen,DT + S5,common endpoint excluded,4,0.9454006407485281,False
9d5c810df9ab5c6e1d0a,ykorkmaz__aloha_open_drawer_ep_000001,USC Trossen,DINOv2,common endpoint excluded,4,0.9130238238321755,False
9d5c810df9ab5c6e1d0a,ykorkmaz__aloha_open_drawer_ep_000001,USC Trossen,Robometer progress,common endpoint excluded,4,0.7529634379038381,False
9d5c810df9ab5c6e1d0a,ykorkmaz__aloha_open_drawer_ep_000001,USC Trossen,Robometer success,common endpoint excluded,4,0.7995844379392252,False
9d5c810df9ab5c6e1d0a,ykorkmaz__aloha_open_drawer_ep_000001,USC Trossen,Elapsed time (control),common endpoint excluded,4,1.0,False
9d5c810df9ab5c6e1d0a,ykorkmaz__aloha_open_drawer_ep_000001,USC Trossen,Robometer progress,released grid / current prediction,5,0.9288127689347792,False
9d5c810df9ab5c6e1d0a,ykorkmaz__aloha_open_drawer_ep_000001,USC Trossen,Robometer progress,released grid / released aggregation,5,0.9564501210314307,False
93605ebcaf3acb0d42ce,ykorkmaz__aloha_open_drawer_ep_000002,USC Trossen,DT,common endpoint included,5,0.8752084475968838,False
93605ebcaf3acb0d42ce,ykorkmaz__aloha_open_drawer_ep_000002,USC Trossen,S1,common endpoint included,5,0.7826738250659591,False
93605ebcaf3acb0d42ce,ykorkmaz__aloha_open_drawer_ep_000002,USC Trossen,S3,common endpoint included,5,0.7882710937847197,False
93605ebcaf3acb0d42ce,ykorkmaz__aloha_open_drawer_ep_000002,USC Trossen,S5,common endpoint included,5,0.7855308538285003,False
93605ebcaf3acb0d42ce,ykorkmaz__aloha_open_drawer_ep_000002,USC Trossen,DT + S1,common endpoint included,5,0.7292697132018321,False
93605ebcaf3acb0d42ce,ykorkmaz__aloha_open_drawer_ep_000002,USC Trossen,DT + S3,common endpoint included,5,0.729328322338156,False
93605ebcaf3acb0d42ce,ykorkmaz__aloha_open_drawer_ep_000002,USC Trossen,DT + S5,common endpoint included,5,0.7293063435701999,False
93605ebcaf3acb0d42ce,ykorkmaz__aloha_open_drawer_ep_000002,USC Trossen,DINOv2,common endpoint included,5,0.8994888363348013,False
93605ebcaf3acb0d42ce,ykorkmaz__aloha_open_drawer_ep_000002,USC Trossen,Robometer progress,common endpoint included,5,0.6765888518592754,False
93605ebcaf3acb0d42ce,ykorkmaz__aloha_open_drawer_ep_000002,USC Trossen,Robometer success,common endpoint included,5,0.7232374879494972,False
93605ebcaf3acb0d42ce,ykorkmaz__aloha_open_drawer_ep_000002,USC Trossen,Elapsed time (control),common endpoint included,5,0.9999999999999998,False
93605ebcaf3acb0d42ce,ykorkmaz__aloha_open_drawer_ep_000002,USC Trossen,DT,common endpoint excluded,4,0.9941728939734592,False
93605ebcaf3acb0d42ce,ykorkmaz__aloha_open_drawer_ep_000002,USC Trossen,S1,common endpoint excluded,4,0.9396814504732451,False
93605ebcaf3acb0d42ce,ykorkmaz__aloha_open_drawer_ep_000002,USC Trossen,S3,common endpoint excluded,4,0.9298037917331976,False
93605ebcaf3acb0d42ce,ykorkmaz__aloha_open_drawer_ep_000002,USC Trossen,S5,common endpoint excluded,4,0.9127853902962924,False
93605ebcaf3acb0d42ce,ykorkmaz__aloha_open_drawer_ep_000002,USC Trossen,DT + S1,common endpoint excluded,4,0.9989978532998918,False
93605ebcaf3acb0d42ce,ykorkmaz__aloha_open_drawer_ep_000002,USC Trossen,DT + S3,common endpoint excluded,4,0.9909233453471763,False
93605ebcaf3acb0d42ce,ykorkmaz__aloha_open_drawer_ep_000002,USC Trossen,DT + S5,common endpoint excluded,4,0.9727352980702848,False
93605ebcaf3acb0d42ce,ykorkmaz__aloha_open_drawer_ep_000002,USC Trossen,DINOv2,common endpoint excluded,4,0.7698537233376536,False
93605ebcaf3acb0d42ce,ykorkmaz__aloha_open_drawer_ep_000002,USC Trossen,Robometer progress,common endpoint excluded,4,0.10723054099804674,False
93605ebcaf3acb0d42ce,ykorkmaz__aloha_open_drawer_ep_000002,USC Trossen,Robometer success,common endpoint excluded,4,-0.6068777559902293,False
93605ebcaf3acb0d42ce,ykorkmaz__aloha_open_drawer_ep_000002,USC Trossen,Elapsed time (control),common endpoint excluded,4,1.0,False
93605ebcaf3acb0d42ce,ykorkmaz__aloha_open_drawer_ep_000002,USC Trossen,Robometer progress,released grid / current prediction,5,0.822852708478909,False
93605ebcaf3acb0d42ce,ykorkmaz__aloha_open_drawer_ep_000002,USC Trossen,Robometer progress,released grid / released aggregation,5,0.7503547988409514,False
871bafb895b6902351a1,ykorkmaz__aloha_remove_lid_ep_000001,USC Trossen,DT,common endpoint included,5,0.738635241333293,False
871bafb895b6902351a1,ykorkmaz__aloha_remove_lid_ep_000001,USC Trossen,S1,common endpoint included,5,0.7495253896725742,False
871bafb895b6902351a1,ykorkmaz__aloha_remove_lid_ep_000001,USC Trossen,S3,common endpoint included,5,0.7475106323112574,False
871bafb895b6902351a1,ykorkmaz__aloha_remove_lid_ep_000001,USC Trossen,S5,common endpoint included,5,0.7457357841125974,False
871bafb895b6902351a1,ykorkmaz__aloha_remove_lid_ep_000001,USC Trossen,DT + S1,common endpoint included,5,0.7290735195369193,False
871bafb895b6902351a1,ykorkmaz__aloha_remove_lid_ep_000001,USC Trossen,DT + S3,common endpoint included,5,0.7290743080946294,False
871bafb895b6902351a1,ykorkmaz__aloha_remove_lid_ep_000001,USC Trossen,DT + S5,common endpoint included,5,0.729072796477228,False
871bafb895b6902351a1,ykorkmaz__aloha_remove_lid_ep_000001,USC Trossen,DINOv2,common endpoint included,5,0.9389510857917314,False
871bafb895b6902351a1,ykorkmaz__aloha_remove_lid_ep_000001,USC Trossen,Robometer progress,common endpoint included,5,0.3684366839658101,False
871bafb895b6902351a1,ykorkmaz__aloha_remove_lid_ep_000001,USC Trossen,Robometer success,common endpoint included,5,-0.4050522919454194,False
871bafb895b6902351a1,ykorkmaz__aloha_remove_lid_ep_000001,USC Trossen,Elapsed time (control),common endpoint included,5,0.9999999999999998,False
871bafb895b6902351a1,ykorkmaz__aloha_remove_lid_ep_000001,USC Trossen,DT,common endpoint excluded,4,0.17381245908563706,False
871bafb895b6902351a1,ykorkmaz__aloha_remove_lid_ep_000001,USC Trossen,S1,common endpoint excluded,4,0.9796105158349586,False
871bafb895b6902351a1,ykorkmaz__aloha_remove_lid_ep_000001,USC Trossen,S3,common endpoint excluded,4,0.916859111764333,False
871bafb895b6902351a1,ykorkmaz__aloha_remove_lid_ep_000001,USC Trossen,S5,common endpoint excluded,4,0.9037160524383441,False
871bafb895b6902351a1,ykorkmaz__aloha_remove_lid_ep_000001,USC Trossen,DT + S1,common endpoint excluded,4,0.7535973291814326,False
871bafb895b6902351a1,ykorkmaz__aloha_remove_lid_ep_000001,USC Trossen,DT + S3,common endpoint excluded,4,0.7135828813854037,False
871bafb895b6902351a1,ykorkmaz__aloha_remove_lid_ep_000001,USC Trossen,DT + S5,common endpoint excluded,4,0.6740119319327676,False
871bafb895b6902351a1,ykorkmaz__aloha_remove_lid_ep_000001,USC Trossen,DINOv2,common endpoint excluded,4,0.8877279302773001,False
871bafb895b6902351a1,ykorkmaz__aloha_remove_lid_ep_000001,USC Trossen,Robometer progress,common endpoint excluded,4,-0.0030510355269400685,False
871bafb895b6902351a1,ykorkmaz__aloha_remove_lid_ep_000001,USC Trossen,Robometer success,common endpoint excluded,4,-0.4075608200949643,False
871bafb895b6902351a1,ykorkmaz__aloha_remove_lid_ep_000001,USC Trossen,Elapsed time (control),common endpoint excluded,4,1.0,False
871bafb895b6902351a1,ykorkmaz__aloha_remove_lid_ep_000001,USC Trossen,Robometer progress,released grid / current prediction,5,0.4792282259338352,False
871bafb895b6902351a1,ykorkmaz__aloha_remove_lid_ep_000001,USC Trossen,Robometer progress,released grid / released aggregation,5,0.9577108454600661,False
79c5544b9c92b08aa3ad,ykorkmaz__aloha_remove_lid_ep_000000,USC Trossen,DT,common endpoint included,5,0.8988338109597831,False
79c5544b9c92b08aa3ad,ykorkmaz__aloha_remove_lid_ep_000000,USC Trossen,S1,common endpoint included,5,0.8425412230682231,False
79c5544b9c92b08aa3ad,ykorkmaz__aloha_remove_lid_ep_000000,USC Trossen,S3,common endpoint included,5,0.8482007857998498,False
79c5544b9c92b08aa3ad,ykorkmaz__aloha_remove_lid_ep_000000,USC Trossen,S5,common endpoint included,5,0.8513167491098941,False
79c5544b9c92b08aa3ad,ykorkmaz__aloha_remove_lid_ep_000000,USC Trossen,DT + S1,common endpoint included,5,0.7294150869597392,False
79c5544b9c92b08aa3ad,ykorkmaz__aloha_remove_lid_ep_000000,USC Trossen,DT + S3,common endpoint included,5,0.7295057153331335,False
79c5544b9c92b08aa3ad,ykorkmaz__aloha_remove_lid_ep_000000,USC Trossen,DT + S5,common endpoint included,5,0.729504618046031,False
79c5544b9c92b08aa3ad,ykorkmaz__aloha_remove_lid_ep_000000,USC Trossen,DINOv2,common endpoint included,5,0.8843687546386727,False
79c5544b9c92b08aa3ad,ykorkmaz__aloha_remove_lid_ep_000000,USC Trossen,Robometer progress,common endpoint included,5,0.9412353935506768,False
79c5544b9c92b08aa3ad,ykorkmaz__aloha_remove_lid_ep_000000,USC Trossen,Robometer success,common endpoint included,5,0.6613487700868798,False
79c5544b9c92b08aa3ad,ykorkmaz__aloha_remove_lid_ep_000000,USC Trossen,Elapsed time (control),common endpoint included,5,0.9999999999999998,False
79c5544b9c92b08aa3ad,ykorkmaz__aloha_remove_lid_ep_000000,USC Trossen,DT,common endpoint excluded,4,0.7700628242746405,False
79c5544b9c92b08aa3ad,ykorkmaz__aloha_remove_lid_ep_000000,USC Trossen,S1,common endpoint excluded,4,0.958468791753161,False
79c5544b9c92b08aa3ad,ykorkmaz__aloha_remove_lid_ep_000000,USC Trossen,S3,common endpoint excluded,4,0.9615283940375583,False
79c5544b9c92b08aa3ad,ykorkmaz__aloha_remove_lid_ep_000000,USC Trossen,S5,common endpoint excluded,4,0.9510583990166805,False
79c5544b9c92b08aa3ad,ykorkmaz__aloha_remove_lid_ep_000000,USC Trossen,DT + S1,common endpoint excluded,4,0.8469072270928886,False
79c5544b9c92b08aa3ad,ykorkmaz__aloha_remove_lid_ep_000000,USC Trossen,DT + S3,common endpoint excluded,4,0.8470291301987651,False
79c5544b9c92b08aa3ad,ykorkmaz__aloha_remove_lid_ep_000000,USC Trossen,DT + S5,common endpoint excluded,4,0.8486705009859088,False
79c5544b9c92b08aa3ad,ykorkmaz__aloha_remove_lid_ep_000000,USC Trossen,DINOv2,common endpoint excluded,4,0.9500135449470046,False
79c5544b9c92b08aa3ad,ykorkmaz__aloha_remove_lid_ep_000000,USC Trossen,Robometer progress,common endpoint excluded,4,0.8899263660613888,False
79c5544b9c92b08aa3ad,ykorkmaz__aloha_remove_lid_ep_000000,USC Trossen,Robometer success,common endpoint excluded,4,-0.2804081725961227,False
79c5544b9c92b08aa3ad,ykorkmaz__aloha_remove_lid_ep_000000,USC Trossen,Elapsed time (control),common endpoint excluded,4,1.0,False
79c5544b9c92b08aa3ad,ykorkmaz__aloha_remove_lid_ep_000000,USC Trossen,Robometer progress,released grid / current prediction,5,0.9600308694794409,False
79c5544b9c92b08aa3ad,ykorkmaz__aloha_remove_lid_ep_000000,USC Trossen,Robometer progress,released grid / released aggregation,5,0.920807703272283,False
6eaad9dd4293d2f6e317,ykorkmaz__aloha_unzip_case_ep_000000,USC Trossen,DT,common endpoint included,5,0.9601782542665928,False
6eaad9dd4293d2f6e317,ykorkmaz__aloha_unzip_case_ep_000000,USC Trossen,S1,common endpoint included,5,0.802899987399985,False
6eaad9dd4293d2f6e317,ykorkmaz__aloha_unzip_case_ep_000000,USC Trossen,S3,common endpoint included,5,0.8216817816945156,False
6eaad9dd4293d2f6e317,ykorkmaz__aloha_unzip_case_ep_000000,USC Trossen,S5,common endpoint included,5,0.8333295822535367,False
6eaad9dd4293d2f6e317,ykorkmaz__aloha_unzip_case_ep_000000,USC Trossen,DT + S1,common endpoint included,5,0.7295715993315193,False
6eaad9dd4293d2f6e317,ykorkmaz__aloha_unzip_case_ep_000000,USC Trossen,DT + S3,common endpoint included,5,0.7298900153183652,False
6eaad9dd4293d2f6e317,ykorkmaz__aloha_unzip_case_ep_000000,USC Trossen,DT + S5,common endpoint included,5,0.729963486572246,False
6eaad9dd4293d2f6e317,ykorkmaz__aloha_unzip_case_ep_000000,USC Trossen,DINOv2,common endpoint included,5,0.8743749386459638,False
6eaad9dd4293d2f6e317,ykorkmaz__aloha_unzip_case_ep_000000,USC Trossen,Robometer progress,common endpoint included,5,0.3074685647321919,False
6eaad9dd4293d2f6e317,ykorkmaz__aloha_unzip_case_ep_000000,USC Trossen,Robometer success,common endpoint included,5,-0.5426296389725592,False
6eaad9dd4293d2f6e317,ykorkmaz__aloha_unzip_case_ep_000000,USC Trossen,Elapsed time (control),common endpoint included,5,0.9999999999999998,False
6eaad9dd4293d2f6e317,ykorkmaz__aloha_unzip_case_ep_000000,USC Trossen,DT,common endpoint excluded,4,0.9129298332309559,False
6eaad9dd4293d2f6e317,ykorkmaz__aloha_unzip_case_ep_000000,USC Trossen,S1,common endpoint excluded,4,0.9623567632243846,False
6eaad9dd4293d2f6e317,ykorkmaz__aloha_unzip_case_ep_000000,USC Trossen,S3,common endpoint excluded,4,0.9710610378387564,False
6eaad9dd4293d2f6e317,ykorkmaz__aloha_unzip_case_ep_000000,USC Trossen,S5,common endpoint excluded,4,0.9937107437443125,False
6eaad9dd4293d2f6e317,ykorkmaz__aloha_unzip_case_ep_000000,USC Trossen,DT + S1,common endpoint excluded,4,0.9335261705657998,False
6eaad9dd4293d2f6e317,ykorkmaz__aloha_unzip_case_ep_000000,USC Trossen,DT + S3,common endpoint excluded,4,0.9204593155585967,False
6eaad9dd4293d2f6e317,ykorkmaz__aloha_unzip_case_ep_000000,USC Trossen,DT + S5,common endpoint excluded,4,0.9235657327346883,False
6eaad9dd4293d2f6e317,ykorkmaz__aloha_unzip_case_ep_000000,USC Trossen,DINOv2,common endpoint excluded,4,0.7166153109356257,False
6eaad9dd4293d2f6e317,ykorkmaz__aloha_unzip_case_ep_000000,USC Trossen,Robometer progress,common endpoint excluded,4,0.332401687419014,False
6eaad9dd4293d2f6e317,ykorkmaz__aloha_unzip_case_ep_000000,USC Trossen,Robometer success,common endpoint excluded,4,-0.54415297130073,False
6eaad9dd4293d2f6e317,ykorkmaz__aloha_unzip_case_ep_000000,USC Trossen,Elapsed time (control),common endpoint excluded,4,1.0,False
6eaad9dd4293d2f6e317,ykorkmaz__aloha_unzip_case_ep_000000,USC Trossen,Robometer progress,released grid / current prediction,5,0.8011831865228662,False
6eaad9dd4293d2f6e317,ykorkmaz__aloha_unzip_case_ep_000000,USC Trossen,Robometer progress,released grid / released aggregation,5,0.918405401888887,False
8ae977fb8c2ab401d127,ykorkmaz__aloha_stir_pot_ep_000000,USC Trossen,DT,common endpoint included,5,0.7167854281770968,False
8ae977fb8c2ab401d127,ykorkmaz__aloha_stir_pot_ep_000000,USC Trossen,S1,common endpoint included,5,0.7635817668010956,False
8ae977fb8c2ab401d127,ykorkmaz__aloha_stir_pot_ep_000000,USC Trossen,S3,common endpoint included,5,0.7724384574837159,False
8ae977fb8c2ab401d127,ykorkmaz__aloha_stir_pot_ep_000000,USC Trossen,S5,common endpoint included,5,0.7873383473212998,False
8ae977fb8c2ab401d127,ykorkmaz__aloha_stir_pot_ep_000000,USC Trossen,DT + S1,common endpoint included,5,0.729075806154865,False
8ae977fb8c2ab401d127,ykorkmaz__aloha_stir_pot_ep_000000,USC Trossen,DT + S3,common endpoint included,5,0.7290864492158757,False
8ae977fb8c2ab401d127,ykorkmaz__aloha_stir_pot_ep_000000,USC Trossen,DT + S5,common endpoint included,5,0.7290997752459287,False
8ae977fb8c2ab401d127,ykorkmaz__aloha_stir_pot_ep_000000,USC Trossen,DINOv2,common endpoint included,5,0.7841934715251315,False
8ae977fb8c2ab401d127,ykorkmaz__aloha_stir_pot_ep_000000,USC Trossen,Robometer progress,common endpoint included,5,0.941274273543709,False
8ae977fb8c2ab401d127,ykorkmaz__aloha_stir_pot_ep_000000,USC Trossen,Robometer success,common endpoint included,5,0.9579382444623863,False
8ae977fb8c2ab401d127,ykorkmaz__aloha_stir_pot_ep_000000,USC Trossen,Elapsed time (control),common endpoint included,5,0.9999999999999998,False
8ae977fb8c2ab401d127,ykorkmaz__aloha_stir_pot_ep_000000,USC Trossen,DT,common endpoint excluded,4,-0.006651561161260144,False
8ae977fb8c2ab401d127,ykorkmaz__aloha_stir_pot_ep_000000,USC Trossen,S1,common endpoint excluded,4,0.8647650695734925,False
8ae977fb8c2ab401d127,ykorkmaz__aloha_stir_pot_ep_000000,USC Trossen,S3,common endpoint excluded,4,0.9455079172056338,False
8ae977fb8c2ab401d127,ykorkmaz__aloha_stir_pot_ep_000000,USC Trossen,S5,common endpoint excluded,4,0.9694616071165334,False
8ae977fb8c2ab401d127,ykorkmaz__aloha_stir_pot_ep_000000,USC Trossen,DT + S1,common endpoint excluded,4,0.8428524808544557,False
8ae977fb8c2ab401d127,ykorkmaz__aloha_stir_pot_ep_000000,USC Trossen,DT + S3,common endpoint excluded,4,0.8122160666781159,False
8ae977fb8c2ab401d127,ykorkmaz__aloha_stir_pot_ep_000000,USC Trossen,DT + S5,common endpoint excluded,4,0.813560050165513,False
8ae977fb8c2ab401d127,ykorkmaz__aloha_stir_pot_ep_000000,USC Trossen,DINOv2,common endpoint excluded,4,0.5515417464739735,False
8ae977fb8c2ab401d127,ykorkmaz__aloha_stir_pot_ep_000000,USC Trossen,Robometer progress,common endpoint excluded,4,0.977528990644104,False
8ae977fb8c2ab401d127,ykorkmaz__aloha_stir_pot_ep_000000,USC Trossen,Robometer success,common endpoint excluded,4,0.9107840118571287,False
8ae977fb8c2ab401d127,ykorkmaz__aloha_stir_pot_ep_000000,USC Trossen,Elapsed time (control),common endpoint excluded,4,1.0,False
8ae977fb8c2ab401d127,ykorkmaz__aloha_stir_pot_ep_000000,USC Trossen,Robometer progress,released grid / current prediction,5,0.9511547863282803,False
8ae977fb8c2ab401d127,ykorkmaz__aloha_stir_pot_ep_000000,USC Trossen,Robometer progress,released grid / released aggregation,5,0.9693744375701852,False
4d69130adbc2dcad9b88,ykorkmaz__aloha_uncap_pen_ep_000000,USC Trossen,DT,common endpoint included,5,0.9388871555424227,False
4d69130adbc2dcad9b88,ykorkmaz__aloha_uncap_pen_ep_000000,USC Trossen,S1,common endpoint included,5,0.7990883813717491,False
4d69130adbc2dcad9b88,ykorkmaz__aloha_uncap_pen_ep_000000,USC Trossen,S3,common endpoint included,5,0.800220836051779,False
4d69130adbc2dcad9b88,ykorkmaz__aloha_uncap_pen_ep_000000,USC Trossen,S5,common endpoint included,5,0.8009033077466009,False
4d69130adbc2dcad9b88,ykorkmaz__aloha_uncap_pen_ep_000000,USC Trossen,DT + S1,common endpoint included,5,0.729454649318219,False
4d69130adbc2dcad9b88,ykorkmaz__aloha_uncap_pen_ep_000000,USC Trossen,DT + S3,common endpoint included,5,0.7295548021735112,False
4d69130adbc2dcad9b88,ykorkmaz__aloha_uncap_pen_ep_000000,USC Trossen,DT + S5,common endpoint included,5,0.7295794824013226,False
4d69130adbc2dcad9b88,ykorkmaz__aloha_uncap_pen_ep_000000,USC Trossen,DINOv2,common endpoint included,5,0.9621633294687648,False
4d69130adbc2dcad9b88,ykorkmaz__aloha_uncap_pen_ep_000000,USC Trossen,Robometer progress,common endpoint included,5,0.9274554316714605,False
4d69130adbc2dcad9b88,ykorkmaz__aloha_uncap_pen_ep_000000,USC Trossen,Robometer success,common endpoint included,5,0.9049288054527449,False
4d69130adbc2dcad9b88,ykorkmaz__aloha_uncap_pen_ep_000000,USC Trossen,Elapsed time (control),common endpoint included,5,0.9999999999999998,False
4d69130adbc2dcad9b88,ykorkmaz__aloha_uncap_pen_ep_000000,USC Trossen,DT,common endpoint excluded,4,0.8781061989626295,False
4d69130adbc2dcad9b88,ykorkmaz__aloha_uncap_pen_ep_000000,USC Trossen,S1,common endpoint excluded,4,0.9462836057097306,False
4d69130adbc2dcad9b88,ykorkmaz__aloha_uncap_pen_ep_000000,USC Trossen,S3,common endpoint excluded,4,0.9012774635345513,False
4d69130adbc2dcad9b88,ykorkmaz__aloha_uncap_pen_ep_000000,USC Trossen,S5,common endpoint excluded,4,0.8381891365155558,False
4d69130adbc2dcad9b88,ykorkmaz__aloha_uncap_pen_ep_000000,USC Trossen,DT + S1,common endpoint excluded,4,0.8378647622396198,False
4d69130adbc2dcad9b88,ykorkmaz__aloha_uncap_pen_ep_000000,USC Trossen,DT + S3,common endpoint excluded,4,0.8350279788487807,False
4d69130adbc2dcad9b88,ykorkmaz__aloha_uncap_pen_ep_000000,USC Trossen,DT + S5,common endpoint excluded,4,0.8296185911385389,False
4d69130adbc2dcad9b88,ykorkmaz__aloha_uncap_pen_ep_000000,USC Trossen,DINOv2,common endpoint excluded,4,0.9243930222783674,False
4d69130adbc2dcad9b88,ykorkmaz__aloha_uncap_pen_ep_000000,USC Trossen,Robometer progress,common endpoint excluded,4,0.957149979312661,False
4d69130adbc2dcad9b88,ykorkmaz__aloha_uncap_pen_ep_000000,USC Trossen,Robometer success,common endpoint excluded,4,0.9184029283853623,False
4d69130adbc2dcad9b88,ykorkmaz__aloha_uncap_pen_ep_000000,USC Trossen,Elapsed time (control),common endpoint excluded,4,1.0,False
4d69130adbc2dcad9b88,ykorkmaz__aloha_uncap_pen_ep_000000,USC Trossen,Robometer progress,released grid / current prediction,5,0.9415425321177745,False
4d69130adbc2dcad9b88,ykorkmaz__aloha_uncap_pen_ep_000000,USC Trossen,Robometer progress,released grid / released aggregation,5,0.9556424925061555,False
8ccdf239dac2763fbe83,ykorkmaz__aloha_stir_pot_ep_000001,USC Trossen,DT,common endpoint included,5,0.7865240134007823,False
8ccdf239dac2763fbe83,ykorkmaz__aloha_stir_pot_ep_000001,USC Trossen,S1,common endpoint included,5,0.7602063744505865,False
8ccdf239dac2763fbe83,ykorkmaz__aloha_stir_pot_ep_000001,USC Trossen,S3,common endpoint included,5,0.763779055103353,False
8ccdf239dac2763fbe83,ykorkmaz__aloha_stir_pot_ep_000001,USC Trossen,S5,common endpoint included,5,0.7747995132650252,False
8ccdf239dac2763fbe83,ykorkmaz__aloha_stir_pot_ep_000001,USC Trossen,DT + S1,common endpoint included,5,0.7290844549993325,False
8ccdf239dac2763fbe83,ykorkmaz__aloha_stir_pot_ep_000001,USC Trossen,DT + S3,common endpoint included,5,0.7290922177136666,False
8ccdf239dac2763fbe83,ykorkmaz__aloha_stir_pot_ep_000001,USC Trossen,DT + S5,common endpoint included,5,0.7291005644567614,False
8ccdf239dac2763fbe83,ykorkmaz__aloha_stir_pot_ep_000001,USC Trossen,DINOv2,common endpoint included,5,0.6581179646894075,False
8ccdf239dac2763fbe83,ykorkmaz__aloha_stir_pot_ep_000001,USC Trossen,Robometer progress,common endpoint included,5,0.6925973540689032,False
8ccdf239dac2763fbe83,ykorkmaz__aloha_stir_pot_ep_000001,USC Trossen,Robometer success,common endpoint included,5,0.43955567850857513,False
8ccdf239dac2763fbe83,ykorkmaz__aloha_stir_pot_ep_000001,USC Trossen,Elapsed time (control),common endpoint included,5,0.9999999999999998,False
8ccdf239dac2763fbe83,ykorkmaz__aloha_stir_pot_ep_000001,USC Trossen,DT,common endpoint excluded,4,0.46616992348959774,False
8ccdf239dac2763fbe83,ykorkmaz__aloha_stir_pot_ep_000001,USC Trossen,S1,common endpoint excluded,4,0.9515691121015912,False
8ccdf239dac2763fbe83,ykorkmaz__aloha_stir_pot_ep_000001,USC Trossen,S3,common endpoint excluded,4,0.9555248034961944,False
8ccdf239dac2763fbe83,ykorkmaz__aloha_stir_pot_ep_000001,USC Trossen,S5,common endpoint excluded,4,0.9845197442365401,False
8ccdf239dac2763fbe83,ykorkmaz__aloha_stir_pot_ep_000001,USC Trossen,DT + S1,common endpoint excluded,4,0.8497205529213722,False
8ccdf239dac2763fbe83,ykorkmaz__aloha_stir_pot_ep_000001,USC Trossen,DT + S3,common endpoint excluded,4,0.8653477352716922,False
8ccdf239dac2763fbe83,ykorkmaz__aloha_stir_pot_ep_000001,USC Trossen,DT + S5,common endpoint excluded,4,0.8730703084700366,False
8ccdf239dac2763fbe83,ykorkmaz__aloha_stir_pot_ep_000001,USC Trossen,DINOv2,common endpoint excluded,4,0.48284814821703687,False
8ccdf239dac2763fbe83,ykorkmaz__aloha_stir_pot_ep_000001,USC Trossen,Robometer progress,common endpoint excluded,4,0.8150282155398317,False
8ccdf239dac2763fbe83,ykorkmaz__aloha_stir_pot_ep_000001,USC Trossen,Robometer success,common endpoint excluded,4,0.8401786450399475,False
8ccdf239dac2763fbe83,ykorkmaz__aloha_stir_pot_ep_000001,USC Trossen,Elapsed time (control),common endpoint excluded,4,1.0,False
8ccdf239dac2763fbe83,ykorkmaz__aloha_stir_pot_ep_000001,USC Trossen,Robometer progress,released grid / current prediction,5,0.7278307093000963,False
8ccdf239dac2763fbe83,ykorkmaz__aloha_stir_pot_ep_000001,USC Trossen,Robometer progress,released grid / released aggregation,5,0.9196226059557435,False
7f35707aa45c08602a31,ykorkmaz__aloha_stir_pot_ep_000002,USC Trossen,DT,common endpoint included,5,0.3999785060633637,False
7f35707aa45c08602a31,ykorkmaz__aloha_stir_pot_ep_000002,USC Trossen,S1,common endpoint included,5,0.7738824184264887,False
7f35707aa45c08602a31,ykorkmaz__aloha_stir_pot_ep_000002,USC Trossen,S3,common endpoint included,5,0.7784420314193905,False
7f35707aa45c08602a31,ykorkmaz__aloha_stir_pot_ep_000002,USC Trossen,S5,common endpoint included,5,0.7775825174734583,False
7f35707aa45c08602a31,ykorkmaz__aloha_stir_pot_ep_000002,USC Trossen,DT + S1,common endpoint included,5,0.7290675631716044,False
7f35707aa45c08602a31,ykorkmaz__aloha_stir_pot_ep_000002,USC Trossen,DT + S3,common endpoint included,5,0.7290718036669401,False
7f35707aa45c08602a31,ykorkmaz__aloha_stir_pot_ep_000002,USC Trossen,DT + S5,common endpoint included,5,0.7290701058923481,False
7f35707aa45c08602a31,ykorkmaz__aloha_stir_pot_ep_000002,USC Trossen,DINOv2,common endpoint included,5,0.8523985375235988,False
7f35707aa45c08602a31,ykorkmaz__aloha_stir_pot_ep_000002,USC Trossen,Robometer progress,common endpoint included,5,0.8204257725058948,False
7f35707aa45c08602a31,ykorkmaz__aloha_stir_pot_ep_000002,USC Trossen,Robometer success,common endpoint included,5,0.9270175481423182,False
7f35707aa45c08602a31,ykorkmaz__aloha_stir_pot_ep_000002,USC Trossen,Elapsed time (control),common endpoint included,5,0.9999999999999998,False
7f35707aa45c08602a31,ykorkmaz__aloha_stir_pot_ep_000002,USC Trossen,DT,common endpoint excluded,4,-0.22916156941090238,False
7f35707aa45c08602a31,ykorkmaz__aloha_stir_pot_ep_000002,USC Trossen,S1,common endpoint excluded,4,0.9552293597310476,False
7f35707aa45c08602a31,ykorkmaz__aloha_stir_pot_ep_000002,USC Trossen,S3,common endpoint excluded,4,0.9392592884431992,False
7f35707aa45c08602a31,ykorkmaz__aloha_stir_pot_ep_000002,USC Trossen,S5,common endpoint excluded,4,0.969137559095,False
7f35707aa45c08602a31,ykorkmaz__aloha_stir_pot_ep_000002,USC Trossen,DT + S1,common endpoint excluded,4,0.3899693845942269,False
7f35707aa45c08602a31,ykorkmaz__aloha_stir_pot_ep_000002,USC Trossen,DT + S3,common endpoint excluded,4,0.43159031691444016,False
7f35707aa45c08602a31,ykorkmaz__aloha_stir_pot_ep_000002,USC Trossen,DT + S5,common endpoint excluded,4,0.40853045514586306,False
7f35707aa45c08602a31,ykorkmaz__aloha_stir_pot_ep_000002,USC Trossen,DINOv2,common endpoint excluded,4,0.7629940568945988,False
7f35707aa45c08602a31,ykorkmaz__aloha_stir_pot_ep_000002,USC Trossen,Robometer progress,common endpoint excluded,4,0.8455117311588156,False
7f35707aa45c08602a31,ykorkmaz__aloha_stir_pot_ep_000002,USC Trossen,Robometer success,common endpoint excluded,4,0.9405400842982907,False
7f35707aa45c08602a31,ykorkmaz__aloha_stir_pot_ep_000002,USC Trossen,Elapsed time (control),common endpoint excluded,4,1.0,False
7f35707aa45c08602a31,ykorkmaz__aloha_stir_pot_ep_000002,USC Trossen,Robometer progress,released grid / current prediction,5,0.846939155099169,False
7f35707aa45c08602a31,ykorkmaz__aloha_stir_pot_ep_000002,USC Trossen,Robometer progress,released grid / released aggregation,5,0.8945539137257515,False
a71bd90da025ae09c60e,ykorkmaz__aloha_unzip_case_ep_000001,USC Trossen,DT,common endpoint included,5,0.9123486614817491,False
a71bd90da025ae09c60e,ykorkmaz__aloha_unzip_case_ep_000001,USC Trossen,S1,common endpoint included,5,0.7921741132197332,False
a71bd90da025ae09c60e,ykorkmaz__aloha_unzip_case_ep_000001,USC Trossen,S3,common endpoint included,5,0.7940252956062318,False
a71bd90da025ae09c60e,ykorkmaz__aloha_unzip_case_ep_000001,USC Trossen,S5,common endpoint included,5,0.8024150475222125,False
a71bd90da025ae09c60e,ykorkmaz__aloha_unzip_case_ep_000001,USC Trossen,DT + S1,common endpoint included,5,0.7293129474716248,False
a71bd90da025ae09c60e,ykorkmaz__aloha_unzip_case_ep_000001,USC Trossen,DT + S3,common endpoint included,5,0.7293798682800775,False
a71bd90da025ae09c60e,ykorkmaz__aloha_unzip_case_ep_000001,USC Trossen,DT + S5,common endpoint included,5,0.7294026451365325,False
a71bd90da025ae09c60e,ykorkmaz__aloha_unzip_case_ep_000001,USC Trossen,DINOv2,common endpoint included,5,0.6814423449833509,False
a71bd90da025ae09c60e,ykorkmaz__aloha_unzip_case_ep_000001,USC Trossen,Robometer progress,common endpoint included,5,-0.41254954617759765,False
a71bd90da025ae09c60e,ykorkmaz__aloha_unzip_case_ep_000001,USC Trossen,Robometer success,common endpoint included,5,-0.5273870338771205,False
a71bd90da025ae09c60e,ykorkmaz__aloha_unzip_case_ep_000001,USC Trossen,Elapsed time (control),common endpoint included,5,0.9999999999999998,False
a71bd90da025ae09c60e,ykorkmaz__aloha_unzip_case_ep_000001,USC Trossen,DT,common endpoint excluded,4,0.8075960417233585,False
a71bd90da025ae09c60e,ykorkmaz__aloha_unzip_case_ep_000001,USC Trossen,S1,common endpoint excluded,4,0.7928037968676815,False
a71bd90da025ae09c60e,ykorkmaz__aloha_unzip_case_ep_000001,USC Trossen,S3,common endpoint excluded,4,0.7701810578001527,False
a71bd90da025ae09c60e,ykorkmaz__aloha_unzip_case_ep_000001,USC Trossen,S5,common endpoint excluded,4,0.8670968099103569,False
a71bd90da025ae09c60e,ykorkmaz__aloha_unzip_case_ep_000001,USC Trossen,DT + S1,common endpoint excluded,4,0.8278613816382987,False
a71bd90da025ae09c60e,ykorkmaz__aloha_unzip_case_ep_000001,USC Trossen,DT + S3,common endpoint excluded,4,0.8229730789932121,False
a71bd90da025ae09c60e,ykorkmaz__aloha_unzip_case_ep_000001,USC Trossen,DT + S5,common endpoint excluded,4,0.8295288816462796,False
a71bd90da025ae09c60e,ykorkmaz__aloha_unzip_case_ep_000001,USC Trossen,DINOv2,common endpoint excluded,4,0.3113721795694451,False
a71bd90da025ae09c60e,ykorkmaz__aloha_unzip_case_ep_000001,USC Trossen,Robometer progress,common endpoint excluded,4,0.4688931024905985,False
a71bd90da025ae09c60e,ykorkmaz__aloha_unzip_case_ep_000001,USC Trossen,Robometer success,common endpoint excluded,4,-0.3132033890859274,False
a71bd90da025ae09c60e,ykorkmaz__aloha_unzip_case_ep_000001,USC Trossen,Elapsed time (control),common endpoint excluded,4,1.0,False
a71bd90da025ae09c60e,ykorkmaz__aloha_unzip_case_ep_000001,USC Trossen,Robometer progress,released grid / current prediction,5,0.21415092748659303,False
a71bd90da025ae09c60e,ykorkmaz__aloha_unzip_case_ep_000001,USC Trossen,Robometer progress,released grid / released aggregation,5,0.981291686556593,False
b668abc481f9bee0d5e8,ykorkmaz__aloha_unzip_case_ep_000002,USC Trossen,DT,common endpoint included,5,0.8157024582955514,False
b668abc481f9bee0d5e8,ykorkmaz__aloha_unzip_case_ep_000002,USC Trossen,S1,common endpoint included,5,0.7692083839832442,False
b668abc481f9bee0d5e8,ykorkmaz__aloha_unzip_case_ep_000002,USC Trossen,S3,common endpoint included,5,0.7765514652075012,False
b668abc481f9bee0d5e8,ykorkmaz__aloha_unzip_case_ep_000002,USC Trossen,S5,common endpoint included,5,0.7823887788781063,False
b668abc481f9bee0d5e8,ykorkmaz__aloha_unzip_case_ep_000002,USC Trossen,DT + S1,common endpoint included,5,0.7290953105071213,False
b668abc481f9bee0d5e8,ykorkmaz__aloha_unzip_case_ep_000002,USC Trossen,DT + S3,common endpoint included,5,0.7291101108646908,False
b668abc481f9bee0d5e8,ykorkmaz__aloha_unzip_case_ep_000002,USC Trossen,DT + S5,common endpoint included,5,0.7291179774346077,False
b668abc481f9bee0d5e8,ykorkmaz__aloha_unzip_case_ep_000002,USC Trossen,DINOv2,common endpoint included,5,0.8348838904834975,False
b668abc481f9bee0d5e8,ykorkmaz__aloha_unzip_case_ep_000002,USC Trossen,Robometer progress,common endpoint included,5,0.8265757647809031,False
b668abc481f9bee0d5e8,ykorkmaz__aloha_unzip_case_ep_000002,USC Trossen,Robometer success,common endpoint included,5,0.3880377009900019,False
b668abc481f9bee0d5e8,ykorkmaz__aloha_unzip_case_ep_000002,USC Trossen,Elapsed time (control),common endpoint included,5,0.9999999999999998,False
b668abc481f9bee0d5e8,ykorkmaz__aloha_unzip_case_ep_000002,USC Trossen,DT,common endpoint excluded,4,0.6035366658049586,False
b668abc481f9bee0d5e8,ykorkmaz__aloha_unzip_case_ep_000002,USC Trossen,S1,common endpoint excluded,4,0.7125873881990621,False
b668abc481f9bee0d5e8,ykorkmaz__aloha_unzip_case_ep_000002,USC Trossen,S3,common endpoint excluded,4,0.6958464378871227,False
b668abc481f9bee0d5e8,ykorkmaz__aloha_unzip_case_ep_000002,USC Trossen,S5,common endpoint excluded,4,0.7082416024547622,False
b668abc481f9bee0d5e8,ykorkmaz__aloha_unzip_case_ep_000002,USC Trossen,DT + S1,common endpoint excluded,4,0.6012895341765343,False
b668abc481f9bee0d5e8,ykorkmaz__aloha_unzip_case_ep_000002,USC Trossen,DT + S3,common endpoint excluded,4,0.6423592970283252,False
b668abc481f9bee0d5e8,ykorkmaz__aloha_unzip_case_ep_000002,USC Trossen,DT + S5,common endpoint excluded,4,0.6481900547769412,False
b668abc481f9bee0d5e8,ykorkmaz__aloha_unzip_case_ep_000002,USC Trossen,DINOv2,common endpoint excluded,4,0.5945396846978821,False
b668abc481f9bee0d5e8,ykorkmaz__aloha_unzip_case_ep_000002,USC Trossen,Robometer progress,common endpoint excluded,4,0.9628248966573993,False
b668abc481f9bee0d5e8,ykorkmaz__aloha_unzip_case_ep_000002,USC Trossen,Robometer success,common endpoint excluded,4,0.7186527862373242,False
b668abc481f9bee0d5e8,ykorkmaz__aloha_unzip_case_ep_000002,USC Trossen,Elapsed time (control),common endpoint excluded,4,1.0,False
b668abc481f9bee0d5e8,ykorkmaz__aloha_unzip_case_ep_000002,USC Trossen,Robometer progress,released grid / current prediction,5,0.8269205411832383,False
b668abc481f9bee0d5e8,ykorkmaz__aloha_unzip_case_ep_000002,USC Trossen,Robometer progress,released grid / released aggregation,5,0.9282735893318357,False
1990ded95ddd35f980ff,731d38a8-24b6-4d57-8863-af6a2798b91c,MIT Franka,DT,common endpoint included,5,0.8300459983241396,False
1990ded95ddd35f980ff,731d38a8-24b6-4d57-8863-af6a2798b91c,MIT Franka,S1,common endpoint included,5,0.7446617848154926,False
1990ded95ddd35f980ff,731d38a8-24b6-4d57-8863-af6a2798b91c,MIT Franka,S3,common endpoint included,5,0.7496021650212846,False
1990ded95ddd35f980ff,731d38a8-24b6-4d57-8863-af6a2798b91c,MIT Franka,S5,common endpoint included,5,0.7261058243817888,False
1990ded95ddd35f980ff,731d38a8-24b6-4d57-8863-af6a2798b91c,MIT Franka,DT + S1,common endpoint included,5,0.7500151565573805,False
1990ded95ddd35f980ff,731d38a8-24b6-4d57-8863-af6a2798b91c,MIT Franka,DT + S3,common endpoint included,5,0.750024818419071,False
1990ded95ddd35f980ff,731d38a8-24b6-4d57-8863-af6a2798b91c,MIT Franka,DT + S5,common endpoint included,5,0.7500065528492842,False
1990ded95ddd35f980ff,731d38a8-24b6-4d57-8863-af6a2798b91c,MIT Franka,DINOv2,common endpoint included,5,0.8190118920717941,False
1990ded95ddd35f980ff,731d38a8-24b6-4d57-8863-af6a2798b91c,MIT Franka,Robometer progress,common endpoint included,5,0.3202375692156192,False
1990ded95ddd35f980ff,731d38a8-24b6-4d57-8863-af6a2798b91c,MIT Franka,Robometer success,common endpoint included,5,0.957754906204597,False
1990ded95ddd35f980ff,731d38a8-24b6-4d57-8863-af6a2798b91c,MIT Franka,Elapsed time (control),common endpoint included,5,1.0,False
1990ded95ddd35f980ff,731d38a8-24b6-4d57-8863-af6a2798b91c,MIT Franka,DT,common endpoint excluded,4,0.6725030597825805,False
1990ded95ddd35f980ff,731d38a8-24b6-4d57-8863-af6a2798b91c,MIT Franka,S1,common endpoint excluded,4,-0.4319134009661641,False
1990ded95ddd35f980ff,731d38a8-24b6-4d57-8863-af6a2798b91c,MIT Franka,S3,common endpoint excluded,4,0.0008044413240519861,False
1990ded95ddd35f980ff,731d38a8-24b6-4d57-8863-af6a2798b91c,MIT Franka,S5,common endpoint excluded,4,-0.9315213476999826,False
1990ded95ddd35f980ff,731d38a8-24b6-4d57-8863-af6a2798b91c,MIT Franka,DT + S1,common endpoint excluded,4,0.5488531045551351,False
1990ded95ddd35f980ff,731d38a8-24b6-4d57-8863-af6a2798b91c,MIT Franka,DT + S3,common endpoint excluded,4,0.5446987888709509,False
1990ded95ddd35f980ff,731d38a8-24b6-4d57-8863-af6a2798b91c,MIT Franka,DT + S5,common endpoint excluded,4,0.1913612350348236,False
1990ded95ddd35f980ff,731d38a8-24b6-4d57-8863-af6a2798b91c,MIT Franka,DINOv2,common endpoint excluded,4,0.503902431794338,False
1990ded95ddd35f980ff,731d38a8-24b6-4d57-8863-af6a2798b91c,MIT Franka,Robometer progress,common endpoint excluded,4,0.8850380618759823,False
1990ded95ddd35f980ff,731d38a8-24b6-4d57-8863-af6a2798b91c,MIT Franka,Robometer success,common endpoint excluded,4,0.9468369838669757,False
1990ded95ddd35f980ff,731d38a8-24b6-4d57-8863-af6a2798b91c,MIT Franka,Elapsed time (control),common endpoint excluded,4,1.0,False
1990ded95ddd35f980ff,731d38a8-24b6-4d57-8863-af6a2798b91c,MIT Franka,Robometer progress,released grid / current prediction,5,0.6697162942147017,False
1990ded95ddd35f980ff,731d38a8-24b6-4d57-8863-af6a2798b91c,MIT Franka,Robometer progress,released grid / released aggregation,5,0.986567482414487,False
cfb3ffee58bc97cef032,c9ec4ab0-6a25-4c59-83d5-48b9ceff8750,MIT Franka,DT,common endpoint included,5,0.7165751334400446,False
cfb3ffee58bc97cef032,c9ec4ab0-6a25-4c59-83d5-48b9ceff8750,MIT Franka,S1,common endpoint included,5,0.7454204230368341,False
cfb3ffee58bc97cef032,c9ec4ab0-6a25-4c59-83d5-48b9ceff8750,MIT Franka,S3,common endpoint included,5,0.7439276906367296,False
cfb3ffee58bc97cef032,c9ec4ab0-6a25-4c59-83d5-48b9ceff8750,MIT Franka,S5,common endpoint included,5,0.7551580811333796,False
cfb3ffee58bc97cef032,c9ec4ab0-6a25-4c59-83d5-48b9ceff8750,MIT Franka,DT + S1,common endpoint included,5,0.7499839987146938,False
cfb3ffee58bc97cef032,c9ec4ab0-6a25-4c59-83d5-48b9ceff8750,MIT Franka,DT + S3,common endpoint included,5,0.74998010000051,False
cfb3ffee58bc97cef032,c9ec4ab0-6a25-4c59-83d5-48b9ceff8750,MIT Franka,DT + S5,common endpoint included,5,0.7499919403584346,False
cfb3ffee58bc97cef032,c9ec4ab0-6a25-4c59-83d5-48b9ceff8750,MIT Franka,DINOv2,common endpoint included,5,0.8135735935516021,False
cfb3ffee58bc97cef032,c9ec4ab0-6a25-4c59-83d5-48b9ceff8750,MIT Franka,Robometer progress,common endpoint included,5,0.9162142166139674,False
cfb3ffee58bc97cef032,c9ec4ab0-6a25-4c59-83d5-48b9ceff8750,MIT Franka,Robometer success,common endpoint included,5,0.7928531283303359,False
cfb3ffee58bc97cef032,c9ec4ab0-6a25-4c59-83d5-48b9ceff8750,MIT Franka,Elapsed time (control),common endpoint included,5,1.0,False
cfb3ffee58bc97cef032,c9ec4ab0-6a25-4c59-83d5-48b9ceff8750,MIT Franka,DT,common endpoint excluded,4,-0.2599109307013816,False
cfb3ffee58bc97cef032,c9ec4ab0-6a25-4c59-83d5-48b9ceff8750,MIT Franka,S1,common endpoint excluded,4,-0.5136651421426799,False
cfb3ffee58bc97cef032,c9ec4ab0-6a25-4c59-83d5-48b9ceff8750,MIT Franka,S3,common endpoint excluded,4,-0.4534324818432024,False
cfb3ffee58bc97cef032,c9ec4ab0-6a25-4c59-83d5-48b9ceff8750,MIT Franka,S5,common endpoint excluded,4,0.9076139499848939,False
cfb3ffee58bc97cef032,c9ec4ab0-6a25-4c59-83d5-48b9ceff8750,MIT Franka,DT + S1,common endpoint excluded,4,-0.3346906055443797,False
cfb3ffee58bc97cef032,c9ec4ab0-6a25-4c59-83d5-48b9ceff8750,MIT Franka,DT + S3,common endpoint excluded,4,-0.3277037551617708,False
cfb3ffee58bc97cef032,c9ec4ab0-6a25-4c59-83d5-48b9ceff8750,MIT Franka,DT + S5,common endpoint excluded,4,-0.1617251759223693,False
cfb3ffee58bc97cef032,c9ec4ab0-6a25-4c59-83d5-48b9ceff8750,MIT Franka,DINOv2,common endpoint excluded,4,0.4813437066671473,False
cfb3ffee58bc97cef032,c9ec4ab0-6a25-4c59-83d5-48b9ceff8750,MIT Franka,Robometer progress,common endpoint excluded,4,0.8477680080099426,False
cfb3ffee58bc97cef032,c9ec4ab0-6a25-4c59-83d5-48b9ceff8750,MIT Franka,Robometer success,common endpoint excluded,4,0.9503752659795333,False
cfb3ffee58bc97cef032,c9ec4ab0-6a25-4c59-83d5-48b9ceff8750,MIT Franka,Elapsed time (control),common endpoint excluded,4,1.0,False
cfb3ffee58bc97cef032,c9ec4ab0-6a25-4c59-83d5-48b9ceff8750,MIT Franka,Robometer progress,released grid / current prediction,5,0.9428435144585886,False
cfb3ffee58bc97cef032,c9ec4ab0-6a25-4c59-83d5-48b9ceff8750,MIT Franka,Robometer progress,released grid / released aggregation,5,0.9173560027343587,False
a81880790000e9924027,df682cfa-4c74-4ddb-9313-f5750a938333,MIT Franka,DT,common endpoint included,5,0.861845013526487,False
a81880790000e9924027,df682cfa-4c74-4ddb-9313-f5750a938333,MIT Franka,S1,common endpoint included,5,0.7420834743901407,False
a81880790000e9924027,df682cfa-4c74-4ddb-9313-f5750a938333,MIT Franka,S3,common endpoint included,5,0.7405728368665113,False
a81880790000e9924027,df682cfa-4c74-4ddb-9313-f5750a938333,MIT Franka,S5,common endpoint included,5,0.7757930326031224,False
a81880790000e9924027,df682cfa-4c74-4ddb-9313-f5750a938333,MIT Franka,DT + S1,common endpoint included,5,0.7501068584588636,False
a81880790000e9924027,df682cfa-4c74-4ddb-9313-f5750a938333,MIT Franka,DT + S3,common endpoint included,5,0.7501191090518525,False
a81880790000e9924027,df682cfa-4c74-4ddb-9313-f5750a938333,MIT Franka,DT + S5,common endpoint included,5,0.7502641842249426,False
a81880790000e9924027,df682cfa-4c74-4ddb-9313-f5750a938333,MIT Franka,DINOv2,common endpoint included,5,0.9708713903010153,False
a81880790000e9924027,df682cfa-4c74-4ddb-9313-f5750a938333,MIT Franka,Robometer progress,common endpoint included,5,0.9770528877709219,False
a81880790000e9924027,df682cfa-4c74-4ddb-9313-f5750a938333,MIT Franka,Robometer success,common endpoint included,5,0.7694340231625545,False
a81880790000e9924027,df682cfa-4c74-4ddb-9313-f5750a938333,MIT Franka,Elapsed time (control),common endpoint included,5,1.0,False
a81880790000e9924027,df682cfa-4c74-4ddb-9313-f5750a938333,MIT Franka,DT,common endpoint excluded,4,0.6886064917531093,False
a81880790000e9924027,df682cfa-4c74-4ddb-9313-f5750a938333,MIT Franka,S1,common endpoint excluded,4,-0.32959940238953567,False
a81880790000e9924027,df682cfa-4c74-4ddb-9313-f5750a938333,MIT Franka,S3,common endpoint excluded,4,-0.3338549145024786,False
a81880790000e9924027,df682cfa-4c74-4ddb-9313-f5750a938333,MIT Franka,S5,common endpoint excluded,4,0.9963199798115725,False
a81880790000e9924027,df682cfa-4c74-4ddb-9313-f5750a938333,MIT Franka,DT + S1,common endpoint excluded,4,0.42498038864925075,False
a81880790000e9924027,df682cfa-4c74-4ddb-9313-f5750a938333,MIT Franka,DT + S3,common endpoint excluded,4,0.4053861247954535,False
a81880790000e9924027,df682cfa-4c74-4ddb-9313-f5750a938333,MIT Franka,DT + S5,common endpoint excluded,4,0.8440209135447025,False
a81880790000e9924027,df682cfa-4c74-4ddb-9313-f5750a938333,MIT Franka,DINOv2,common endpoint excluded,4,0.9978790804847233,False
a81880790000e9924027,df682cfa-4c74-4ddb-9313-f5750a938333,MIT Franka,Robometer progress,common endpoint excluded,4,0.946737681032534,False
a81880790000e9924027,df682cfa-4c74-4ddb-9313-f5750a938333,MIT Franka,Robometer success,common endpoint excluded,4,0.7596301498822244,False
a81880790000e9924027,df682cfa-4c74-4ddb-9313-f5750a938333,MIT Franka,Elapsed time (control),common endpoint excluded,4,1.0,False
a81880790000e9924027,df682cfa-4c74-4ddb-9313-f5750a938333,MIT Franka,Robometer progress,released grid / current prediction,5,0.9624193943221537,False
a81880790000e9924027,df682cfa-4c74-4ddb-9313-f5750a938333,MIT Franka,Robometer progress,released grid / released aggregation,5,0.8123372051474361,False
bfe3503fc247305147fe,6e7cff79-921c-4cf0-8277-4df267baaf39,MIT Franka,DT,common endpoint included,5,0.9117532502775585,False
bfe3503fc247305147fe,6e7cff79-921c-4cf0-8277-4df267baaf39,MIT Franka,S1,common endpoint included,5,0.7889041748786954,False
bfe3503fc247305147fe,6e7cff79-921c-4cf0-8277-4df267baaf39,MIT Franka,S3,common endpoint included,5,0.7897348544460551,False
bfe3503fc247305147fe,6e7cff79-921c-4cf0-8277-4df267baaf39,MIT Franka,S5,common endpoint included,5,0.7868588979085868,False
bfe3503fc247305147fe,6e7cff79-921c-4cf0-8277-4df267baaf39,MIT Franka,DT + S1,common endpoint included,5,0.7555032860781861,False
bfe3503fc247305147fe,6e7cff79-921c-4cf0-8277-4df267baaf39,MIT Franka,DT + S3,common endpoint included,5,0.7571572518615298,False
bfe3503fc247305147fe,6e7cff79-921c-4cf0-8277-4df267baaf39,MIT Franka,DT + S5,common endpoint included,5,0.7570603911278135,False
bfe3503fc247305147fe,6e7cff79-921c-4cf0-8277-4df267baaf39,MIT Franka,DINOv2,common endpoint included,5,0.754737775524717,False
bfe3503fc247305147fe,6e7cff79-921c-4cf0-8277-4df267baaf39,MIT Franka,Robometer progress,common endpoint included,5,0.9831373133484052,False
bfe3503fc247305147fe,6e7cff79-921c-4cf0-8277-4df267baaf39,MIT Franka,Robometer success,common endpoint included,5,0.755948564297527,False
bfe3503fc247305147fe,6e7cff79-921c-4cf0-8277-4df267baaf39,MIT Franka,Elapsed time (control),common endpoint included,5,1.0,False
bfe3503fc247305147fe,6e7cff79-921c-4cf0-8277-4df267baaf39,MIT Franka,DT,common endpoint excluded,4,0.928209424708982,False
bfe3503fc247305147fe,6e7cff79-921c-4cf0-8277-4df267baaf39,MIT Franka,S1,common endpoint excluded,4,0.992614019921809,False
bfe3503fc247305147fe,6e7cff79-921c-4cf0-8277-4df267baaf39,MIT Franka,S3,common endpoint excluded,4,0.9532325697198308,False
bfe3503fc247305147fe,6e7cff79-921c-4cf0-8277-4df267baaf39,MIT Franka,S5,common endpoint excluded,4,0.9369193416900009,False
bfe3503fc247305147fe,6e7cff79-921c-4cf0-8277-4df267baaf39,MIT Franka,DT + S1,common endpoint excluded,4,0.9829893473701151,False
bfe3503fc247305147fe,6e7cff79-921c-4cf0-8277-4df267baaf39,MIT Franka,DT + S3,common endpoint excluded,4,0.9893064063585907,False
bfe3503fc247305147fe,6e7cff79-921c-4cf0-8277-4df267baaf39,MIT Franka,DT + S5,common endpoint excluded,4,0.9893234103060222,False
bfe3503fc247305147fe,6e7cff79-921c-4cf0-8277-4df267baaf39,MIT Franka,DINOv2,common endpoint excluded,4,0.12780500116662274,False
bfe3503fc247305147fe,6e7cff79-921c-4cf0-8277-4df267baaf39,MIT Franka,Robometer progress,common endpoint excluded,4,0.9640548940453262,False
bfe3503fc247305147fe,6e7cff79-921c-4cf0-8277-4df267baaf39,MIT Franka,Robometer success,common endpoint excluded,4,0.8257175510480197,False
bfe3503fc247305147fe,6e7cff79-921c-4cf0-8277-4df267baaf39,MIT Franka,Elapsed time (control),common endpoint excluded,4,1.0,False
bfe3503fc247305147fe,6e7cff79-921c-4cf0-8277-4df267baaf39,MIT Franka,Robometer progress,released grid / current prediction,5,0.9824890927438938,False
bfe3503fc247305147fe,6e7cff79-921c-4cf0-8277-4df267baaf39,MIT Franka,Robometer progress,released grid / released aggregation,5,0.8810211797437298,False
fccadd3af1339ebdcd05,e3dc8245-c4e1-4678-a1de-2ee880e15a4e,MIT Franka,DT,common endpoint included,5,0.9685152104449306,False
fccadd3af1339ebdcd05,e3dc8245-c4e1-4678-a1de-2ee880e15a4e,MIT Franka,S1,common endpoint included,5,0.88499982596352,False
fccadd3af1339ebdcd05,e3dc8245-c4e1-4678-a1de-2ee880e15a4e,MIT Franka,S3,common endpoint included,5,0.8921643299309943,False
fccadd3af1339ebdcd05,e3dc8245-c4e1-4678-a1de-2ee880e15a4e,MIT Franka,S5,common endpoint included,5,0.8839116874567003,False
fccadd3af1339ebdcd05,e3dc8245-c4e1-4678-a1de-2ee880e15a4e,MIT Franka,DT + S1,common endpoint included,5,0.7952435609253661,False
fccadd3af1339ebdcd05,e3dc8245-c4e1-4678-a1de-2ee880e15a4e,MIT Franka,DT + S3,common endpoint included,5,0.8138834654438536,False
fccadd3af1339ebdcd05,e3dc8245-c4e1-4678-a1de-2ee880e15a4e,MIT Franka,DT + S5,common endpoint included,5,0.8160743226007285,False
fccadd3af1339ebdcd05,e3dc8245-c4e1-4678-a1de-2ee880e15a4e,MIT Franka,DINOv2,common endpoint included,5,0.9416489194906588,False
fccadd3af1339ebdcd05,e3dc8245-c4e1-4678-a1de-2ee880e15a4e,MIT Franka,Robometer progress,common endpoint included,5,0.9222091368616006,False
fccadd3af1339ebdcd05,e3dc8245-c4e1-4678-a1de-2ee880e15a4e,MIT Franka,Robometer success,common endpoint included,5,0.9597799541924931,False
fccadd3af1339ebdcd05,e3dc8245-c4e1-4678-a1de-2ee880e15a4e,MIT Franka,Elapsed time (control),common endpoint included,5,1.0,False
fccadd3af1339ebdcd05,e3dc8245-c4e1-4678-a1de-2ee880e15a4e,MIT Franka,DT,common endpoint excluded,4,0.9868039017817254,False
fccadd3af1339ebdcd05,e3dc8245-c4e1-4678-a1de-2ee880e15a4e,MIT Franka,S1,common endpoint excluded,4,0.9681834006436107,False
fccadd3af1339ebdcd05,e3dc8245-c4e1-4678-a1de-2ee880e15a4e,MIT Franka,S3,common endpoint excluded,4,0.9328285485893983,False
fccadd3af1339ebdcd05,e3dc8245-c4e1-4678-a1de-2ee880e15a4e,MIT Franka,S5,common endpoint excluded,4,0.8915233713657646,False
fccadd3af1339ebdcd05,e3dc8245-c4e1-4678-a1de-2ee880e15a4e,MIT Franka,DT + S1,common endpoint excluded,4,0.8816037471442517,False
fccadd3af1339ebdcd05,e3dc8245-c4e1-4678-a1de-2ee880e15a4e,MIT Franka,DT + S3,common endpoint excluded,4,0.8721931263724084,False
fccadd3af1339ebdcd05,e3dc8245-c4e1-4678-a1de-2ee880e15a4e,MIT Franka,DT + S5,common endpoint excluded,4,0.8683519594955735,False
fccadd3af1339ebdcd05,e3dc8245-c4e1-4678-a1de-2ee880e15a4e,MIT Franka,DINOv2,common endpoint excluded,4,0.8919331942995166,False
fccadd3af1339ebdcd05,e3dc8245-c4e1-4678-a1de-2ee880e15a4e,MIT Franka,Robometer progress,common endpoint excluded,4,0.9242864830072297,False
fccadd3af1339ebdcd05,e3dc8245-c4e1-4678-a1de-2ee880e15a4e,MIT Franka,Robometer success,common endpoint excluded,4,0.9075285036474998,False
fccadd3af1339ebdcd05,e3dc8245-c4e1-4678-a1de-2ee880e15a4e,MIT Franka,Elapsed time (control),common endpoint excluded,4,1.0,False
fccadd3af1339ebdcd05,e3dc8245-c4e1-4678-a1de-2ee880e15a4e,MIT Franka,Robometer progress,released grid / current prediction,5,0.9560830064457124,False
fccadd3af1339ebdcd05,e3dc8245-c4e1-4678-a1de-2ee880e15a4e,MIT Franka,Robometer progress,released grid / released aggregation,5,0.9729581924779376,False
794c472e146ca60c3013,cf54383e-9ec1-4763-9c58-c413f41a92a9,MIT Franka,DT,common endpoint included,5,0.2836513703030816,False
794c472e146ca60c3013,cf54383e-9ec1-4763-9c58-c413f41a92a9,MIT Franka,S1,common endpoint included,5,0.7225632642411873,False
794c472e146ca60c3013,cf54383e-9ec1-4763-9c58-c413f41a92a9,MIT Franka,S3,common endpoint included,5,0.7190762241414719,False
794c472e146ca60c3013,cf54383e-9ec1-4763-9c58-c413f41a92a9,MIT Franka,S5,common endpoint included,5,0.7230267908956145,False
794c472e146ca60c3013,cf54383e-9ec1-4763-9c58-c413f41a92a9,MIT Franka,DT + S1,common endpoint included,5,0.7498552869594953,False
794c472e146ca60c3013,cf54383e-9ec1-4763-9c58-c413f41a92a9,MIT Franka,DT + S3,common endpoint included,5,0.7498324906365832,False
794c472e146ca60c3013,cf54383e-9ec1-4763-9c58-c413f41a92a9,MIT Franka,DT + S5,common endpoint included,5,0.749830177408543,False
794c472e146ca60c3013,cf54383e-9ec1-4763-9c58-c413f41a92a9,MIT Franka,DINOv2,common endpoint included,5,0.6926795994265222,False
794c472e146ca60c3013,cf54383e-9ec1-4763-9c58-c413f41a92a9,MIT Franka,Robometer progress,common endpoint included,5,0.546763311715425,False
794c472e146ca60c3013,cf54383e-9ec1-4763-9c58-c413f41a92a9,MIT Franka,Robometer success,common endpoint included,5,0.500862177561169,False
794c472e146ca60c3013,cf54383e-9ec1-4763-9c58-c413f41a92a9,MIT Franka,Elapsed time (control),common endpoint included,5,1.0,False
794c472e146ca60c3013,cf54383e-9ec1-4763-9c58-c413f41a92a9,MIT Franka,DT,common endpoint excluded,4,-0.9764241647919969,False
794c472e146ca60c3013,cf54383e-9ec1-4763-9c58-c413f41a92a9,MIT Franka,S1,common endpoint excluded,4,-0.8507196258531514,False
794c472e146ca60c3013,cf54383e-9ec1-4763-9c58-c413f41a92a9,MIT Franka,S3,common endpoint excluded,4,-0.8858291065325323,False
794c472e146ca60c3013,cf54383e-9ec1-4763-9c58-c413f41a92a9,MIT Franka,S5,common endpoint excluded,4,-0.8153170147991856,False
794c472e146ca60c3013,cf54383e-9ec1-4763-9c58-c413f41a92a9,MIT Franka,DT + S1,common endpoint excluded,4,-0.8888677126664498,False
794c472e146ca60c3013,cf54383e-9ec1-4763-9c58-c413f41a92a9,MIT Franka,DT + S3,common endpoint excluded,4,-0.891713136511306,False
794c472e146ca60c3013,cf54383e-9ec1-4763-9c58-c413f41a92a9,MIT Franka,DT + S5,common endpoint excluded,4,-0.8781184686269261,False
794c472e146ca60c3013,cf54383e-9ec1-4763-9c58-c413f41a92a9,MIT Franka,DINOv2,common endpoint excluded,4,-0.4659052588743724,False
794c472e146ca60c3013,cf54383e-9ec1-4763-9c58-c413f41a92a9,MIT Franka,Robometer progress,common endpoint excluded,4,0.9692595740964929,False
794c472e146ca60c3013,cf54383e-9ec1-4763-9c58-c413f41a92a9,MIT Franka,Robometer success,common endpoint excluded,4,0.9297588996834216,False
794c472e146ca60c3013,cf54383e-9ec1-4763-9c58-c413f41a92a9,MIT Franka,Elapsed time (control),common endpoint excluded,4,1.0,False
794c472e146ca60c3013,cf54383e-9ec1-4763-9c58-c413f41a92a9,MIT Franka,Robometer progress,released grid / current prediction,5,0.6871531845325307,False
794c472e146ca60c3013,cf54383e-9ec1-4763-9c58-c413f41a92a9,MIT Franka,Robometer progress,released grid / released aggregation,5,0.9504302879451905,False
dcb220b185cc5ead1be1,1840d0e8-b9fc-4522-82b8-b322145b10fc,MIT Franka,DT,common endpoint included,5,0.9775457389515126,False
dcb220b185cc5ead1be1,1840d0e8-b9fc-4522-82b8-b322145b10fc,MIT Franka,S1,common endpoint included,5,0.7849500199941595,False
dcb220b185cc5ead1be1,1840d0e8-b9fc-4522-82b8-b322145b10fc,MIT Franka,S3,common endpoint included,5,0.7972022996988992,False
dcb220b185cc5ead1be1,1840d0e8-b9fc-4522-82b8-b322145b10fc,MIT Franka,S5,common endpoint included,5,0.8010381649056175,False
dcb220b185cc5ead1be1,1840d0e8-b9fc-4522-82b8-b322145b10fc,MIT Franka,DT + S1,common endpoint included,5,0.7519616185574884,False
dcb220b185cc5ead1be1,1840d0e8-b9fc-4522-82b8-b322145b10fc,MIT Franka,DT + S3,common endpoint included,5,0.7529623266532897,False
dcb220b185cc5ead1be1,1840d0e8-b9fc-4522-82b8-b322145b10fc,MIT Franka,DT + S5,common endpoint included,5,0.7532127672946294,False
dcb220b185cc5ead1be1,1840d0e8-b9fc-4522-82b8-b322145b10fc,MIT Franka,DINOv2,common endpoint included,5,0.8716800965772715,False
dcb220b185cc5ead1be1,1840d0e8-b9fc-4522-82b8-b322145b10fc,MIT Franka,Robometer progress,common endpoint included,5,0.6525257243821475,False
dcb220b185cc5ead1be1,1840d0e8-b9fc-4522-82b8-b322145b10fc,MIT Franka,Robometer success,common endpoint included,5,0.6650513522231796,False
dcb220b185cc5ead1be1,1840d0e8-b9fc-4522-82b8-b322145b10fc,MIT Franka,Elapsed time (control),common endpoint included,5,1.0,False
dcb220b185cc5ead1be1,1840d0e8-b9fc-4522-82b8-b322145b10fc,MIT Franka,DT,common endpoint excluded,4,0.9555166670987498,False
dcb220b185cc5ead1be1,1840d0e8-b9fc-4522-82b8-b322145b10fc,MIT Franka,S1,common endpoint excluded,4,0.9400202800202142,False
dcb220b185cc5ead1be1,1840d0e8-b9fc-4522-82b8-b322145b10fc,MIT Franka,S3,common endpoint excluded,4,0.9126782676476963,False
dcb220b185cc5ead1be1,1840d0e8-b9fc-4522-82b8-b322145b10fc,MIT Franka,S5,common endpoint excluded,4,0.9005663056973356,False
dcb220b185cc5ead1be1,1840d0e8-b9fc-4522-82b8-b322145b10fc,MIT Franka,DT + S1,common endpoint excluded,4,0.8893455047663956,False
dcb220b185cc5ead1be1,1840d0e8-b9fc-4522-82b8-b322145b10fc,MIT Franka,DT + S3,common endpoint excluded,4,0.881411127007059,False
dcb220b185cc5ead1be1,1840d0e8-b9fc-4522-82b8-b322145b10fc,MIT Franka,DT + S5,common endpoint excluded,4,0.8788092014705571,False
dcb220b185cc5ead1be1,1840d0e8-b9fc-4522-82b8-b322145b10fc,MIT Franka,DINOv2,common endpoint excluded,4,0.9803364099791809,False
dcb220b185cc5ead1be1,1840d0e8-b9fc-4522-82b8-b322145b10fc,MIT Franka,Robometer progress,common endpoint excluded,4,0.7247779884515246,False
dcb220b185cc5ead1be1,1840d0e8-b9fc-4522-82b8-b322145b10fc,MIT Franka,Robometer success,common endpoint excluded,4,0.7097391592278159,False
dcb220b185cc5ead1be1,1840d0e8-b9fc-4522-82b8-b322145b10fc,MIT Franka,Elapsed time (control),common endpoint excluded,4,1.0,False
dcb220b185cc5ead1be1,1840d0e8-b9fc-4522-82b8-b322145b10fc,MIT Franka,Robometer progress,released grid / current prediction,5,0.7118133253601924,False
dcb220b185cc5ead1be1,1840d0e8-b9fc-4522-82b8-b322145b10fc,MIT Franka,Robometer progress,released grid / released aggregation,5,0.9475151982166221,False
fa7eb41521e110479178,d6e9b8b6-c6bf-4aa8-b766-eb22546b426a,MIT Franka,DT,common endpoint included,5,0.9741678163535286,False
fa7eb41521e110479178,d6e9b8b6-c6bf-4aa8-b766-eb22546b426a,MIT Franka,S1,common endpoint included,5,0.817630368392259,False
fa7eb41521e110479178,d6e9b8b6-c6bf-4aa8-b766-eb22546b426a,MIT Franka,S3,common endpoint included,5,0.8048430022319691,False
fa7eb41521e110479178,d6e9b8b6-c6bf-4aa8-b766-eb22546b426a,MIT Franka,S5,common endpoint included,5,0.7926532821049557,False
fa7eb41521e110479178,d6e9b8b6-c6bf-4aa8-b766-eb22546b426a,MIT Franka,DT + S1,common endpoint included,5,0.7574158534421657,False
fa7eb41521e110479178,d6e9b8b6-c6bf-4aa8-b766-eb22546b426a,MIT Franka,DT + S3,common endpoint included,5,0.7600342495493428,False
fa7eb41521e110479178,d6e9b8b6-c6bf-4aa8-b766-eb22546b426a,MIT Franka,DT + S5,common endpoint included,5,0.7599177843459439,False
fa7eb41521e110479178,d6e9b8b6-c6bf-4aa8-b766-eb22546b426a,MIT Franka,DINOv2,common endpoint included,5,0.8165664595927753,False
fa7eb41521e110479178,d6e9b8b6-c6bf-4aa8-b766-eb22546b426a,MIT Franka,Robometer progress,common endpoint included,5,0.8289211655566552,False
fa7eb41521e110479178,d6e9b8b6-c6bf-4aa8-b766-eb22546b426a,MIT Franka,Robometer success,common endpoint included,5,0.7705841402009082,False
fa7eb41521e110479178,d6e9b8b6-c6bf-4aa8-b766-eb22546b426a,MIT Franka,Elapsed time (control),common endpoint included,5,1.0,False
fa7eb41521e110479178,d6e9b8b6-c6bf-4aa8-b766-eb22546b426a,MIT Franka,DT,common endpoint excluded,4,0.9705366922803254,False
fa7eb41521e110479178,d6e9b8b6-c6bf-4aa8-b766-eb22546b426a,MIT Franka,S1,common endpoint excluded,4,0.9448724641905908,False
fa7eb41521e110479178,d6e9b8b6-c6bf-4aa8-b766-eb22546b426a,MIT Franka,S3,common endpoint excluded,4,0.8357464947958115,False
fa7eb41521e110479178,d6e9b8b6-c6bf-4aa8-b766-eb22546b426a,MIT Franka,S5,common endpoint excluded,4,0.7440142810599679,False
fa7eb41521e110479178,d6e9b8b6-c6bf-4aa8-b766-eb22546b426a,MIT Franka,DT + S1,common endpoint excluded,4,0.8626846234818395,False
fa7eb41521e110479178,d6e9b8b6-c6bf-4aa8-b766-eb22546b426a,MIT Franka,DT + S3,common endpoint excluded,4,0.8599924602817886,False
fa7eb41521e110479178,d6e9b8b6-c6bf-4aa8-b766-eb22546b426a,MIT Franka,DT + S5,common endpoint excluded,4,0.8611430403542415,False
fa7eb41521e110479178,d6e9b8b6-c6bf-4aa8-b766-eb22546b426a,MIT Franka,DINOv2,common endpoint excluded,4,0.5056152401332599,False
fa7eb41521e110479178,d6e9b8b6-c6bf-4aa8-b766-eb22546b426a,MIT Franka,Robometer progress,common endpoint excluded,4,0.5623959638376304,False
fa7eb41521e110479178,d6e9b8b6-c6bf-4aa8-b766-eb22546b426a,MIT Franka,Robometer success,common endpoint excluded,4,0.3009991457046796,False
fa7eb41521e110479178,d6e9b8b6-c6bf-4aa8-b766-eb22546b426a,MIT Franka,Elapsed time (control),common endpoint excluded,4,1.0,False
fa7eb41521e110479178,d6e9b8b6-c6bf-4aa8-b766-eb22546b426a,MIT Franka,Robometer progress,released grid / current prediction,5,0.8226997855579635,False
fa7eb41521e110479178,d6e9b8b6-c6bf-4aa8-b766-eb22546b426a,MIT Franka,Robometer progress,released grid / released aggregation,5,0.8929245622969739,False
9e9106b2948dea03789b,31bd76d7-88e2-45ae-a476-bdfdad5cac6e,MIT Franka,DT,common endpoint included,5,0.7976724337847908,False
9e9106b2948dea03789b,31bd76d7-88e2-45ae-a476-bdfdad5cac6e,MIT Franka,S1,common endpoint included,5,0.7795911030377001,False
9e9106b2948dea03789b,31bd76d7-88e2-45ae-a476-bdfdad5cac6e,MIT Franka,S3,common endpoint included,5,0.7824858762108235,False
9e9106b2948dea03789b,31bd76d7-88e2-45ae-a476-bdfdad5cac6e,MIT Franka,S5,common endpoint included,5,0.7886953651677573,False
9e9106b2948dea03789b,31bd76d7-88e2-45ae-a476-bdfdad5cac6e,MIT Franka,DT + S1,common endpoint included,5,0.7501806983239527,False
9e9106b2948dea03789b,31bd76d7-88e2-45ae-a476-bdfdad5cac6e,MIT Franka,DT + S3,common endpoint included,5,0.7502012023864191,False
9e9106b2948dea03789b,31bd76d7-88e2-45ae-a476-bdfdad5cac6e,MIT Franka,DT + S5,common endpoint included,5,0.7502068204887881,False
9e9106b2948dea03789b,31bd76d7-88e2-45ae-a476-bdfdad5cac6e,MIT Franka,DINOv2,common endpoint included,5,0.7398750700218578,False
9e9106b2948dea03789b,31bd76d7-88e2-45ae-a476-bdfdad5cac6e,MIT Franka,Robometer progress,common endpoint included,5,0.9709031017157865,False
9e9106b2948dea03789b,31bd76d7-88e2-45ae-a476-bdfdad5cac6e,MIT Franka,Robometer success,common endpoint included,5,0.7530889019205891,False
9e9106b2948dea03789b,31bd76d7-88e2-45ae-a476-bdfdad5cac6e,MIT Franka,Elapsed time (control),common endpoint included,5,1.0,False
9e9106b2948dea03789b,31bd76d7-88e2-45ae-a476-bdfdad5cac6e,MIT Franka,DT,common endpoint excluded,4,0.41278915714350684,False
9e9106b2948dea03789b,31bd76d7-88e2-45ae-a476-bdfdad5cac6e,MIT Franka,S1,common endpoint excluded,4,0.7738600017921844,False
9e9106b2948dea03789b,31bd76d7-88e2-45ae-a476-bdfdad5cac6e,MIT Franka,S3,common endpoint excluded,4,0.8170974687874799,False
9e9106b2948dea03789b,31bd76d7-88e2-45ae-a476-bdfdad5cac6e,MIT Franka,S5,common endpoint excluded,4,0.9239636161099875,False
9e9106b2948dea03789b,31bd76d7-88e2-45ae-a476-bdfdad5cac6e,MIT Franka,DT + S1,common endpoint excluded,4,0.7133019181007897,False
9e9106b2948dea03789b,31bd76d7-88e2-45ae-a476-bdfdad5cac6e,MIT Franka,DT + S3,common endpoint excluded,4,0.7215773967574943,False
9e9106b2948dea03789b,31bd76d7-88e2-45ae-a476-bdfdad5cac6e,MIT Franka,DT + S5,common endpoint excluded,4,0.7455997958763345,False
9e9106b2948dea03789b,31bd76d7-88e2-45ae-a476-bdfdad5cac6e,MIT Franka,DINOv2,common endpoint excluded,4,0.142103040575078,False
9e9106b2948dea03789b,31bd76d7-88e2-45ae-a476-bdfdad5cac6e,MIT Franka,Robometer progress,common endpoint excluded,4,0.9473769266390566,False
9e9106b2948dea03789b,31bd76d7-88e2-45ae-a476-bdfdad5cac6e,MIT Franka,Robometer success,common endpoint excluded,4,0.8070380462987449,False
9e9106b2948dea03789b,31bd76d7-88e2-45ae-a476-bdfdad5cac6e,MIT Franka,Elapsed time (control),common endpoint excluded,4,1.0,False
9e9106b2948dea03789b,31bd76d7-88e2-45ae-a476-bdfdad5cac6e,MIT Franka,Robometer progress,released grid / current prediction,5,0.9776880860756088,False
9e9106b2948dea03789b,31bd76d7-88e2-45ae-a476-bdfdad5cac6e,MIT Franka,Robometer progress,released grid / released aggregation,5,0.9762746040051442,False
88ca0b7c80cf240572ac,fbc37ee4-4904-4739-9d4e-3ed57e33759f,MIT Franka,DT,common endpoint included,5,0.7536477721988364,False
88ca0b7c80cf240572ac,fbc37ee4-4904-4739-9d4e-3ed57e33759f,MIT Franka,S1,common endpoint included,5,0.7491517307152691,False
88ca0b7c80cf240572ac,fbc37ee4-4904-4739-9d4e-3ed57e33759f,MIT Franka,S3,common endpoint included,5,0.74805023434413,False
88ca0b7c80cf240572ac,fbc37ee4-4904-4739-9d4e-3ed57e33759f,MIT Franka,S5,common endpoint included,5,0.7486554644909982,False
88ca0b7c80cf240572ac,fbc37ee4-4904-4739-9d4e-3ed57e33759f,MIT Franka,DT + S1,common endpoint included,5,0.7500040190124069,False
88ca0b7c80cf240572ac,fbc37ee4-4904-4739-9d4e-3ed57e33759f,MIT Franka,DT + S3,common endpoint included,5,0.7500030376816041,False
88ca0b7c80cf240572ac,fbc37ee4-4904-4739-9d4e-3ed57e33759f,MIT Franka,DT + S5,common endpoint included,5,0.7500035516634593,False
88ca0b7c80cf240572ac,fbc37ee4-4904-4739-9d4e-3ed57e33759f,MIT Franka,DINOv2,common endpoint included,5,0.6899896186054262,False
88ca0b7c80cf240572ac,fbc37ee4-4904-4739-9d4e-3ed57e33759f,MIT Franka,Robometer progress,common endpoint included,5,0.9355722578781582,False
88ca0b7c80cf240572ac,fbc37ee4-4904-4739-9d4e-3ed57e33759f,MIT Franka,Robometer success,common endpoint included,5,0.7535711796326048,False
88ca0b7c80cf240572ac,fbc37ee4-4904-4739-9d4e-3ed57e33759f,MIT Franka,Elapsed time (control),common endpoint included,5,1.0,False
88ca0b7c80cf240572ac,fbc37ee4-4904-4739-9d4e-3ed57e33759f,MIT Franka,DT,common endpoint excluded,4,0.12518789395782187,False
88ca0b7c80cf240572ac,fbc37ee4-4904-4739-9d4e-3ed57e33759f,MIT Franka,S1,common endpoint excluded,4,-0.32691609334980365,False
88ca0b7c80cf240572ac,fbc37ee4-4904-4739-9d4e-3ed57e33759f,MIT Franka,S3,common endpoint excluded,4,-0.7981617140009339,False
88ca0b7c80cf240572ac,fbc37ee4-4904-4739-9d4e-3ed57e33759f,MIT Franka,S5,common endpoint excluded,4,-0.45980350529976494,False
88ca0b7c80cf240572ac,fbc37ee4-4904-4739-9d4e-3ed57e33759f,MIT Franka,DT + S1,common endpoint excluded,4,0.07236657721876427,False
88ca0b7c80cf240572ac,fbc37ee4-4904-4739-9d4e-3ed57e33759f,MIT Franka,DT + S3,common endpoint excluded,4,0.052159021833362795,False
88ca0b7c80cf240572ac,fbc37ee4-4904-4739-9d4e-3ed57e33759f,MIT Franka,DT + S5,common endpoint excluded,4,0.05958486695382603,False
88ca0b7c80cf240572ac,fbc37ee4-4904-4739-9d4e-3ed57e33759f,MIT Franka,DINOv2,common endpoint excluded,4,-0.6831042901392697,False
88ca0b7c80cf240572ac,fbc37ee4-4904-4739-9d4e-3ed57e33759f,MIT Franka,Robometer progress,common endpoint excluded,4,0.8477058034427092,False
88ca0b7c80cf240572ac,fbc37ee4-4904-4739-9d4e-3ed57e33759f,MIT Franka,Robometer success,common endpoint excluded,4,0.9967173020325886,False
88ca0b7c80cf240572ac,fbc37ee4-4904-4739-9d4e-3ed57e33759f,MIT Franka,Elapsed time (control),common endpoint excluded,4,1.0,False
88ca0b7c80cf240572ac,fbc37ee4-4904-4739-9d4e-3ed57e33759f,MIT Franka,Robometer progress,released grid / current prediction,5,0.9495629180603754,False
88ca0b7c80cf240572ac,fbc37ee4-4904-4739-9d4e-3ed57e33759f,MIT Franka,Robometer progress,released grid / released aggregation,5,0.9794179775651104,False
4ab108ea18e86fd1fc4e,5910dc69-3e8f-4977-8d45-ded9873ff878,MIT Franka,DT,common endpoint included,5,0.9896991592747792,False
4ab108ea18e86fd1fc4e,5910dc69-3e8f-4977-8d45-ded9873ff878,MIT Franka,S1,common endpoint included,5,0.7823678892660575,False
4ab108ea18e86fd1fc4e,5910dc69-3e8f-4977-8d45-ded9873ff878,MIT Franka,S3,common endpoint included,5,0.7864396101222154,False
4ab108ea18e86fd1fc4e,5910dc69-3e8f-4977-8d45-ded9873ff878,MIT Franka,S5,common endpoint included,5,0.7849235819986426,False
4ab108ea18e86fd1fc4e,5910dc69-3e8f-4977-8d45-ded9873ff878,MIT Franka,DT + S1,common endpoint included,5,0.7671767485522905,False
4ab108ea18e86fd1fc4e,5910dc69-3e8f-4977-8d45-ded9873ff878,MIT Franka,DT + S3,common endpoint included,5,0.7721622984719829,False
4ab108ea18e86fd1fc4e,5910dc69-3e8f-4977-8d45-ded9873ff878,MIT Franka,DT + S5,common endpoint included,5,0.7722956964892631,False
4ab108ea18e86fd1fc4e,5910dc69-3e8f-4977-8d45-ded9873ff878,MIT Franka,DINOv2,common endpoint included,5,0.344735726655123,False
4ab108ea18e86fd1fc4e,5910dc69-3e8f-4977-8d45-ded9873ff878,MIT Franka,Robometer progress,common endpoint included,5,0.969233205584106,False
4ab108ea18e86fd1fc4e,5910dc69-3e8f-4977-8d45-ded9873ff878,MIT Franka,Robometer success,common endpoint included,5,0.7590600519515535,False
4ab108ea18e86fd1fc4e,5910dc69-3e8f-4977-8d45-ded9873ff878,MIT Franka,Elapsed time (control),common endpoint included,5,1.0,False
4ab108ea18e86fd1fc4e,5910dc69-3e8f-4977-8d45-ded9873ff878,MIT Franka,DT,common endpoint excluded,4,0.9950800416430279,False
4ab108ea18e86fd1fc4e,5910dc69-3e8f-4977-8d45-ded9873ff878,MIT Franka,S1,common endpoint excluded,4,0.9316346783658929,False
4ab108ea18e86fd1fc4e,5910dc69-3e8f-4977-8d45-ded9873ff878,MIT Franka,S3,common endpoint excluded,4,0.8514761656645433,False
4ab108ea18e86fd1fc4e,5910dc69-3e8f-4977-8d45-ded9873ff878,MIT Franka,S5,common endpoint excluded,4,0.8562955061163995,False
4ab108ea18e86fd1fc4e,5910dc69-3e8f-4977-8d45-ded9873ff878,MIT Franka,DT + S1,common endpoint excluded,4,0.974508104339346,False
4ab108ea18e86fd1fc4e,5910dc69-3e8f-4977-8d45-ded9873ff878,MIT Franka,DT + S3,common endpoint excluded,4,0.9806519584946415,False
4ab108ea18e86fd1fc4e,5910dc69-3e8f-4977-8d45-ded9873ff878,MIT Franka,DT + S5,common endpoint excluded,4,0.9875555940583653,False
4ab108ea18e86fd1fc4e,5910dc69-3e8f-4977-8d45-ded9873ff878,MIT Franka,DINOv2,common endpoint excluded,4,-0.8062374625224391,False
4ab108ea18e86fd1fc4e,5910dc69-3e8f-4977-8d45-ded9873ff878,MIT Franka,Robometer progress,common endpoint excluded,4,0.9283493882266558,False
4ab108ea18e86fd1fc4e,5910dc69-3e8f-4977-8d45-ded9873ff878,MIT Franka,Robometer success,common endpoint excluded,4,0.9884129366615078,False
4ab108ea18e86fd1fc4e,5910dc69-3e8f-4977-8d45-ded9873ff878,MIT Franka,Elapsed time (control),common endpoint excluded,4,1.0,False
4ab108ea18e86fd1fc4e,5910dc69-3e8f-4977-8d45-ded9873ff878,MIT Franka,Robometer progress,released grid / current prediction,5,0.9601684808408808,False
4ab108ea18e86fd1fc4e,5910dc69-3e8f-4977-8d45-ded9873ff878,MIT Franka,Robometer progress,released grid / released aggregation,5,0.9866568354851245,False
53f9e2f11f8017f4000d,6f323c1c-3f85-40de-9162-0dd2d6a9afe6,MIT Franka,DT,common endpoint included,5,0.8539845369705459,False
53f9e2f11f8017f4000d,6f323c1c-3f85-40de-9162-0dd2d6a9afe6,MIT Franka,S1,common endpoint included,5,0.7552680836496171,False
53f9e2f11f8017f4000d,6f323c1c-3f85-40de-9162-0dd2d6a9afe6,MIT Franka,S3,common endpoint included,5,0.7422825563709773,False
53f9e2f11f8017f4000d,6f323c1c-3f85-40de-9162-0dd2d6a9afe6,MIT Franka,S5,common endpoint included,5,0.7442204066365556,False
53f9e2f11f8017f4000d,6f323c1c-3f85-40de-9162-0dd2d6a9afe6,MIT Franka,DT + S1,common endpoint included,5,0.7500986877851199,False
53f9e2f11f8017f4000d,6f323c1c-3f85-40de-9162-0dd2d6a9afe6,MIT Franka,DT + S3,common endpoint included,5,0.7500935065142701,False
53f9e2f11f8017f4000d,6f323c1c-3f85-40de-9162-0dd2d6a9afe6,MIT Franka,DT + S5,common endpoint included,5,0.7500963095105984,False
53f9e2f11f8017f4000d,6f323c1c-3f85-40de-9162-0dd2d6a9afe6,MIT Franka,DINOv2,common endpoint included,5,0.795687021805168,False
53f9e2f11f8017f4000d,6f323c1c-3f85-40de-9162-0dd2d6a9afe6,MIT Franka,Robometer progress,common endpoint included,5,0.9476095249556983,False
53f9e2f11f8017f4000d,6f323c1c-3f85-40de-9162-0dd2d6a9afe6,MIT Franka,Robometer success,common endpoint included,5,0.7595877060550552,False
53f9e2f11f8017f4000d,6f323c1c-3f85-40de-9162-0dd2d6a9afe6,MIT Franka,Elapsed time (control),common endpoint included,5,1.0,False
53f9e2f11f8017f4000d,6f323c1c-3f85-40de-9162-0dd2d6a9afe6,MIT Franka,DT,common endpoint excluded,4,0.629031156607662,False
53f9e2f11f8017f4000d,6f323c1c-3f85-40de-9162-0dd2d6a9afe6,MIT Franka,S1,common endpoint excluded,4,0.3177415948107331,False
53f9e2f11f8017f4000d,6f323c1c-3f85-40de-9162-0dd2d6a9afe6,MIT Franka,S3,common endpoint excluded,4,-0.6684535895058114,False
53f9e2f11f8017f4000d,6f323c1c-3f85-40de-9162-0dd2d6a9afe6,MIT Franka,S5,common endpoint excluded,4,-0.6248930399914954,False
53f9e2f11f8017f4000d,6f323c1c-3f85-40de-9162-0dd2d6a9afe6,MIT Franka,DT + S1,common endpoint excluded,4,0.642087585606397,False
53f9e2f11f8017f4000d,6f323c1c-3f85-40de-9162-0dd2d6a9afe6,MIT Franka,DT + S3,common endpoint excluded,4,0.599471234156552,False
53f9e2f11f8017f4000d,6f323c1c-3f85-40de-9162-0dd2d6a9afe6,MIT Franka,DT + S5,common endpoint excluded,4,0.6551992572531076,False
53f9e2f11f8017f4000d,6f323c1c-3f85-40de-9162-0dd2d6a9afe6,MIT Franka,DINOv2,common endpoint excluded,4,0.40312083277928995,False
53f9e2f11f8017f4000d,6f323c1c-3f85-40de-9162-0dd2d6a9afe6,MIT Franka,Robometer progress,common endpoint excluded,4,0.8758281178046661,False
53f9e2f11f8017f4000d,6f323c1c-3f85-40de-9162-0dd2d6a9afe6,MIT Franka,Robometer success,common endpoint excluded,4,0.952520017636555,False
53f9e2f11f8017f4000d,6f323c1c-3f85-40de-9162-0dd2d6a9afe6,MIT Franka,Elapsed time (control),common endpoint excluded,4,1.0,False
53f9e2f11f8017f4000d,6f323c1c-3f85-40de-9162-0dd2d6a9afe6,MIT Franka,Robometer progress,released grid / current prediction,5,0.963003694997402,False
53f9e2f11f8017f4000d,6f323c1c-3f85-40de-9162-0dd2d6a9afe6,MIT Franka,Robometer progress,released grid / released aggregation,5,0.9169854571127927,False
1521bace2d726b289763,0f7b08fb-83bf-4d6e-baac-6b31b11d59fb,MIT Franka,DT,common endpoint included,5,0.8553140114088805,False
1521bace2d726b289763,0f7b08fb-83bf-4d6e-baac-6b31b11d59fb,MIT Franka,S1,common endpoint included,5,0.7497193827015367,False
1521bace2d726b289763,0f7b08fb-83bf-4d6e-baac-6b31b11d59fb,MIT Franka,S3,common endpoint included,5,0.7404535115900986,False
1521bace2d726b289763,0f7b08fb-83bf-4d6e-baac-6b31b11d59fb,MIT Franka,S5,common endpoint included,5,0.7476757373695735,False
1521bace2d726b289763,0f7b08fb-83bf-4d6e-baac-6b31b11d59fb,MIT Franka,DT + S1,common endpoint included,5,0.7500549193894486,False
1521bace2d726b289763,0f7b08fb-83bf-4d6e-baac-6b31b11d59fb,MIT Franka,DT + S3,common endpoint included,5,0.7500611871739143,False
1521bace2d726b289763,0f7b08fb-83bf-4d6e-baac-6b31b11d59fb,MIT Franka,DT + S5,common endpoint included,5,0.7500672477117174,False
1521bace2d726b289763,0f7b08fb-83bf-4d6e-baac-6b31b11d59fb,MIT Franka,DINOv2,common endpoint included,5,0.8484917556164886,False
1521bace2d726b289763,0f7b08fb-83bf-4d6e-baac-6b31b11d59fb,MIT Franka,Robometer progress,common endpoint included,5,0.9154277829128301,False
1521bace2d726b289763,0f7b08fb-83bf-4d6e-baac-6b31b11d59fb,MIT Franka,Robometer success,common endpoint included,5,0.8972451701326947,False
1521bace2d726b289763,0f7b08fb-83bf-4d6e-baac-6b31b11d59fb,MIT Franka,Elapsed time (control),common endpoint included,5,1.0,False
1521bace2d726b289763,0f7b08fb-83bf-4d6e-baac-6b31b11d59fb,MIT Franka,DT,common endpoint excluded,4,0.6234209960646876,False
1521bace2d726b289763,0f7b08fb-83bf-4d6e-baac-6b31b11d59fb,MIT Franka,S1,common endpoint excluded,4,-0.018482449131691725,False
1521bace2d726b289763,0f7b08fb-83bf-4d6e-baac-6b31b11d59fb,MIT Franka,S3,common endpoint excluded,4,-0.5453118797817523,False
1521bace2d726b289763,0f7b08fb-83bf-4d6e-baac-6b31b11d59fb,MIT Franka,S5,common endpoint excluded,4,-0.12823024803800998,False
1521bace2d726b289763,0f7b08fb-83bf-4d6e-baac-6b31b11d59fb,MIT Franka,DT + S1,common endpoint excluded,4,0.46957529769338796,False
1521bace2d726b289763,0f7b08fb-83bf-4d6e-baac-6b31b11d59fb,MIT Franka,DT + S3,common endpoint excluded,4,0.45066750681043977,False
1521bace2d726b289763,0f7b08fb-83bf-4d6e-baac-6b31b11d59fb,MIT Franka,DT + S5,common endpoint excluded,4,0.4781915478049224,False
1521bace2d726b289763,0f7b08fb-83bf-4d6e-baac-6b31b11d59fb,MIT Franka,DINOv2,common endpoint excluded,4,0.8240157600048768,False
1521bace2d726b289763,0f7b08fb-83bf-4d6e-baac-6b31b11d59fb,MIT Franka,Robometer progress,common endpoint excluded,4,0.9514822460931215,False
1521bace2d726b289763,0f7b08fb-83bf-4d6e-baac-6b31b11d59fb,MIT Franka,Robometer success,common endpoint excluded,4,0.9550601673661914,False
1521bace2d726b289763,0f7b08fb-83bf-4d6e-baac-6b31b11d59fb,MIT Franka,Elapsed time (control),common endpoint excluded,4,1.0,False
1521bace2d726b289763,0f7b08fb-83bf-4d6e-baac-6b31b11d59fb,MIT Franka,Robometer progress,released grid / current prediction,5,0.8962953358870689,False
1521bace2d726b289763,0f7b08fb-83bf-4d6e-baac-6b31b11d59fb,MIT Franka,Robometer progress,released grid / released aggregation,5,0.9853622624007501,False
99a77e59bae9076ca85b,df48ad72-0455-478b-ba69-b83d4483f538,MIT Franka,DT,common endpoint included,5,0.8233595995618656,False
99a77e59bae9076ca85b,df48ad72-0455-478b-ba69-b83d4483f538,MIT Franka,S1,common endpoint included,5,0.7689404967374184,False
99a77e59bae9076ca85b,df48ad72-0455-478b-ba69-b83d4483f538,MIT Franka,S3,common endpoint included,5,0.7711508947670607,False
99a77e59bae9076ca85b,df48ad72-0455-478b-ba69-b83d4483f538,MIT Franka,S5,common endpoint included,5,0.7710691329419085,False
99a77e59bae9076ca85b,df48ad72-0455-478b-ba69-b83d4483f538,MIT Franka,DT + S1,common endpoint included,5,0.7500542589104879,False
99a77e59bae9076ca85b,df48ad72-0455-478b-ba69-b83d4483f538,MIT Franka,DT + S3,common endpoint included,5,0.7500661781801277,False
99a77e59bae9076ca85b,df48ad72-0455-478b-ba69-b83d4483f538,MIT Franka,DT + S5,common endpoint included,5,0.7500632106769809,False
99a77e59bae9076ca85b,df48ad72-0455-478b-ba69-b83d4483f538,MIT Franka,DINOv2,common endpoint included,5,0.9694903122156266,False
99a77e59bae9076ca85b,df48ad72-0455-478b-ba69-b83d4483f538,MIT Franka,Robometer progress,common endpoint included,5,0.696024172464184,False
99a77e59bae9076ca85b,df48ad72-0455-478b-ba69-b83d4483f538,MIT Franka,Robometer success,common endpoint included,5,0.7602075011001449,False
99a77e59bae9076ca85b,df48ad72-0455-478b-ba69-b83d4483f538,MIT Franka,Elapsed time (control),common endpoint included,5,1.0,False
99a77e59bae9076ca85b,df48ad72-0455-478b-ba69-b83d4483f538,MIT Franka,DT,common endpoint excluded,4,0.911528725078298,False
99a77e59bae9076ca85b,df48ad72-0455-478b-ba69-b83d4483f538,MIT Franka,S1,common endpoint excluded,4,0.9340501443182716,False
99a77e59bae9076ca85b,df48ad72-0455-478b-ba69-b83d4483f538,MIT Franka,S3,common endpoint excluded,4,0.923552081769544,False
99a77e59bae9076ca85b,df48ad72-0455-478b-ba69-b83d4483f538,MIT Franka,S5,common endpoint excluded,4,0.943109270172415,False
99a77e59bae9076ca85b,df48ad72-0455-478b-ba69-b83d4483f538,MIT Franka,DT + S1,common endpoint excluded,4,0.9589049760729446,False
99a77e59bae9076ca85b,df48ad72-0455-478b-ba69-b83d4483f538,MIT Franka,DT + S3,common endpoint excluded,4,0.947282118864561,False
99a77e59bae9076ca85b,df48ad72-0455-478b-ba69-b83d4483f538,MIT Franka,DT + S5,common endpoint excluded,4,0.946904026820063,False
99a77e59bae9076ca85b,df48ad72-0455-478b-ba69-b83d4483f538,MIT Franka,DINOv2,common endpoint excluded,4,0.9495599195224678,False
99a77e59bae9076ca85b,df48ad72-0455-478b-ba69-b83d4483f538,MIT Franka,Robometer progress,common endpoint excluded,4,0.3135116712734918,False
99a77e59bae9076ca85b,df48ad72-0455-478b-ba69-b83d4483f538,MIT Franka,Robometer success,common endpoint excluded,4,0.6435826740854181,False
99a77e59bae9076ca85b,df48ad72-0455-478b-ba69-b83d4483f538,MIT Franka,Elapsed time (control),common endpoint excluded,4,1.0,False
99a77e59bae9076ca85b,df48ad72-0455-478b-ba69-b83d4483f538,MIT Franka,Robometer progress,released grid / current prediction,5,0.982782738215981,False
99a77e59bae9076ca85b,df48ad72-0455-478b-ba69-b83d4483f538,MIT Franka,Robometer progress,released grid / released aggregation,5,0.8187175685810494,False
89e2f519c429fab670d5,e8b32ec7-8369-494c-86ff-6bd256b390e5,MIT Franka,DT,common endpoint included,5,0.96559527501824,False
89e2f519c429fab670d5,e8b32ec7-8369-494c-86ff-6bd256b390e5,MIT Franka,S1,common endpoint included,5,0.7886319921685037,False
89e2f519c429fab670d5,e8b32ec7-8369-494c-86ff-6bd256b390e5,MIT Franka,S3,common endpoint included,5,0.7987414076030066,False
89e2f519c429fab670d5,e8b32ec7-8369-494c-86ff-6bd256b390e5,MIT Franka,S5,common endpoint included,5,0.7977782662250318,False
89e2f519c429fab670d5,e8b32ec7-8369-494c-86ff-6bd256b390e5,MIT Franka,DT + S1,common endpoint included,5,0.7509155985528944,False
89e2f519c429fab670d5,e8b32ec7-8369-494c-86ff-6bd256b390e5,MIT Franka,DT + S3,common endpoint included,5,0.751245568917349,False
89e2f519c429fab670d5,e8b32ec7-8369-494c-86ff-6bd256b390e5,MIT Franka,DT + S5,common endpoint included,5,0.7512476848144081,False
89e2f519c429fab670d5,e8b32ec7-8369-494c-86ff-6bd256b390e5,MIT Franka,DINOv2,common endpoint included,5,0.8157037661338313,False
89e2f519c429fab670d5,e8b32ec7-8369-494c-86ff-6bd256b390e5,MIT Franka,Robometer progress,common endpoint included,5,0.9265649086982488,False
89e2f519c429fab670d5,e8b32ec7-8369-494c-86ff-6bd256b390e5,MIT Franka,Robometer success,common endpoint included,5,0.7504212223021172,False
89e2f519c429fab670d5,e8b32ec7-8369-494c-86ff-6bd256b390e5,MIT Franka,Elapsed time (control),common endpoint included,5,1.0,False
89e2f519c429fab670d5,e8b32ec7-8369-494c-86ff-6bd256b390e5,MIT Franka,DT,common endpoint excluded,4,0.9371515943934488,False
89e2f519c429fab670d5,e8b32ec7-8369-494c-86ff-6bd256b390e5,MIT Franka,S1,common endpoint excluded,4,0.9804043413009345,False
89e2f519c429fab670d5,e8b32ec7-8369-494c-86ff-6bd256b390e5,MIT Franka,S3,common endpoint excluded,4,0.9792093369761701,False
89e2f519c429fab670d5,e8b32ec7-8369-494c-86ff-6bd256b390e5,MIT Franka,S5,common endpoint excluded,4,0.974273186623843,False
89e2f519c429fab670d5,e8b32ec7-8369-494c-86ff-6bd256b390e5,MIT Franka,DT + S1,common endpoint excluded,4,0.886920166982665,False
89e2f519c429fab670d5,e8b32ec7-8369-494c-86ff-6bd256b390e5,MIT Franka,DT + S3,common endpoint excluded,4,0.8907276849631081,False
89e2f519c429fab670d5,e8b32ec7-8369-494c-86ff-6bd256b390e5,MIT Franka,DT + S5,common endpoint excluded,4,0.8921157422328351,False
89e2f519c429fab670d5,e8b32ec7-8369-494c-86ff-6bd256b390e5,MIT Franka,DINOv2,common endpoint excluded,4,0.5143193277154068,False
89e2f519c429fab670d5,e8b32ec7-8369-494c-86ff-6bd256b390e5,MIT Franka,Robometer progress,common endpoint excluded,4,0.8756393662338373,False
89e2f519c429fab670d5,e8b32ec7-8369-494c-86ff-6bd256b390e5,MIT Franka,Robometer success,common endpoint excluded,4,0.7660085505960206,False
89e2f519c429fab670d5,e8b32ec7-8369-494c-86ff-6bd256b390e5,MIT Franka,Elapsed time (control),common endpoint excluded,4,1.0,False
89e2f519c429fab670d5,e8b32ec7-8369-494c-86ff-6bd256b390e5,MIT Franka,Robometer progress,released grid / current prediction,5,0.8961891589634108,False
89e2f519c429fab670d5,e8b32ec7-8369-494c-86ff-6bd256b390e5,MIT Franka,Robometer progress,released grid / released aggregation,5,0.9214426192849859,False
2906adec58d1d829f2e4,19856be7-2ad3-4408-86cb-85ab0869868c,MIT Franka,DT,common endpoint included,5,0.7866706927543938,False
2906adec58d1d829f2e4,19856be7-2ad3-4408-86cb-85ab0869868c,MIT Franka,S1,common endpoint included,5,0.7308769020488981,False
2906adec58d1d829f2e4,19856be7-2ad3-4408-86cb-85ab0869868c,MIT Franka,S3,common endpoint included,5,0.7306880309289092,False
2906adec58d1d829f2e4,19856be7-2ad3-4408-86cb-85ab0869868c,MIT Franka,S5,common endpoint included,5,0.726129040327496,False
2906adec58d1d829f2e4,19856be7-2ad3-4408-86cb-85ab0869868c,MIT Franka,DT + S1,common endpoint included,5,0.750029256453483,False
2906adec58d1d829f2e4,19856be7-2ad3-4408-86cb-85ab0869868c,MIT Franka,DT + S3,common endpoint included,5,0.7500345399927162,False
2906adec58d1d829f2e4,19856be7-2ad3-4408-86cb-85ab0869868c,MIT Franka,DT + S5,common endpoint included,5,0.750020253443613,False
2906adec58d1d829f2e4,19856be7-2ad3-4408-86cb-85ab0869868c,MIT Franka,DINOv2,common endpoint included,5,0.5107546377604653,False
2906adec58d1d829f2e4,19856be7-2ad3-4408-86cb-85ab0869868c,MIT Franka,Robometer progress,common endpoint included,5,0.8958658930658354,False
2906adec58d1d829f2e4,19856be7-2ad3-4408-86cb-85ab0869868c,MIT Franka,Robometer success,common endpoint included,5,0.8635708149368524,False
2906adec58d1d829f2e4,19856be7-2ad3-4408-86cb-85ab0869868c,MIT Franka,Elapsed time (control),common endpoint included,5,1.0,False
2906adec58d1d829f2e4,19856be7-2ad3-4408-86cb-85ab0869868c,MIT Franka,DT,common endpoint excluded,4,0.36068892764917815,False
2906adec58d1d829f2e4,19856be7-2ad3-4408-86cb-85ab0869868c,MIT Franka,S1,common endpoint excluded,4,-0.8722455993953504,False
2906adec58d1d829f2e4,19856be7-2ad3-4408-86cb-85ab0869868c,MIT Franka,S3,common endpoint excluded,4,-0.9458112378024967,False
2906adec58d1d829f2e4,19856be7-2ad3-4408-86cb-85ab0869868c,MIT Franka,S5,common endpoint excluded,4,-0.968498599638272,False
2906adec58d1d829f2e4,19856be7-2ad3-4408-86cb-85ab0869868c,MIT Franka,DT + S1,common endpoint excluded,4,0.20842430609322316,False
2906adec58d1d829f2e4,19856be7-2ad3-4408-86cb-85ab0869868c,MIT Franka,DT + S3,common endpoint excluded,4,0.2161649821816914,False
2906adec58d1d829f2e4,19856be7-2ad3-4408-86cb-85ab0869868c,MIT Franka,DT + S5,common endpoint excluded,4,0.13690873281301102,False
2906adec58d1d829f2e4,19856be7-2ad3-4408-86cb-85ab0869868c,MIT Franka,DINOv2,common endpoint excluded,4,-0.7107560411712093,False
2906adec58d1d829f2e4,19856be7-2ad3-4408-86cb-85ab0869868c,MIT Franka,Robometer progress,common endpoint excluded,4,0.755397717761063,False
2906adec58d1d829f2e4,19856be7-2ad3-4408-86cb-85ab0869868c,MIT Franka,Robometer success,common endpoint excluded,4,0.8368176642138219,False
2906adec58d1d829f2e4,19856be7-2ad3-4408-86cb-85ab0869868c,MIT Franka,Elapsed time (control),common endpoint excluded,4,1.0,False
2906adec58d1d829f2e4,19856be7-2ad3-4408-86cb-85ab0869868c,MIT Franka,Robometer progress,released grid / current prediction,5,0.9169308216735587,False
2906adec58d1d829f2e4,19856be7-2ad3-4408-86cb-85ab0869868c,MIT Franka,Robometer progress,released grid / released aggregation,5,0.9891789222671378,False
d32b6a2ef83db85aefd2,c1fec2fd-7a48-43e1-ac2e-0e10e4813fc4,UTD SO101,DT,common endpoint included,5,0.9220998660158205,False
d32b6a2ef83db85aefd2,c1fec2fd-7a48-43e1-ac2e-0e10e4813fc4,UTD SO101,S1,common endpoint included,5,0.7918885607933035,False
d32b6a2ef83db85aefd2,c1fec2fd-7a48-43e1-ac2e-0e10e4813fc4,UTD SO101,S3,common endpoint included,5,0.7976769661620344,False
d32b6a2ef83db85aefd2,c1fec2fd-7a48-43e1-ac2e-0e10e4813fc4,UTD SO101,S5,common endpoint included,5,0.8057669684482176,False
d32b6a2ef83db85aefd2,c1fec2fd-7a48-43e1-ac2e-0e10e4813fc4,UTD SO101,DT + S1,common endpoint included,5,0.7372424738711995,False
d32b6a2ef83db85aefd2,c1fec2fd-7a48-43e1-ac2e-0e10e4813fc4,UTD SO101,DT + S3,common endpoint included,5,0.74017227030162,False
d32b6a2ef83db85aefd2,c1fec2fd-7a48-43e1-ac2e-0e10e4813fc4,UTD SO101,DT + S5,common endpoint included,5,0.741859555001086,False
d32b6a2ef83db85aefd2,c1fec2fd-7a48-43e1-ac2e-0e10e4813fc4,UTD SO101,DINOv2,common endpoint included,5,0.5963074646023699,False
d32b6a2ef83db85aefd2,c1fec2fd-7a48-43e1-ac2e-0e10e4813fc4,UTD SO101,Robometer progress,common endpoint included,5,0.10461426279967817,False
d32b6a2ef83db85aefd2,c1fec2fd-7a48-43e1-ac2e-0e10e4813fc4,UTD SO101,Robometer success,common endpoint included,5,0.2497586480935553,False
d32b6a2ef83db85aefd2,c1fec2fd-7a48-43e1-ac2e-0e10e4813fc4,UTD SO101,Elapsed time (control),common endpoint included,5,0.9999999999999998,False
d32b6a2ef83db85aefd2,c1fec2fd-7a48-43e1-ac2e-0e10e4813fc4,UTD SO101,DT,common endpoint excluded,4,0.9192410443689947,False
d32b6a2ef83db85aefd2,c1fec2fd-7a48-43e1-ac2e-0e10e4813fc4,UTD SO101,S1,common endpoint excluded,4,0.9607524160434233,False
d32b6a2ef83db85aefd2,c1fec2fd-7a48-43e1-ac2e-0e10e4813fc4,UTD SO101,S3,common endpoint excluded,4,0.9644572955846141,False
d32b6a2ef83db85aefd2,c1fec2fd-7a48-43e1-ac2e-0e10e4813fc4,UTD SO101,S5,common endpoint excluded,4,0.9881902025983138,False
d32b6a2ef83db85aefd2,c1fec2fd-7a48-43e1-ac2e-0e10e4813fc4,UTD SO101,DT + S1,common endpoint excluded,4,0.9432525550224438,False
d32b6a2ef83db85aefd2,c1fec2fd-7a48-43e1-ac2e-0e10e4813fc4,UTD SO101,DT + S3,common endpoint excluded,4,0.9434666694364469,False
d32b6a2ef83db85aefd2,c1fec2fd-7a48-43e1-ac2e-0e10e4813fc4,UTD SO101,DT + S5,common endpoint excluded,4,0.9596532563857567,False
d32b6a2ef83db85aefd2,c1fec2fd-7a48-43e1-ac2e-0e10e4813fc4,UTD SO101,DINOv2,common endpoint excluded,4,-0.5864834836161089,False
d32b6a2ef83db85aefd2,c1fec2fd-7a48-43e1-ac2e-0e10e4813fc4,UTD SO101,Robometer progress,common endpoint excluded,4,0.8201461536089014,False
d32b6a2ef83db85aefd2,c1fec2fd-7a48-43e1-ac2e-0e10e4813fc4,UTD SO101,Robometer success,common endpoint excluded,4,0.954079680070539,False
d32b6a2ef83db85aefd2,c1fec2fd-7a48-43e1-ac2e-0e10e4813fc4,UTD SO101,Elapsed time (control),common endpoint excluded,4,1.0,False
d32b6a2ef83db85aefd2,c1fec2fd-7a48-43e1-ac2e-0e10e4813fc4,UTD SO101,Robometer progress,released grid / current prediction,5,0.29230001021702257,False
d32b6a2ef83db85aefd2,c1fec2fd-7a48-43e1-ac2e-0e10e4813fc4,UTD SO101,Robometer progress,released grid / released aggregation,5,0.5372778924714202,False
2ca5fc0da88c83fe3045,3fb34a53-dec6-4fae-8721-05e1d0bec510,UTD SO101,DT,common endpoint included,5,0.9646360857395364,False
2ca5fc0da88c83fe3045,3fb34a53-dec6-4fae-8721-05e1d0bec510,UTD SO101,S1,common endpoint included,5,0.8074304092653575,False
2ca5fc0da88c83fe3045,3fb34a53-dec6-4fae-8721-05e1d0bec510,UTD SO101,S3,common endpoint included,5,0.8184494563116596,False
2ca5fc0da88c83fe3045,3fb34a53-dec6-4fae-8721-05e1d0bec510,UTD SO101,S5,common endpoint included,5,0.8187629760159642,False
2ca5fc0da88c83fe3045,3fb34a53-dec6-4fae-8721-05e1d0bec510,UTD SO101,DT + S1,common endpoint included,5,0.7362814443421128,False
2ca5fc0da88c83fe3045,3fb34a53-dec6-4fae-8721-05e1d0bec510,UTD SO101,DT + S3,common endpoint included,5,0.7394069675428283,False
2ca5fc0da88c83fe3045,3fb34a53-dec6-4fae-8721-05e1d0bec510,UTD SO101,DT + S5,common endpoint included,5,0.7398672781522162,False
2ca5fc0da88c83fe3045,3fb34a53-dec6-4fae-8721-05e1d0bec510,UTD SO101,DINOv2,common endpoint included,5,0.976977066397814,False
2ca5fc0da88c83fe3045,3fb34a53-dec6-4fae-8721-05e1d0bec510,UTD SO101,Robometer progress,common endpoint included,5,0.9267304098394229,False
2ca5fc0da88c83fe3045,3fb34a53-dec6-4fae-8721-05e1d0bec510,UTD SO101,Robometer success,common endpoint included,5,0.7924149987349531,False
2ca5fc0da88c83fe3045,3fb34a53-dec6-4fae-8721-05e1d0bec510,UTD SO101,Elapsed time (control),common endpoint included,5,0.9999999999999998,False
2ca5fc0da88c83fe3045,3fb34a53-dec6-4fae-8721-05e1d0bec510,UTD SO101,DT,common endpoint excluded,4,0.9367873329250351,False
2ca5fc0da88c83fe3045,3fb34a53-dec6-4fae-8721-05e1d0bec510,UTD SO101,S1,common endpoint excluded,4,0.9712843017645132,False
2ca5fc0da88c83fe3045,3fb34a53-dec6-4fae-8721-05e1d0bec510,UTD SO101,S3,common endpoint excluded,4,0.9616354014324516,False
2ca5fc0da88c83fe3045,3fb34a53-dec6-4fae-8721-05e1d0bec510,UTD SO101,S5,common endpoint excluded,4,0.9678687003166478,False
2ca5fc0da88c83fe3045,3fb34a53-dec6-4fae-8721-05e1d0bec510,UTD SO101,DT + S1,common endpoint excluded,4,0.937751367594654,False
2ca5fc0da88c83fe3045,3fb34a53-dec6-4fae-8721-05e1d0bec510,UTD SO101,DT + S3,common endpoint excluded,4,0.9279031492400989,False
2ca5fc0da88c83fe3045,3fb34a53-dec6-4fae-8721-05e1d0bec510,UTD SO101,DT + S5,common endpoint excluded,4,0.9333282008135304,False
2ca5fc0da88c83fe3045,3fb34a53-dec6-4fae-8721-05e1d0bec510,UTD SO101,DINOv2,common endpoint excluded,4,0.9635708966828289,False
2ca5fc0da88c83fe3045,3fb34a53-dec6-4fae-8721-05e1d0bec510,UTD SO101,Robometer progress,common endpoint excluded,4,0.8389895069981737,False
2ca5fc0da88c83fe3045,3fb34a53-dec6-4fae-8721-05e1d0bec510,UTD SO101,Robometer success,common endpoint excluded,4,0.7441369317198825,False
2ca5fc0da88c83fe3045,3fb34a53-dec6-4fae-8721-05e1d0bec510,UTD SO101,Elapsed time (control),common endpoint excluded,4,1.0,False
2ca5fc0da88c83fe3045,3fb34a53-dec6-4fae-8721-05e1d0bec510,UTD SO101,Robometer progress,released grid / current prediction,5,0.9129360217446463,False
2ca5fc0da88c83fe3045,3fb34a53-dec6-4fae-8721-05e1d0bec510,UTD SO101,Robometer progress,released grid / released aggregation,5,0.9748683286125684,False
71c3ff7896d0a7c33d5f,6a22163b-9ae0-4617-b00a-718427029176,UTD SO101,DT,common endpoint included,5,0.9651317924557905,False
71c3ff7896d0a7c33d5f,6a22163b-9ae0-4617-b00a-718427029176,UTD SO101,S1,common endpoint included,5,0.7789063727988567,False
71c3ff7896d0a7c33d5f,6a22163b-9ae0-4617-b00a-718427029176,UTD SO101,S3,common endpoint included,5,0.7884372993096624,False
71c3ff7896d0a7c33d5f,6a22163b-9ae0-4617-b00a-718427029176,UTD SO101,S5,common endpoint included,5,0.7852783716873302,False
71c3ff7896d0a7c33d5f,6a22163b-9ae0-4617-b00a-718427029176,UTD SO101,DT + S1,common endpoint included,5,0.7347895957115477,False
71c3ff7896d0a7c33d5f,6a22163b-9ae0-4617-b00a-718427029176,UTD SO101,DT + S3,common endpoint included,5,0.7372660182512732,False
71c3ff7896d0a7c33d5f,6a22163b-9ae0-4617-b00a-718427029176,UTD SO101,DT + S5,common endpoint included,5,0.7381012710475039,False
71c3ff7896d0a7c33d5f,6a22163b-9ae0-4617-b00a-718427029176,UTD SO101,DINOv2,common endpoint included,5,0.46828295211322046,False
71c3ff7896d0a7c33d5f,6a22163b-9ae0-4617-b00a-718427029176,UTD SO101,Robometer progress,common endpoint included,5,0.9689179396460421,False
71c3ff7896d0a7c33d5f,6a22163b-9ae0-4617-b00a-718427029176,UTD SO101,Robometer success,common endpoint included,5,0.8153851122146658,False
71c3ff7896d0a7c33d5f,6a22163b-9ae0-4617-b00a-718427029176,UTD SO101,Elapsed time (control),common endpoint included,5,0.9999999999999998,False
71c3ff7896d0a7c33d5f,6a22163b-9ae0-4617-b00a-718427029176,UTD SO101,DT,common endpoint excluded,4,0.9316020303706067,False
71c3ff7896d0a7c33d5f,6a22163b-9ae0-4617-b00a-718427029176,UTD SO101,S1,common endpoint excluded,4,0.9872836444643954,False
71c3ff7896d0a7c33d5f,6a22163b-9ae0-4617-b00a-718427029176,UTD SO101,S3,common endpoint excluded,4,0.9846795820120271,False
71c3ff7896d0a7c33d5f,6a22163b-9ae0-4617-b00a-718427029176,UTD SO101,S5,common endpoint excluded,4,0.9307575493616027,False
71c3ff7896d0a7c33d5f,6a22163b-9ae0-4617-b00a-718427029176,UTD SO101,DT + S1,common endpoint excluded,4,0.8541588307851886,False
71c3ff7896d0a7c33d5f,6a22163b-9ae0-4617-b00a-718427029176,UTD SO101,DT + S3,common endpoint excluded,4,0.8499859430388184,False
71c3ff7896d0a7c33d5f,6a22163b-9ae0-4617-b00a-718427029176,UTD SO101,DT + S5,common endpoint excluded,4,0.843665234539215,False
71c3ff7896d0a7c33d5f,6a22163b-9ae0-4617-b00a-718427029176,UTD SO101,DINOv2,common endpoint excluded,4,-0.23597629634945366,False
71c3ff7896d0a7c33d5f,6a22163b-9ae0-4617-b00a-718427029176,UTD SO101,Robometer progress,common endpoint excluded,4,0.9517001010711023,False
71c3ff7896d0a7c33d5f,6a22163b-9ae0-4617-b00a-718427029176,UTD SO101,Robometer success,common endpoint excluded,4,0.8419676341295653,False
71c3ff7896d0a7c33d5f,6a22163b-9ae0-4617-b00a-718427029176,UTD SO101,Elapsed time (control),common endpoint excluded,4,1.0,False
71c3ff7896d0a7c33d5f,6a22163b-9ae0-4617-b00a-718427029176,UTD SO101,Robometer progress,released grid / current prediction,5,0.9631209981695317,False
71c3ff7896d0a7c33d5f,6a22163b-9ae0-4617-b00a-718427029176,UTD SO101,Robometer progress,released grid / released aggregation,5,0.9821824928573284,False
2d54a0612535c86396c7,08de23b4-0c0e-4948-a284-6a96f5bb4baa,UTD SO101,DT,common endpoint included,5,0.9398580357231476,False
2d54a0612535c86396c7,08de23b4-0c0e-4948-a284-6a96f5bb4baa,UTD SO101,S1,common endpoint included,5,0.8091401224627655,False
2d54a0612535c86396c7,08de23b4-0c0e-4948-a284-6a96f5bb4baa,UTD SO101,S3,common endpoint included,5,0.8165952686308031,False
2d54a0612535c86396c7,08de23b4-0c0e-4948-a284-6a96f5bb4baa,UTD SO101,S5,common endpoint included,5,0.8179867046945974,False
2d54a0612535c86396c7,08de23b4-0c0e-4948-a284-6a96f5bb4baa,UTD SO101,DT + S1,common endpoint included,5,0.7383638985270143,False
2d54a0612535c86396c7,08de23b4-0c0e-4948-a284-6a96f5bb4baa,UTD SO101,DT + S3,common endpoint included,5,0.7415157175737525,False
2d54a0612535c86396c7,08de23b4-0c0e-4948-a284-6a96f5bb4baa,UTD SO101,DT + S5,common endpoint included,5,0.7424485645524128,False
2d54a0612535c86396c7,08de23b4-0c0e-4948-a284-6a96f5bb4baa,UTD SO101,DINOv2,common endpoint included,5,0.9495896038462637,False
2d54a0612535c86396c7,08de23b4-0c0e-4948-a284-6a96f5bb4baa,UTD SO101,Robometer progress,common endpoint included,5,0.9824028043554869,False
2d54a0612535c86396c7,08de23b4-0c0e-4948-a284-6a96f5bb4baa,UTD SO101,Robometer success,common endpoint included,5,0.764479852813893,False
2d54a0612535c86396c7,08de23b4-0c0e-4948-a284-6a96f5bb4baa,UTD SO101,Elapsed time (control),common endpoint included,5,0.9999999999999998,False
2d54a0612535c86396c7,08de23b4-0c0e-4948-a284-6a96f5bb4baa,UTD SO101,DT,common endpoint excluded,4,0.8820024041547941,False
2d54a0612535c86396c7,08de23b4-0c0e-4948-a284-6a96f5bb4baa,UTD SO101,S1,common endpoint excluded,4,0.9828769577587968,False
2d54a0612535c86396c7,08de23b4-0c0e-4948-a284-6a96f5bb4baa,UTD SO101,S3,common endpoint excluded,4,0.9812513497580027,False
2d54a0612535c86396c7,08de23b4-0c0e-4948-a284-6a96f5bb4baa,UTD SO101,S5,common endpoint excluded,4,0.9789435326875116,False
2d54a0612535c86396c7,08de23b4-0c0e-4948-a284-6a96f5bb4baa,UTD SO101,DT + S1,common endpoint excluded,4,0.8335278682653104,False
2d54a0612535c86396c7,08de23b4-0c0e-4948-a284-6a96f5bb4baa,UTD SO101,DT + S3,common endpoint excluded,4,0.8355806180768628,False
2d54a0612535c86396c7,08de23b4-0c0e-4948-a284-6a96f5bb4baa,UTD SO101,DT + S5,common endpoint excluded,4,0.8347540298211265,False
2d54a0612535c86396c7,08de23b4-0c0e-4948-a284-6a96f5bb4baa,UTD SO101,DINOv2,common endpoint excluded,4,0.9797197857006167,False
2d54a0612535c86396c7,08de23b4-0c0e-4948-a284-6a96f5bb4baa,UTD SO101,Robometer progress,common endpoint excluded,4,0.9630885089483139,False
2d54a0612535c86396c7,08de23b4-0c0e-4948-a284-6a96f5bb4baa,UTD SO101,Robometer success,common endpoint excluded,4,0.827686369786986,False
2d54a0612535c86396c7,08de23b4-0c0e-4948-a284-6a96f5bb4baa,UTD SO101,Elapsed time (control),common endpoint excluded,4,1.0,False
2d54a0612535c86396c7,08de23b4-0c0e-4948-a284-6a96f5bb4baa,UTD SO101,Robometer progress,released grid / current prediction,5,0.972607028672561,False
2d54a0612535c86396c7,08de23b4-0c0e-4948-a284-6a96f5bb4baa,UTD SO101,Robometer progress,released grid / released aggregation,5,0.9354203798496501,False
a078c19ccb0a2c0e04e2,aa739f0c-ce06-4edf-a414-e182dc2ef6d9,UTD SO101,DT,common endpoint included,5,0.9904880997699157,False
a078c19ccb0a2c0e04e2,aa739f0c-ce06-4edf-a414-e182dc2ef6d9,UTD SO101,S1,common endpoint included,5,0.822374397129376,False
a078c19ccb0a2c0e04e2,aa739f0c-ce06-4edf-a414-e182dc2ef6d9,UTD SO101,S3,common endpoint included,5,0.8295866294980864,False
a078c19ccb0a2c0e04e2,aa739f0c-ce06-4edf-a414-e182dc2ef6d9,UTD SO101,S5,common endpoint included,5,0.8407845185919327,False
a078c19ccb0a2c0e04e2,aa739f0c-ce06-4edf-a414-e182dc2ef6d9,UTD SO101,DT + S1,common endpoint included,5,0.7409424791430423,False
a078c19ccb0a2c0e04e2,aa739f0c-ce06-4edf-a414-e182dc2ef6d9,UTD SO101,DT + S3,common endpoint included,5,0.7450058581709718,False
a078c19ccb0a2c0e04e2,aa739f0c-ce06-4edf-a414-e182dc2ef6d9,UTD SO101,DT + S5,common endpoint included,5,0.747818314165108,False
a078c19ccb0a2c0e04e2,aa739f0c-ce06-4edf-a414-e182dc2ef6d9,UTD SO101,DINOv2,common endpoint included,5,0.8908432653765683,False
a078c19ccb0a2c0e04e2,aa739f0c-ce06-4edf-a414-e182dc2ef6d9,UTD SO101,Robometer progress,common endpoint included,5,0.9719792752745248,False
a078c19ccb0a2c0e04e2,aa739f0c-ce06-4edf-a414-e182dc2ef6d9,UTD SO101,Robometer success,common endpoint included,5,0.9163976739645048,False
a078c19ccb0a2c0e04e2,aa739f0c-ce06-4edf-a414-e182dc2ef6d9,UTD SO101,Elapsed time (control),common endpoint included,5,0.9999999999999998,False
a078c19ccb0a2c0e04e2,aa739f0c-ce06-4edf-a414-e182dc2ef6d9,UTD SO101,DT,common endpoint excluded,4,0.9999787850719059,False
a078c19ccb0a2c0e04e2,aa739f0c-ce06-4edf-a414-e182dc2ef6d9,UTD SO101,S1,common endpoint excluded,4,0.9586558699062678,False
a078c19ccb0a2c0e04e2,aa739f0c-ce06-4edf-a414-e182dc2ef6d9,UTD SO101,S3,common endpoint excluded,4,0.9640531789305649,False
a078c19ccb0a2c0e04e2,aa739f0c-ce06-4edf-a414-e182dc2ef6d9,UTD SO101,S5,common endpoint excluded,4,0.9740631121189347,False
a078c19ccb0a2c0e04e2,aa739f0c-ce06-4edf-a414-e182dc2ef6d9,UTD SO101,DT + S1,common endpoint excluded,4,0.9027088152931237,False
a078c19ccb0a2c0e04e2,aa739f0c-ce06-4edf-a414-e182dc2ef6d9,UTD SO101,DT + S3,common endpoint excluded,4,0.9099059742563677,False
a078c19ccb0a2c0e04e2,aa739f0c-ce06-4edf-a414-e182dc2ef6d9,UTD SO101,DT + S5,common endpoint excluded,4,0.9097211862634873,False
a078c19ccb0a2c0e04e2,aa739f0c-ce06-4edf-a414-e182dc2ef6d9,UTD SO101,DINOv2,common endpoint excluded,4,0.8254466402010258,False
a078c19ccb0a2c0e04e2,aa739f0c-ce06-4edf-a414-e182dc2ef6d9,UTD SO101,Robometer progress,common endpoint excluded,4,0.9594809741227823,False
a078c19ccb0a2c0e04e2,aa739f0c-ce06-4edf-a414-e182dc2ef6d9,UTD SO101,Robometer success,common endpoint excluded,4,0.8145253794636018,False
a078c19ccb0a2c0e04e2,aa739f0c-ce06-4edf-a414-e182dc2ef6d9,UTD SO101,Elapsed time (control),common endpoint excluded,4,1.0,False
a078c19ccb0a2c0e04e2,aa739f0c-ce06-4edf-a414-e182dc2ef6d9,UTD SO101,Robometer progress,released grid / current prediction,5,0.9600292367264754,False
a078c19ccb0a2c0e04e2,aa739f0c-ce06-4edf-a414-e182dc2ef6d9,UTD SO101,Robometer progress,released grid / released aggregation,5,0.9073558136218779,False
3a6df3b456ed9a18fab4,9331c968-4d56-4e13-8eeb-ca4fbd983d36,UTD SO101,DT,common endpoint included,5,0.9508255209668952,False
3a6df3b456ed9a18fab4,9331c968-4d56-4e13-8eeb-ca4fbd983d36,UTD SO101,S1,common endpoint included,5,0.8294664050170893,False
3a6df3b456ed9a18fab4,9331c968-4d56-4e13-8eeb-ca4fbd983d36,UTD SO101,S3,common endpoint included,5,0.8444620810146011,False
3a6df3b456ed9a18fab4,9331c968-4d56-4e13-8eeb-ca4fbd983d36,UTD SO101,S5,common endpoint included,5,0.850320612634869,False
3a6df3b456ed9a18fab4,9331c968-4d56-4e13-8eeb-ca4fbd983d36,UTD SO101,DT + S1,common endpoint included,5,0.7460373174940467,False
3a6df3b456ed9a18fab4,9331c968-4d56-4e13-8eeb-ca4fbd983d36,UTD SO101,DT + S3,common endpoint included,5,0.7542872458841764,False
3a6df3b456ed9a18fab4,9331c968-4d56-4e13-8eeb-ca4fbd983d36,UTD SO101,DT + S5,common endpoint included,5,0.7574140336153842,False
3a6df3b456ed9a18fab4,9331c968-4d56-4e13-8eeb-ca4fbd983d36,UTD SO101,DINOv2,common endpoint included,5,0.7528971295616871,False
3a6df3b456ed9a18fab4,9331c968-4d56-4e13-8eeb-ca4fbd983d36,UTD SO101,Robometer progress,common endpoint included,5,0.9714992801180453,False
3a6df3b456ed9a18fab4,9331c968-4d56-4e13-8eeb-ca4fbd983d36,UTD SO101,Robometer success,common endpoint included,5,0.8986279771075556,False
3a6df3b456ed9a18fab4,9331c968-4d56-4e13-8eeb-ca4fbd983d36,UTD SO101,Elapsed time (control),common endpoint included,5,0.9999999999999998,False
3a6df3b456ed9a18fab4,9331c968-4d56-4e13-8eeb-ca4fbd983d36,UTD SO101,DT,common endpoint excluded,4,0.968787047707391,False
3a6df3b456ed9a18fab4,9331c968-4d56-4e13-8eeb-ca4fbd983d36,UTD SO101,S1,common endpoint excluded,4,0.9562449998797468,False
3a6df3b456ed9a18fab4,9331c968-4d56-4e13-8eeb-ca4fbd983d36,UTD SO101,S3,common endpoint excluded,4,0.94550247603246,False
3a6df3b456ed9a18fab4,9331c968-4d56-4e13-8eeb-ca4fbd983d36,UTD SO101,S5,common endpoint excluded,4,0.9279950070563481,False
3a6df3b456ed9a18fab4,9331c968-4d56-4e13-8eeb-ca4fbd983d36,UTD SO101,DT + S1,common endpoint excluded,4,0.9437758837526885,False
3a6df3b456ed9a18fab4,9331c968-4d56-4e13-8eeb-ca4fbd983d36,UTD SO101,DT + S3,common endpoint excluded,4,0.935455599552999,False
3a6df3b456ed9a18fab4,9331c968-4d56-4e13-8eeb-ca4fbd983d36,UTD SO101,DT + S5,common endpoint excluded,4,0.9288223384921774,False
3a6df3b456ed9a18fab4,9331c968-4d56-4e13-8eeb-ca4fbd983d36,UTD SO101,DINOv2,common endpoint excluded,4,0.633229746556838,False
3a6df3b456ed9a18fab4,9331c968-4d56-4e13-8eeb-ca4fbd983d36,UTD SO101,Robometer progress,common endpoint excluded,4,0.9819416890992239,False
3a6df3b456ed9a18fab4,9331c968-4d56-4e13-8eeb-ca4fbd983d36,UTD SO101,Robometer success,common endpoint excluded,4,0.8178122810408474,False
3a6df3b456ed9a18fab4,9331c968-4d56-4e13-8eeb-ca4fbd983d36,UTD SO101,Elapsed time (control),common endpoint excluded,4,1.0,False
3a6df3b456ed9a18fab4,9331c968-4d56-4e13-8eeb-ca4fbd983d36,UTD SO101,Robometer progress,released grid / current prediction,5,0.9710914360104771,False
3a6df3b456ed9a18fab4,9331c968-4d56-4e13-8eeb-ca4fbd983d36,UTD SO101,Robometer progress,released grid / released aggregation,5,0.9764763623154964,False
410f46b61ad6d367eb3b,df788898-db89-43e7-b50a-03507ecaeb9d,UTD SO101,DT,common endpoint included,5,0.7938618036500518,False
410f46b61ad6d367eb3b,df788898-db89-43e7-b50a-03507ecaeb9d,UTD SO101,S1,common endpoint included,5,0.7473353763885937,False
410f46b61ad6d367eb3b,df788898-db89-43e7-b50a-03507ecaeb9d,UTD SO101,S3,common endpoint included,5,0.746631635633221,False
410f46b61ad6d367eb3b,df788898-db89-43e7-b50a-03507ecaeb9d,UTD SO101,S5,common endpoint included,5,0.7414528350975675,False
410f46b61ad6d367eb3b,df788898-db89-43e7-b50a-03507ecaeb9d,UTD SO101,DT + S1,common endpoint included,5,0.7308412296529377,False
410f46b61ad6d367eb3b,df788898-db89-43e7-b50a-03507ecaeb9d,UTD SO101,DT + S3,common endpoint included,5,0.7314099897709383,False
410f46b61ad6d367eb3b,df788898-db89-43e7-b50a-03507ecaeb9d,UTD SO101,DT + S5,common endpoint included,5,0.7315875109289804,False
410f46b61ad6d367eb3b,df788898-db89-43e7-b50a-03507ecaeb9d,UTD SO101,DINOv2,common endpoint included,5,0.6474120394154506,False
410f46b61ad6d367eb3b,df788898-db89-43e7-b50a-03507ecaeb9d,UTD SO101,Robometer progress,common endpoint included,5,0.916811761197671,False
410f46b61ad6d367eb3b,df788898-db89-43e7-b50a-03507ecaeb9d,UTD SO101,Robometer success,common endpoint included,5,0.9728367153427482,False
410f46b61ad6d367eb3b,df788898-db89-43e7-b50a-03507ecaeb9d,UTD SO101,Elapsed time (control),common endpoint included,5,0.9999999999999998,False
410f46b61ad6d367eb3b,df788898-db89-43e7-b50a-03507ecaeb9d,UTD SO101,DT,common endpoint excluded,4,0.5822409855920201,False
410f46b61ad6d367eb3b,df788898-db89-43e7-b50a-03507ecaeb9d,UTD SO101,S1,common endpoint excluded,4,0.7332359968139065,False
410f46b61ad6d367eb3b,df788898-db89-43e7-b50a-03507ecaeb9d,UTD SO101,S3,common endpoint excluded,4,0.8246989517243908,False
410f46b61ad6d367eb3b,df788898-db89-43e7-b50a-03507ecaeb9d,UTD SO101,S5,common endpoint excluded,4,0.6401332147014169,False
410f46b61ad6d367eb3b,df788898-db89-43e7-b50a-03507ecaeb9d,UTD SO101,DT + S1,common endpoint excluded,4,0.7792190155750589,False
410f46b61ad6d367eb3b,df788898-db89-43e7-b50a-03507ecaeb9d,UTD SO101,DT + S3,common endpoint excluded,4,0.7765823781928881,False
410f46b61ad6d367eb3b,df788898-db89-43e7-b50a-03507ecaeb9d,UTD SO101,DT + S5,common endpoint excluded,4,0.772602297082525,False
410f46b61ad6d367eb3b,df788898-db89-43e7-b50a-03507ecaeb9d,UTD SO101,DINOv2,common endpoint excluded,4,-0.12903512998957906,False
410f46b61ad6d367eb3b,df788898-db89-43e7-b50a-03507ecaeb9d,UTD SO101,Robometer progress,common endpoint excluded,4,0.9050035548997325,False
410f46b61ad6d367eb3b,df788898-db89-43e7-b50a-03507ecaeb9d,UTD SO101,Robometer success,common endpoint excluded,4,0.9478854959072409,False
410f46b61ad6d367eb3b,df788898-db89-43e7-b50a-03507ecaeb9d,UTD SO101,Elapsed time (control),common endpoint excluded,4,1.0,False
410f46b61ad6d367eb3b,df788898-db89-43e7-b50a-03507ecaeb9d,UTD SO101,Robometer progress,released grid / current prediction,5,0.933391161279862,False
410f46b61ad6d367eb3b,df788898-db89-43e7-b50a-03507ecaeb9d,UTD SO101,Robometer progress,released grid / released aggregation,5,0.9731072588842886,False
77af4507559b19303094,e4e0e4de-d5b4-4085-83e0-7fed68dda230,UTD SO101,DT,common endpoint included,5,0.9657015099303563,False
77af4507559b19303094,e4e0e4de-d5b4-4085-83e0-7fed68dda230,UTD SO101,S1,common endpoint included,5,0.7529938580425606,False
77af4507559b19303094,e4e0e4de-d5b4-4085-83e0-7fed68dda230,UTD SO101,S3,common endpoint included,5,0.7603774965829329,False
77af4507559b19303094,e4e0e4de-d5b4-4085-83e0-7fed68dda230,UTD SO101,S5,common endpoint included,5,0.7552965622306735,False
77af4507559b19303094,e4e0e4de-d5b4-4085-83e0-7fed68dda230,UTD SO101,DT + S1,common endpoint included,5,0.7339118275073411,False
77af4507559b19303094,e4e0e4de-d5b4-4085-83e0-7fed68dda230,UTD SO101,DT + S3,common endpoint included,5,0.7357045072082729,False
77af4507559b19303094,e4e0e4de-d5b4-4085-83e0-7fed68dda230,UTD SO101,DT + S5,common endpoint included,5,0.7356056162163909,False
77af4507559b19303094,e4e0e4de-d5b4-4085-83e0-7fed68dda230,UTD SO101,DINOv2,common endpoint included,5,0.9387444623404546,False
77af4507559b19303094,e4e0e4de-d5b4-4085-83e0-7fed68dda230,UTD SO101,Robometer progress,common endpoint included,5,0.8777184667503579,False
77af4507559b19303094,e4e0e4de-d5b4-4085-83e0-7fed68dda230,UTD SO101,Robometer success,common endpoint included,5,0.8453309741418193,False
77af4507559b19303094,e4e0e4de-d5b4-4085-83e0-7fed68dda230,UTD SO101,Elapsed time (control),common endpoint included,5,0.9999999999999998,False
77af4507559b19303094,e4e0e4de-d5b4-4085-83e0-7fed68dda230,UTD SO101,DT,common endpoint excluded,4,0.9616348159461905,False
77af4507559b19303094,e4e0e4de-d5b4-4085-83e0-7fed68dda230,UTD SO101,S1,common endpoint excluded,4,0.6974727254850437,False
77af4507559b19303094,e4e0e4de-d5b4-4085-83e0-7fed68dda230,UTD SO101,S3,common endpoint excluded,4,0.7772865534418623,False
77af4507559b19303094,e4e0e4de-d5b4-4085-83e0-7fed68dda230,UTD SO101,S5,common endpoint excluded,4,0.7959896212006037,False
77af4507559b19303094,e4e0e4de-d5b4-4085-83e0-7fed68dda230,UTD SO101,DT + S1,common endpoint excluded,4,0.8641287755959479,False
77af4507559b19303094,e4e0e4de-d5b4-4085-83e0-7fed68dda230,UTD SO101,DT + S3,common endpoint excluded,4,0.8603279995900477,False
77af4507559b19303094,e4e0e4de-d5b4-4085-83e0-7fed68dda230,UTD SO101,DT + S5,common endpoint excluded,4,0.8645607500968826,False
77af4507559b19303094,e4e0e4de-d5b4-4085-83e0-7fed68dda230,UTD SO101,DINOv2,common endpoint excluded,4,0.8676328396514392,False
77af4507559b19303094,e4e0e4de-d5b4-4085-83e0-7fed68dda230,UTD SO101,Robometer progress,common endpoint excluded,4,0.7146146827121772,False
77af4507559b19303094,e4e0e4de-d5b4-4085-83e0-7fed68dda230,UTD SO101,Robometer success,common endpoint excluded,4,0.8108904408206312,False
77af4507559b19303094,e4e0e4de-d5b4-4085-83e0-7fed68dda230,UTD SO101,Elapsed time (control),common endpoint excluded,4,1.0,False
77af4507559b19303094,e4e0e4de-d5b4-4085-83e0-7fed68dda230,UTD SO101,Robometer progress,released grid / current prediction,5,0.8366592128295063,False
77af4507559b19303094,e4e0e4de-d5b4-4085-83e0-7fed68dda230,UTD SO101,Robometer progress,released grid / released aggregation,5,0.6787562121874108,False
e5540d6ab7ba21c44ed6,1e113665-58a4-4360-8e45-fd3589a690bb,UTD SO101,DT,common endpoint included,5,0.962016137809512,False
e5540d6ab7ba21c44ed6,1e113665-58a4-4360-8e45-fd3589a690bb,UTD SO101,S1,common endpoint included,5,0.7338233327610872,False
e5540d6ab7ba21c44ed6,1e113665-58a4-4360-8e45-fd3589a690bb,UTD SO101,S3,common endpoint included,5,0.7367155517012464,False
e5540d6ab7ba21c44ed6,1e113665-58a4-4360-8e45-fd3589a690bb,UTD SO101,S5,common endpoint included,5,0.7373972299250209,False
e5540d6ab7ba21c44ed6,1e113665-58a4-4360-8e45-fd3589a690bb,UTD SO101,DT + S1,common endpoint included,5,0.7316665432324685,False
e5540d6ab7ba21c44ed6,1e113665-58a4-4360-8e45-fd3589a690bb,UTD SO101,DT + S3,common endpoint included,5,0.7324018565106576,False
e5540d6ab7ba21c44ed6,1e113665-58a4-4360-8e45-fd3589a690bb,UTD SO101,DT + S5,common endpoint included,5,0.7326344644646865,False
e5540d6ab7ba21c44ed6,1e113665-58a4-4360-8e45-fd3589a690bb,UTD SO101,DINOv2,common endpoint included,5,0.5206089885963636,False
e5540d6ab7ba21c44ed6,1e113665-58a4-4360-8e45-fd3589a690bb,UTD SO101,Robometer progress,common endpoint included,5,0.8728653310554216,False
e5540d6ab7ba21c44ed6,1e113665-58a4-4360-8e45-fd3589a690bb,UTD SO101,Robometer success,common endpoint included,5,0.8712646992565503,False
e5540d6ab7ba21c44ed6,1e113665-58a4-4360-8e45-fd3589a690bb,UTD SO101,Elapsed time (control),common endpoint included,5,0.9999999999999998,False
e5540d6ab7ba21c44ed6,1e113665-58a4-4360-8e45-fd3589a690bb,UTD SO101,DT,common endpoint excluded,4,0.9828774766473334,False
e5540d6ab7ba21c44ed6,1e113665-58a4-4360-8e45-fd3589a690bb,UTD SO101,S1,common endpoint excluded,4,0.5171638633197484,False
e5540d6ab7ba21c44ed6,1e113665-58a4-4360-8e45-fd3589a690bb,UTD SO101,S3,common endpoint excluded,4,0.5144216615600306,False
e5540d6ab7ba21c44ed6,1e113665-58a4-4360-8e45-fd3589a690bb,UTD SO101,S5,common endpoint excluded,4,0.5498943649211957,False
e5540d6ab7ba21c44ed6,1e113665-58a4-4360-8e45-fd3589a690bb,UTD SO101,DT + S1,common endpoint excluded,4,0.9920830012893767,False
e5540d6ab7ba21c44ed6,1e113665-58a4-4360-8e45-fd3589a690bb,UTD SO101,DT + S3,common endpoint excluded,4,0.9953171973396664,False
e5540d6ab7ba21c44ed6,1e113665-58a4-4360-8e45-fd3589a690bb,UTD SO101,DT + S5,common endpoint excluded,4,0.9946474682719674,False
e5540d6ab7ba21c44ed6,1e113665-58a4-4360-8e45-fd3589a690bb,UTD SO101,DINOv2,common endpoint excluded,4,-0.9934813615273438,False
e5540d6ab7ba21c44ed6,1e113665-58a4-4360-8e45-fd3589a690bb,UTD SO101,Robometer progress,common endpoint excluded,4,0.8150041198554804,False
e5540d6ab7ba21c44ed6,1e113665-58a4-4360-8e45-fd3589a690bb,UTD SO101,Robometer success,common endpoint excluded,4,0.8264720585313288,False
e5540d6ab7ba21c44ed6,1e113665-58a4-4360-8e45-fd3589a690bb,UTD SO101,Elapsed time (control),common endpoint excluded,4,1.0,False
e5540d6ab7ba21c44ed6,1e113665-58a4-4360-8e45-fd3589a690bb,UTD SO101,Robometer progress,released grid / current prediction,5,0.8722379481959027,False
e5540d6ab7ba21c44ed6,1e113665-58a4-4360-8e45-fd3589a690bb,UTD SO101,Robometer progress,released grid / released aggregation,5,0.9144016459820581,False
4411a2fb8c2c5424465c,019f3eb8-5510-47a4-b165-46279763422b,UTD SO101,DT,common endpoint included,5,0.9298331490929161,False
4411a2fb8c2c5424465c,019f3eb8-5510-47a4-b165-46279763422b,UTD SO101,S1,common endpoint included,5,0.7582624091515823,False
4411a2fb8c2c5424465c,019f3eb8-5510-47a4-b165-46279763422b,UTD SO101,S3,common endpoint included,5,0.7623928060390637,False
4411a2fb8c2c5424465c,019f3eb8-5510-47a4-b165-46279763422b,UTD SO101,S5,common endpoint included,5,0.7570235788035684,False
4411a2fb8c2c5424465c,019f3eb8-5510-47a4-b165-46279763422b,UTD SO101,DT + S1,common endpoint included,5,0.7328112003952945,False
4411a2fb8c2c5424465c,019f3eb8-5510-47a4-b165-46279763422b,UTD SO101,DT + S3,common endpoint included,5,0.7341903157185528,False
4411a2fb8c2c5424465c,019f3eb8-5510-47a4-b165-46279763422b,UTD SO101,DT + S5,common endpoint included,5,0.7341109245333214,False
4411a2fb8c2c5424465c,019f3eb8-5510-47a4-b165-46279763422b,UTD SO101,DINOv2,common endpoint included,5,0.9235196732037187,False
4411a2fb8c2c5424465c,019f3eb8-5510-47a4-b165-46279763422b,UTD SO101,Robometer progress,common endpoint included,5,0.9307599875919089,False
4411a2fb8c2c5424465c,019f3eb8-5510-47a4-b165-46279763422b,UTD SO101,Robometer success,common endpoint included,5,0.8786311447633872,False
4411a2fb8c2c5424465c,019f3eb8-5510-47a4-b165-46279763422b,UTD SO101,Elapsed time (control),common endpoint included,5,0.9999999999999998,False
4411a2fb8c2c5424465c,019f3eb8-5510-47a4-b165-46279763422b,UTD SO101,DT,common endpoint excluded,4,0.8723083797462011,False
4411a2fb8c2c5424465c,019f3eb8-5510-47a4-b165-46279763422b,UTD SO101,S1,common endpoint excluded,4,0.8481705360571141,False
4411a2fb8c2c5424465c,019f3eb8-5510-47a4-b165-46279763422b,UTD SO101,S3,common endpoint excluded,4,0.8022578059118052,False
4411a2fb8c2c5424465c,019f3eb8-5510-47a4-b165-46279763422b,UTD SO101,S5,common endpoint excluded,4,0.8045792740123947,False
4411a2fb8c2c5424465c,019f3eb8-5510-47a4-b165-46279763422b,UTD SO101,DT + S1,common endpoint excluded,4,0.8207086183031131,False
4411a2fb8c2c5424465c,019f3eb8-5510-47a4-b165-46279763422b,UTD SO101,DT + S3,common endpoint excluded,4,0.8186004536502121,False
4411a2fb8c2c5424465c,019f3eb8-5510-47a4-b165-46279763422b,UTD SO101,DT + S5,common endpoint excluded,4,0.8197204014270315,False
4411a2fb8c2c5424465c,019f3eb8-5510-47a4-b165-46279763422b,UTD SO101,DINOv2,common endpoint excluded,4,0.8708925914374855,False
4411a2fb8c2c5424465c,019f3eb8-5510-47a4-b165-46279763422b,UTD SO101,Robometer progress,common endpoint excluded,4,0.9556331579015093,False
4411a2fb8c2c5424465c,019f3eb8-5510-47a4-b165-46279763422b,UTD SO101,Robometer success,common endpoint excluded,4,0.825133091625516,False
4411a2fb8c2c5424465c,019f3eb8-5510-47a4-b165-46279763422b,UTD SO101,Elapsed time (control),common endpoint excluded,4,1.0,False
4411a2fb8c2c5424465c,019f3eb8-5510-47a4-b165-46279763422b,UTD SO101,Robometer progress,released grid / current prediction,5,0.9309662663644342,False
4411a2fb8c2c5424465c,019f3eb8-5510-47a4-b165-46279763422b,UTD SO101,Robometer progress,released grid / released aggregation,5,0.9884731134671814,False
0db5dfdfc68e9ee9c3b7,df9150f6-d097-4e51-a49a-329b601c9f6a,USC xArm,DT,common endpoint included,5,0.9007113918818382,False
0db5dfdfc68e9ee9c3b7,df9150f6-d097-4e51-a49a-329b601c9f6a,USC xArm,S1,common endpoint included,5,0.6986709088529665,False
0db5dfdfc68e9ee9c3b7,df9150f6-d097-4e51-a49a-329b601c9f6a,USC xArm,S3,common endpoint included,5,0.7392100015346276,False
0db5dfdfc68e9ee9c3b7,df9150f6-d097-4e51-a49a-329b601c9f6a,USC xArm,S5,common endpoint included,5,0.7491612495409365,False
0db5dfdfc68e9ee9c3b7,df9150f6-d097-4e51-a49a-329b601c9f6a,USC xArm,DT + S1,common endpoint included,5,0.7406363536915354,False
0db5dfdfc68e9ee9c3b7,df9150f6-d097-4e51-a49a-329b601c9f6a,USC xArm,DT + S3,common endpoint included,5,0.7497691182546262,False
0db5dfdfc68e9ee9c3b7,df9150f6-d097-4e51-a49a-329b601c9f6a,USC xArm,DT + S5,common endpoint included,5,0.7524537082896646,False
0db5dfdfc68e9ee9c3b7,df9150f6-d097-4e51-a49a-329b601c9f6a,USC xArm,DINOv2,common endpoint included,5,0.7197265423539938,False
0db5dfdfc68e9ee9c3b7,df9150f6-d097-4e51-a49a-329b601c9f6a,USC xArm,Robometer progress,common endpoint included,5,0.9838818986037914,False
0db5dfdfc68e9ee9c3b7,df9150f6-d097-4e51-a49a-329b601c9f6a,USC xArm,Robometer success,common endpoint included,5,0.751351541991648,False
0db5dfdfc68e9ee9c3b7,df9150f6-d097-4e51-a49a-329b601c9f6a,USC xArm,Elapsed time (control),common endpoint included,5,0.9999999999999998,False
0db5dfdfc68e9ee9c3b7,df9150f6-d097-4e51-a49a-329b601c9f6a,USC xArm,DT,common endpoint excluded,4,0.7953781823489793,False
0db5dfdfc68e9ee9c3b7,df9150f6-d097-4e51-a49a-329b601c9f6a,USC xArm,S1,common endpoint excluded,4,-0.22311549792892973,False
0db5dfdfc68e9ee9c3b7,df9150f6-d097-4e51-a49a-329b601c9f6a,USC xArm,S3,common endpoint excluded,4,0.20874007114237597,False
0db5dfdfc68e9ee9c3b7,df9150f6-d097-4e51-a49a-329b601c9f6a,USC xArm,S5,common endpoint excluded,4,0.35508869230535667,False
0db5dfdfc68e9ee9c3b7,df9150f6-d097-4e51-a49a-329b601c9f6a,USC xArm,DT + S1,common endpoint excluded,4,0.620602378456971,False
0db5dfdfc68e9ee9c3b7,df9150f6-d097-4e51-a49a-329b601c9f6a,USC xArm,DT + S3,common endpoint excluded,4,0.7335809853279676,False
0db5dfdfc68e9ee9c3b7,df9150f6-d097-4e51-a49a-329b601c9f6a,USC xArm,DT + S5,common endpoint excluded,4,0.7518367126946486,False
0db5dfdfc68e9ee9c3b7,df9150f6-d097-4e51-a49a-329b601c9f6a,USC xArm,DINOv2,common endpoint excluded,4,0.2021371135297378,False
0db5dfdfc68e9ee9c3b7,df9150f6-d097-4e51-a49a-329b601c9f6a,USC xArm,Robometer progress,common endpoint excluded,4,0.9653665973233179,False
0db5dfdfc68e9ee9c3b7,df9150f6-d097-4e51-a49a-329b601c9f6a,USC xArm,Robometer success,common endpoint excluded,4,0.8876431041388528,False
0db5dfdfc68e9ee9c3b7,df9150f6-d097-4e51-a49a-329b601c9f6a,USC xArm,Elapsed time (control),common endpoint excluded,4,1.0,False
0db5dfdfc68e9ee9c3b7,df9150f6-d097-4e51-a49a-329b601c9f6a,USC xArm,Robometer progress,released grid / current prediction,5,0.9755911270421759,False
0db5dfdfc68e9ee9c3b7,df9150f6-d097-4e51-a49a-329b601c9f6a,USC xArm,Robometer progress,released grid / released aggregation,5,0.9436141433571524,False
cf8a8e033889361c6172,1d035ec5-5127-4af9-9cca-fe214830d670,USC xArm,DT,common endpoint included,5,0.9623411366863568,False
cf8a8e033889361c6172,1d035ec5-5127-4af9-9cca-fe214830d670,USC xArm,S1,common endpoint included,5,0.8341444484026479,False
cf8a8e033889361c6172,1d035ec5-5127-4af9-9cca-fe214830d670,USC xArm,S3,common endpoint included,5,0.8521316948520512,False
cf8a8e033889361c6172,1d035ec5-5127-4af9-9cca-fe214830d670,USC xArm,S5,common endpoint included,5,0.856040863965257,False
cf8a8e033889361c6172,1d035ec5-5127-4af9-9cca-fe214830d670,USC xArm,DT + S1,common endpoint included,5,0.7568986265165043,False
cf8a8e033889361c6172,1d035ec5-5127-4af9-9cca-fe214830d670,USC xArm,DT + S3,common endpoint included,5,0.7667629334173365,False
cf8a8e033889361c6172,1d035ec5-5127-4af9-9cca-fe214830d670,USC xArm,DT + S5,common endpoint included,5,0.7668249620980281,False
cf8a8e033889361c6172,1d035ec5-5127-4af9-9cca-fe214830d670,USC xArm,DINOv2,common endpoint included,5,0.9559068630889581,False
cf8a8e033889361c6172,1d035ec5-5127-4af9-9cca-fe214830d670,USC xArm,Robometer progress,common endpoint included,5,0.842104460719244,False
cf8a8e033889361c6172,1d035ec5-5127-4af9-9cca-fe214830d670,USC xArm,Robometer success,common endpoint included,5,0.9019726505136296,False
cf8a8e033889361c6172,1d035ec5-5127-4af9-9cca-fe214830d670,USC xArm,Elapsed time (control),common endpoint included,5,0.9999999999999998,False
cf8a8e033889361c6172,1d035ec5-5127-4af9-9cca-fe214830d670,USC xArm,DT,common endpoint excluded,4,0.947630889816216,False
cf8a8e033889361c6172,1d035ec5-5127-4af9-9cca-fe214830d670,USC xArm,S1,common endpoint excluded,4,0.9707524006946813,False
cf8a8e033889361c6172,1d035ec5-5127-4af9-9cca-fe214830d670,USC xArm,S3,common endpoint excluded,4,0.967582662119169,False
cf8a8e033889361c6172,1d035ec5-5127-4af9-9cca-fe214830d670,USC xArm,S5,common endpoint excluded,4,0.9804965877456822,False
cf8a8e033889361c6172,1d035ec5-5127-4af9-9cca-fe214830d670,USC xArm,DT + S1,common endpoint excluded,4,0.838321680381149,False
cf8a8e033889361c6172,1d035ec5-5127-4af9-9cca-fe214830d670,USC xArm,DT + S3,common endpoint excluded,4,0.8355878215216884,False
cf8a8e033889361c6172,1d035ec5-5127-4af9-9cca-fe214830d670,USC xArm,DT + S5,common endpoint excluded,4,0.8385608157310126,False
cf8a8e033889361c6172,1d035ec5-5127-4af9-9cca-fe214830d670,USC xArm,DINOv2,common endpoint excluded,4,0.9175337916972871,False
cf8a8e033889361c6172,1d035ec5-5127-4af9-9cca-fe214830d670,USC xArm,Robometer progress,common endpoint excluded,4,0.6874225976532298,False
cf8a8e033889361c6172,1d035ec5-5127-4af9-9cca-fe214830d670,USC xArm,Robometer success,common endpoint excluded,4,0.7918033379704599,False
cf8a8e033889361c6172,1d035ec5-5127-4af9-9cca-fe214830d670,USC xArm,Elapsed time (control),common endpoint excluded,4,1.0,False
cf8a8e033889361c6172,1d035ec5-5127-4af9-9cca-fe214830d670,USC xArm,Robometer progress,released grid / current prediction,5,0.8723914987691088,False
cf8a8e033889361c6172,1d035ec5-5127-4af9-9cca-fe214830d670,USC xArm,Robometer progress,released grid / released aggregation,5,0.9592168130414316,False
2778bccb75ac95d73c01,e51140b4-7742-4023-aaf3-f38b3f30696f,USC xArm,DT,common endpoint included,5,0.8487692911892712,False
2778bccb75ac95d73c01,e51140b4-7742-4023-aaf3-f38b3f30696f,USC xArm,S1,common endpoint included,5,0.7645969586551897,False
2778bccb75ac95d73c01,e51140b4-7742-4023-aaf3-f38b3f30696f,USC xArm,S3,common endpoint included,5,0.7741339124273834,False
2778bccb75ac95d73c01,e51140b4-7742-4023-aaf3-f38b3f30696f,USC xArm,S5,common endpoint included,5,0.782386482672522,False
2778bccb75ac95d73c01,e51140b4-7742-4023-aaf3-f38b3f30696f,USC xArm,DT + S1,common endpoint included,5,0.7371384423732885,False
2778bccb75ac95d73c01,e51140b4-7742-4023-aaf3-f38b3f30696f,USC xArm,DT + S3,common endpoint included,5,0.7401058302693403,False
2778bccb75ac95d73c01,e51140b4-7742-4023-aaf3-f38b3f30696f,USC xArm,DT + S5,common endpoint included,5,0.7422981970735731,False
2778bccb75ac95d73c01,e51140b4-7742-4023-aaf3-f38b3f30696f,USC xArm,DINOv2,common endpoint included,5,0.8843445405697311,False
2778bccb75ac95d73c01,e51140b4-7742-4023-aaf3-f38b3f30696f,USC xArm,Robometer progress,common endpoint included,5,0.9769593345355522,False
2778bccb75ac95d73c01,e51140b4-7742-4023-aaf3-f38b3f30696f,USC xArm,Robometer success,common endpoint included,5,0.9215070397446045,False
2778bccb75ac95d73c01,e51140b4-7742-4023-aaf3-f38b3f30696f,USC xArm,Elapsed time (control),common endpoint included,5,0.9999999999999998,False
2778bccb75ac95d73c01,e51140b4-7742-4023-aaf3-f38b3f30696f,USC xArm,DT,common endpoint excluded,4,0.678778888816787,False
2778bccb75ac95d73c01,e51140b4-7742-4023-aaf3-f38b3f30696f,USC xArm,S1,common endpoint excluded,4,0.8964511437077006,False
2778bccb75ac95d73c01,e51140b4-7742-4023-aaf3-f38b3f30696f,USC xArm,S3,common endpoint excluded,4,0.9378043751304119,False
2778bccb75ac95d73c01,e51140b4-7742-4023-aaf3-f38b3f30696f,USC xArm,S5,common endpoint excluded,4,0.9103064479615197,False
2778bccb75ac95d73c01,e51140b4-7742-4023-aaf3-f38b3f30696f,USC xArm,DT + S1,common endpoint excluded,4,0.7798746403663723,False
2778bccb75ac95d73c01,e51140b4-7742-4023-aaf3-f38b3f30696f,USC xArm,DT + S3,common endpoint excluded,4,0.8077254733159481,False
2778bccb75ac95d73c01,e51140b4-7742-4023-aaf3-f38b3f30696f,USC xArm,DT + S5,common endpoint excluded,4,0.7958484299460252,False
2778bccb75ac95d73c01,e51140b4-7742-4023-aaf3-f38b3f30696f,USC xArm,DINOv2,common endpoint excluded,4,0.7587882236364476,False
2778bccb75ac95d73c01,e51140b4-7742-4023-aaf3-f38b3f30696f,USC xArm,Robometer progress,common endpoint excluded,4,0.9708391333017161,False
2778bccb75ac95d73c01,e51140b4-7742-4023-aaf3-f38b3f30696f,USC xArm,Robometer success,common endpoint excluded,4,0.9331240057926138,False
2778bccb75ac95d73c01,e51140b4-7742-4023-aaf3-f38b3f30696f,USC xArm,Elapsed time (control),common endpoint excluded,4,1.0,False
2778bccb75ac95d73c01,e51140b4-7742-4023-aaf3-f38b3f30696f,USC xArm,Robometer progress,released grid / current prediction,5,0.9646711313722136,False
2778bccb75ac95d73c01,e51140b4-7742-4023-aaf3-f38b3f30696f,USC xArm,Robometer progress,released grid / released aggregation,5,0.994571643507914,False
838bba447445fc5c7c25,7173f226-298c-4459-9d89-9d95efd05d29,USC xArm,DT,common endpoint included,5,0.9390434249615058,False
838bba447445fc5c7c25,7173f226-298c-4459-9d89-9d95efd05d29,USC xArm,S1,common endpoint included,5,0.8367741811748031,False
838bba447445fc5c7c25,7173f226-298c-4459-9d89-9d95efd05d29,USC xArm,S3,common endpoint included,5,0.8486254767739734,False
838bba447445fc5c7c25,7173f226-298c-4459-9d89-9d95efd05d29,USC xArm,S5,common endpoint included,5,0.8517611310281974,False
838bba447445fc5c7c25,7173f226-298c-4459-9d89-9d95efd05d29,USC xArm,DT + S1,common endpoint included,5,0.810202513715975,False
838bba447445fc5c7c25,7173f226-298c-4459-9d89-9d95efd05d29,USC xArm,DT + S3,common endpoint included,5,0.8264754326433639,False
838bba447445fc5c7c25,7173f226-298c-4459-9d89-9d95efd05d29,USC xArm,DT + S5,common endpoint included,5,0.8288273319331392,False
838bba447445fc5c7c25,7173f226-298c-4459-9d89-9d95efd05d29,USC xArm,DINOv2,common endpoint included,5,0.6226915759817381,False
838bba447445fc5c7c25,7173f226-298c-4459-9d89-9d95efd05d29,USC xArm,Robometer progress,common endpoint included,5,0.9798424990529879,False
838bba447445fc5c7c25,7173f226-298c-4459-9d89-9d95efd05d29,USC xArm,Robometer success,common endpoint included,5,0.8818466918017323,False
838bba447445fc5c7c25,7173f226-298c-4459-9d89-9d95efd05d29,USC xArm,Elapsed time (control),common endpoint included,5,0.9999999999999998,False
838bba447445fc5c7c25,7173f226-298c-4459-9d89-9d95efd05d29,USC xArm,DT,common endpoint excluded,4,0.9307004112351639,False
838bba447445fc5c7c25,7173f226-298c-4459-9d89-9d95efd05d29,USC xArm,S1,common endpoint excluded,4,0.7826463685747094,False
838bba447445fc5c7c25,7173f226-298c-4459-9d89-9d95efd05d29,USC xArm,S3,common endpoint excluded,4,0.8255147006298985,False
838bba447445fc5c7c25,7173f226-298c-4459-9d89-9d95efd05d29,USC xArm,S5,common endpoint excluded,4,0.8457192458988696,False
838bba447445fc5c7c25,7173f226-298c-4459-9d89-9d95efd05d29,USC xArm,DT + S1,common endpoint excluded,4,0.8658233258812977,False
838bba447445fc5c7c25,7173f226-298c-4459-9d89-9d95efd05d29,USC xArm,DT + S3,common endpoint excluded,4,0.8737994357086705,False
838bba447445fc5c7c25,7173f226-298c-4459-9d89-9d95efd05d29,USC xArm,DT + S5,common endpoint excluded,4,0.8801114188809436,False
838bba447445fc5c7c25,7173f226-298c-4459-9d89-9d95efd05d29,USC xArm,DINOv2,common endpoint excluded,4,0.0698758935607762,False
838bba447445fc5c7c25,7173f226-298c-4459-9d89-9d95efd05d29,USC xArm,Robometer progress,common endpoint excluded,4,0.9606264192087008,False
838bba447445fc5c7c25,7173f226-298c-4459-9d89-9d95efd05d29,USC xArm,Robometer success,common endpoint excluded,4,0.8112694727954504,False
838bba447445fc5c7c25,7173f226-298c-4459-9d89-9d95efd05d29,USC xArm,Elapsed time (control),common endpoint excluded,4,1.0,False
838bba447445fc5c7c25,7173f226-298c-4459-9d89-9d95efd05d29,USC xArm,Robometer progress,released grid / current prediction,5,0.9827003644815484,False
838bba447445fc5c7c25,7173f226-298c-4459-9d89-9d95efd05d29,USC xArm,Robometer progress,released grid / released aggregation,5,0.9020070573788734,False
aeb1a3aa85990f74cd61,96a97ec6-16b3-45fa-85ff-115c92195f52,USC xArm,DT,common endpoint included,5,0.8373516191805805,False
aeb1a3aa85990f74cd61,96a97ec6-16b3-45fa-85ff-115c92195f52,USC xArm,S1,common endpoint included,5,0.8142596726280693,False
aeb1a3aa85990f74cd61,96a97ec6-16b3-45fa-85ff-115c92195f52,USC xArm,S3,common endpoint included,5,0.8322729825867624,False
aeb1a3aa85990f74cd61,96a97ec6-16b3-45fa-85ff-115c92195f52,USC xArm,S5,common endpoint included,5,0.8397326403462927,False
aeb1a3aa85990f74cd61,96a97ec6-16b3-45fa-85ff-115c92195f52,USC xArm,DT + S1,common endpoint included,5,0.7765385110705623,False
aeb1a3aa85990f74cd61,96a97ec6-16b3-45fa-85ff-115c92195f52,USC xArm,DT + S3,common endpoint included,5,0.7965047073174905,False
aeb1a3aa85990f74cd61,96a97ec6-16b3-45fa-85ff-115c92195f52,USC xArm,DT + S5,common endpoint included,5,0.8043661803648327,False
aeb1a3aa85990f74cd61,96a97ec6-16b3-45fa-85ff-115c92195f52,USC xArm,DINOv2,common endpoint included,5,0.8946733877325179,False
aeb1a3aa85990f74cd61,96a97ec6-16b3-45fa-85ff-115c92195f52,USC xArm,Robometer progress,common endpoint included,5,0.9443042601415346,False
aeb1a3aa85990f74cd61,96a97ec6-16b3-45fa-85ff-115c92195f52,USC xArm,Robometer success,common endpoint included,5,0.8280856764106164,False
aeb1a3aa85990f74cd61,96a97ec6-16b3-45fa-85ff-115c92195f52,USC xArm,Elapsed time (control),common endpoint included,5,0.9999999999999998,False
aeb1a3aa85990f74cd61,96a97ec6-16b3-45fa-85ff-115c92195f52,USC xArm,DT,common endpoint excluded,4,0.8226332694619289,False
aeb1a3aa85990f74cd61,96a97ec6-16b3-45fa-85ff-115c92195f52,USC xArm,S1,common endpoint excluded,4,0.7620818520052566,False
aeb1a3aa85990f74cd61,96a97ec6-16b3-45fa-85ff-115c92195f52,USC xArm,S3,common endpoint excluded,4,0.8058437561525004,False
aeb1a3aa85990f74cd61,96a97ec6-16b3-45fa-85ff-115c92195f52,USC xArm,S5,common endpoint excluded,4,0.8078226584271683,False
aeb1a3aa85990f74cd61,96a97ec6-16b3-45fa-85ff-115c92195f52,USC xArm,DT + S1,common endpoint excluded,4,0.8519469281517071,False
aeb1a3aa85990f74cd61,96a97ec6-16b3-45fa-85ff-115c92195f52,USC xArm,DT + S3,common endpoint excluded,4,0.8482421174448461,False
aeb1a3aa85990f74cd61,96a97ec6-16b3-45fa-85ff-115c92195f52,USC xArm,DT + S5,common endpoint excluded,4,0.8426524947910147,False
aeb1a3aa85990f74cd61,96a97ec6-16b3-45fa-85ff-115c92195f52,USC xArm,DINOv2,common endpoint excluded,4,0.8230937873251523,False
aeb1a3aa85990f74cd61,96a97ec6-16b3-45fa-85ff-115c92195f52,USC xArm,Robometer progress,common endpoint excluded,4,0.9007718922104013,False
aeb1a3aa85990f74cd61,96a97ec6-16b3-45fa-85ff-115c92195f52,USC xArm,Robometer success,common endpoint excluded,4,0.9687485015013668,False
aeb1a3aa85990f74cd61,96a97ec6-16b3-45fa-85ff-115c92195f52,USC xArm,Elapsed time (control),common endpoint excluded,4,1.0,False
aeb1a3aa85990f74cd61,96a97ec6-16b3-45fa-85ff-115c92195f52,USC xArm,Robometer progress,released grid / current prediction,5,0.9570934801295132,False
aeb1a3aa85990f74cd61,96a97ec6-16b3-45fa-85ff-115c92195f52,USC xArm,Robometer progress,released grid / released aggregation,5,0.9763219810578986,False
e76754be37846631ac2d,86591c99-29bc-463c-b689-428ce47513d8,USC xArm,DT,common endpoint included,5,0.8940708604248538,False
e76754be37846631ac2d,86591c99-29bc-463c-b689-428ce47513d8,USC xArm,S1,common endpoint included,5,0.8359884275302234,False
e76754be37846631ac2d,86591c99-29bc-463c-b689-428ce47513d8,USC xArm,S3,common endpoint included,5,0.8447345790549641,False
e76754be37846631ac2d,86591c99-29bc-463c-b689-428ce47513d8,USC xArm,S5,common endpoint included,5,0.8480404612825491,False
e76754be37846631ac2d,86591c99-29bc-463c-b689-428ce47513d8,USC xArm,DT + S1,common endpoint included,5,0.7854320796554365,False
e76754be37846631ac2d,86591c99-29bc-463c-b689-428ce47513d8,USC xArm,DT + S3,common endpoint included,5,0.8026556497268614,False
e76754be37846631ac2d,86591c99-29bc-463c-b689-428ce47513d8,USC xArm,DT + S5,common endpoint included,5,0.804190425849066,False
e76754be37846631ac2d,86591c99-29bc-463c-b689-428ce47513d8,USC xArm,DINOv2,common endpoint included,5,0.8860119332052705,False
e76754be37846631ac2d,86591c99-29bc-463c-b689-428ce47513d8,USC xArm,Robometer progress,common endpoint included,5,0.9463574453792214,False
e76754be37846631ac2d,86591c99-29bc-463c-b689-428ce47513d8,USC xArm,Robometer success,common endpoint included,5,0.9392802680433292,False
e76754be37846631ac2d,86591c99-29bc-463c-b689-428ce47513d8,USC xArm,Elapsed time (control),common endpoint included,5,0.9999999999999998,False
e76754be37846631ac2d,86591c99-29bc-463c-b689-428ce47513d8,USC xArm,DT,common endpoint excluded,4,0.8937647236280568,False
e76754be37846631ac2d,86591c99-29bc-463c-b689-428ce47513d8,USC xArm,S1,common endpoint excluded,4,0.8744136564370572,False
e76754be37846631ac2d,86591c99-29bc-463c-b689-428ce47513d8,USC xArm,S3,common endpoint excluded,4,0.8524351645448897,False
e76754be37846631ac2d,86591c99-29bc-463c-b689-428ce47513d8,USC xArm,S5,common endpoint excluded,4,0.86279226275668,False
e76754be37846631ac2d,86591c99-29bc-463c-b689-428ce47513d8,USC xArm,DT + S1,common endpoint excluded,4,0.8684855555225606,False
e76754be37846631ac2d,86591c99-29bc-463c-b689-428ce47513d8,USC xArm,DT + S3,common endpoint excluded,4,0.8626410029734035,False
e76754be37846631ac2d,86591c99-29bc-463c-b689-428ce47513d8,USC xArm,DT + S5,common endpoint excluded,4,0.8630543460012581,False
e76754be37846631ac2d,86591c99-29bc-463c-b689-428ce47513d8,USC xArm,DINOv2,common endpoint excluded,4,0.8309976799860265,False
e76754be37846631ac2d,86591c99-29bc-463c-b689-428ce47513d8,USC xArm,Robometer progress,common endpoint excluded,4,0.9308974512564812,False
e76754be37846631ac2d,86591c99-29bc-463c-b689-428ce47513d8,USC xArm,Robometer success,common endpoint excluded,4,0.9725376138323427,False
e76754be37846631ac2d,86591c99-29bc-463c-b689-428ce47513d8,USC xArm,Elapsed time (control),common endpoint excluded,4,1.0,False
e76754be37846631ac2d,86591c99-29bc-463c-b689-428ce47513d8,USC xArm,Robometer progress,released grid / current prediction,5,0.9600340837642861,False
e76754be37846631ac2d,86591c99-29bc-463c-b689-428ce47513d8,USC xArm,Robometer progress,released grid / released aggregation,5,0.996528972562065,False
8ecf15b7cf83d06ff70d,a8a40e75-11ef-42ec-89bd-04ab8b04d95e,USC xArm,DT,common endpoint included,5,0.9855488394058441,False
8ecf15b7cf83d06ff70d,a8a40e75-11ef-42ec-89bd-04ab8b04d95e,USC xArm,S1,common endpoint included,5,0.7859560514944388,False
8ecf15b7cf83d06ff70d,a8a40e75-11ef-42ec-89bd-04ab8b04d95e,USC xArm,S3,common endpoint included,5,0.8141630830770581,False
8ecf15b7cf83d06ff70d,a8a40e75-11ef-42ec-89bd-04ab8b04d95e,USC xArm,S5,common endpoint included,5,0.8078443225366623,False
8ecf15b7cf83d06ff70d,a8a40e75-11ef-42ec-89bd-04ab8b04d95e,USC xArm,DT + S1,common endpoint included,5,0.7594547170062286,False
8ecf15b7cf83d06ff70d,a8a40e75-11ef-42ec-89bd-04ab8b04d95e,USC xArm,DT + S3,common endpoint included,5,0.776414088717165,False
8ecf15b7cf83d06ff70d,a8a40e75-11ef-42ec-89bd-04ab8b04d95e,USC xArm,DT + S5,common endpoint included,5,0.7763872744588709,False
8ecf15b7cf83d06ff70d,a8a40e75-11ef-42ec-89bd-04ab8b04d95e,USC xArm,DINOv2,common endpoint included,5,0.3709598445470481,False
8ecf15b7cf83d06ff70d,a8a40e75-11ef-42ec-89bd-04ab8b04d95e,USC xArm,Robometer progress,common endpoint included,5,0.9831016839725792,False
8ecf15b7cf83d06ff70d,a8a40e75-11ef-42ec-89bd-04ab8b04d95e,USC xArm,Robometer success,common endpoint included,5,0.7689605018539312,False
8ecf15b7cf83d06ff70d,a8a40e75-11ef-42ec-89bd-04ab8b04d95e,USC xArm,Elapsed time (control),common endpoint included,5,0.9999999999999998,False
8ecf15b7cf83d06ff70d,a8a40e75-11ef-42ec-89bd-04ab8b04d95e,USC xArm,DT,common endpoint excluded,4,0.9704768181675544,False
8ecf15b7cf83d06ff70d,a8a40e75-11ef-42ec-89bd-04ab8b04d95e,USC xArm,S1,common endpoint excluded,4,0.955821123480685,False
8ecf15b7cf83d06ff70d,a8a40e75-11ef-42ec-89bd-04ab8b04d95e,USC xArm,S3,common endpoint excluded,4,0.9375133114967238,False
8ecf15b7cf83d06ff70d,a8a40e75-11ef-42ec-89bd-04ab8b04d95e,USC xArm,S5,common endpoint excluded,4,0.911513158574216,False
8ecf15b7cf83d06ff70d,a8a40e75-11ef-42ec-89bd-04ab8b04d95e,USC xArm,DT + S1,common endpoint excluded,4,0.9431645554332064,False
8ecf15b7cf83d06ff70d,a8a40e75-11ef-42ec-89bd-04ab8b04d95e,USC xArm,DT + S3,common endpoint excluded,4,0.9281182374187376,False
8ecf15b7cf83d06ff70d,a8a40e75-11ef-42ec-89bd-04ab8b04d95e,USC xArm,DT + S5,common endpoint excluded,4,0.9176847591042423,False
8ecf15b7cf83d06ff70d,a8a40e75-11ef-42ec-89bd-04ab8b04d95e,USC xArm,DINOv2,common endpoint excluded,4,-0.9219082533296763,False
8ecf15b7cf83d06ff70d,a8a40e75-11ef-42ec-89bd-04ab8b04d95e,USC xArm,Robometer progress,common endpoint excluded,4,0.9677143177845147,False
8ecf15b7cf83d06ff70d,a8a40e75-11ef-42ec-89bd-04ab8b04d95e,USC xArm,Robometer success,common endpoint excluded,4,0.9223826316856956,False
8ecf15b7cf83d06ff70d,a8a40e75-11ef-42ec-89bd-04ab8b04d95e,USC xArm,Elapsed time (control),common endpoint excluded,4,1.0,False
8ecf15b7cf83d06ff70d,a8a40e75-11ef-42ec-89bd-04ab8b04d95e,USC xArm,Robometer progress,released grid / current prediction,5,0.9792985857222133,False
8ecf15b7cf83d06ff70d,a8a40e75-11ef-42ec-89bd-04ab8b04d95e,USC xArm,Robometer progress,released grid / released aggregation,5,0.9933237090766894,False
685a0a8b393143ef0a70,77f0dace-9472-486a-bf5e-20b412919de7,USC xArm,DT,common endpoint included,5,0.9141919496451048,False
685a0a8b393143ef0a70,77f0dace-9472-486a-bf5e-20b412919de7,USC xArm,S1,common endpoint included,5,0.7796334944941341,False
685a0a8b393143ef0a70,77f0dace-9472-486a-bf5e-20b412919de7,USC xArm,S3,common endpoint included,5,0.8041162226544238,False
685a0a8b393143ef0a70,77f0dace-9472-486a-bf5e-20b412919de7,USC xArm,S5,common endpoint included,5,0.8159512478222399,False
685a0a8b393143ef0a70,77f0dace-9472-486a-bf5e-20b412919de7,USC xArm,DT + S1,common endpoint included,5,0.7447400700310733,False
685a0a8b393143ef0a70,77f0dace-9472-486a-bf5e-20b412919de7,USC xArm,DT + S3,common endpoint included,5,0.7531034676954428,False
685a0a8b393143ef0a70,77f0dace-9472-486a-bf5e-20b412919de7,USC xArm,DT + S5,common endpoint included,5,0.7560469838464069,False
685a0a8b393143ef0a70,77f0dace-9472-486a-bf5e-20b412919de7,USC xArm,DINOv2,common endpoint included,5,0.810607112972257,False
685a0a8b393143ef0a70,77f0dace-9472-486a-bf5e-20b412919de7,USC xArm,Robometer progress,common endpoint included,5,0.9312197409209452,False
685a0a8b393143ef0a70,77f0dace-9472-486a-bf5e-20b412919de7,USC xArm,Robometer success,common endpoint included,5,0.7380649333669105,False
685a0a8b393143ef0a70,77f0dace-9472-486a-bf5e-20b412919de7,USC xArm,Elapsed time (control),common endpoint included,5,0.9999999999999998,False
685a0a8b393143ef0a70,77f0dace-9472-486a-bf5e-20b412919de7,USC xArm,DT,common endpoint excluded,4,0.8147447759389386,False
685a0a8b393143ef0a70,77f0dace-9472-486a-bf5e-20b412919de7,USC xArm,S1,common endpoint excluded,4,0.6811077289527521,False
685a0a8b393143ef0a70,77f0dace-9472-486a-bf5e-20b412919de7,USC xArm,S3,common endpoint excluded,4,0.7776355289653956,False
685a0a8b393143ef0a70,77f0dace-9472-486a-bf5e-20b412919de7,USC xArm,S5,common endpoint excluded,4,0.826704977541897,False
685a0a8b393143ef0a70,77f0dace-9472-486a-bf5e-20b412919de7,USC xArm,DT + S1,common endpoint excluded,4,0.8126843319099251,False
685a0a8b393143ef0a70,77f0dace-9472-486a-bf5e-20b412919de7,USC xArm,DT + S3,common endpoint excluded,4,0.815316323733478,False
685a0a8b393143ef0a70,77f0dace-9472-486a-bf5e-20b412919de7,USC xArm,DT + S5,common endpoint excluded,4,0.8178505677005372,False
685a0a8b393143ef0a70,77f0dace-9472-486a-bf5e-20b412919de7,USC xArm,DINOv2,common endpoint excluded,4,0.5762559553121049,False
685a0a8b393143ef0a70,77f0dace-9472-486a-bf5e-20b412919de7,USC xArm,Robometer progress,common endpoint excluded,4,0.8665974408463262,False
685a0a8b393143ef0a70,77f0dace-9472-486a-bf5e-20b412919de7,USC xArm,Robometer success,common endpoint excluded,4,0.9766959547270975,False
685a0a8b393143ef0a70,77f0dace-9472-486a-bf5e-20b412919de7,USC xArm,Elapsed time (control),common endpoint excluded,4,1.0,False
685a0a8b393143ef0a70,77f0dace-9472-486a-bf5e-20b412919de7,USC xArm,Robometer progress,released grid / current prediction,5,0.9359119440349914,False
685a0a8b393143ef0a70,77f0dace-9472-486a-bf5e-20b412919de7,USC xArm,Robometer progress,released grid / released aggregation,5,0.973159610059938,False
b857841e7377b34b50b7,310abc9d-04d9-401f-93b9-c20447296f32,USC xArm,DT,common endpoint included,5,0.9723688970599577,False
b857841e7377b34b50b7,310abc9d-04d9-401f-93b9-c20447296f32,USC xArm,S1,common endpoint included,5,0.7837468036335955,False
b857841e7377b34b50b7,310abc9d-04d9-401f-93b9-c20447296f32,USC xArm,S3,common endpoint included,5,0.7868456533845269,False
b857841e7377b34b50b7,310abc9d-04d9-401f-93b9-c20447296f32,USC xArm,S5,common endpoint included,5,0.7899485295286618,False
b857841e7377b34b50b7,310abc9d-04d9-401f-93b9-c20447296f32,USC xArm,DT + S1,common endpoint included,5,0.745299524252288,False
b857841e7377b34b50b7,310abc9d-04d9-401f-93b9-c20447296f32,USC xArm,DT + S3,common endpoint included,5,0.7517209720978499,False
b857841e7377b34b50b7,310abc9d-04d9-401f-93b9-c20447296f32,USC xArm,DT + S5,common endpoint included,5,0.7535845841834715,False
b857841e7377b34b50b7,310abc9d-04d9-401f-93b9-c20447296f32,USC xArm,DINOv2,common endpoint included,5,0.9565284136639309,False
b857841e7377b34b50b7,310abc9d-04d9-401f-93b9-c20447296f32,USC xArm,Robometer progress,common endpoint included,5,0.9859860790414336,False
b857841e7377b34b50b7,310abc9d-04d9-401f-93b9-c20447296f32,USC xArm,Robometer success,common endpoint included,5,0.852182586378641,False
b857841e7377b34b50b7,310abc9d-04d9-401f-93b9-c20447296f32,USC xArm,Elapsed time (control),common endpoint included,5,0.9999999999999998,False
b857841e7377b34b50b7,310abc9d-04d9-401f-93b9-c20447296f32,USC xArm,DT,common endpoint excluded,4,0.985466874094222,False
b857841e7377b34b50b7,310abc9d-04d9-401f-93b9-c20447296f32,USC xArm,S1,common endpoint excluded,4,0.7666897126697427,False
b857841e7377b34b50b7,310abc9d-04d9-401f-93b9-c20447296f32,USC xArm,S3,common endpoint excluded,4,0.6825905122556788,False
b857841e7377b34b50b7,310abc9d-04d9-401f-93b9-c20447296f32,USC xArm,S5,common endpoint excluded,4,0.6864304487043917,False
b857841e7377b34b50b7,310abc9d-04d9-401f-93b9-c20447296f32,USC xArm,DT + S1,common endpoint excluded,4,0.8539637137821394,False
b857841e7377b34b50b7,310abc9d-04d9-401f-93b9-c20447296f32,USC xArm,DT + S3,common endpoint excluded,4,0.8522626724033893,False
b857841e7377b34b50b7,310abc9d-04d9-401f-93b9-c20447296f32,USC xArm,DT + S5,common endpoint excluded,4,0.8497615875421881,False
b857841e7377b34b50b7,310abc9d-04d9-401f-93b9-c20447296f32,USC xArm,DINOv2,common endpoint excluded,4,0.9067604835005085,False
b857841e7377b34b50b7,310abc9d-04d9-401f-93b9-c20447296f32,USC xArm,Robometer progress,common endpoint excluded,4,0.9704097716686999,False
b857841e7377b34b50b7,310abc9d-04d9-401f-93b9-c20447296f32,USC xArm,Robometer success,common endpoint excluded,4,0.838759243116897,False
b857841e7377b34b50b7,310abc9d-04d9-401f-93b9-c20447296f32,USC xArm,Elapsed time (control),common endpoint excluded,4,1.0,False
b857841e7377b34b50b7,310abc9d-04d9-401f-93b9-c20447296f32,USC xArm,Robometer progress,released grid / current prediction,5,0.9723374718423172,False
b857841e7377b34b50b7,310abc9d-04d9-401f-93b9-c20447296f32,USC xArm,Robometer progress,released grid / released aggregation,5,0.8978545472212085,False
12f0864b72f4d72ba705,7c3a6129-d2a2-42f9-80d8-c75b763acb80,USC xArm,DT,common endpoint included,5,0.9180505253638909,False
12f0864b72f4d72ba705,7c3a6129-d2a2-42f9-80d8-c75b763acb80,USC xArm,S1,common endpoint included,5,0.8089047154771469,False
12f0864b72f4d72ba705,7c3a6129-d2a2-42f9-80d8-c75b763acb80,USC xArm,S3,common endpoint included,5,0.8159628420021647,False
12f0864b72f4d72ba705,7c3a6129-d2a2-42f9-80d8-c75b763acb80,USC xArm,S5,common endpoint included,5,0.8244588831739008,False
12f0864b72f4d72ba705,7c3a6129-d2a2-42f9-80d8-c75b763acb80,USC xArm,DT + S1,common endpoint included,5,0.7614444407283375,False
12f0864b72f4d72ba705,7c3a6129-d2a2-42f9-80d8-c75b763acb80,USC xArm,DT + S3,common endpoint included,5,0.7729968409938387,False
12f0864b72f4d72ba705,7c3a6129-d2a2-42f9-80d8-c75b763acb80,USC xArm,DT + S5,common endpoint included,5,0.7786924655744911,False
12f0864b72f4d72ba705,7c3a6129-d2a2-42f9-80d8-c75b763acb80,USC xArm,DINOv2,common endpoint included,5,0.7606201814335677,False
12f0864b72f4d72ba705,7c3a6129-d2a2-42f9-80d8-c75b763acb80,USC xArm,Robometer progress,common endpoint included,5,0.9733556565744339,False
12f0864b72f4d72ba705,7c3a6129-d2a2-42f9-80d8-c75b763acb80,USC xArm,Robometer success,common endpoint included,5,0.9605458649519599,False
12f0864b72f4d72ba705,7c3a6129-d2a2-42f9-80d8-c75b763acb80,USC xArm,Elapsed time (control),common endpoint included,5,0.9999999999999998,False
12f0864b72f4d72ba705,7c3a6129-d2a2-42f9-80d8-c75b763acb80,USC xArm,DT,common endpoint excluded,4,0.8484756585706066,False
12f0864b72f4d72ba705,7c3a6129-d2a2-42f9-80d8-c75b763acb80,USC xArm,S1,common endpoint excluded,4,0.7042335443858279,False
12f0864b72f4d72ba705,7c3a6129-d2a2-42f9-80d8-c75b763acb80,USC xArm,S3,common endpoint excluded,4,0.7094114797521928,False
12f0864b72f4d72ba705,7c3a6129-d2a2-42f9-80d8-c75b763acb80,USC xArm,S5,common endpoint excluded,4,0.7307601450205761,False
12f0864b72f4d72ba705,7c3a6129-d2a2-42f9-80d8-c75b763acb80,USC xArm,DT + S1,common endpoint excluded,4,0.8178623907883431,False
12f0864b72f4d72ba705,7c3a6129-d2a2-42f9-80d8-c75b763acb80,USC xArm,DT + S3,common endpoint excluded,4,0.8162570910652382,False
12f0864b72f4d72ba705,7c3a6129-d2a2-42f9-80d8-c75b763acb80,USC xArm,DT + S5,common endpoint excluded,4,0.8172086855373643,False
12f0864b72f4d72ba705,7c3a6129-d2a2-42f9-80d8-c75b763acb80,USC xArm,DINOv2,common endpoint excluded,4,0.4530857004552269,False
12f0864b72f4d72ba705,7c3a6129-d2a2-42f9-80d8-c75b763acb80,USC xArm,Robometer progress,common endpoint excluded,4,0.9742065618435317,False
12f0864b72f4d72ba705,7c3a6129-d2a2-42f9-80d8-c75b763acb80,USC xArm,Robometer success,common endpoint excluded,4,0.9177176996417867,False
12f0864b72f4d72ba705,7c3a6129-d2a2-42f9-80d8-c75b763acb80,USC xArm,Elapsed time (control),common endpoint excluded,4,1.0,False
12f0864b72f4d72ba705,7c3a6129-d2a2-42f9-80d8-c75b763acb80,USC xArm,Robometer progress,released grid / current prediction,5,0.98085074603763,False
12f0864b72f4d72ba705,7c3a6129-d2a2-42f9-80d8-c75b763acb80,USC xArm,Robometer progress,released grid / released aggregation,5,0.9454880990878292,False
f564050b6f7e140da6e1,11210ee0-2e3d-4f82-9319-91b0ff5b3d0d,USC xArm,DT,common endpoint included,5,0.9779890919286076,False
f564050b6f7e140da6e1,11210ee0-2e3d-4f82-9319-91b0ff5b3d0d,USC xArm,S1,common endpoint included,5,0.8171485901089606,False
f564050b6f7e140da6e1,11210ee0-2e3d-4f82-9319-91b0ff5b3d0d,USC xArm,S3,common endpoint included,5,0.8299529468559494,False
f564050b6f7e140da6e1,11210ee0-2e3d-4f82-9319-91b0ff5b3d0d,USC xArm,S5,common endpoint included,5,0.8399541383857192,False
f564050b6f7e140da6e1,11210ee0-2e3d-4f82-9319-91b0ff5b3d0d,USC xArm,DT + S1,common endpoint included,5,0.7529470338546252,False
f564050b6f7e140da6e1,11210ee0-2e3d-4f82-9319-91b0ff5b3d0d,USC xArm,DT + S3,common endpoint included,5,0.7608375974734174,False
f564050b6f7e140da6e1,11210ee0-2e3d-4f82-9319-91b0ff5b3d0d,USC xArm,DT + S5,common endpoint included,5,0.7631847107141174,False
f564050b6f7e140da6e1,11210ee0-2e3d-4f82-9319-91b0ff5b3d0d,USC xArm,DINOv2,common endpoint included,5,0.8463056126336491,False
f564050b6f7e140da6e1,11210ee0-2e3d-4f82-9319-91b0ff5b3d0d,USC xArm,Robometer progress,common endpoint included,5,0.9385244475803121,False
f564050b6f7e140da6e1,11210ee0-2e3d-4f82-9319-91b0ff5b3d0d,USC xArm,Robometer success,common endpoint included,5,0.9089379302213481,False
f564050b6f7e140da6e1,11210ee0-2e3d-4f82-9319-91b0ff5b3d0d,USC xArm,Elapsed time (control),common endpoint included,5,0.9999999999999998,False
f564050b6f7e140da6e1,11210ee0-2e3d-4f82-9319-91b0ff5b3d0d,USC xArm,DT,common endpoint excluded,4,0.9757171798026352,False
f564050b6f7e140da6e1,11210ee0-2e3d-4f82-9319-91b0ff5b3d0d,USC xArm,S1,common endpoint excluded,4,0.9630704589000931,False
f564050b6f7e140da6e1,11210ee0-2e3d-4f82-9319-91b0ff5b3d0d,USC xArm,S3,common endpoint excluded,4,0.9805141946074407,False
f564050b6f7e140da6e1,11210ee0-2e3d-4f82-9319-91b0ff5b3d0d,USC xArm,S5,common endpoint excluded,4,0.996475850184711,False
f564050b6f7e140da6e1,11210ee0-2e3d-4f82-9319-91b0ff5b3d0d,USC xArm,DT + S1,common endpoint excluded,4,0.8693709597886319,False
f564050b6f7e140da6e1,11210ee0-2e3d-4f82-9319-91b0ff5b3d0d,USC xArm,DT + S3,common endpoint excluded,4,0.8685770203083949,False
f564050b6f7e140da6e1,11210ee0-2e3d-4f82-9319-91b0ff5b3d0d,USC xArm,DT + S5,common endpoint excluded,4,0.8767400579775112,False
f564050b6f7e140da6e1,11210ee0-2e3d-4f82-9319-91b0ff5b3d0d,USC xArm,DINOv2,common endpoint excluded,4,0.6937443989559564,False
f564050b6f7e140da6e1,11210ee0-2e3d-4f82-9319-91b0ff5b3d0d,USC xArm,Robometer progress,common endpoint excluded,4,0.8913528049010092,False
f564050b6f7e140da6e1,11210ee0-2e3d-4f82-9319-91b0ff5b3d0d,USC xArm,Robometer success,common endpoint excluded,4,0.9772052608248527,False
f564050b6f7e140da6e1,11210ee0-2e3d-4f82-9319-91b0ff5b3d0d,USC xArm,Elapsed time (control),common endpoint excluded,4,1.0,False
f564050b6f7e140da6e1,11210ee0-2e3d-4f82-9319-91b0ff5b3d0d,USC xArm,Robometer progress,released grid / current prediction,5,0.9665819729474325,False
f564050b6f7e140da6e1,11210ee0-2e3d-4f82-9319-91b0ff5b3d0d,USC xArm,Robometer progress,released grid / released aggregation,5,0.9470345580232435,False
04761ddcf3867c2cb656,1e4636b3-354e-4759-bd30-901f72c0f610,USC Franka,DT,common endpoint included,5,0.9056652524042155,False
04761ddcf3867c2cb656,1e4636b3-354e-4759-bd30-901f72c0f610,USC Franka,S1,common endpoint included,5,0.7541237310053217,False
04761ddcf3867c2cb656,1e4636b3-354e-4759-bd30-901f72c0f610,USC Franka,S3,common endpoint included,5,0.7573472405279394,False
04761ddcf3867c2cb656,1e4636b3-354e-4759-bd30-901f72c0f610,USC Franka,S5,common endpoint included,5,0.760520884219055,False
04761ddcf3867c2cb656,1e4636b3-354e-4759-bd30-901f72c0f610,USC Franka,DT + S1,common endpoint included,5,0.7309831018406652,False
04761ddcf3867c2cb656,1e4636b3-354e-4759-bd30-901f72c0f610,USC Franka,DT + S3,common endpoint included,5,0.7317314002383248,False
04761ddcf3867c2cb656,1e4636b3-354e-4759-bd30-901f72c0f610,USC Franka,DT + S5,common endpoint included,5,0.7318442709311495,False
04761ddcf3867c2cb656,1e4636b3-354e-4759-bd30-901f72c0f610,USC Franka,DINOv2,common endpoint included,5,0.8954895090154202,False
04761ddcf3867c2cb656,1e4636b3-354e-4759-bd30-901f72c0f610,USC Franka,Robometer progress,common endpoint included,5,0.9419548470867279,False
04761ddcf3867c2cb656,1e4636b3-354e-4759-bd30-901f72c0f610,USC Franka,Robometer success,common endpoint included,5,0.9294057765337327,False
04761ddcf3867c2cb656,1e4636b3-354e-4759-bd30-901f72c0f610,USC Franka,Elapsed time (control),common endpoint included,5,0.9999999999999998,False
04761ddcf3867c2cb656,1e4636b3-354e-4759-bd30-901f72c0f610,USC Franka,DT,common endpoint excluded,4,0.788238571017835,False
04761ddcf3867c2cb656,1e4636b3-354e-4759-bd30-901f72c0f610,USC Franka,S1,common endpoint excluded,4,0.8715941599800052,False
04761ddcf3867c2cb656,1e4636b3-354e-4759-bd30-901f72c0f610,USC Franka,S3,common endpoint excluded,4,0.7819170005669993,False
04761ddcf3867c2cb656,1e4636b3-354e-4759-bd30-901f72c0f610,USC Franka,S5,common endpoint excluded,4,0.8393842433310317,False
04761ddcf3867c2cb656,1e4636b3-354e-4759-bd30-901f72c0f610,USC Franka,DT + S1,common endpoint excluded,4,0.892477767750463,False
04761ddcf3867c2cb656,1e4636b3-354e-4759-bd30-901f72c0f610,USC Franka,DT + S3,common endpoint excluded,4,0.854359002463437,False
04761ddcf3867c2cb656,1e4636b3-354e-4759-bd30-901f72c0f610,USC Franka,DT + S5,common endpoint excluded,4,0.8572394017417724,False
04761ddcf3867c2cb656,1e4636b3-354e-4759-bd30-901f72c0f610,USC Franka,DINOv2,common endpoint excluded,4,0.7941421615510891,False
04761ddcf3867c2cb656,1e4636b3-354e-4759-bd30-901f72c0f610,USC Franka,Robometer progress,common endpoint excluded,4,0.9197545596683835,False
04761ddcf3867c2cb656,1e4636b3-354e-4759-bd30-901f72c0f610,USC Franka,Robometer success,common endpoint excluded,4,0.8429784067695635,False
04761ddcf3867c2cb656,1e4636b3-354e-4759-bd30-901f72c0f610,USC Franka,Elapsed time (control),common endpoint excluded,4,1.0,False
04761ddcf3867c2cb656,1e4636b3-354e-4759-bd30-901f72c0f610,USC Franka,Robometer progress,released grid / current prediction,5,0.8405576714090328,False
04761ddcf3867c2cb656,1e4636b3-354e-4759-bd30-901f72c0f610,USC Franka,Robometer progress,released grid / released aggregation,5,0.7931419133019273,False
ba989543b10dfba901f1,b14d62ea-77a6-437b-9765-3f326f21402b,USC Franka,DT,common endpoint included,5,0.8973886995744045,False
ba989543b10dfba901f1,b14d62ea-77a6-437b-9765-3f326f21402b,USC Franka,S1,common endpoint included,5,0.7963903887121473,False
ba989543b10dfba901f1,b14d62ea-77a6-437b-9765-3f326f21402b,USC Franka,S3,common endpoint included,5,0.8246366788502426,False
ba989543b10dfba901f1,b14d62ea-77a6-437b-9765-3f326f21402b,USC Franka,S5,common endpoint included,5,0.82137517188788,False
ba989543b10dfba901f1,b14d62ea-77a6-437b-9765-3f326f21402b,USC Franka,DT + S1,common endpoint included,5,0.7379893858845665,False
ba989543b10dfba901f1,b14d62ea-77a6-437b-9765-3f326f21402b,USC Franka,DT + S3,common endpoint included,5,0.7442637767383375,False
ba989543b10dfba901f1,b14d62ea-77a6-437b-9765-3f326f21402b,USC Franka,DT + S5,common endpoint included,5,0.7434194742798259,False
ba989543b10dfba901f1,b14d62ea-77a6-437b-9765-3f326f21402b,USC Franka,DINOv2,common endpoint included,5,0.8640880971181728,False
ba989543b10dfba901f1,b14d62ea-77a6-437b-9765-3f326f21402b,USC Franka,Robometer progress,common endpoint included,5,0.8794960573349033,False
ba989543b10dfba901f1,b14d62ea-77a6-437b-9765-3f326f21402b,USC Franka,Robometer success,common endpoint included,5,0.8606376316074513,False
ba989543b10dfba901f1,b14d62ea-77a6-437b-9765-3f326f21402b,USC Franka,Elapsed time (control),common endpoint included,5,0.9999999999999998,False
ba989543b10dfba901f1,b14d62ea-77a6-437b-9765-3f326f21402b,USC Franka,DT,common endpoint excluded,4,0.9401392140774615,False
ba989543b10dfba901f1,b14d62ea-77a6-437b-9765-3f326f21402b,USC Franka,S1,common endpoint excluded,4,0.9636680160908171,False
ba989543b10dfba901f1,b14d62ea-77a6-437b-9765-3f326f21402b,USC Franka,S3,common endpoint excluded,4,0.9584580640397934,False
ba989543b10dfba901f1,b14d62ea-77a6-437b-9765-3f326f21402b,USC Franka,S5,common endpoint excluded,4,0.9536126912313594,False
ba989543b10dfba901f1,b14d62ea-77a6-437b-9765-3f326f21402b,USC Franka,DT + S1,common endpoint excluded,4,0.9612502972553139,False
ba989543b10dfba901f1,b14d62ea-77a6-437b-9765-3f326f21402b,USC Franka,DT + S3,common endpoint excluded,4,0.9687503641389326,False
ba989543b10dfba901f1,b14d62ea-77a6-437b-9765-3f326f21402b,USC Franka,DT + S5,common endpoint excluded,4,0.9690649842298865,False
ba989543b10dfba901f1,b14d62ea-77a6-437b-9765-3f326f21402b,USC Franka,DINOv2,common endpoint excluded,4,0.8805900132182574,False
ba989543b10dfba901f1,b14d62ea-77a6-437b-9765-3f326f21402b,USC Franka,Robometer progress,common endpoint excluded,4,0.9467724446745173,False
ba989543b10dfba901f1,b14d62ea-77a6-437b-9765-3f326f21402b,USC Franka,Robometer success,common endpoint excluded,4,0.9115821675099074,False
ba989543b10dfba901f1,b14d62ea-77a6-437b-9765-3f326f21402b,USC Franka,Elapsed time (control),common endpoint excluded,4,1.0,False
ba989543b10dfba901f1,b14d62ea-77a6-437b-9765-3f326f21402b,USC Franka,Robometer progress,released grid / current prediction,5,0.8987642518572534,False
ba989543b10dfba901f1,b14d62ea-77a6-437b-9765-3f326f21402b,USC Franka,Robometer progress,released grid / released aggregation,5,0.9906840609547234,False
83e2280a36599166c8ae,0c261f7a-69e6-43f8-89eb-0016d9297df8,USC Franka,DT,common endpoint included,5,0.966058101075238,False
83e2280a36599166c8ae,0c261f7a-69e6-43f8-89eb-0016d9297df8,USC Franka,S1,common endpoint included,5,0.8132796346765684,False
83e2280a36599166c8ae,0c261f7a-69e6-43f8-89eb-0016d9297df8,USC Franka,S3,common endpoint included,5,0.818293554227694,False
83e2280a36599166c8ae,0c261f7a-69e6-43f8-89eb-0016d9297df8,USC Franka,S5,common endpoint included,5,0.8306749703506914,False
83e2280a36599166c8ae,0c261f7a-69e6-43f8-89eb-0016d9297df8,USC Franka,DT + S1,common endpoint included,5,0.7438930486447879,False
83e2280a36599166c8ae,0c261f7a-69e6-43f8-89eb-0016d9297df8,USC Franka,DT + S3,common endpoint included,5,0.7530229627396903,False
83e2280a36599166c8ae,0c261f7a-69e6-43f8-89eb-0016d9297df8,USC Franka,DT + S5,common endpoint included,5,0.7562178590672579,False
83e2280a36599166c8ae,0c261f7a-69e6-43f8-89eb-0016d9297df8,USC Franka,DINOv2,common endpoint included,5,0.9492105980357675,False
83e2280a36599166c8ae,0c261f7a-69e6-43f8-89eb-0016d9297df8,USC Franka,Robometer progress,common endpoint included,5,0.9611586385032411,False
83e2280a36599166c8ae,0c261f7a-69e6-43f8-89eb-0016d9297df8,USC Franka,Robometer success,common endpoint included,5,0.8871792314226497,False
83e2280a36599166c8ae,0c261f7a-69e6-43f8-89eb-0016d9297df8,USC Franka,Elapsed time (control),common endpoint included,5,0.9999999999999998,False
83e2280a36599166c8ae,0c261f7a-69e6-43f8-89eb-0016d9297df8,USC Franka,DT,common endpoint excluded,4,0.9827925371030569,False
83e2280a36599166c8ae,0c261f7a-69e6-43f8-89eb-0016d9297df8,USC Franka,S1,common endpoint excluded,4,0.6864227834728599,False
83e2280a36599166c8ae,0c261f7a-69e6-43f8-89eb-0016d9297df8,USC Franka,S3,common endpoint excluded,4,0.6475435808628607,False
83e2280a36599166c8ae,0c261f7a-69e6-43f8-89eb-0016d9297df8,USC Franka,S5,common endpoint excluded,4,0.6927564949060895,False
83e2280a36599166c8ae,0c261f7a-69e6-43f8-89eb-0016d9297df8,USC Franka,DT + S1,common endpoint excluded,4,0.8233401977158213,False
83e2280a36599166c8ae,0c261f7a-69e6-43f8-89eb-0016d9297df8,USC Franka,DT + S3,common endpoint excluded,4,0.808180394561678,False
83e2280a36599166c8ae,0c261f7a-69e6-43f8-89eb-0016d9297df8,USC Franka,DT + S5,common endpoint excluded,4,0.8146242272668263,False
83e2280a36599166c8ae,0c261f7a-69e6-43f8-89eb-0016d9297df8,USC Franka,DINOv2,common endpoint excluded,4,0.8908075946593851,False
83e2280a36599166c8ae,0c261f7a-69e6-43f8-89eb-0016d9297df8,USC Franka,Robometer progress,common endpoint excluded,4,0.9773552791989543,False
83e2280a36599166c8ae,0c261f7a-69e6-43f8-89eb-0016d9297df8,USC Franka,Robometer success,common endpoint excluded,4,0.9340188785742292,False
83e2280a36599166c8ae,0c261f7a-69e6-43f8-89eb-0016d9297df8,USC Franka,Elapsed time (control),common endpoint excluded,4,1.0,False
83e2280a36599166c8ae,0c261f7a-69e6-43f8-89eb-0016d9297df8,USC Franka,Robometer progress,released grid / current prediction,5,0.9814907610448651,False
83e2280a36599166c8ae,0c261f7a-69e6-43f8-89eb-0016d9297df8,USC Franka,Robometer progress,released grid / released aggregation,5,0.9641151498080711,False
929dc4fdb66bae110742,559f77b4-e1da-4ba6-b020-2acade8027a1,USC Franka,DT,common endpoint included,5,0.9351981072233427,False
929dc4fdb66bae110742,559f77b4-e1da-4ba6-b020-2acade8027a1,USC Franka,S1,common endpoint included,5,0.8154781804593942,False
929dc4fdb66bae110742,559f77b4-e1da-4ba6-b020-2acade8027a1,USC Franka,S3,common endpoint included,5,0.8250945051922809,False
929dc4fdb66bae110742,559f77b4-e1da-4ba6-b020-2acade8027a1,USC Franka,S5,common endpoint included,5,0.8300760276804493,False
929dc4fdb66bae110742,559f77b4-e1da-4ba6-b020-2acade8027a1,USC Franka,DT + S1,common endpoint included,5,0.7403301050329747,False
929dc4fdb66bae110742,559f77b4-e1da-4ba6-b020-2acade8027a1,USC Franka,DT + S3,common endpoint included,5,0.7474935990459745,False
929dc4fdb66bae110742,559f77b4-e1da-4ba6-b020-2acade8027a1,USC Franka,DT + S5,common endpoint included,5,0.7498883592794485,False
929dc4fdb66bae110742,559f77b4-e1da-4ba6-b020-2acade8027a1,USC Franka,DINOv2,common endpoint included,5,0.9943237265188798,False
929dc4fdb66bae110742,559f77b4-e1da-4ba6-b020-2acade8027a1,USC Franka,Robometer progress,common endpoint included,5,-0.14287826546629573,False
929dc4fdb66bae110742,559f77b4-e1da-4ba6-b020-2acade8027a1,USC Franka,Robometer success,common endpoint included,5,-0.344612384008568,False
929dc4fdb66bae110742,559f77b4-e1da-4ba6-b020-2acade8027a1,USC Franka,Elapsed time (control),common endpoint included,5,0.9999999999999998,False
929dc4fdb66bae110742,559f77b4-e1da-4ba6-b020-2acade8027a1,USC Franka,DT,common endpoint excluded,4,0.8887414251568319,False
929dc4fdb66bae110742,559f77b4-e1da-4ba6-b020-2acade8027a1,USC Franka,S1,common endpoint excluded,4,0.842969544007591,False
929dc4fdb66bae110742,559f77b4-e1da-4ba6-b020-2acade8027a1,USC Franka,S3,common endpoint excluded,4,0.786156206137816,False
929dc4fdb66bae110742,559f77b4-e1da-4ba6-b020-2acade8027a1,USC Franka,S5,common endpoint excluded,4,0.7770559770243449,False
929dc4fdb66bae110742,559f77b4-e1da-4ba6-b020-2acade8027a1,USC Franka,DT + S1,common endpoint excluded,4,0.8583070388758469,False
929dc4fdb66bae110742,559f77b4-e1da-4ba6-b020-2acade8027a1,USC Franka,DT + S3,common endpoint excluded,4,0.8315364580989748,False
929dc4fdb66bae110742,559f77b4-e1da-4ba6-b020-2acade8027a1,USC Franka,DT + S5,common endpoint excluded,4,0.8247138683135123,False
929dc4fdb66bae110742,559f77b4-e1da-4ba6-b020-2acade8027a1,USC Franka,DINOv2,common endpoint excluded,4,0.9916935420323085,False
929dc4fdb66bae110742,559f77b4-e1da-4ba6-b020-2acade8027a1,USC Franka,Robometer progress,common endpoint excluded,4,0.16746979968388626,False
929dc4fdb66bae110742,559f77b4-e1da-4ba6-b020-2acade8027a1,USC Franka,Robometer success,common endpoint excluded,4,-0.02554373896130152,False
929dc4fdb66bae110742,559f77b4-e1da-4ba6-b020-2acade8027a1,USC Franka,Elapsed time (control),common endpoint excluded,4,1.0,False
929dc4fdb66bae110742,559f77b4-e1da-4ba6-b020-2acade8027a1,USC Franka,Robometer progress,released grid / current prediction,5,-0.029692021017859394,False
929dc4fdb66bae110742,559f77b4-e1da-4ba6-b020-2acade8027a1,USC Franka,Robometer progress,released grid / released aggregation,5,0.9011106996627101,False
8b5b221e00560bebc6c8,6f112239-006e-4260-8621-a42e08618380,USC Franka,DT,common endpoint included,5,0.8926048810951539,False
8b5b221e00560bebc6c8,6f112239-006e-4260-8621-a42e08618380,USC Franka,S1,common endpoint included,5,0.7333385009993952,False
8b5b221e00560bebc6c8,6f112239-006e-4260-8621-a42e08618380,USC Franka,S3,common endpoint included,5,0.7542424790949369,False
8b5b221e00560bebc6c8,6f112239-006e-4260-8621-a42e08618380,USC Franka,S5,common endpoint included,5,0.7536131777628833,False
8b5b221e00560bebc6c8,6f112239-006e-4260-8621-a42e08618380,USC Franka,DT + S1,common endpoint included,5,0.7338445341655766,False
8b5b221e00560bebc6c8,6f112239-006e-4260-8621-a42e08618380,USC Franka,DT + S3,common endpoint included,5,0.7369994441354075,False
8b5b221e00560bebc6c8,6f112239-006e-4260-8621-a42e08618380,USC Franka,DT + S5,common endpoint included,5,0.7377416690628515,False
8b5b221e00560bebc6c8,6f112239-006e-4260-8621-a42e08618380,USC Franka,DINOv2,common endpoint included,5,0.8551771364482312,False
8b5b221e00560bebc6c8,6f112239-006e-4260-8621-a42e08618380,USC Franka,Robometer progress,common endpoint included,5,0.9731767915858602,False
8b5b221e00560bebc6c8,6f112239-006e-4260-8621-a42e08618380,USC Franka,Robometer success,common endpoint included,5,0.9097900404203557,False
8b5b221e00560bebc6c8,6f112239-006e-4260-8621-a42e08618380,USC Franka,Elapsed time (control),common endpoint included,5,0.9999999999999998,False
8b5b221e00560bebc6c8,6f112239-006e-4260-8621-a42e08618380,USC Franka,DT,common endpoint excluded,4,0.8429960031593164,False
8b5b221e00560bebc6c8,6f112239-006e-4260-8621-a42e08618380,USC Franka,S1,common endpoint excluded,4,0.1252800796347906,False
8b5b221e00560bebc6c8,6f112239-006e-4260-8621-a42e08618380,USC Franka,S3,common endpoint excluded,4,0.4138759489223691,False
8b5b221e00560bebc6c8,6f112239-006e-4260-8621-a42e08618380,USC Franka,S5,common endpoint excluded,4,0.34800899715795747,False
8b5b221e00560bebc6c8,6f112239-006e-4260-8621-a42e08618380,USC Franka,DT + S1,common endpoint excluded,4,0.8712544267346005,False
8b5b221e00560bebc6c8,6f112239-006e-4260-8621-a42e08618380,USC Franka,DT + S3,common endpoint excluded,4,0.848986642075835,False
8b5b221e00560bebc6c8,6f112239-006e-4260-8621-a42e08618380,USC Franka,DT + S5,common endpoint excluded,4,0.779821604159626,False
8b5b221e00560bebc6c8,6f112239-006e-4260-8621-a42e08618380,USC Franka,DINOv2,common endpoint excluded,4,0.6549540165199397,False
8b5b221e00560bebc6c8,6f112239-006e-4260-8621-a42e08618380,USC Franka,Robometer progress,common endpoint excluded,4,0.9564132143237448,False
8b5b221e00560bebc6c8,6f112239-006e-4260-8621-a42e08618380,USC Franka,Robometer success,common endpoint excluded,4,0.9366777365161518,False
8b5b221e00560bebc6c8,6f112239-006e-4260-8621-a42e08618380,USC Franka,Elapsed time (control),common endpoint excluded,4,1.0,False
8b5b221e00560bebc6c8,6f112239-006e-4260-8621-a42e08618380,USC Franka,Robometer progress,released grid / current prediction,5,0.9745537014462886,False
8b5b221e00560bebc6c8,6f112239-006e-4260-8621-a42e08618380,USC Franka,Robometer progress,released grid / released aggregation,5,0.9981308965165799,False
421f5de7add1bdb65463,0ebf19b6-9ded-41d5-bcb9-18b070f578ae,USC Franka,DT,common endpoint included,5,0.970520846467033,False
421f5de7add1bdb65463,0ebf19b6-9ded-41d5-bcb9-18b070f578ae,USC Franka,S1,common endpoint included,5,0.7364663587641018,False
421f5de7add1bdb65463,0ebf19b6-9ded-41d5-bcb9-18b070f578ae,USC Franka,S3,common endpoint included,5,0.7651715611249263,False
421f5de7add1bdb65463,0ebf19b6-9ded-41d5-bcb9-18b070f578ae,USC Franka,S5,common endpoint included,5,0.7565091696888915,False
421f5de7add1bdb65463,0ebf19b6-9ded-41d5-bcb9-18b070f578ae,USC Franka,DT + S1,common endpoint included,5,0.7328286213446237,False
421f5de7add1bdb65463,0ebf19b6-9ded-41d5-bcb9-18b070f578ae,USC Franka,DT + S3,common endpoint included,5,0.7357101351636303,False
421f5de7add1bdb65463,0ebf19b6-9ded-41d5-bcb9-18b070f578ae,USC Franka,DT + S5,common endpoint included,5,0.7356621260118801,False
421f5de7add1bdb65463,0ebf19b6-9ded-41d5-bcb9-18b070f578ae,USC Franka,DINOv2,common endpoint included,5,0.7378426371061748,False
421f5de7add1bdb65463,0ebf19b6-9ded-41d5-bcb9-18b070f578ae,USC Franka,Robometer progress,common endpoint included,5,0.9563035134507187,False
421f5de7add1bdb65463,0ebf19b6-9ded-41d5-bcb9-18b070f578ae,USC Franka,Robometer success,common endpoint included,5,0.9793312335312214,False
421f5de7add1bdb65463,0ebf19b6-9ded-41d5-bcb9-18b070f578ae,USC Franka,Elapsed time (control),common endpoint included,5,0.9999999999999998,False
421f5de7add1bdb65463,0ebf19b6-9ded-41d5-bcb9-18b070f578ae,USC Franka,DT,common endpoint excluded,4,0.9514420402192321,False
421f5de7add1bdb65463,0ebf19b6-9ded-41d5-bcb9-18b070f578ae,USC Franka,S1,common endpoint excluded,4,0.21683675939961572,False
421f5de7add1bdb65463,0ebf19b6-9ded-41d5-bcb9-18b070f578ae,USC Franka,S3,common endpoint excluded,4,0.7931222737743798,False
421f5de7add1bdb65463,0ebf19b6-9ded-41d5-bcb9-18b070f578ae,USC Franka,S5,common endpoint excluded,4,0.5537149666402356,False
421f5de7add1bdb65463,0ebf19b6-9ded-41d5-bcb9-18b070f578ae,USC Franka,DT + S1,common endpoint excluded,4,0.9004338612695051,False
421f5de7add1bdb65463,0ebf19b6-9ded-41d5-bcb9-18b070f578ae,USC Franka,DT + S3,common endpoint excluded,4,0.9333300639871862,False
421f5de7add1bdb65463,0ebf19b6-9ded-41d5-bcb9-18b070f578ae,USC Franka,DT + S5,common endpoint excluded,4,0.93959611493703,False
421f5de7add1bdb65463,0ebf19b6-9ded-41d5-bcb9-18b070f578ae,USC Franka,DINOv2,common endpoint excluded,4,0.19749152951821838,False
421f5de7add1bdb65463,0ebf19b6-9ded-41d5-bcb9-18b070f578ae,USC Franka,Robometer progress,common endpoint excluded,4,0.9603935133846723,False
421f5de7add1bdb65463,0ebf19b6-9ded-41d5-bcb9-18b070f578ae,USC Franka,Robometer success,common endpoint excluded,4,0.9595752299854046,False
421f5de7add1bdb65463,0ebf19b6-9ded-41d5-bcb9-18b070f578ae,USC Franka,Elapsed time (control),common endpoint excluded,4,1.0,False
421f5de7add1bdb65463,0ebf19b6-9ded-41d5-bcb9-18b070f578ae,USC Franka,Robometer progress,released grid / current prediction,5,0.9577991892175456,False
421f5de7add1bdb65463,0ebf19b6-9ded-41d5-bcb9-18b070f578ae,USC Franka,Robometer progress,released grid / released aggregation,5,0.9983221043477761,False
ef08b157dc6c28d51072,ba67ae3e-532c-4569-8130-5ee00cb5d7e0,USC Franka,DT,common endpoint included,5,0.9575679469728184,False
ef08b157dc6c28d51072,ba67ae3e-532c-4569-8130-5ee00cb5d7e0,USC Franka,S1,common endpoint included,5,0.8117239469033015,False
ef08b157dc6c28d51072,ba67ae3e-532c-4569-8130-5ee00cb5d7e0,USC Franka,S3,common endpoint included,5,0.8384575689907264,False
ef08b157dc6c28d51072,ba67ae3e-532c-4569-8130-5ee00cb5d7e0,USC Franka,S5,common endpoint included,5,0.8403174133285345,False
ef08b157dc6c28d51072,ba67ae3e-532c-4569-8130-5ee00cb5d7e0,USC Franka,DT + S1,common endpoint included,5,0.7467326711582822,False
ef08b157dc6c28d51072,ba67ae3e-532c-4569-8130-5ee00cb5d7e0,USC Franka,DT + S3,common endpoint included,5,0.7601019267225355,False
ef08b157dc6c28d51072,ba67ae3e-532c-4569-8130-5ee00cb5d7e0,USC Franka,DT + S5,common endpoint included,5,0.7595345160086034,False
ef08b157dc6c28d51072,ba67ae3e-532c-4569-8130-5ee00cb5d7e0,USC Franka,DINOv2,common endpoint included,5,0.9574198491174805,False
ef08b157dc6c28d51072,ba67ae3e-532c-4569-8130-5ee00cb5d7e0,USC Franka,Robometer progress,common endpoint included,5,0.9671401992553911,False
ef08b157dc6c28d51072,ba67ae3e-532c-4569-8130-5ee00cb5d7e0,USC Franka,Robometer success,common endpoint included,5,0.9304806387222553,False
ef08b157dc6c28d51072,ba67ae3e-532c-4569-8130-5ee00cb5d7e0,USC Franka,Elapsed time (control),common endpoint included,5,0.9999999999999998,False
ef08b157dc6c28d51072,ba67ae3e-532c-4569-8130-5ee00cb5d7e0,USC Franka,DT,common endpoint excluded,4,0.9755554906072431,False
ef08b157dc6c28d51072,ba67ae3e-532c-4569-8130-5ee00cb5d7e0,USC Franka,S1,common endpoint excluded,4,0.8615017431857066,False
ef08b157dc6c28d51072,ba67ae3e-532c-4569-8130-5ee00cb5d7e0,USC Franka,S3,common endpoint excluded,4,0.8553863117111451,False
ef08b157dc6c28d51072,ba67ae3e-532c-4569-8130-5ee00cb5d7e0,USC Franka,S5,common endpoint excluded,4,0.8868770497592964,False
ef08b157dc6c28d51072,ba67ae3e-532c-4569-8130-5ee00cb5d7e0,USC Franka,DT + S1,common endpoint excluded,4,0.8671203922362154,False
ef08b157dc6c28d51072,ba67ae3e-532c-4569-8130-5ee00cb5d7e0,USC Franka,DT + S3,common endpoint excluded,4,0.849132101679758,False
ef08b157dc6c28d51072,ba67ae3e-532c-4569-8130-5ee00cb5d7e0,USC Franka,DT + S5,common endpoint excluded,4,0.8622073264834631,False
ef08b157dc6c28d51072,ba67ae3e-532c-4569-8130-5ee00cb5d7e0,USC Franka,DINOv2,common endpoint excluded,4,0.9077415832722103,False
ef08b157dc6c28d51072,ba67ae3e-532c-4569-8130-5ee00cb5d7e0,USC Franka,Robometer progress,common endpoint excluded,4,0.974568751642193,False
ef08b157dc6c28d51072,ba67ae3e-532c-4569-8130-5ee00cb5d7e0,USC Franka,Robometer success,common endpoint excluded,4,0.8502829297348684,False
ef08b157dc6c28d51072,ba67ae3e-532c-4569-8130-5ee00cb5d7e0,USC Franka,Elapsed time (control),common endpoint excluded,4,1.0,False
ef08b157dc6c28d51072,ba67ae3e-532c-4569-8130-5ee00cb5d7e0,USC Franka,Robometer progress,released grid / current prediction,5,0.9750942824631619,False
ef08b157dc6c28d51072,ba67ae3e-532c-4569-8130-5ee00cb5d7e0,USC Franka,Robometer progress,released grid / released aggregation,5,0.9672524739139605,False
d824d7b304016c948e7d,7632e0d1-14f7-414a-a189-db733a056634,USC Franka,DT,common endpoint included,5,0.8315935869937592,False
d824d7b304016c948e7d,7632e0d1-14f7-414a-a189-db733a056634,USC Franka,S1,common endpoint included,5,0.8266593751734691,False
d824d7b304016c948e7d,7632e0d1-14f7-414a-a189-db733a056634,USC Franka,S3,common endpoint included,5,0.8442126304168104,False
d824d7b304016c948e7d,7632e0d1-14f7-414a-a189-db733a056634,USC Franka,S5,common endpoint included,5,0.854776689243983,False
d824d7b304016c948e7d,7632e0d1-14f7-414a-a189-db733a056634,USC Franka,DT + S1,common endpoint included,5,0.7554716102150162,False
d824d7b304016c948e7d,7632e0d1-14f7-414a-a189-db733a056634,USC Franka,DT + S3,common endpoint included,5,0.7713729103896563,False
d824d7b304016c948e7d,7632e0d1-14f7-414a-a189-db733a056634,USC Franka,DT + S5,common endpoint included,5,0.7750808518284703,False
d824d7b304016c948e7d,7632e0d1-14f7-414a-a189-db733a056634,USC Franka,DINOv2,common endpoint included,5,0.9543146006324379,False
d824d7b304016c948e7d,7632e0d1-14f7-414a-a189-db733a056634,USC Franka,Robometer progress,common endpoint included,5,0.9694584439791024,False
d824d7b304016c948e7d,7632e0d1-14f7-414a-a189-db733a056634,USC Franka,Robometer success,common endpoint included,5,0.936189186147573,False
d824d7b304016c948e7d,7632e0d1-14f7-414a-a189-db733a056634,USC Franka,Elapsed time (control),common endpoint included,5,0.9999999999999998,False
d824d7b304016c948e7d,7632e0d1-14f7-414a-a189-db733a056634,USC Franka,DT,common endpoint excluded,4,0.8705712257924685,False
d824d7b304016c948e7d,7632e0d1-14f7-414a-a189-db733a056634,USC Franka,S1,common endpoint excluded,4,0.8517786026654519,False
d824d7b304016c948e7d,7632e0d1-14f7-414a-a189-db733a056634,USC Franka,S3,common endpoint excluded,4,0.844073766146818,False
d824d7b304016c948e7d,7632e0d1-14f7-414a-a189-db733a056634,USC Franka,S5,common endpoint excluded,4,0.8653963868426575,False
d824d7b304016c948e7d,7632e0d1-14f7-414a-a189-db733a056634,USC Franka,DT + S1,common endpoint excluded,4,0.8764325483212698,False
d824d7b304016c948e7d,7632e0d1-14f7-414a-a189-db733a056634,USC Franka,DT + S3,common endpoint excluded,4,0.8629163069013976,False
d824d7b304016c948e7d,7632e0d1-14f7-414a-a189-db733a056634,USC Franka,DT + S5,common endpoint excluded,4,0.8676006664128647,False
d824d7b304016c948e7d,7632e0d1-14f7-414a-a189-db733a056634,USC Franka,DINOv2,common endpoint excluded,4,0.95414245290012,False
d824d7b304016c948e7d,7632e0d1-14f7-414a-a189-db733a056634,USC Franka,Robometer progress,common endpoint excluded,4,0.9889385885346375,False
d824d7b304016c948e7d,7632e0d1-14f7-414a-a189-db733a056634,USC Franka,Robometer success,common endpoint excluded,4,0.8621398556752837,False
d824d7b304016c948e7d,7632e0d1-14f7-414a-a189-db733a056634,USC Franka,Elapsed time (control),common endpoint excluded,4,1.0,False
d824d7b304016c948e7d,7632e0d1-14f7-414a-a189-db733a056634,USC Franka,Robometer progress,released grid / current prediction,5,0.9780922740836581,False
d824d7b304016c948e7d,7632e0d1-14f7-414a-a189-db733a056634,USC Franka,Robometer progress,released grid / released aggregation,5,0.9826785978821482,False
c80ded648068cf744b84,3017c615-831c-4acd-b89e-7bb6455e7b5f,USC Koch,DT,common endpoint included,5,0.9430434569112256,False
c80ded648068cf744b84,3017c615-831c-4acd-b89e-7bb6455e7b5f,USC Koch,S1,common endpoint included,5,0.8810396023116568,False
c80ded648068cf744b84,3017c615-831c-4acd-b89e-7bb6455e7b5f,USC Koch,S3,common endpoint included,5,0.8915814892399994,False
c80ded648068cf744b84,3017c615-831c-4acd-b89e-7bb6455e7b5f,USC Koch,S5,common endpoint included,5,0.8933940683197885,False
c80ded648068cf744b84,3017c615-831c-4acd-b89e-7bb6455e7b5f,USC Koch,DT + S1,common endpoint included,5,0.7790021608062709,False
c80ded648068cf744b84,3017c615-831c-4acd-b89e-7bb6455e7b5f,USC Koch,DT + S3,common endpoint included,5,0.7880130980492297,False
c80ded648068cf744b84,3017c615-831c-4acd-b89e-7bb6455e7b5f,USC Koch,DT + S5,common endpoint included,5,0.7888881766229471,False
c80ded648068cf744b84,3017c615-831c-4acd-b89e-7bb6455e7b5f,USC Koch,DINOv2,common endpoint included,5,0.9109190860009806,False
c80ded648068cf744b84,3017c615-831c-4acd-b89e-7bb6455e7b5f,USC Koch,Robometer progress,common endpoint included,5,0.9947978888653559,False
c80ded648068cf744b84,3017c615-831c-4acd-b89e-7bb6455e7b5f,USC Koch,Robometer success,common endpoint included,5,0.9089564473863028,False
c80ded648068cf744b84,3017c615-831c-4acd-b89e-7bb6455e7b5f,USC Koch,Elapsed time (control),common endpoint included,5,1.0,False
c80ded648068cf744b84,3017c615-831c-4acd-b89e-7bb6455e7b5f,USC Koch,DT,common endpoint excluded,4,0.9859322516805167,False
c80ded648068cf744b84,3017c615-831c-4acd-b89e-7bb6455e7b5f,USC Koch,S1,common endpoint excluded,4,0.9714811255989614,False
c80ded648068cf744b84,3017c615-831c-4acd-b89e-7bb6455e7b5f,USC Koch,S3,common endpoint excluded,4,0.9737141611898865,False
c80ded648068cf744b84,3017c615-831c-4acd-b89e-7bb6455e7b5f,USC Koch,S5,common endpoint excluded,4,0.968732563717378,False
c80ded648068cf744b84,3017c615-831c-4acd-b89e-7bb6455e7b5f,USC Koch,DT + S1,common endpoint excluded,4,0.9246231772147715,False
c80ded648068cf744b84,3017c615-831c-4acd-b89e-7bb6455e7b5f,USC Koch,DT + S3,common endpoint excluded,4,0.9221390882719727,False
c80ded648068cf744b84,3017c615-831c-4acd-b89e-7bb6455e7b5f,USC Koch,DT + S5,common endpoint excluded,4,0.9186884083507822,False
c80ded648068cf744b84,3017c615-831c-4acd-b89e-7bb6455e7b5f,USC Koch,DINOv2,common endpoint excluded,4,0.8512053736428579,False
c80ded648068cf744b84,3017c615-831c-4acd-b89e-7bb6455e7b5f,USC Koch,Robometer progress,common endpoint excluded,4,0.9948486353040495,False
c80ded648068cf744b84,3017c615-831c-4acd-b89e-7bb6455e7b5f,USC Koch,Robometer success,common endpoint excluded,4,0.8891523177124796,False
c80ded648068cf744b84,3017c615-831c-4acd-b89e-7bb6455e7b5f,USC Koch,Elapsed time (control),common endpoint excluded,4,1.0,False
c80ded648068cf744b84,3017c615-831c-4acd-b89e-7bb6455e7b5f,USC Koch,Robometer progress,released grid / current prediction,5,0.9911365027192418,False
c80ded648068cf744b84,3017c615-831c-4acd-b89e-7bb6455e7b5f,USC Koch,Robometer progress,released grid / released aggregation,5,0.959118098303718,False
c5c10a4e7f73c3afbbb3,b8d16295-9a8e-42ab-9f67-43366dfda804,USC Koch,DT,common endpoint included,5,0.9646296307286544,False
c5c10a4e7f73c3afbbb3,b8d16295-9a8e-42ab-9f67-43366dfda804,USC Koch,S1,common endpoint included,5,0.8504106867071586,False
c5c10a4e7f73c3afbbb3,b8d16295-9a8e-42ab-9f67-43366dfda804,USC Koch,S3,common endpoint included,5,0.8639839568848049,False
c5c10a4e7f73c3afbbb3,b8d16295-9a8e-42ab-9f67-43366dfda804,USC Koch,S5,common endpoint included,5,0.8583253450132984,False
c5c10a4e7f73c3afbbb3,b8d16295-9a8e-42ab-9f67-43366dfda804,USC Koch,DT + S1,common endpoint included,5,0.7734202552527567,False
c5c10a4e7f73c3afbbb3,b8d16295-9a8e-42ab-9f67-43366dfda804,USC Koch,DT + S3,common endpoint included,5,0.7806701707420245,False
c5c10a4e7f73c3afbbb3,b8d16295-9a8e-42ab-9f67-43366dfda804,USC Koch,DT + S5,common endpoint included,5,0.7795030605262435,False
c5c10a4e7f73c3afbbb3,b8d16295-9a8e-42ab-9f67-43366dfda804,USC Koch,DINOv2,common endpoint included,5,0.9745695808166457,False
c5c10a4e7f73c3afbbb3,b8d16295-9a8e-42ab-9f67-43366dfda804,USC Koch,Robometer progress,common endpoint included,5,0.7862345291143471,False
c5c10a4e7f73c3afbbb3,b8d16295-9a8e-42ab-9f67-43366dfda804,USC Koch,Robometer success,common endpoint included,5,0.8903784362663105,False
c5c10a4e7f73c3afbbb3,b8d16295-9a8e-42ab-9f67-43366dfda804,USC Koch,Elapsed time (control),common endpoint included,5,1.0,False
c5c10a4e7f73c3afbbb3,b8d16295-9a8e-42ab-9f67-43366dfda804,USC Koch,DT,common endpoint excluded,4,0.9839424029243657,False
c5c10a4e7f73c3afbbb3,b8d16295-9a8e-42ab-9f67-43366dfda804,USC Koch,S1,common endpoint excluded,4,0.9912707538042007,False
c5c10a4e7f73c3afbbb3,b8d16295-9a8e-42ab-9f67-43366dfda804,USC Koch,S3,common endpoint excluded,4,0.9918401952618239,False
c5c10a4e7f73c3afbbb3,b8d16295-9a8e-42ab-9f67-43366dfda804,USC Koch,S5,common endpoint excluded,4,0.9924084289569319,False
c5c10a4e7f73c3afbbb3,b8d16295-9a8e-42ab-9f67-43366dfda804,USC Koch,DT + S1,common endpoint excluded,4,0.9553990462111255,False
c5c10a4e7f73c3afbbb3,b8d16295-9a8e-42ab-9f67-43366dfda804,USC Koch,DT + S3,common endpoint excluded,4,0.9536844599088024,False
c5c10a4e7f73c3afbbb3,b8d16295-9a8e-42ab-9f67-43366dfda804,USC Koch,DT + S5,common endpoint excluded,4,0.9638574277778142,False
c5c10a4e7f73c3afbbb3,b8d16295-9a8e-42ab-9f67-43366dfda804,USC Koch,DINOv2,common endpoint excluded,4,0.9410575265949019,False
c5c10a4e7f73c3afbbb3,b8d16295-9a8e-42ab-9f67-43366dfda804,USC Koch,Robometer progress,common endpoint excluded,4,0.9483713968300311,False
c5c10a4e7f73c3afbbb3,b8d16295-9a8e-42ab-9f67-43366dfda804,USC Koch,Robometer success,common endpoint excluded,4,0.9440079609669809,False
c5c10a4e7f73c3afbbb3,b8d16295-9a8e-42ab-9f67-43366dfda804,USC Koch,Elapsed time (control),common endpoint excluded,4,1.0,False
c5c10a4e7f73c3afbbb3,b8d16295-9a8e-42ab-9f67-43366dfda804,USC Koch,Robometer progress,released grid / current prediction,5,0.8216770357577157,False
c5c10a4e7f73c3afbbb3,b8d16295-9a8e-42ab-9f67-43366dfda804,USC Koch,Robometer progress,released grid / released aggregation,5,0.9311074884854278,False
02634ae8607b18bde8ce,09718a08-74e9-472e-9708-0f4fabdf3bee,USC Koch,DT,common endpoint included,5,0.7200616250530304,False
02634ae8607b18bde8ce,09718a08-74e9-472e-9708-0f4fabdf3bee,USC Koch,S1,common endpoint included,5,0.7830808989530424,False
02634ae8607b18bde8ce,09718a08-74e9-472e-9708-0f4fabdf3bee,USC Koch,S3,common endpoint included,5,0.7807283967319019,False
02634ae8607b18bde8ce,09718a08-74e9-472e-9708-0f4fabdf3bee,USC Koch,S5,common endpoint included,5,0.7812621118659451,False
02634ae8607b18bde8ce,09718a08-74e9-472e-9708-0f4fabdf3bee,USC Koch,DT + S1,common endpoint included,5,0.7535909311139406,False
02634ae8607b18bde8ce,09718a08-74e9-472e-9708-0f4fabdf3bee,USC Koch,DT + S3,common endpoint included,5,0.7540970682772282,False
02634ae8607b18bde8ce,09718a08-74e9-472e-9708-0f4fabdf3bee,USC Koch,DT + S5,common endpoint included,5,0.7543003756762072,False
02634ae8607b18bde8ce,09718a08-74e9-472e-9708-0f4fabdf3bee,USC Koch,DINOv2,common endpoint included,5,0.5133477727312378,False
02634ae8607b18bde8ce,09718a08-74e9-472e-9708-0f4fabdf3bee,USC Koch,Robometer progress,common endpoint included,5,0.9324855188256169,False
02634ae8607b18bde8ce,09718a08-74e9-472e-9708-0f4fabdf3bee,USC Koch,Robometer success,common endpoint included,5,0.9561827898387315,False
02634ae8607b18bde8ce,09718a08-74e9-472e-9708-0f4fabdf3bee,USC Koch,Elapsed time (control),common endpoint included,5,1.0,False
02634ae8607b18bde8ce,09718a08-74e9-472e-9708-0f4fabdf3bee,USC Koch,DT,common endpoint excluded,4,0.4879423002317684,False
02634ae8607b18bde8ce,09718a08-74e9-472e-9708-0f4fabdf3bee,USC Koch,S1,common endpoint excluded,4,0.8977749189327726,False
02634ae8607b18bde8ce,09718a08-74e9-472e-9708-0f4fabdf3bee,USC Koch,S3,common endpoint excluded,4,0.8489030854237078,False
02634ae8607b18bde8ce,09718a08-74e9-472e-9708-0f4fabdf3bee,USC Koch,S5,common endpoint excluded,4,0.8307443642005379,False
02634ae8607b18bde8ce,09718a08-74e9-472e-9708-0f4fabdf3bee,USC Koch,DT + S1,common endpoint excluded,4,0.7437447179155641,False
02634ae8607b18bde8ce,09718a08-74e9-472e-9708-0f4fabdf3bee,USC Koch,DT + S3,common endpoint excluded,4,0.7212060450103075,False
02634ae8607b18bde8ce,09718a08-74e9-472e-9708-0f4fabdf3bee,USC Koch,DT + S5,common endpoint excluded,4,0.699773126067851,False
02634ae8607b18bde8ce,09718a08-74e9-472e-9708-0f4fabdf3bee,USC Koch,DINOv2,common endpoint excluded,4,-0.4351246432190522,False
02634ae8607b18bde8ce,09718a08-74e9-472e-9708-0f4fabdf3bee,USC Koch,Robometer progress,common endpoint excluded,4,0.9454962501156539,False
02634ae8607b18bde8ce,09718a08-74e9-472e-9708-0f4fabdf3bee,USC Koch,Robometer success,common endpoint excluded,4,0.9895615488291953,False
02634ae8607b18bde8ce,09718a08-74e9-472e-9708-0f4fabdf3bee,USC Koch,Elapsed time (control),common endpoint excluded,4,1.0,False
02634ae8607b18bde8ce,09718a08-74e9-472e-9708-0f4fabdf3bee,USC Koch,Robometer progress,released grid / current prediction,5,0.9361292602061555,False
02634ae8607b18bde8ce,09718a08-74e9-472e-9708-0f4fabdf3bee,USC Koch,Robometer progress,released grid / released aggregation,5,0.9939207316783448,False
bfdc31fbcfa977652ab5,45340a3e-4038-4d15-96b8-cbcbd981979c,USC Koch,DT,common endpoint included,5,0.9452362942215313,False
bfdc31fbcfa977652ab5,45340a3e-4038-4d15-96b8-cbcbd981979c,USC Koch,S1,common endpoint included,5,0.7957948301922574,False
bfdc31fbcfa977652ab5,45340a3e-4038-4d15-96b8-cbcbd981979c,USC Koch,S3,common endpoint included,5,0.8022162702921507,False
bfdc31fbcfa977652ab5,45340a3e-4038-4d15-96b8-cbcbd981979c,USC Koch,S5,common endpoint included,5,0.8104188461468681,False
bfdc31fbcfa977652ab5,45340a3e-4038-4d15-96b8-cbcbd981979c,USC Koch,DT + S1,common endpoint included,5,0.7576593095491297,False
bfdc31fbcfa977652ab5,45340a3e-4038-4d15-96b8-cbcbd981979c,USC Koch,DT + S3,common endpoint included,5,0.7593453133426874,False
bfdc31fbcfa977652ab5,45340a3e-4038-4d15-96b8-cbcbd981979c,USC Koch,DT + S5,common endpoint included,5,0.7601113714193769,False
bfdc31fbcfa977652ab5,45340a3e-4038-4d15-96b8-cbcbd981979c,USC Koch,DINOv2,common endpoint included,5,0.7215141069119115,False
bfdc31fbcfa977652ab5,45340a3e-4038-4d15-96b8-cbcbd981979c,USC Koch,Robometer progress,common endpoint included,5,0.9424110836096468,False
bfdc31fbcfa977652ab5,45340a3e-4038-4d15-96b8-cbcbd981979c,USC Koch,Robometer success,common endpoint included,5,0.9647338384940332,False
bfdc31fbcfa977652ab5,45340a3e-4038-4d15-96b8-cbcbd981979c,USC Koch,Elapsed time (control),common endpoint included,5,1.0,False
bfdc31fbcfa977652ab5,45340a3e-4038-4d15-96b8-cbcbd981979c,USC Koch,DT,common endpoint excluded,4,0.9347733837033938,False
bfdc31fbcfa977652ab5,45340a3e-4038-4d15-96b8-cbcbd981979c,USC Koch,S1,common endpoint excluded,4,0.7314308454541733,False
bfdc31fbcfa977652ab5,45340a3e-4038-4d15-96b8-cbcbd981979c,USC Koch,S3,common endpoint excluded,4,0.823685605330882,False
bfdc31fbcfa977652ab5,45340a3e-4038-4d15-96b8-cbcbd981979c,USC Koch,S5,common endpoint excluded,4,0.9585178446002828,False
bfdc31fbcfa977652ab5,45340a3e-4038-4d15-96b8-cbcbd981979c,USC Koch,DT + S1,common endpoint excluded,4,0.9606937181043809,False
bfdc31fbcfa977652ab5,45340a3e-4038-4d15-96b8-cbcbd981979c,USC Koch,DT + S3,common endpoint excluded,4,0.970829902394051,False
bfdc31fbcfa977652ab5,45340a3e-4038-4d15-96b8-cbcbd981979c,USC Koch,DT + S5,common endpoint excluded,4,0.9912225498471804,False
bfdc31fbcfa977652ab5,45340a3e-4038-4d15-96b8-cbcbd981979c,USC Koch,DINOv2,common endpoint excluded,4,0.07751922003350303,False
bfdc31fbcfa977652ab5,45340a3e-4038-4d15-96b8-cbcbd981979c,USC Koch,Robometer progress,common endpoint excluded,4,0.9749898805877049,False
bfdc31fbcfa977652ab5,45340a3e-4038-4d15-96b8-cbcbd981979c,USC Koch,Robometer success,common endpoint excluded,4,0.9898793055065443,False
bfdc31fbcfa977652ab5,45340a3e-4038-4d15-96b8-cbcbd981979c,USC Koch,Elapsed time (control),common endpoint excluded,4,1.0,False
bfdc31fbcfa977652ab5,45340a3e-4038-4d15-96b8-cbcbd981979c,USC Koch,Robometer progress,released grid / current prediction,5,0.9562271255911655,False
bfdc31fbcfa977652ab5,45340a3e-4038-4d15-96b8-cbcbd981979c,USC Koch,Robometer progress,released grid / released aggregation,5,0.9876059137786846,False
1f4c7ff71b4757bf4795,e8d5e89e-6868-49ff-bac5-182040b5036b,USC Koch,DT,common endpoint included,5,0.8797928369582191,False
1f4c7ff71b4757bf4795,e8d5e89e-6868-49ff-bac5-182040b5036b,USC Koch,S1,common endpoint included,5,0.7751123770275388,False
1f4c7ff71b4757bf4795,e8d5e89e-6868-49ff-bac5-182040b5036b,USC Koch,S3,common endpoint included,5,0.7682183085648574,False
1f4c7ff71b4757bf4795,e8d5e89e-6868-49ff-bac5-182040b5036b,USC Koch,S5,common endpoint included,5,0.7698814205125049,False
1f4c7ff71b4757bf4795,e8d5e89e-6868-49ff-bac5-182040b5036b,USC Koch,DT + S1,common endpoint included,5,0.7560252632491686,False
1f4c7ff71b4757bf4795,e8d5e89e-6868-49ff-bac5-182040b5036b,USC Koch,DT + S3,common endpoint included,5,0.7567411948829307,False
1f4c7ff71b4757bf4795,e8d5e89e-6868-49ff-bac5-182040b5036b,USC Koch,DT + S5,common endpoint included,5,0.7570072049623224,False
1f4c7ff71b4757bf4795,e8d5e89e-6868-49ff-bac5-182040b5036b,USC Koch,DINOv2,common endpoint included,5,0.4925085260050332,False
1f4c7ff71b4757bf4795,e8d5e89e-6868-49ff-bac5-182040b5036b,USC Koch,Robometer progress,common endpoint included,5,0.9862538262708309,False
1f4c7ff71b4757bf4795,e8d5e89e-6868-49ff-bac5-182040b5036b,USC Koch,Robometer success,common endpoint included,5,0.9368209793937881,False
1f4c7ff71b4757bf4795,e8d5e89e-6868-49ff-bac5-182040b5036b,USC Koch,Elapsed time (control),common endpoint included,5,1.0,False
1f4c7ff71b4757bf4795,e8d5e89e-6868-49ff-bac5-182040b5036b,USC Koch,DT,common endpoint excluded,4,0.8271441901431551,False
1f4c7ff71b4757bf4795,e8d5e89e-6868-49ff-bac5-182040b5036b,USC Koch,S1,common endpoint excluded,4,0.6719611315028343,False
1f4c7ff71b4757bf4795,e8d5e89e-6868-49ff-bac5-182040b5036b,USC Koch,S3,common endpoint excluded,4,0.5456428361783984,False
1f4c7ff71b4757bf4795,e8d5e89e-6868-49ff-bac5-182040b5036b,USC Koch,S5,common endpoint excluded,4,0.8220349962961229,False
1f4c7ff71b4757bf4795,e8d5e89e-6868-49ff-bac5-182040b5036b,USC Koch,DT + S1,common endpoint excluded,4,0.9372954799471163,False
1f4c7ff71b4757bf4795,e8d5e89e-6868-49ff-bac5-182040b5036b,USC Koch,DT + S3,common endpoint excluded,4,0.9438013881982397,False
1f4c7ff71b4757bf4795,e8d5e89e-6868-49ff-bac5-182040b5036b,USC Koch,DT + S5,common endpoint excluded,4,0.9752183087690125,False
1f4c7ff71b4757bf4795,e8d5e89e-6868-49ff-bac5-182040b5036b,USC Koch,DINOv2,common endpoint excluded,4,-0.6849905590345391,False
1f4c7ff71b4757bf4795,e8d5e89e-6868-49ff-bac5-182040b5036b,USC Koch,Robometer progress,common endpoint excluded,4,0.9944380423875542,False
1f4c7ff71b4757bf4795,e8d5e89e-6868-49ff-bac5-182040b5036b,USC Koch,Robometer success,common endpoint excluded,4,0.9041035722504931,False
1f4c7ff71b4757bf4795,e8d5e89e-6868-49ff-bac5-182040b5036b,USC Koch,Elapsed time (control),common endpoint excluded,4,1.0,False
1f4c7ff71b4757bf4795,e8d5e89e-6868-49ff-bac5-182040b5036b,USC Koch,Robometer progress,released grid / current prediction,5,0.9755612010357688,False
1f4c7ff71b4757bf4795,e8d5e89e-6868-49ff-bac5-182040b5036b,USC Koch,Robometer progress,released grid / released aggregation,5,0.988516384594017,False
da31ef67cd5ba86f5b5c,6e6c49fd-858c-4d17-95b1-b8c0396f8d41,USC Koch,DT,common endpoint included,5,0.9875084533911305,False
da31ef67cd5ba86f5b5c,6e6c49fd-858c-4d17-95b1-b8c0396f8d41,USC Koch,S1,common endpoint included,5,0.7799013052572823,False
da31ef67cd5ba86f5b5c,6e6c49fd-858c-4d17-95b1-b8c0396f8d41,USC Koch,S3,common endpoint included,5,0.7858985291681165,False
da31ef67cd5ba86f5b5c,6e6c49fd-858c-4d17-95b1-b8c0396f8d41,USC Koch,S5,common endpoint included,5,0.7920288370829767,False
da31ef67cd5ba86f5b5c,6e6c49fd-858c-4d17-95b1-b8c0396f8d41,USC Koch,DT + S1,common endpoint included,5,0.759909073635295,False
da31ef67cd5ba86f5b5c,6e6c49fd-858c-4d17-95b1-b8c0396f8d41,USC Koch,DT + S3,common endpoint included,5,0.7631462961125745,False
da31ef67cd5ba86f5b5c,6e6c49fd-858c-4d17-95b1-b8c0396f8d41,USC Koch,DT + S5,common endpoint included,5,0.7636631795315809,False
da31ef67cd5ba86f5b5c,6e6c49fd-858c-4d17-95b1-b8c0396f8d41,USC Koch,DINOv2,common endpoint included,5,0.9289994342873482,False
da31ef67cd5ba86f5b5c,6e6c49fd-858c-4d17-95b1-b8c0396f8d41,USC Koch,Robometer progress,common endpoint included,5,0.9438783296219433,False
da31ef67cd5ba86f5b5c,6e6c49fd-858c-4d17-95b1-b8c0396f8d41,USC Koch,Robometer success,common endpoint included,5,0.8191609906245325,False
da31ef67cd5ba86f5b5c,6e6c49fd-858c-4d17-95b1-b8c0396f8d41,USC Koch,Elapsed time (control),common endpoint included,5,1.0,False
da31ef67cd5ba86f5b5c,6e6c49fd-858c-4d17-95b1-b8c0396f8d41,USC Koch,DT,common endpoint excluded,4,0.9892598661225329,False
da31ef67cd5ba86f5b5c,6e6c49fd-858c-4d17-95b1-b8c0396f8d41,USC Koch,S1,common endpoint excluded,4,0.9757287561795622,False
da31ef67cd5ba86f5b5c,6e6c49fd-858c-4d17-95b1-b8c0396f8d41,USC Koch,S3,common endpoint excluded,4,0.9338107081477577,False
da31ef67cd5ba86f5b5c,6e6c49fd-858c-4d17-95b1-b8c0396f8d41,USC Koch,S5,common endpoint excluded,4,0.9719430651464103,False
da31ef67cd5ba86f5b5c,6e6c49fd-858c-4d17-95b1-b8c0396f8d41,USC Koch,DT + S1,common endpoint excluded,4,0.9816350084531156,False
da31ef67cd5ba86f5b5c,6e6c49fd-858c-4d17-95b1-b8c0396f8d41,USC Koch,DT + S3,common endpoint excluded,4,0.9573164580947735,False
da31ef67cd5ba86f5b5c,6e6c49fd-858c-4d17-95b1-b8c0396f8d41,USC Koch,DT + S5,common endpoint excluded,4,0.9615363453465628,False
da31ef67cd5ba86f5b5c,6e6c49fd-858c-4d17-95b1-b8c0396f8d41,USC Koch,DINOv2,common endpoint excluded,4,0.8302818602114739,False
da31ef67cd5ba86f5b5c,6e6c49fd-858c-4d17-95b1-b8c0396f8d41,USC Koch,Robometer progress,common endpoint excluded,4,0.934891444474245,False
da31ef67cd5ba86f5b5c,6e6c49fd-858c-4d17-95b1-b8c0396f8d41,USC Koch,Robometer success,common endpoint excluded,4,0.9524302529505879,False
da31ef67cd5ba86f5b5c,6e6c49fd-858c-4d17-95b1-b8c0396f8d41,USC Koch,Elapsed time (control),common endpoint excluded,4,1.0,False
da31ef67cd5ba86f5b5c,6e6c49fd-858c-4d17-95b1-b8c0396f8d41,USC Koch,Robometer progress,released grid / current prediction,5,0.9510511850411933,False
da31ef67cd5ba86f5b5c,6e6c49fd-858c-4d17-95b1-b8c0396f8d41,USC Koch,Robometer progress,released grid / released aggregation,5,0.9859751152688536,False
18a46b14f47bd1a2f7a8,aedfe60a-6aa3-4621-92be-c021bf435e65,USC Koch,DT,common endpoint included,5,0.9301062126188704,False
18a46b14f47bd1a2f7a8,aedfe60a-6aa3-4621-92be-c021bf435e65,USC Koch,S1,common endpoint included,5,0.7403844102606408,False
18a46b14f47bd1a2f7a8,aedfe60a-6aa3-4621-92be-c021bf435e65,USC Koch,S3,common endpoint included,5,0.7396226850386327,False
18a46b14f47bd1a2f7a8,aedfe60a-6aa3-4621-92be-c021bf435e65,USC Koch,S5,common endpoint included,5,0.7477300949118006,False
18a46b14f47bd1a2f7a8,aedfe60a-6aa3-4621-92be-c021bf435e65,USC Koch,DT + S1,common endpoint included,5,0.7535153303050603,False
18a46b14f47bd1a2f7a8,aedfe60a-6aa3-4621-92be-c021bf435e65,USC Koch,DT + S3,common endpoint included,5,0.7540486425653082,False
18a46b14f47bd1a2f7a8,aedfe60a-6aa3-4621-92be-c021bf435e65,USC Koch,DT + S5,common endpoint included,5,0.7549685446138685,False
18a46b14f47bd1a2f7a8,aedfe60a-6aa3-4621-92be-c021bf435e65,USC Koch,DINOv2,common endpoint included,5,0.7041935824990166,False
18a46b14f47bd1a2f7a8,aedfe60a-6aa3-4621-92be-c021bf435e65,USC Koch,Robometer progress,common endpoint included,5,0.9424402425591658,False
18a46b14f47bd1a2f7a8,aedfe60a-6aa3-4621-92be-c021bf435e65,USC Koch,Robometer success,common endpoint included,5,0.9635229594236594,False
18a46b14f47bd1a2f7a8,aedfe60a-6aa3-4621-92be-c021bf435e65,USC Koch,Elapsed time (control),common endpoint included,5,1.0,False
18a46b14f47bd1a2f7a8,aedfe60a-6aa3-4621-92be-c021bf435e65,USC Koch,DT,common endpoint excluded,4,0.886929455793549,False
18a46b14f47bd1a2f7a8,aedfe60a-6aa3-4621-92be-c021bf435e65,USC Koch,S1,common endpoint excluded,4,-0.4610635887967108,False
18a46b14f47bd1a2f7a8,aedfe60a-6aa3-4621-92be-c021bf435e65,USC Koch,S3,common endpoint excluded,4,-0.9903427941855286,False
18a46b14f47bd1a2f7a8,aedfe60a-6aa3-4621-92be-c021bf435e65,USC Koch,S5,common endpoint excluded,4,-0.29071995162973835,False
18a46b14f47bd1a2f7a8,aedfe60a-6aa3-4621-92be-c021bf435e65,USC Koch,DT + S1,common endpoint excluded,4,0.8799588143096551,False
18a46b14f47bd1a2f7a8,aedfe60a-6aa3-4621-92be-c021bf435e65,USC Koch,DT + S3,common endpoint excluded,4,0.9125670853543155,False
18a46b14f47bd1a2f7a8,aedfe60a-6aa3-4621-92be-c021bf435e65,USC Koch,DT + S5,common endpoint excluded,4,0.9284881452282376,False
18a46b14f47bd1a2f7a8,aedfe60a-6aa3-4621-92be-c021bf435e65,USC Koch,DINOv2,common endpoint excluded,4,0.21828734587573517,False
18a46b14f47bd1a2f7a8,aedfe60a-6aa3-4621-92be-c021bf435e65,USC Koch,Robometer progress,common endpoint excluded,4,0.9522215918396585,False
18a46b14f47bd1a2f7a8,aedfe60a-6aa3-4621-92be-c021bf435e65,USC Koch,Robometer success,common endpoint excluded,4,0.99245266373596,False
18a46b14f47bd1a2f7a8,aedfe60a-6aa3-4621-92be-c021bf435e65,USC Koch,Elapsed time (control),common endpoint excluded,4,1.0,False
18a46b14f47bd1a2f7a8,aedfe60a-6aa3-4621-92be-c021bf435e65,USC Koch,Robometer progress,released grid / current prediction,5,0.9175098031697888,False
18a46b14f47bd1a2f7a8,aedfe60a-6aa3-4621-92be-c021bf435e65,USC Koch,Robometer progress,released grid / released aggregation,5,0.9947665565173464,False
8ef5a3476d261a2c8100,a91fcc1c-4b56-4a14-ae12-fec10eee138c,USC Koch,DT,common endpoint included,5,0.8697510470275144,False
8ef5a3476d261a2c8100,a91fcc1c-4b56-4a14-ae12-fec10eee138c,USC Koch,S1,common endpoint included,5,0.7685546081698825,False
8ef5a3476d261a2c8100,a91fcc1c-4b56-4a14-ae12-fec10eee138c,USC Koch,S3,common endpoint included,5,0.7837130299177839,False
8ef5a3476d261a2c8100,a91fcc1c-4b56-4a14-ae12-fec10eee138c,USC Koch,S5,common endpoint included,5,0.7775918324494911,False
8ef5a3476d261a2c8100,a91fcc1c-4b56-4a14-ae12-fec10eee138c,USC Koch,DT + S1,common endpoint included,5,0.7546078092251722,False
8ef5a3476d261a2c8100,a91fcc1c-4b56-4a14-ae12-fec10eee138c,USC Koch,DT + S3,common endpoint included,5,0.7565902587740738,False
8ef5a3476d261a2c8100,a91fcc1c-4b56-4a14-ae12-fec10eee138c,USC Koch,DT + S5,common endpoint included,5,0.7564687250878956,False
8ef5a3476d261a2c8100,a91fcc1c-4b56-4a14-ae12-fec10eee138c,USC Koch,DINOv2,common endpoint included,5,0.6061275932696282,False
8ef5a3476d261a2c8100,a91fcc1c-4b56-4a14-ae12-fec10eee138c,USC Koch,Robometer progress,common endpoint included,5,0.9420873689380264,False
8ef5a3476d261a2c8100,a91fcc1c-4b56-4a14-ae12-fec10eee138c,USC Koch,Robometer success,common endpoint included,5,0.9427150939071698,False
8ef5a3476d261a2c8100,a91fcc1c-4b56-4a14-ae12-fec10eee138c,USC Koch,Elapsed time (control),common endpoint included,5,1.0,False
8ef5a3476d261a2c8100,a91fcc1c-4b56-4a14-ae12-fec10eee138c,USC Koch,DT,common endpoint excluded,4,0.7132491628543063,False
8ef5a3476d261a2c8100,a91fcc1c-4b56-4a14-ae12-fec10eee138c,USC Koch,S1,common endpoint excluded,4,0.5087164055425094,False
8ef5a3476d261a2c8100,a91fcc1c-4b56-4a14-ae12-fec10eee138c,USC Koch,S3,common endpoint excluded,4,0.8101430225778902,False
8ef5a3476d261a2c8100,a91fcc1c-4b56-4a14-ae12-fec10eee138c,USC Koch,S5,common endpoint excluded,4,0.7658128824753885,False
8ef5a3476d261a2c8100,a91fcc1c-4b56-4a14-ae12-fec10eee138c,USC Koch,DT + S1,common endpoint excluded,4,0.7668851192884651,False
8ef5a3476d261a2c8100,a91fcc1c-4b56-4a14-ae12-fec10eee138c,USC Koch,DT + S3,common endpoint excluded,4,0.8056150556014017,False
8ef5a3476d261a2c8100,a91fcc1c-4b56-4a14-ae12-fec10eee138c,USC Koch,DT + S5,common endpoint excluded,4,0.7995770112182055,False
8ef5a3476d261a2c8100,a91fcc1c-4b56-4a14-ae12-fec10eee138c,USC Koch,DINOv2,common endpoint excluded,4,-0.7111729285629096,False
8ef5a3476d261a2c8100,a91fcc1c-4b56-4a14-ae12-fec10eee138c,USC Koch,Robometer progress,common endpoint excluded,4,0.980828362036604,False
8ef5a3476d261a2c8100,a91fcc1c-4b56-4a14-ae12-fec10eee138c,USC Koch,Robometer success,common endpoint excluded,4,0.9792309650267939,False
8ef5a3476d261a2c8100,a91fcc1c-4b56-4a14-ae12-fec10eee138c,USC Koch,Elapsed time (control),common endpoint excluded,4,1.0,False
8ef5a3476d261a2c8100,a91fcc1c-4b56-4a14-ae12-fec10eee138c,USC Koch,Robometer progress,released grid / current prediction,5,0.9483979094702968,False
8ef5a3476d261a2c8100,a91fcc1c-4b56-4a14-ae12-fec10eee138c,USC Koch,Robometer progress,released grid / released aggregation,5,0.9759996588124499,False
3eb901fd819485824b5c,4b5ce181-9c82-4690-9aba-6b2c102ac73b,USC Koch,DT,common endpoint included,5,0.9600778335910913,False
3eb901fd819485824b5c,4b5ce181-9c82-4690-9aba-6b2c102ac73b,USC Koch,S1,common endpoint included,5,0.7999027891003232,False
3eb901fd819485824b5c,4b5ce181-9c82-4690-9aba-6b2c102ac73b,USC Koch,S3,common endpoint included,5,0.8124992504368908,False
3eb901fd819485824b5c,4b5ce181-9c82-4690-9aba-6b2c102ac73b,USC Koch,S5,common endpoint included,5,0.8156360152786778,False
3eb901fd819485824b5c,4b5ce181-9c82-4690-9aba-6b2c102ac73b,USC Koch,DT + S1,common endpoint included,5,0.7591603884540585,False
3eb901fd819485824b5c,4b5ce181-9c82-4690-9aba-6b2c102ac73b,USC Koch,DT + S3,common endpoint included,5,0.7629332617836052,False
3eb901fd819485824b5c,4b5ce181-9c82-4690-9aba-6b2c102ac73b,USC Koch,DT + S5,common endpoint included,5,0.7634921576503028,False
3eb901fd819485824b5c,4b5ce181-9c82-4690-9aba-6b2c102ac73b,USC Koch,DINOv2,common endpoint included,5,0.9571406973724315,False
3eb901fd819485824b5c,4b5ce181-9c82-4690-9aba-6b2c102ac73b,USC Koch,Robometer progress,common endpoint included,5,0.9610170882472293,False
3eb901fd819485824b5c,4b5ce181-9c82-4690-9aba-6b2c102ac73b,USC Koch,Robometer success,common endpoint included,5,0.7850771897298412,False
3eb901fd819485824b5c,4b5ce181-9c82-4690-9aba-6b2c102ac73b,USC Koch,Elapsed time (control),common endpoint included,5,1.0,False
3eb901fd819485824b5c,4b5ce181-9c82-4690-9aba-6b2c102ac73b,USC Koch,DT,common endpoint excluded,4,0.9689852697920969,False
3eb901fd819485824b5c,4b5ce181-9c82-4690-9aba-6b2c102ac73b,USC Koch,S1,common endpoint excluded,4,0.9942697722348621,False
3eb901fd819485824b5c,4b5ce181-9c82-4690-9aba-6b2c102ac73b,USC Koch,S3,common endpoint excluded,4,0.9945991460584214,False
3eb901fd819485824b5c,4b5ce181-9c82-4690-9aba-6b2c102ac73b,USC Koch,S5,common endpoint excluded,4,0.9913302489571618,False
3eb901fd819485824b5c,4b5ce181-9c82-4690-9aba-6b2c102ac73b,USC Koch,DT + S1,common endpoint excluded,4,0.9897018264438706,False
3eb901fd819485824b5c,4b5ce181-9c82-4690-9aba-6b2c102ac73b,USC Koch,DT + S3,common endpoint excluded,4,0.9859196137774304,False
3eb901fd819485824b5c,4b5ce181-9c82-4690-9aba-6b2c102ac73b,USC Koch,DT + S5,common endpoint excluded,4,0.988086162025964,False
3eb901fd819485824b5c,4b5ce181-9c82-4690-9aba-6b2c102ac73b,USC Koch,DINOv2,common endpoint excluded,4,0.9161347578477068,False
3eb901fd819485824b5c,4b5ce181-9c82-4690-9aba-6b2c102ac73b,USC Koch,Robometer progress,common endpoint excluded,4,0.9109231969151419,False
3eb901fd819485824b5c,4b5ce181-9c82-4690-9aba-6b2c102ac73b,USC Koch,Robometer success,common endpoint excluded,4,0.993493604032754,False
3eb901fd819485824b5c,4b5ce181-9c82-4690-9aba-6b2c102ac73b,USC Koch,Elapsed time (control),common endpoint excluded,4,1.0,False
3eb901fd819485824b5c,4b5ce181-9c82-4690-9aba-6b2c102ac73b,USC Koch,Robometer progress,released grid / current prediction,5,0.9520787324361633,False
3eb901fd819485824b5c,4b5ce181-9c82-4690-9aba-6b2c102ac73b,USC Koch,Robometer progress,released grid / released aggregation,5,0.9497701316600597,False
80a411c894831a219e4c,7d0adc75-3022-4929-98fe-452d0b690e7f,USC Koch,DT,common endpoint included,5,0.9727782312218731,False
80a411c894831a219e4c,7d0adc75-3022-4929-98fe-452d0b690e7f,USC Koch,S1,common endpoint included,5,0.7881020898000772,False
80a411c894831a219e4c,7d0adc75-3022-4929-98fe-452d0b690e7f,USC Koch,S3,common endpoint included,5,0.7933602368599364,False
80a411c894831a219e4c,7d0adc75-3022-4929-98fe-452d0b690e7f,USC Koch,S5,common endpoint included,5,0.7816587867881029,False
80a411c894831a219e4c,7d0adc75-3022-4929-98fe-452d0b690e7f,USC Koch,DT + S1,common endpoint included,5,0.7584362601753178,False
80a411c894831a219e4c,7d0adc75-3022-4929-98fe-452d0b690e7f,USC Koch,DT + S3,common endpoint included,5,0.7605350578628457,False
80a411c894831a219e4c,7d0adc75-3022-4929-98fe-452d0b690e7f,USC Koch,DT + S5,common endpoint included,5,0.7593730819359418,False
80a411c894831a219e4c,7d0adc75-3022-4929-98fe-452d0b690e7f,USC Koch,DINOv2,common endpoint included,5,0.8167253766921518,False
80a411c894831a219e4c,7d0adc75-3022-4929-98fe-452d0b690e7f,USC Koch,Robometer progress,common endpoint included,5,0.9353455575551968,False
80a411c894831a219e4c,7d0adc75-3022-4929-98fe-452d0b690e7f,USC Koch,Robometer success,common endpoint included,5,0.950099560421384,False
80a411c894831a219e4c,7d0adc75-3022-4929-98fe-452d0b690e7f,USC Koch,Elapsed time (control),common endpoint included,5,1.0,False
80a411c894831a219e4c,7d0adc75-3022-4929-98fe-452d0b690e7f,USC Koch,DT,common endpoint excluded,4,0.978342871150905,False
80a411c894831a219e4c,7d0adc75-3022-4929-98fe-452d0b690e7f,USC Koch,S1,common endpoint excluded,4,0.7852519645652969,False
80a411c894831a219e4c,7d0adc75-3022-4929-98fe-452d0b690e7f,USC Koch,S3,common endpoint excluded,4,0.7510645610030612,False
80a411c894831a219e4c,7d0adc75-3022-4929-98fe-452d0b690e7f,USC Koch,S5,common endpoint excluded,4,0.6521308997363852,False
80a411c894831a219e4c,7d0adc75-3022-4929-98fe-452d0b690e7f,USC Koch,DT + S1,common endpoint excluded,4,0.8855873511943091,False
80a411c894831a219e4c,7d0adc75-3022-4929-98fe-452d0b690e7f,USC Koch,DT + S3,common endpoint excluded,4,0.8782390019693764,False
80a411c894831a219e4c,7d0adc75-3022-4929-98fe-452d0b690e7f,USC Koch,DT + S5,common endpoint excluded,4,0.8782327343256274,False
80a411c894831a219e4c,7d0adc75-3022-4929-98fe-452d0b690e7f,USC Koch,DINOv2,common endpoint excluded,4,0.4944389575517224,False
80a411c894831a219e4c,7d0adc75-3022-4929-98fe-452d0b690e7f,USC Koch,Robometer progress,common endpoint excluded,4,0.9754560917534376,False
80a411c894831a219e4c,7d0adc75-3022-4929-98fe-452d0b690e7f,USC Koch,Robometer success,common endpoint excluded,4,0.9563576495964836,False
80a411c894831a219e4c,7d0adc75-3022-4929-98fe-452d0b690e7f,USC Koch,Elapsed time (control),common endpoint excluded,4,1.0,False
80a411c894831a219e4c,7d0adc75-3022-4929-98fe-452d0b690e7f,USC Koch,Robometer progress,released grid / current prediction,5,0.9403099639650413,False
80a411c894831a219e4c,7d0adc75-3022-4929-98fe-452d0b690e7f,USC Koch,Robometer progress,released grid / released aggregation,5,0.9945226739082558,False
528d32c8617d3a1f7918,b02d7dee-0cb9-4cfb-9b40-c634f54ccb31,USC Koch,DT,common endpoint included,5,0.9874870312558945,False
528d32c8617d3a1f7918,b02d7dee-0cb9-4cfb-9b40-c634f54ccb31,USC Koch,S1,common endpoint included,5,0.7562691302510081,False
528d32c8617d3a1f7918,b02d7dee-0cb9-4cfb-9b40-c634f54ccb31,USC Koch,S3,common endpoint included,5,0.75422187063822,False
528d32c8617d3a1f7918,b02d7dee-0cb9-4cfb-9b40-c634f54ccb31,USC Koch,S5,common endpoint included,5,0.7511522597552049,False
528d32c8617d3a1f7918,b02d7dee-0cb9-4cfb-9b40-c634f54ccb31,USC Koch,DT + S1,common endpoint included,5,0.7524293576315975,False
528d32c8617d3a1f7918,b02d7dee-0cb9-4cfb-9b40-c634f54ccb31,USC Koch,DT + S3,common endpoint included,5,0.752863832881564,False
528d32c8617d3a1f7918,b02d7dee-0cb9-4cfb-9b40-c634f54ccb31,USC Koch,DT + S5,common endpoint included,5,0.7530093530222582,False
528d32c8617d3a1f7918,b02d7dee-0cb9-4cfb-9b40-c634f54ccb31,USC Koch,DINOv2,common endpoint included,5,0.4041416911210909,False
528d32c8617d3a1f7918,b02d7dee-0cb9-4cfb-9b40-c634f54ccb31,USC Koch,Robometer progress,common endpoint included,5,0.9321008195879086,False
528d32c8617d3a1f7918,b02d7dee-0cb9-4cfb-9b40-c634f54ccb31,USC Koch,Robometer success,common endpoint included,5,0.9613920282224585,False
528d32c8617d3a1f7918,b02d7dee-0cb9-4cfb-9b40-c634f54ccb31,USC Koch,Elapsed time (control),common endpoint included,5,1.0,False
528d32c8617d3a1f7918,b02d7dee-0cb9-4cfb-9b40-c634f54ccb31,USC Koch,DT,common endpoint excluded,4,0.971427141922798,False
528d32c8617d3a1f7918,b02d7dee-0cb9-4cfb-9b40-c634f54ccb31,USC Koch,S1,common endpoint excluded,4,0.3031441458944094,False
528d32c8617d3a1f7918,b02d7dee-0cb9-4cfb-9b40-c634f54ccb31,USC Koch,S3,common endpoint excluded,4,0.22129494171139896,False
528d32c8617d3a1f7918,b02d7dee-0cb9-4cfb-9b40-c634f54ccb31,USC Koch,S5,common endpoint excluded,4,0.10375077189367904,False
528d32c8617d3a1f7918,b02d7dee-0cb9-4cfb-9b40-c634f54ccb31,USC Koch,DT + S1,common endpoint excluded,4,0.9931728369606175,False
528d32c8617d3a1f7918,b02d7dee-0cb9-4cfb-9b40-c634f54ccb31,USC Koch,DT + S3,common endpoint excluded,4,0.9956303782533898,False
528d32c8617d3a1f7918,b02d7dee-0cb9-4cfb-9b40-c634f54ccb31,USC Koch,DT + S5,common endpoint excluded,4,0.9983503617626747,False
528d32c8617d3a1f7918,b02d7dee-0cb9-4cfb-9b40-c634f54ccb31,USC Koch,DINOv2,common endpoint excluded,4,-0.973027861869042,False
528d32c8617d3a1f7918,b02d7dee-0cb9-4cfb-9b40-c634f54ccb31,USC Koch,Robometer progress,common endpoint excluded,4,0.9645146331066587,False
528d32c8617d3a1f7918,b02d7dee-0cb9-4cfb-9b40-c634f54ccb31,USC Koch,Robometer success,common endpoint excluded,4,0.9955934304241878,False
528d32c8617d3a1f7918,b02d7dee-0cb9-4cfb-9b40-c634f54ccb31,USC Koch,Elapsed time (control),common endpoint excluded,4,1.0,False
528d32c8617d3a1f7918,b02d7dee-0cb9-4cfb-9b40-c634f54ccb31,USC Koch,Robometer progress,released grid / current prediction,5,0.9513186041868799,False
528d32c8617d3a1f7918,b02d7dee-0cb9-4cfb-9b40-c634f54ccb31,USC Koch,Robometer progress,released grid / released aggregation,5,0.9927741210391257,False
76b2491a9948ee46fffb,5199b88e-5af9-483d-b5e4-7581146cab75,USC Koch,DT,common endpoint included,5,0.9626968414470639,False
76b2491a9948ee46fffb,5199b88e-5af9-483d-b5e4-7581146cab75,USC Koch,S1,common endpoint included,5,0.7558224091837948,False
76b2491a9948ee46fffb,5199b88e-5af9-483d-b5e4-7581146cab75,USC Koch,S3,common endpoint included,5,0.7645222147139141,False
76b2491a9948ee46fffb,5199b88e-5af9-483d-b5e4-7581146cab75,USC Koch,S5,common endpoint included,5,0.7717235806675953,False
76b2491a9948ee46fffb,5199b88e-5af9-483d-b5e4-7581146cab75,USC Koch,DT + S1,common endpoint included,5,0.7548205197968085,False
76b2491a9948ee46fffb,5199b88e-5af9-483d-b5e4-7581146cab75,USC Koch,DT + S3,common endpoint included,5,0.7563115455596059,False
76b2491a9948ee46fffb,5199b88e-5af9-483d-b5e4-7581146cab75,USC Koch,DT + S5,common endpoint included,5,0.756851512437924,False
76b2491a9948ee46fffb,5199b88e-5af9-483d-b5e4-7581146cab75,USC Koch,DINOv2,common endpoint included,5,0.4581794679700999,False
76b2491a9948ee46fffb,5199b88e-5af9-483d-b5e4-7581146cab75,USC Koch,Robometer progress,common endpoint included,5,-0.22214518111649467,False
76b2491a9948ee46fffb,5199b88e-5af9-483d-b5e4-7581146cab75,USC Koch,Robometer success,common endpoint included,5,-0.7149556503826436,False
76b2491a9948ee46fffb,5199b88e-5af9-483d-b5e4-7581146cab75,USC Koch,Elapsed time (control),common endpoint included,5,1.0,False
76b2491a9948ee46fffb,5199b88e-5af9-483d-b5e4-7581146cab75,USC Koch,DT,common endpoint excluded,4,0.9585334300397794,False
76b2491a9948ee46fffb,5199b88e-5af9-483d-b5e4-7581146cab75,USC Koch,S1,common endpoint excluded,4,0.5262206242591265,False
76b2491a9948ee46fffb,5199b88e-5af9-483d-b5e4-7581146cab75,USC Koch,S3,common endpoint excluded,4,0.7716710120459154,False
76b2491a9948ee46fffb,5199b88e-5af9-483d-b5e4-7581146cab75,USC Koch,S5,common endpoint excluded,4,0.8670120764184885,False
76b2491a9948ee46fffb,5199b88e-5af9-483d-b5e4-7581146cab75,USC Koch,DT + S1,common endpoint excluded,4,0.9866696425872925,False
76b2491a9948ee46fffb,5199b88e-5af9-483d-b5e4-7581146cab75,USC Koch,DT + S3,common endpoint excluded,4,0.9993052390112485,False
76b2491a9948ee46fffb,5199b88e-5af9-483d-b5e4-7581146cab75,USC Koch,DT + S5,common endpoint excluded,4,0.9990053600199598,False
76b2491a9948ee46fffb,5199b88e-5af9-483d-b5e4-7581146cab75,USC Koch,DINOv2,common endpoint excluded,4,-0.5468272683912074,False
76b2491a9948ee46fffb,5199b88e-5af9-483d-b5e4-7581146cab75,USC Koch,Robometer progress,common endpoint excluded,4,-0.31107635029940817,False
76b2491a9948ee46fffb,5199b88e-5af9-483d-b5e4-7581146cab75,USC Koch,Robometer success,common endpoint excluded,4,-0.9209766239701507,False
76b2491a9948ee46fffb,5199b88e-5af9-483d-b5e4-7581146cab75,USC Koch,Elapsed time (control),common endpoint excluded,4,1.0,False
76b2491a9948ee46fffb,5199b88e-5af9-483d-b5e4-7581146cab75,USC Koch,Robometer progress,released grid / current prediction,5,0.8377564427928347,False
76b2491a9948ee46fffb,5199b88e-5af9-483d-b5e4-7581146cab75,USC Koch,Robometer progress,released grid / released aggregation,5,0.9175016532264691,False
